{"timestamp":"2026-06-02T02:21:06.833522Z","level":"info","event":"DAG bundles loaded: dags-folder","logger":"airflow.dag_processing.bundles.manager.DagBundlesManager","filename":"manager.py","lineno":209}
{"timestamp":"2026-06-02T02:21:06.835480Z","level":"info","event":"Filling up the DagBag from /opt/airflow/dags/init_report_data_dag.py","logger":"airflow.dag_processing.dagbag.BundleDagBag","filename":"dagbag.py","lineno":469}
{"timestamp":"2026-06-02T02:21:06.851089Z","level":"warning","event":"The `airflow.operators.python.PythonOperator` attribute is deprecated. Please use `'airflow.providers.standard.operators.python.PythonOperator'`.","category":"UserWarning","filename":"/opt/airflow/dags/init_report_data_dag.py","lineno":2,"logger":"py.warnings"}
{"timestamp":"2026-06-02T02:21:06.851298Z","level":"warning","event":"The `airflow.operators.bash.BashOperator` attribute is deprecated. Please use `'airflow.providers.standard.operators.bash.BashOperator'`.","category":"UserWarning","filename":"/opt/airflow/dags/init_report_data_dag.py","lineno":3,"logger":"py.warnings"}
{"timestamp":"2026-06-02T02:21:06.887268Z","level":"info","event":"Tmp dir root location: /tmp","logger":"airflow.task.hooks.airflow.providers.standard.hooks.subprocess.SubprocessHook","filename":"subprocess.py","lineno":78}
{"timestamp":"2026-06-02T02:21:06.887884Z","level":"info","event":"Running command: ['/usr/bin/bash', '-c', 'docker exec spark-master /opt/spark/bin/spark-submit silver/Extract_Data_From_Excel_Reports.py']","logger":"airflow.task.hooks.airflow.providers.standard.hooks.subprocess.SubprocessHook","filename":"subprocess.py","lineno":80}
{"timestamp":"2026-06-02T02:21:06.888827Z","level":"info","event":"Output:","logger":"airflow.task.hooks.airflow.providers.standard.hooks.subprocess.SubprocessHook","filename":"subprocess.py","lineno":92}
{"timestamp":"2026-06-02T02:21:09.382191Z","level":"info","event":"/opt/spark/python/lib/pyspark.zip/pyspark/pandas/__init__.py:50: UserWarning: 'PYARROW_IGNORE_TIMEZONE' environment variable was not set. It is required to set this environment variable to '1' in both driver and executor sides if you use pyarrow>=2.0.0. pandas-on-Spark will set it for you but it does not work if there is a Spark context already launched.","logger":"airflow.task.hooks.airflow.providers.standard.hooks.subprocess.SubprocessHook","filename":"subprocess.py","lineno":99}
{"timestamp":"2026-06-02T02:21:10.082834Z","level":"info","event":"26/06/02 02:21:10 INFO SparkContext: Running Spark version 3.5.8","logger":"airflow.task.hooks.airflow.providers.standard.hooks.subprocess.SubprocessHook","filename":"subprocess.py","lineno":99}
{"timestamp":"2026-06-02T02:21:10.084762Z","level":"info","event":"26/06/02 02:21:10 INFO SparkContext: OS info Linux, 6.6.87.2-microsoft-standard-WSL2, amd64","logger":"airflow.task.hooks.airflow.providers.standard.hooks.subprocess.SubprocessHook","filename":"subprocess.py","lineno":99}
{"timestamp":"2026-06-02T02:21:10.085186Z","level":"info","event":"26/06/02 02:21:10 INFO SparkContext: Java version 11.0.29","logger":"airflow.task.hooks.airflow.providers.standard.hooks.subprocess.SubprocessHook","filename":"subprocess.py","lineno":99}
{"timestamp":"2026-06-02T02:21:10.156714Z","level":"info","event":"26/06/02 02:21:10 WARN NativeCodeLoader: Unable to load native-hadoop library for your platform... using builtin-java classes where applicable","logger":"airflow.task.hooks.airflow.providers.standard.hooks.subprocess.SubprocessHook","filename":"subprocess.py","lineno":99}
{"timestamp":"2026-06-02T02:21:10.260341Z","level":"info","event":"26/06/02 02:21:10 INFO ResourceUtils: ==============================================================","logger":"airflow.task.hooks.airflow.providers.standard.hooks.subprocess.SubprocessHook","filename":"subprocess.py","lineno":99}
{"timestamp":"2026-06-02T02:21:10.260797Z","level":"info","event":"26/06/02 02:21:10 INFO ResourceUtils: No custom resources configured for spark.driver.","logger":"airflow.task.hooks.airflow.providers.standard.hooks.subprocess.SubprocessHook","filename":"subprocess.py","lineno":99}
{"timestamp":"2026-06-02T02:21:10.261008Z","level":"info","event":"26/06/02 02:21:10 INFO ResourceUtils: ==============================================================","logger":"airflow.task.hooks.airflow.providers.standard.hooks.subprocess.SubprocessHook","filename":"subprocess.py","lineno":99}
{"timestamp":"2026-06-02T02:21:10.261421Z","level":"info","event":"26/06/02 02:21:10 INFO SparkContext: Submitted application: Delta-MinIO","logger":"airflow.task.hooks.airflow.providers.standard.hooks.subprocess.SubprocessHook","filename":"subprocess.py","lineno":99}
{"timestamp":"2026-06-02T02:21:10.282177Z","level":"info","event":"26/06/02 02:21:10 INFO ResourceProfile: Default ResourceProfile created, executor resources: Map(cores -> name: cores, amount: 1, script: , vendor: , memory -> name: memory, amount: 1024, script: , vendor: , offHeap -> name: offHeap, amount: 0, script: , vendor: ), task resources: Map(cpus -> name: cpus, amount: 1.0)","logger":"airflow.task.hooks.airflow.providers.standard.hooks.subprocess.SubprocessHook","filename":"subprocess.py","lineno":99}
{"timestamp":"2026-06-02T02:21:10.291498Z","level":"info","event":"26/06/02 02:21:10 INFO ResourceProfile: Limiting resource is cpu","logger":"airflow.task.hooks.airflow.providers.standard.hooks.subprocess.SubprocessHook","filename":"subprocess.py","lineno":99}
{"timestamp":"2026-06-02T02:21:10.292016Z","level":"info","event":"26/06/02 02:21:10 INFO ResourceProfileManager: Added ResourceProfile id: 0","logger":"airflow.task.hooks.airflow.providers.standard.hooks.subprocess.SubprocessHook","filename":"subprocess.py","lineno":99}
{"timestamp":"2026-06-02T02:21:10.340287Z","level":"info","event":"26/06/02 02:21:10 INFO SecurityManager: Changing view acls to: spark","logger":"airflow.task.hooks.airflow.providers.standard.hooks.subprocess.SubprocessHook","filename":"subprocess.py","lineno":99}
{"timestamp":"2026-06-02T02:21:10.340560Z","level":"info","event":"26/06/02 02:21:10 INFO SecurityManager: Changing modify acls to: spark","logger":"airflow.task.hooks.airflow.providers.standard.hooks.subprocess.SubprocessHook","filename":"subprocess.py","lineno":99}
{"timestamp":"2026-06-02T02:21:10.340744Z","level":"info","event":"26/06/02 02:21:10 INFO SecurityManager: Changing view acls groups to:","logger":"airflow.task.hooks.airflow.providers.standard.hooks.subprocess.SubprocessHook","filename":"subprocess.py","lineno":99}
{"timestamp":"2026-06-02T02:21:10.341508Z","level":"info","event":"26/06/02 02:21:10 INFO SecurityManager: Changing modify acls groups to:","logger":"airflow.task.hooks.airflow.providers.standard.hooks.subprocess.SubprocessHook","filename":"subprocess.py","lineno":99}
{"timestamp":"2026-06-02T02:21:10.341651Z","level":"info","event":"26/06/02 02:21:10 INFO SecurityManager: SecurityManager: authentication disabled; ui acls disabled; users with view permissions: spark; groups with view permissions: EMPTY; users with modify permissions: spark; groups with modify permissions: EMPTY","logger":"airflow.task.hooks.airflow.providers.standard.hooks.subprocess.SubprocessHook","filename":"subprocess.py","lineno":99}
{"timestamp":"2026-06-02T02:21:10.529312Z","level":"info","event":"26/06/02 02:21:10 INFO Utils: Successfully started service 'sparkDriver' on port 34183.","logger":"airflow.task.hooks.airflow.providers.standard.hooks.subprocess.SubprocessHook","filename":"subprocess.py","lineno":99}
{"timestamp":"2026-06-02T02:21:10.554715Z","level":"info","event":"26/06/02 02:21:10 INFO SparkEnv: Registering MapOutputTracker","logger":"airflow.task.hooks.airflow.providers.standard.hooks.subprocess.SubprocessHook","filename":"subprocess.py","lineno":99}
{"timestamp":"2026-06-02T02:21:10.586985Z","level":"info","event":"26/06/02 02:21:10 INFO SparkEnv: Registering BlockManagerMaster","logger":"airflow.task.hooks.airflow.providers.standard.hooks.subprocess.SubprocessHook","filename":"subprocess.py","lineno":99}
{"timestamp":"2026-06-02T02:21:10.603061Z","level":"info","event":"26/06/02 02:21:10 INFO BlockManagerMasterEndpoint: Using org.apache.spark.storage.DefaultTopologyMapper for getting topology information","logger":"airflow.task.hooks.airflow.providers.standard.hooks.subprocess.SubprocessHook","filename":"subprocess.py","lineno":99}
{"timestamp":"2026-06-02T02:21:10.603345Z","level":"info","event":"26/06/02 02:21:10 INFO BlockManagerMasterEndpoint: BlockManagerMasterEndpoint up","logger":"airflow.task.hooks.airflow.providers.standard.hooks.subprocess.SubprocessHook","filename":"subprocess.py","lineno":99}
{"timestamp":"2026-06-02T02:21:10.607352Z","level":"info","event":"26/06/02 02:21:10 INFO SparkEnv: Registering BlockManagerMasterHeartbeat","logger":"airflow.task.hooks.airflow.providers.standard.hooks.subprocess.SubprocessHook","filename":"subprocess.py","lineno":99}
{"timestamp":"2026-06-02T02:21:10.627180Z","level":"info","event":"26/06/02 02:21:10 INFO DiskBlockManager: Created local directory at /tmp/blockmgr-0e14d26e-290e-417b-8597-df5fc547f43b","logger":"airflow.task.hooks.airflow.providers.standard.hooks.subprocess.SubprocessHook","filename":"subprocess.py","lineno":99}
{"timestamp":"2026-06-02T02:21:10.637996Z","level":"info","event":"26/06/02 02:21:10 INFO MemoryStore: MemoryStore started with capacity 434.4 MiB","logger":"airflow.task.hooks.airflow.providers.standard.hooks.subprocess.SubprocessHook","filename":"subprocess.py","lineno":99}
{"timestamp":"2026-06-02T02:21:10.648103Z","level":"info","event":"26/06/02 02:21:10 INFO SparkEnv: Registering OutputCommitCoordinator","logger":"airflow.task.hooks.airflow.providers.standard.hooks.subprocess.SubprocessHook","filename":"subprocess.py","lineno":99}
{"timestamp":"2026-06-02T02:21:10.751021Z","level":"info","event":"26/06/02 02:21:10 INFO JettyUtils: Start Jetty 0.0.0.0:4040 for SparkUI","logger":"airflow.task.hooks.airflow.providers.standard.hooks.subprocess.SubprocessHook","filename":"subprocess.py","lineno":99}
{"timestamp":"2026-06-02T02:21:10.796714Z","level":"info","event":"26/06/02 02:21:10 INFO Utils: Successfully started service 'SparkUI' on port 4040.","logger":"airflow.task.hooks.airflow.providers.standard.hooks.subprocess.SubprocessHook","filename":"subprocess.py","lineno":99}
{"timestamp":"2026-06-02T02:21:10.876989Z","level":"info","event":"26/06/02 02:21:10 INFO Executor: Starting executor ID driver on host 32a25072c928","logger":"airflow.task.hooks.airflow.providers.standard.hooks.subprocess.SubprocessHook","filename":"subprocess.py","lineno":99}
{"timestamp":"2026-06-02T02:21:10.877145Z","level":"info","event":"26/06/02 02:21:10 INFO Executor: OS info Linux, 6.6.87.2-microsoft-standard-WSL2, amd64","logger":"airflow.task.hooks.airflow.providers.standard.hooks.subprocess.SubprocessHook","filename":"subprocess.py","lineno":99}
{"timestamp":"2026-06-02T02:21:10.877177Z","level":"info","event":"26/06/02 02:21:10 INFO Executor: Java version 11.0.29","logger":"airflow.task.hooks.airflow.providers.standard.hooks.subprocess.SubprocessHook","filename":"subprocess.py","lineno":99}
{"timestamp":"2026-06-02T02:21:10.883827Z","level":"info","event":"26/06/02 02:21:10 INFO Executor: Starting executor with user classpath (userClassPathFirst = false): ''","logger":"airflow.task.hooks.airflow.providers.standard.hooks.subprocess.SubprocessHook","filename":"subprocess.py","lineno":99}
{"timestamp":"2026-06-02T02:21:10.883979Z","level":"info","event":"26/06/02 02:21:10 INFO Executor: Created or updated repl class loader org.apache.spark.util.MutableURLClassLoader@7aca8a6c for default.","logger":"airflow.task.hooks.airflow.providers.standard.hooks.subprocess.SubprocessHook","filename":"subprocess.py","lineno":99}
{"timestamp":"2026-06-02T02:21:10.903693Z","level":"info","event":"26/06/02 02:21:10 INFO Utils: Successfully started service 'org.apache.spark.network.netty.NettyBlockTransferService' on port 46419.","logger":"airflow.task.hooks.airflow.providers.standard.hooks.subprocess.SubprocessHook","filename":"subprocess.py","lineno":99}
{"timestamp":"2026-06-02T02:21:10.903858Z","level":"info","event":"26/06/02 02:21:10 INFO NettyBlockTransferService: Server created on 32a25072c928:46419","logger":"airflow.task.hooks.airflow.providers.standard.hooks.subprocess.SubprocessHook","filename":"subprocess.py","lineno":99}
{"timestamp":"2026-06-02T02:21:10.905113Z","level":"info","event":"26/06/02 02:21:10 INFO BlockManager: Using org.apache.spark.storage.RandomBlockReplicationPolicy for block replication policy","logger":"airflow.task.hooks.airflow.providers.standard.hooks.subprocess.SubprocessHook","filename":"subprocess.py","lineno":99}
{"timestamp":"2026-06-02T02:21:10.911332Z","level":"info","event":"26/06/02 02:21:10 INFO BlockManagerMaster: Registering BlockManager BlockManagerId(driver, 32a25072c928, 46419, None)","logger":"airflow.task.hooks.airflow.providers.standard.hooks.subprocess.SubprocessHook","filename":"subprocess.py","lineno":99}
{"timestamp":"2026-06-02T02:21:10.914103Z","level":"info","event":"26/06/02 02:21:10 INFO BlockManagerMasterEndpoint: Registering block manager 32a25072c928:46419 with 434.4 MiB RAM, BlockManagerId(driver, 32a25072c928, 46419, None)","logger":"airflow.task.hooks.airflow.providers.standard.hooks.subprocess.SubprocessHook","filename":"subprocess.py","lineno":99}
{"timestamp":"2026-06-02T02:21:10.915856Z","level":"info","event":"26/06/02 02:21:10 INFO BlockManagerMaster: Registered BlockManager BlockManagerId(driver, 32a25072c928, 46419, None)","logger":"airflow.task.hooks.airflow.providers.standard.hooks.subprocess.SubprocessHook","filename":"subprocess.py","lineno":99}
{"timestamp":"2026-06-02T02:21:10.917082Z","level":"info","event":"26/06/02 02:21:10 INFO BlockManager: Initialized BlockManager: BlockManagerId(driver, 32a25072c928, 46419, None)","logger":"airflow.task.hooks.airflow.providers.standard.hooks.subprocess.SubprocessHook","filename":"subprocess.py","lineno":99}
{"timestamp":"2026-06-02T02:21:11.245706Z","level":"info","event":"Dang lay danh sach duong dan file excel trong bucket = bronze, prefix = economic_report_excel_files/","logger":"airflow.task.hooks.airflow.providers.standard.hooks.subprocess.SubprocessHook","filename":"subprocess.py","lineno":99}
{"timestamp":"2026-06-02T02:21:11.245851Z","level":"info","event":"GET FILE EXCEL PATHS SUCCESSFULLY !!!!","logger":"airflow.task.hooks.airflow.providers.standard.hooks.subprocess.SubprocessHook","filename":"subprocess.py","lineno":99}
{"timestamp":"2026-06-02T02:21:11.364039Z","level":"info","event":"duyệt qua từng đường dẫn đọc file và trích xuất dữ liệu","logger":"airflow.task.hooks.airflow.providers.standard.hooks.subprocess.SubprocessHook","filename":"subprocess.py","lineno":99}
{"timestamp":"2026-06-02T02:21:11.364246Z","level":"info","event":"FILE EXCEL: YEAR : 2026, MONTH = 1","logger":"airflow.task.hooks.airflow.providers.standard.hooks.subprocess.SubprocessHook","filename":"subprocess.py","lineno":99}
{"timestamp":"2026-06-02T02:21:11.378169Z","level":"info","event":"Bắt đầu insert dữ liệu vào SILVER layer","logger":"airflow.task.hooks.airflow.providers.standard.hooks.subprocess.SubprocessHook","filename":"subprocess.py","lineno":99}
{"timestamp":"2026-06-02T02:21:11.425849Z","level":"info","event":"26/06/02 02:21:11 INFO SharedState: Setting hive.metastore.warehouse.dir ('null') to the value of spark.sql.warehouse.dir.","logger":"airflow.task.hooks.airflow.providers.standard.hooks.subprocess.SubprocessHook","filename":"subprocess.py","lineno":99}
{"timestamp":"2026-06-02T02:21:11.516067Z","level":"info","event":"26/06/02 02:21:11 WARN MetricsConfig: Cannot locate configuration: tried hadoop-metrics2-s3a-file-system.properties,hadoop-metrics2.properties","logger":"airflow.task.hooks.airflow.providers.standard.hooks.subprocess.SubprocessHook","filename":"subprocess.py","lineno":99}
{"timestamp":"2026-06-02T02:21:11.531684Z","level":"info","event":"26/06/02 02:21:11 INFO MetricsSystemImpl: Scheduled Metric snapshot period at 10 second(s).","logger":"airflow.task.hooks.airflow.providers.standard.hooks.subprocess.SubprocessHook","filename":"subprocess.py","lineno":99}
{"timestamp":"2026-06-02T02:21:11.531845Z","level":"info","event":"26/06/02 02:21:11 INFO MetricsSystemImpl: s3a-file-system metrics system started","logger":"airflow.task.hooks.airflow.providers.standard.hooks.subprocess.SubprocessHook","filename":"subprocess.py","lineno":99}
{"timestamp":"2026-06-02T02:21:12.123073Z","level":"info","event":"26/06/02 02:21:12 INFO SharedState: Warehouse path is 's3a://warehouse/'.","logger":"airflow.task.hooks.airflow.providers.standard.hooks.subprocess.SubprocessHook","filename":"subprocess.py","lineno":99}
{"timestamp":"2026-06-02T02:21:13.885398Z","level":"info","event":"root","logger":"airflow.task.hooks.airflow.providers.standard.hooks.subprocess.SubprocessHook","filename":"subprocess.py","lineno":99}
{"timestamp":"2026-06-02T02:21:13.885748Z","level":"info","event":" |-- product_name: string (nullable = true)","logger":"airflow.task.hooks.airflow.providers.standard.hooks.subprocess.SubprocessHook","filename":"subprocess.py","lineno":99}
{"timestamp":"2026-06-02T02:21:13.885847Z","level":"info","event":" |-- unit: string (nullable = true)","logger":"airflow.task.hooks.airflow.providers.standard.hooks.subprocess.SubprocessHook","filename":"subprocess.py","lineno":99}
{"timestamp":"2026-06-02T02:21:13.885890Z","level":"info","event":" |-- value: double (nullable = true)","logger":"airflow.task.hooks.airflow.providers.standard.hooks.subprocess.SubprocessHook","filename":"subprocess.py","lineno":99}
{"timestamp":"2026-06-02T02:21:13.885924Z","level":"info","event":" |-- month: long (nullable = true)","logger":"airflow.task.hooks.airflow.providers.standard.hooks.subprocess.SubprocessHook","filename":"subprocess.py","lineno":99}
{"timestamp":"2026-06-02T02:21:13.885955Z","level":"info","event":" |-- quarter: integer (nullable = true)","logger":"airflow.task.hooks.airflow.providers.standard.hooks.subprocess.SubprocessHook","filename":"subprocess.py","lineno":99}
{"timestamp":"2026-06-02T02:21:13.885984Z","level":"info","event":" |-- year: integer (nullable = true)","logger":"airflow.task.hooks.airflow.providers.standard.hooks.subprocess.SubprocessHook","filename":"subprocess.py","lineno":99}
{"timestamp":"2026-06-02T02:21:13.886012Z","level":"info","event":" |-- ingest_at: timestamp (nullable = true)","logger":"airflow.task.hooks.airflow.providers.standard.hooks.subprocess.SubprocessHook","filename":"subprocess.py","lineno":99}
{"timestamp":"2026-06-02T02:21:13.886042Z","level":"info","event":"","logger":"airflow.task.hooks.airflow.providers.standard.hooks.subprocess.SubprocessHook","filename":"subprocess.py","lineno":99}
{"timestamp":"2026-06-02T02:21:13.886074Z","level":"info","event":"Đang tải dữ liệu vào SILVER.Industry_product !!!!!","logger":"airflow.task.hooks.airflow.providers.standard.hooks.subprocess.SubprocessHook","filename":"subprocess.py","lineno":99}
{"timestamp":"2026-06-02T02:21:14.809348Z","level":"info","event":"26/06/02 02:21:14 INFO CodeGenerator: Code generated in 180.243511 ms","logger":"airflow.task.hooks.airflow.providers.standard.hooks.subprocess.SubprocessHook","filename":"subprocess.py","lineno":99}
{"timestamp":"2026-06-02T02:21:14.856394Z","level":"info","event":"26/06/02 02:21:14 INFO SparkContext: Starting job: showString at NativeMethodAccessorImpl.java:0","logger":"airflow.task.hooks.airflow.providers.standard.hooks.subprocess.SubprocessHook","filename":"subprocess.py","lineno":99}
{"timestamp":"2026-06-02T02:21:14.868462Z","level":"info","event":"26/06/02 02:21:14 INFO DAGScheduler: Got job 0 (showString at NativeMethodAccessorImpl.java:0) with 1 output partitions","logger":"airflow.task.hooks.airflow.providers.standard.hooks.subprocess.SubprocessHook","filename":"subprocess.py","lineno":99}
{"timestamp":"2026-06-02T02:21:14.868613Z","level":"info","event":"26/06/02 02:21:14 INFO DAGScheduler: Final stage: ResultStage 0 (showString at NativeMethodAccessorImpl.java:0)","logger":"airflow.task.hooks.airflow.providers.standard.hooks.subprocess.SubprocessHook","filename":"subprocess.py","lineno":99}
{"timestamp":"2026-06-02T02:21:14.868657Z","level":"info","event":"26/06/02 02:21:14 INFO DAGScheduler: Parents of final stage: List()","logger":"airflow.task.hooks.airflow.providers.standard.hooks.subprocess.SubprocessHook","filename":"subprocess.py","lineno":99}
{"timestamp":"2026-06-02T02:21:14.871444Z","level":"info","event":"26/06/02 02:21:14 INFO DAGScheduler: Missing parents: List()","logger":"airflow.task.hooks.airflow.providers.standard.hooks.subprocess.SubprocessHook","filename":"subprocess.py","lineno":99}
{"timestamp":"2026-06-02T02:21:14.876512Z","level":"info","event":"26/06/02 02:21:14 INFO DAGScheduler: Submitting ResultStage 0 (MapPartitionsRDD[6] at showString at NativeMethodAccessorImpl.java:0), which has no missing parents","logger":"airflow.task.hooks.airflow.providers.standard.hooks.subprocess.SubprocessHook","filename":"subprocess.py","lineno":99}
{"timestamp":"2026-06-02T02:21:14.971143Z","level":"info","event":"26/06/02 02:21:14 INFO MemoryStore: Block broadcast_0 stored as values in memory (estimated size 15.8 KiB, free 434.4 MiB)","logger":"airflow.task.hooks.airflow.providers.standard.hooks.subprocess.SubprocessHook","filename":"subprocess.py","lineno":99}
{"timestamp":"2026-06-02T02:21:15.014212Z","level":"info","event":"26/06/02 02:21:15 INFO MemoryStore: Block broadcast_0_piece0 stored as bytes in memory (estimated size 7.7 KiB, free 434.4 MiB)","logger":"airflow.task.hooks.airflow.providers.standard.hooks.subprocess.SubprocessHook","filename":"subprocess.py","lineno":99}
{"timestamp":"2026-06-02T02:21:15.017357Z","level":"info","event":"26/06/02 02:21:15 INFO BlockManagerInfo: Added broadcast_0_piece0 in memory on 32a25072c928:46419 (size: 7.7 KiB, free: 434.4 MiB)","logger":"airflow.task.hooks.airflow.providers.standard.hooks.subprocess.SubprocessHook","filename":"subprocess.py","lineno":99}
{"timestamp":"2026-06-02T02:21:15.021235Z","level":"info","event":"26/06/02 02:21:15 INFO SparkContext: Created broadcast 0 from broadcast at DAGScheduler.scala:1611","logger":"airflow.task.hooks.airflow.providers.standard.hooks.subprocess.SubprocessHook","filename":"subprocess.py","lineno":99}
{"timestamp":"2026-06-02T02:21:15.036425Z","level":"info","event":"26/06/02 02:21:15 INFO DAGScheduler: Submitting 1 missing tasks from ResultStage 0 (MapPartitionsRDD[6] at showString at NativeMethodAccessorImpl.java:0) (first 15 tasks are for partitions Vector(0))","logger":"airflow.task.hooks.airflow.providers.standard.hooks.subprocess.SubprocessHook","filename":"subprocess.py","lineno":99}
{"timestamp":"2026-06-02T02:21:15.036833Z","level":"info","event":"26/06/02 02:21:15 INFO TaskSchedulerImpl: Adding task set 0.0 with 1 tasks resource profile 0","logger":"airflow.task.hooks.airflow.providers.standard.hooks.subprocess.SubprocessHook","filename":"subprocess.py","lineno":99}
{"timestamp":"2026-06-02T02:21:15.073191Z","level":"info","event":"26/06/02 02:21:15 INFO TaskSetManager: Starting task 0.0 in stage 0.0 (TID 0) (32a25072c928, executor driver, partition 0, PROCESS_LOCAL, 9133 bytes)","logger":"airflow.task.hooks.airflow.providers.standard.hooks.subprocess.SubprocessHook","filename":"subprocess.py","lineno":99}
{"timestamp":"2026-06-02T02:21:15.089035Z","level":"info","event":"26/06/02 02:21:15 INFO Executor: Running task 0.0 in stage 0.0 (TID 0)","logger":"airflow.task.hooks.airflow.providers.standard.hooks.subprocess.SubprocessHook","filename":"subprocess.py","lineno":99}
{"timestamp":"2026-06-02T02:21:15.729923Z","level":"info","event":"26/06/02 02:21:15 INFO CodeGenerator: Code generated in 57.129874 ms","logger":"airflow.task.hooks.airflow.providers.standard.hooks.subprocess.SubprocessHook","filename":"subprocess.py","lineno":99}
{"timestamp":"2026-06-02T02:21:15.839111Z","level":"info","event":"26/06/02 02:21:15 INFO PythonRunner: Times: total = 637, boot = 479, init = 158, finish = 0","logger":"airflow.task.hooks.airflow.providers.standard.hooks.subprocess.SubprocessHook","filename":"subprocess.py","lineno":99}
{"timestamp":"2026-06-02T02:21:15.887298Z","level":"info","event":"26/06/02 02:21:15 INFO Executor: Finished task 0.0 in stage 0.0 (TID 0). 2162 bytes result sent to driver","logger":"airflow.task.hooks.airflow.providers.standard.hooks.subprocess.SubprocessHook","filename":"subprocess.py","lineno":99}
{"timestamp":"2026-06-02T02:21:15.896245Z","level":"info","event":"26/06/02 02:21:15 INFO TaskSetManager: Finished task 0.0 in stage 0.0 (TID 0) in 833 ms on 32a25072c928 (executor driver) (1/1)","logger":"airflow.task.hooks.airflow.providers.standard.hooks.subprocess.SubprocessHook","filename":"subprocess.py","lineno":99}
{"timestamp":"2026-06-02T02:21:15.897445Z","level":"info","event":"26/06/02 02:21:15 INFO TaskSchedulerImpl: Removed TaskSet 0.0, whose tasks have all completed, from pool","logger":"airflow.task.hooks.airflow.providers.standard.hooks.subprocess.SubprocessHook","filename":"subprocess.py","lineno":99}
{"timestamp":"2026-06-02T02:21:15.899728Z","level":"info","event":"26/06/02 02:21:15 INFO PythonAccumulatorV2: Connected to AccumulatorServer at host: 127.0.0.1 port: 59067","logger":"airflow.task.hooks.airflow.providers.standard.hooks.subprocess.SubprocessHook","filename":"subprocess.py","lineno":99}
{"timestamp":"2026-06-02T02:21:15.903261Z","level":"info","event":"26/06/02 02:21:15 INFO DAGScheduler: ResultStage 0 (showString at NativeMethodAccessorImpl.java:0) finished in 1.014 s","logger":"airflow.task.hooks.airflow.providers.standard.hooks.subprocess.SubprocessHook","filename":"subprocess.py","lineno":99}
{"timestamp":"2026-06-02T02:21:15.905381Z","level":"info","event":"26/06/02 02:21:15 INFO DAGScheduler: Job 0 is finished. Cancelling potential speculative or zombie tasks for this job","logger":"airflow.task.hooks.airflow.providers.standard.hooks.subprocess.SubprocessHook","filename":"subprocess.py","lineno":99}
{"timestamp":"2026-06-02T02:21:15.905797Z","level":"info","event":"26/06/02 02:21:15 INFO TaskSchedulerImpl: Killing all running tasks in stage 0: Stage finished","logger":"airflow.task.hooks.airflow.providers.standard.hooks.subprocess.SubprocessHook","filename":"subprocess.py","lineno":99}
{"timestamp":"2026-06-02T02:21:15.907755Z","level":"info","event":"26/06/02 02:21:15 INFO DAGScheduler: Job 0 finished: showString at NativeMethodAccessorImpl.java:0, took 1.051005 s","logger":"airflow.task.hooks.airflow.providers.standard.hooks.subprocess.SubprocessHook","filename":"subprocess.py","lineno":99}
{"timestamp":"2026-06-02T02:21:15.919996Z","level":"info","event":"26/06/02 02:21:15 INFO SparkContext: Starting job: showString at NativeMethodAccessorImpl.java:0","logger":"airflow.task.hooks.airflow.providers.standard.hooks.subprocess.SubprocessHook","filename":"subprocess.py","lineno":99}
{"timestamp":"2026-06-02T02:21:15.921060Z","level":"info","event":"26/06/02 02:21:15 INFO DAGScheduler: Got job 1 (showString at NativeMethodAccessorImpl.java:0) with 4 output partitions","logger":"airflow.task.hooks.airflow.providers.standard.hooks.subprocess.SubprocessHook","filename":"subprocess.py","lineno":99}
{"timestamp":"2026-06-02T02:21:15.921184Z","level":"info","event":"26/06/02 02:21:15 INFO DAGScheduler: Final stage: ResultStage 1 (showString at NativeMethodAccessorImpl.java:0)","logger":"airflow.task.hooks.airflow.providers.standard.hooks.subprocess.SubprocessHook","filename":"subprocess.py","lineno":99}
{"timestamp":"2026-06-02T02:21:15.921226Z","level":"info","event":"26/06/02 02:21:15 INFO DAGScheduler: Parents of final stage: List()","logger":"airflow.task.hooks.airflow.providers.standard.hooks.subprocess.SubprocessHook","filename":"subprocess.py","lineno":99}
{"timestamp":"2026-06-02T02:21:15.921252Z","level":"info","event":"26/06/02 02:21:15 INFO DAGScheduler: Missing parents: List()","logger":"airflow.task.hooks.airflow.providers.standard.hooks.subprocess.SubprocessHook","filename":"subprocess.py","lineno":99}
{"timestamp":"2026-06-02T02:21:15.923986Z","level":"info","event":"26/06/02 02:21:15 INFO DAGScheduler: Submitting ResultStage 1 (MapPartitionsRDD[6] at showString at NativeMethodAccessorImpl.java:0), which has no missing parents","logger":"airflow.task.hooks.airflow.providers.standard.hooks.subprocess.SubprocessHook","filename":"subprocess.py","lineno":99}
{"timestamp":"2026-06-02T02:21:15.930195Z","level":"info","event":"26/06/02 02:21:15 INFO MemoryStore: Block broadcast_1 stored as values in memory (estimated size 15.8 KiB, free 434.4 MiB)","logger":"airflow.task.hooks.airflow.providers.standard.hooks.subprocess.SubprocessHook","filename":"subprocess.py","lineno":99}
{"timestamp":"2026-06-02T02:21:15.939510Z","level":"info","event":"26/06/02 02:21:15 INFO MemoryStore: Block broadcast_1_piece0 stored as bytes in memory (estimated size 7.7 KiB, free 434.4 MiB)","logger":"airflow.task.hooks.airflow.providers.standard.hooks.subprocess.SubprocessHook","filename":"subprocess.py","lineno":99}
{"timestamp":"2026-06-02T02:21:15.941283Z","level":"info","event":"26/06/02 02:21:15 INFO BlockManagerInfo: Added broadcast_1_piece0 in memory on 32a25072c928:46419 (size: 7.7 KiB, free: 434.4 MiB)","logger":"airflow.task.hooks.airflow.providers.standard.hooks.subprocess.SubprocessHook","filename":"subprocess.py","lineno":99}
{"timestamp":"2026-06-02T02:21:15.942292Z","level":"info","event":"26/06/02 02:21:15 INFO SparkContext: Created broadcast 1 from broadcast at DAGScheduler.scala:1611","logger":"airflow.task.hooks.airflow.providers.standard.hooks.subprocess.SubprocessHook","filename":"subprocess.py","lineno":99}
{"timestamp":"2026-06-02T02:21:15.944621Z","level":"info","event":"26/06/02 02:21:15 INFO DAGScheduler: Submitting 4 missing tasks from ResultStage 1 (MapPartitionsRDD[6] at showString at NativeMethodAccessorImpl.java:0) (first 15 tasks are for partitions Vector(1, 2, 3, 4))","logger":"airflow.task.hooks.airflow.providers.standard.hooks.subprocess.SubprocessHook","filename":"subprocess.py","lineno":99}
{"timestamp":"2026-06-02T02:21:15.944903Z","level":"info","event":"26/06/02 02:21:15 INFO TaskSchedulerImpl: Adding task set 1.0 with 4 tasks resource profile 0","logger":"airflow.task.hooks.airflow.providers.standard.hooks.subprocess.SubprocessHook","filename":"subprocess.py","lineno":99}
{"timestamp":"2026-06-02T02:21:15.947593Z","level":"info","event":"26/06/02 02:21:15 INFO TaskSetManager: Starting task 0.0 in stage 1.0 (TID 1) (32a25072c928, executor driver, partition 1, PROCESS_LOCAL, 9154 bytes)","logger":"airflow.task.hooks.airflow.providers.standard.hooks.subprocess.SubprocessHook","filename":"subprocess.py","lineno":99}
{"timestamp":"2026-06-02T02:21:15.948595Z","level":"info","event":"26/06/02 02:21:15 INFO TaskSetManager: Starting task 1.0 in stage 1.0 (TID 2) (32a25072c928, executor driver, partition 2, PROCESS_LOCAL, 9102 bytes)","logger":"airflow.task.hooks.airflow.providers.standard.hooks.subprocess.SubprocessHook","filename":"subprocess.py","lineno":99}
{"timestamp":"2026-06-02T02:21:15.949624Z","level":"info","event":"26/06/02 02:21:15 INFO TaskSetManager: Starting task 2.0 in stage 1.0 (TID 3) (32a25072c928, executor driver, partition 3, PROCESS_LOCAL, 9140 bytes)","logger":"airflow.task.hooks.airflow.providers.standard.hooks.subprocess.SubprocessHook","filename":"subprocess.py","lineno":99}
{"timestamp":"2026-06-02T02:21:15.950849Z","level":"info","event":"26/06/02 02:21:15 INFO TaskSetManager: Starting task 3.0 in stage 1.0 (TID 4) (32a25072c928, executor driver, partition 4, PROCESS_LOCAL, 9110 bytes)","logger":"airflow.task.hooks.airflow.providers.standard.hooks.subprocess.SubprocessHook","filename":"subprocess.py","lineno":99}
{"timestamp":"2026-06-02T02:21:15.952087Z","level":"info","event":"26/06/02 02:21:15 INFO Executor: Running task 0.0 in stage 1.0 (TID 1)","logger":"airflow.task.hooks.airflow.providers.standard.hooks.subprocess.SubprocessHook","filename":"subprocess.py","lineno":99}
{"timestamp":"2026-06-02T02:21:15.956186Z","level":"info","event":"26/06/02 02:21:15 INFO Executor: Running task 1.0 in stage 1.0 (TID 2)","logger":"airflow.task.hooks.airflow.providers.standard.hooks.subprocess.SubprocessHook","filename":"subprocess.py","lineno":99}
{"timestamp":"2026-06-02T02:21:15.957540Z","level":"info","event":"26/06/02 02:21:15 INFO Executor: Running task 2.0 in stage 1.0 (TID 3)","logger":"airflow.task.hooks.airflow.providers.standard.hooks.subprocess.SubprocessHook","filename":"subprocess.py","lineno":99}
{"timestamp":"2026-06-02T02:21:15.961257Z","level":"info","event":"26/06/02 02:21:15 INFO Executor: Running task 3.0 in stage 1.0 (TID 4)","logger":"airflow.task.hooks.airflow.providers.standard.hooks.subprocess.SubprocessHook","filename":"subprocess.py","lineno":99}
{"timestamp":"2026-06-02T02:21:15.995645Z","level":"info","event":"26/06/02 02:21:15 INFO BlockManagerInfo: Removed broadcast_0_piece0 on 32a25072c928:46419 in memory (size: 7.7 KiB, free: 434.4 MiB)","logger":"airflow.task.hooks.airflow.providers.standard.hooks.subprocess.SubprocessHook","filename":"subprocess.py","lineno":99}
{"timestamp":"2026-06-02T02:21:16.092909Z","level":"info","event":"26/06/02 02:21:16 INFO PythonRunner: Times: total = 110, boot = -155, init = 265, finish = 0","logger":"airflow.task.hooks.airflow.providers.standard.hooks.subprocess.SubprocessHook","filename":"subprocess.py","lineno":99}
{"timestamp":"2026-06-02T02:21:16.105140Z","level":"info","event":"26/06/02 02:21:16 INFO Executor: Finished task 0.0 in stage 1.0 (TID 1). 2182 bytes result sent to driver","logger":"airflow.task.hooks.airflow.providers.standard.hooks.subprocess.SubprocessHook","filename":"subprocess.py","lineno":99}
{"timestamp":"2026-06-02T02:21:16.109807Z","level":"info","event":"26/06/02 02:21:16 INFO TaskSetManager: Finished task 0.0 in stage 1.0 (TID 1) in 163 ms on 32a25072c928 (executor driver) (1/4)","logger":"airflow.task.hooks.airflow.providers.standard.hooks.subprocess.SubprocessHook","filename":"subprocess.py","lineno":99}
{"timestamp":"2026-06-02T02:21:16.129690Z","level":"info","event":"26/06/02 02:21:16 INFO PythonRunner: Times: total = 139, boot = 15, init = 124, finish = 0","logger":"airflow.task.hooks.airflow.providers.standard.hooks.subprocess.SubprocessHook","filename":"subprocess.py","lineno":99}
{"timestamp":"2026-06-02T02:21:16.134416Z","level":"info","event":"26/06/02 02:21:16 INFO Executor: Finished task 2.0 in stage 1.0 (TID 3). 2155 bytes result sent to driver","logger":"airflow.task.hooks.airflow.providers.standard.hooks.subprocess.SubprocessHook","filename":"subprocess.py","lineno":99}
{"timestamp":"2026-06-02T02:21:16.138228Z","level":"info","event":"26/06/02 02:21:16 INFO TaskSetManager: Finished task 2.0 in stage 1.0 (TID 3) in 189 ms on 32a25072c928 (executor driver) (2/4)","logger":"airflow.task.hooks.airflow.providers.standard.hooks.subprocess.SubprocessHook","filename":"subprocess.py","lineno":99}
{"timestamp":"2026-06-02T02:21:16.143644Z","level":"info","event":"26/06/02 02:21:16 INFO PythonRunner: Times: total = 153, boot = 7, init = 146, finish = 0","logger":"airflow.task.hooks.airflow.providers.standard.hooks.subprocess.SubprocessHook","filename":"subprocess.py","lineno":99}
{"timestamp":"2026-06-02T02:21:16.150979Z","level":"info","event":"26/06/02 02:21:16 INFO PythonRunner: Times: total = 154, boot = 21, init = 133, finish = 0","logger":"airflow.task.hooks.airflow.providers.standard.hooks.subprocess.SubprocessHook","filename":"subprocess.py","lineno":99}
{"timestamp":"2026-06-02T02:21:16.153007Z","level":"info","event":"26/06/02 02:21:16 INFO Executor: Finished task 1.0 in stage 1.0 (TID 2). 2105 bytes result sent to driver","logger":"airflow.task.hooks.airflow.providers.standard.hooks.subprocess.SubprocessHook","filename":"subprocess.py","lineno":99}
{"timestamp":"2026-06-02T02:21:16.155696Z","level":"info","event":"26/06/02 02:21:16 INFO TaskSetManager: Finished task 1.0 in stage 1.0 (TID 2) in 207 ms on 32a25072c928 (executor driver) (3/4)","logger":"airflow.task.hooks.airflow.providers.standard.hooks.subprocess.SubprocessHook","filename":"subprocess.py","lineno":99}
{"timestamp":"2026-06-02T02:21:16.156801Z","level":"info","event":"26/06/02 02:21:16 INFO Executor: Finished task 3.0 in stage 1.0 (TID 4). 2123 bytes result sent to driver","logger":"airflow.task.hooks.airflow.providers.standard.hooks.subprocess.SubprocessHook","filename":"subprocess.py","lineno":99}
{"timestamp":"2026-06-02T02:21:16.159840Z","level":"info","event":"26/06/02 02:21:16 INFO TaskSetManager: Finished task 3.0 in stage 1.0 (TID 4) in 209 ms on 32a25072c928 (executor driver) (4/4)","logger":"airflow.task.hooks.airflow.providers.standard.hooks.subprocess.SubprocessHook","filename":"subprocess.py","lineno":99}
{"timestamp":"2026-06-02T02:21:16.160114Z","level":"info","event":"26/06/02 02:21:16 INFO TaskSchedulerImpl: Removed TaskSet 1.0, whose tasks have all completed, from pool","logger":"airflow.task.hooks.airflow.providers.standard.hooks.subprocess.SubprocessHook","filename":"subprocess.py","lineno":99}
{"timestamp":"2026-06-02T02:21:16.161317Z","level":"info","event":"26/06/02 02:21:16 INFO DAGScheduler: ResultStage 1 (showString at NativeMethodAccessorImpl.java:0) finished in 0.235 s","logger":"airflow.task.hooks.airflow.providers.standard.hooks.subprocess.SubprocessHook","filename":"subprocess.py","lineno":99}
{"timestamp":"2026-06-02T02:21:16.162187Z","level":"info","event":"26/06/02 02:21:16 INFO DAGScheduler: Job 1 is finished. Cancelling potential speculative or zombie tasks for this job","logger":"airflow.task.hooks.airflow.providers.standard.hooks.subprocess.SubprocessHook","filename":"subprocess.py","lineno":99}
{"timestamp":"2026-06-02T02:21:16.162344Z","level":"info","event":"26/06/02 02:21:16 INFO TaskSchedulerImpl: Killing all running tasks in stage 1: Stage finished","logger":"airflow.task.hooks.airflow.providers.standard.hooks.subprocess.SubprocessHook","filename":"subprocess.py","lineno":99}
{"timestamp":"2026-06-02T02:21:16.162830Z","level":"info","event":"26/06/02 02:21:16 INFO DAGScheduler: Job 1 finished: showString at NativeMethodAccessorImpl.java:0, took 0.242881 s","logger":"airflow.task.hooks.airflow.providers.standard.hooks.subprocess.SubprocessHook","filename":"subprocess.py","lineno":99}
{"timestamp":"2026-06-02T02:21:16.178559Z","level":"info","event":"26/06/02 02:21:16 INFO SparkContext: Starting job: showString at NativeMethodAccessorImpl.java:0","logger":"airflow.task.hooks.airflow.providers.standard.hooks.subprocess.SubprocessHook","filename":"subprocess.py","lineno":99}
{"timestamp":"2026-06-02T02:21:16.180177Z","level":"info","event":"26/06/02 02:21:16 INFO DAGScheduler: Got job 2 (showString at NativeMethodAccessorImpl.java:0) with 9 output partitions","logger":"airflow.task.hooks.airflow.providers.standard.hooks.subprocess.SubprocessHook","filename":"subprocess.py","lineno":99}
{"timestamp":"2026-06-02T02:21:16.180477Z","level":"info","event":"26/06/02 02:21:16 INFO DAGScheduler: Final stage: ResultStage 2 (showString at NativeMethodAccessorImpl.java:0)","logger":"airflow.task.hooks.airflow.providers.standard.hooks.subprocess.SubprocessHook","filename":"subprocess.py","lineno":99}
{"timestamp":"2026-06-02T02:21:16.180590Z","level":"info","event":"26/06/02 02:21:16 INFO DAGScheduler: Parents of final stage: List()","logger":"airflow.task.hooks.airflow.providers.standard.hooks.subprocess.SubprocessHook","filename":"subprocess.py","lineno":99}
{"timestamp":"2026-06-02T02:21:16.181228Z","level":"info","event":"26/06/02 02:21:16 INFO DAGScheduler: Missing parents: List()","logger":"airflow.task.hooks.airflow.providers.standard.hooks.subprocess.SubprocessHook","filename":"subprocess.py","lineno":99}
{"timestamp":"2026-06-02T02:21:16.183247Z","level":"info","event":"26/06/02 02:21:16 INFO DAGScheduler: Submitting ResultStage 2 (MapPartitionsRDD[6] at showString at NativeMethodAccessorImpl.java:0), which has no missing parents","logger":"airflow.task.hooks.airflow.providers.standard.hooks.subprocess.SubprocessHook","filename":"subprocess.py","lineno":99}
{"timestamp":"2026-06-02T02:21:16.189777Z","level":"info","event":"26/06/02 02:21:16 INFO MemoryStore: Block broadcast_2 stored as values in memory (estimated size 15.8 KiB, free 434.4 MiB)","logger":"airflow.task.hooks.airflow.providers.standard.hooks.subprocess.SubprocessHook","filename":"subprocess.py","lineno":99}
{"timestamp":"2026-06-02T02:21:16.199654Z","level":"info","event":"26/06/02 02:21:16 INFO MemoryStore: Block broadcast_2_piece0 stored as bytes in memory (estimated size 7.7 KiB, free 434.4 MiB)","logger":"airflow.task.hooks.airflow.providers.standard.hooks.subprocess.SubprocessHook","filename":"subprocess.py","lineno":99}
{"timestamp":"2026-06-02T02:21:16.200451Z","level":"info","event":"26/06/02 02:21:16 INFO BlockManagerInfo: Added broadcast_2_piece0 in memory on 32a25072c928:46419 (size: 7.7 KiB, free: 434.4 MiB)","logger":"airflow.task.hooks.airflow.providers.standard.hooks.subprocess.SubprocessHook","filename":"subprocess.py","lineno":99}
{"timestamp":"2026-06-02T02:21:16.202375Z","level":"info","event":"26/06/02 02:21:16 INFO SparkContext: Created broadcast 2 from broadcast at DAGScheduler.scala:1611","logger":"airflow.task.hooks.airflow.providers.standard.hooks.subprocess.SubprocessHook","filename":"subprocess.py","lineno":99}
{"timestamp":"2026-06-02T02:21:16.202638Z","level":"info","event":"26/06/02 02:21:16 INFO BlockManagerInfo: Removed broadcast_1_piece0 on 32a25072c928:46419 in memory (size: 7.7 KiB, free: 434.4 MiB)","logger":"airflow.task.hooks.airflow.providers.standard.hooks.subprocess.SubprocessHook","filename":"subprocess.py","lineno":99}
{"timestamp":"2026-06-02T02:21:16.203131Z","level":"info","event":"26/06/02 02:21:16 INFO DAGScheduler: Submitting 9 missing tasks from ResultStage 2 (MapPartitionsRDD[6] at showString at NativeMethodAccessorImpl.java:0) (first 15 tasks are for partitions Vector(5, 6, 7, 8, 9, 10, 11, 12, 13))","logger":"airflow.task.hooks.airflow.providers.standard.hooks.subprocess.SubprocessHook","filename":"subprocess.py","lineno":99}
{"timestamp":"2026-06-02T02:21:16.203230Z","level":"info","event":"26/06/02 02:21:16 INFO TaskSchedulerImpl: Adding task set 2.0 with 9 tasks resource profile 0","logger":"airflow.task.hooks.airflow.providers.standard.hooks.subprocess.SubprocessHook","filename":"subprocess.py","lineno":99}
{"timestamp":"2026-06-02T02:21:16.206423Z","level":"info","event":"26/06/02 02:21:16 INFO TaskSetManager: Starting task 0.0 in stage 2.0 (TID 5) (32a25072c928, executor driver, partition 5, PROCESS_LOCAL, 9119 bytes)","logger":"airflow.task.hooks.airflow.providers.standard.hooks.subprocess.SubprocessHook","filename":"subprocess.py","lineno":99}
{"timestamp":"2026-06-02T02:21:16.206915Z","level":"info","event":"26/06/02 02:21:16 INFO TaskSetManager: Starting task 1.0 in stage 2.0 (TID 6) (32a25072c928, executor driver, partition 6, PROCESS_LOCAL, 9127 bytes)","logger":"airflow.task.hooks.airflow.providers.standard.hooks.subprocess.SubprocessHook","filename":"subprocess.py","lineno":99}
{"timestamp":"2026-06-02T02:21:16.207931Z","level":"info","event":"26/06/02 02:21:16 INFO TaskSetManager: Starting task 2.0 in stage 2.0 (TID 7) (32a25072c928, executor driver, partition 7, PROCESS_LOCAL, 9147 bytes)","logger":"airflow.task.hooks.airflow.providers.standard.hooks.subprocess.SubprocessHook","filename":"subprocess.py","lineno":99}
{"timestamp":"2026-06-02T02:21:16.208797Z","level":"info","event":"26/06/02 02:21:16 INFO TaskSetManager: Starting task 3.0 in stage 2.0 (TID 8) (32a25072c928, executor driver, partition 8, PROCESS_LOCAL, 9182 bytes)","logger":"airflow.task.hooks.airflow.providers.standard.hooks.subprocess.SubprocessHook","filename":"subprocess.py","lineno":99}
{"timestamp":"2026-06-02T02:21:16.209345Z","level":"info","event":"26/06/02 02:21:16 INFO TaskSetManager: Starting task 4.0 in stage 2.0 (TID 9) (32a25072c928, executor driver, partition 9, PROCESS_LOCAL, 9123 bytes)","logger":"airflow.task.hooks.airflow.providers.standard.hooks.subprocess.SubprocessHook","filename":"subprocess.py","lineno":99}
{"timestamp":"2026-06-02T02:21:16.209979Z","level":"info","event":"26/06/02 02:21:16 INFO TaskSetManager: Starting task 5.0 in stage 2.0 (TID 10) (32a25072c928, executor driver, partition 10, PROCESS_LOCAL, 9122 bytes)","logger":"airflow.task.hooks.airflow.providers.standard.hooks.subprocess.SubprocessHook","filename":"subprocess.py","lineno":99}
{"timestamp":"2026-06-02T02:21:16.210280Z","level":"info","event":"26/06/02 02:21:16 INFO TaskSetManager: Starting task 6.0 in stage 2.0 (TID 11) (32a25072c928, executor driver, partition 11, PROCESS_LOCAL, 9123 bytes)","logger":"airflow.task.hooks.airflow.providers.standard.hooks.subprocess.SubprocessHook","filename":"subprocess.py","lineno":99}
{"timestamp":"2026-06-02T02:21:16.210660Z","level":"info","event":"26/06/02 02:21:16 INFO TaskSetManager: Starting task 7.0 in stage 2.0 (TID 12) (32a25072c928, executor driver, partition 12, PROCESS_LOCAL, 9117 bytes)","logger":"airflow.task.hooks.airflow.providers.standard.hooks.subprocess.SubprocessHook","filename":"subprocess.py","lineno":99}
{"timestamp":"2026-06-02T02:21:16.211607Z","level":"info","event":"26/06/02 02:21:16 INFO TaskSetManager: Starting task 8.0 in stage 2.0 (TID 13) (32a25072c928, executor driver, partition 13, PROCESS_LOCAL, 9157 bytes)","logger":"airflow.task.hooks.airflow.providers.standard.hooks.subprocess.SubprocessHook","filename":"subprocess.py","lineno":99}
{"timestamp":"2026-06-02T02:21:16.213657Z","level":"info","event":"26/06/02 02:21:16 INFO Executor: Running task 0.0 in stage 2.0 (TID 5)","logger":"airflow.task.hooks.airflow.providers.standard.hooks.subprocess.SubprocessHook","filename":"subprocess.py","lineno":99}
{"timestamp":"2026-06-02T02:21:16.213890Z","level":"info","event":"26/06/02 02:21:16 INFO Executor: Running task 2.0 in stage 2.0 (TID 7)","logger":"airflow.task.hooks.airflow.providers.standard.hooks.subprocess.SubprocessHook","filename":"subprocess.py","lineno":99}
{"timestamp":"2026-06-02T02:21:16.213992Z","level":"info","event":"26/06/02 02:21:16 INFO Executor: Running task 1.0 in stage 2.0 (TID 6)","logger":"airflow.task.hooks.airflow.providers.standard.hooks.subprocess.SubprocessHook","filename":"subprocess.py","lineno":99}
{"timestamp":"2026-06-02T02:21:16.214079Z","level":"info","event":"26/06/02 02:21:16 INFO Executor: Running task 3.0 in stage 2.0 (TID 8)","logger":"airflow.task.hooks.airflow.providers.standard.hooks.subprocess.SubprocessHook","filename":"subprocess.py","lineno":99}
{"timestamp":"2026-06-02T02:21:16.215639Z","level":"info","event":"26/06/02 02:21:16 INFO Executor: Running task 4.0 in stage 2.0 (TID 9)","logger":"airflow.task.hooks.airflow.providers.standard.hooks.subprocess.SubprocessHook","filename":"subprocess.py","lineno":99}
{"timestamp":"2026-06-02T02:21:16.217269Z","level":"info","event":"26/06/02 02:21:16 INFO Executor: Running task 5.0 in stage 2.0 (TID 10)","logger":"airflow.task.hooks.airflow.providers.standard.hooks.subprocess.SubprocessHook","filename":"subprocess.py","lineno":99}
{"timestamp":"2026-06-02T02:21:16.220040Z","level":"info","event":"26/06/02 02:21:16 INFO Executor: Running task 6.0 in stage 2.0 (TID 11)","logger":"airflow.task.hooks.airflow.providers.standard.hooks.subprocess.SubprocessHook","filename":"subprocess.py","lineno":99}
{"timestamp":"2026-06-02T02:21:16.220200Z","level":"info","event":"26/06/02 02:21:16 INFO Executor: Running task 8.0 in stage 2.0 (TID 13)","logger":"airflow.task.hooks.airflow.providers.standard.hooks.subprocess.SubprocessHook","filename":"subprocess.py","lineno":99}
{"timestamp":"2026-06-02T02:21:16.227822Z","level":"info","event":"26/06/02 02:21:16 INFO Executor: Running task 7.0 in stage 2.0 (TID 12)","logger":"airflow.task.hooks.airflow.providers.standard.hooks.subprocess.SubprocessHook","filename":"subprocess.py","lineno":99}
{"timestamp":"2026-06-02T02:21:16.367805Z","level":"info","event":"26/06/02 02:21:16 INFO PythonRunner: Times: total = 133, boot = -122, init = 254, finish = 1","logger":"airflow.task.hooks.airflow.providers.standard.hooks.subprocess.SubprocessHook","filename":"subprocess.py","lineno":99}
{"timestamp":"2026-06-02T02:21:16.368392Z","level":"info","event":"26/06/02 02:21:16 INFO PythonRunner: Times: total = 134, boot = -91, init = 225, finish = 0","logger":"airflow.task.hooks.airflow.providers.standard.hooks.subprocess.SubprocessHook","filename":"subprocess.py","lineno":99}
{"timestamp":"2026-06-02T02:21:16.394304Z","level":"info","event":"26/06/02 02:21:16 INFO PythonRunner: Times: total = 139, boot = -77, init = 216, finish = 0","logger":"airflow.task.hooks.airflow.providers.standard.hooks.subprocess.SubprocessHook","filename":"subprocess.py","lineno":99}
{"timestamp":"2026-06-02T02:21:16.398937Z","level":"info","event":"26/06/02 02:21:16 INFO PythonRunner: Times: total = 155, boot = -78, init = 233, finish = 0","logger":"airflow.task.hooks.airflow.providers.standard.hooks.subprocess.SubprocessHook","filename":"subprocess.py","lineno":99}
{"timestamp":"2026-06-02T02:21:16.399257Z","level":"info","event":"26/06/02 02:21:16 INFO Executor: Finished task 6.0 in stage 2.0 (TID 11). 2142 bytes result sent to driver","logger":"airflow.task.hooks.airflow.providers.standard.hooks.subprocess.SubprocessHook","filename":"subprocess.py","lineno":99}
{"timestamp":"2026-06-02T02:21:16.401835Z","level":"info","event":"26/06/02 02:21:16 INFO Executor: Finished task 8.0 in stage 2.0 (TID 13). 2196 bytes result sent to driver","logger":"airflow.task.hooks.airflow.providers.standard.hooks.subprocess.SubprocessHook","filename":"subprocess.py","lineno":99}
{"timestamp":"2026-06-02T02:21:16.404873Z","level":"info","event":"26/06/02 02:21:16 INFO TaskSetManager: Finished task 6.0 in stage 2.0 (TID 11) in 193 ms on 32a25072c928 (executor driver) (1/9)","logger":"airflow.task.hooks.airflow.providers.standard.hooks.subprocess.SubprocessHook","filename":"subprocess.py","lineno":99}
{"timestamp":"2026-06-02T02:21:16.405809Z","level":"info","event":"26/06/02 02:21:16 INFO Executor: Finished task 7.0 in stage 2.0 (TID 12). 2122 bytes result sent to driver","logger":"airflow.task.hooks.airflow.providers.standard.hooks.subprocess.SubprocessHook","filename":"subprocess.py","lineno":99}
{"timestamp":"2026-06-02T02:21:16.405990Z","level":"info","event":"26/06/02 02:21:16 INFO Executor: Finished task 4.0 in stage 2.0 (TID 9). 2158 bytes result sent to driver","logger":"airflow.task.hooks.airflow.providers.standard.hooks.subprocess.SubprocessHook","filename":"subprocess.py","lineno":99}
{"timestamp":"2026-06-02T02:21:16.406245Z","level":"info","event":"26/06/02 02:21:16 INFO TaskSetManager: Finished task 8.0 in stage 2.0 (TID 13) in 193 ms on 32a25072c928 (executor driver) (2/9)","logger":"airflow.task.hooks.airflow.providers.standard.hooks.subprocess.SubprocessHook","filename":"subprocess.py","lineno":99}
{"timestamp":"2026-06-02T02:21:16.409975Z","level":"info","event":"26/06/02 02:21:16 INFO TaskSetManager: Finished task 7.0 in stage 2.0 (TID 12) in 197 ms on 32a25072c928 (executor driver) (3/9)","logger":"airflow.task.hooks.airflow.providers.standard.hooks.subprocess.SubprocessHook","filename":"subprocess.py","lineno":99}
{"timestamp":"2026-06-02T02:21:16.421061Z","level":"info","event":"26/06/02 02:21:16 INFO TaskSetManager: Finished task 4.0 in stage 2.0 (TID 9) in 204 ms on 32a25072c928 (executor driver) (4/9)","logger":"airflow.task.hooks.airflow.providers.standard.hooks.subprocess.SubprocessHook","filename":"subprocess.py","lineno":99}
{"timestamp":"2026-06-02T02:21:16.456870Z","level":"info","event":"26/06/02 02:21:16 INFO PythonRunner: Times: total = 218, boot = 5, init = 213, finish = 0","logger":"airflow.task.hooks.airflow.providers.standard.hooks.subprocess.SubprocessHook","filename":"subprocess.py","lineno":99}
{"timestamp":"2026-06-02T02:21:16.476880Z","level":"info","event":"26/06/02 02:21:16 INFO PythonRunner: Times: total = 225, boot = 8, init = 217, finish = 0","logger":"airflow.task.hooks.airflow.providers.standard.hooks.subprocess.SubprocessHook","filename":"subprocess.py","lineno":99}
{"timestamp":"2026-06-02T02:21:16.477229Z","level":"info","event":"26/06/02 02:21:16 INFO Executor: Finished task 2.0 in stage 2.0 (TID 7). 2165 bytes result sent to driver","logger":"airflow.task.hooks.airflow.providers.standard.hooks.subprocess.SubprocessHook","filename":"subprocess.py","lineno":99}
{"timestamp":"2026-06-02T02:21:16.477682Z","level":"info","event":"26/06/02 02:21:16 INFO Executor: Finished task 5.0 in stage 2.0 (TID 10). 2108 bytes result sent to driver","logger":"airflow.task.hooks.airflow.providers.standard.hooks.subprocess.SubprocessHook","filename":"subprocess.py","lineno":99}
{"timestamp":"2026-06-02T02:21:16.479603Z","level":"info","event":"26/06/02 02:21:16 INFO TaskSetManager: Finished task 2.0 in stage 2.0 (TID 7) in 270 ms on 32a25072c928 (executor driver) (5/9)","logger":"airflow.task.hooks.airflow.providers.standard.hooks.subprocess.SubprocessHook","filename":"subprocess.py","lineno":99}
{"timestamp":"2026-06-02T02:21:16.481741Z","level":"info","event":"26/06/02 02:21:16 INFO TaskSetManager: Finished task 5.0 in stage 2.0 (TID 10) in 271 ms on 32a25072c928 (executor driver) (6/9)","logger":"airflow.task.hooks.airflow.providers.standard.hooks.subprocess.SubprocessHook","filename":"subprocess.py","lineno":99}
{"timestamp":"2026-06-02T02:21:16.482076Z","level":"info","event":"26/06/02 02:21:16 INFO PythonRunner: Times: total = 245, boot = 23, init = 220, finish = 2","logger":"airflow.task.hooks.airflow.providers.standard.hooks.subprocess.SubprocessHook","filename":"subprocess.py","lineno":99}
{"timestamp":"2026-06-02T02:21:16.487807Z","level":"info","event":"26/06/02 02:21:16 INFO PythonRunner: Times: total = 251, boot = 38, init = 213, finish = 0","logger":"airflow.task.hooks.airflow.providers.standard.hooks.subprocess.SubprocessHook","filename":"subprocess.py","lineno":99}
{"timestamp":"2026-06-02T02:21:16.488106Z","level":"info","event":"26/06/02 02:21:16 INFO Executor: Finished task 3.0 in stage 2.0 (TID 8). 2215 bytes result sent to driver","logger":"airflow.task.hooks.airflow.providers.standard.hooks.subprocess.SubprocessHook","filename":"subprocess.py","lineno":99}
{"timestamp":"2026-06-02T02:21:16.491211Z","level":"info","event":"26/06/02 02:21:16 INFO TaskSetManager: Finished task 3.0 in stage 2.0 (TID 8) in 281 ms on 32a25072c928 (executor driver) (7/9)","logger":"airflow.task.hooks.airflow.providers.standard.hooks.subprocess.SubprocessHook","filename":"subprocess.py","lineno":99}
{"timestamp":"2026-06-02T02:21:16.495688Z","level":"info","event":"26/06/02 02:21:16 INFO PythonRunner: Times: total = 255, boot = 45, init = 210, finish = 0","logger":"airflow.task.hooks.airflow.providers.standard.hooks.subprocess.SubprocessHook","filename":"subprocess.py","lineno":99}
{"timestamp":"2026-06-02T02:21:16.499480Z","level":"info","event":"26/06/02 02:21:16 INFO Executor: Finished task 0.0 in stage 2.0 (TID 5). 2134 bytes result sent to driver","logger":"airflow.task.hooks.airflow.providers.standard.hooks.subprocess.SubprocessHook","filename":"subprocess.py","lineno":99}
{"timestamp":"2026-06-02T02:21:16.501195Z","level":"info","event":"26/06/02 02:21:16 INFO Executor: Finished task 1.0 in stage 2.0 (TID 6). 2147 bytes result sent to driver","logger":"airflow.task.hooks.airflow.providers.standard.hooks.subprocess.SubprocessHook","filename":"subprocess.py","lineno":99}
{"timestamp":"2026-06-02T02:21:16.501444Z","level":"info","event":"26/06/02 02:21:16 INFO TaskSetManager: Finished task 0.0 in stage 2.0 (TID 5) in 296 ms on 32a25072c928 (executor driver) (8/9)","logger":"airflow.task.hooks.airflow.providers.standard.hooks.subprocess.SubprocessHook","filename":"subprocess.py","lineno":99}
{"timestamp":"2026-06-02T02:21:16.510750Z","level":"info","event":"26/06/02 02:21:16 INFO TaskSetManager: Finished task 1.0 in stage 2.0 (TID 6) in 296 ms on 32a25072c928 (executor driver) (9/9)","logger":"airflow.task.hooks.airflow.providers.standard.hooks.subprocess.SubprocessHook","filename":"subprocess.py","lineno":99}
{"timestamp":"2026-06-02T02:21:16.511062Z","level":"info","event":"26/06/02 02:21:16 INFO TaskSchedulerImpl: Removed TaskSet 2.0, whose tasks have all completed, from pool","logger":"airflow.task.hooks.airflow.providers.standard.hooks.subprocess.SubprocessHook","filename":"subprocess.py","lineno":99}
{"timestamp":"2026-06-02T02:21:16.513666Z","level":"info","event":"26/06/02 02:21:16 INFO DAGScheduler: ResultStage 2 (showString at NativeMethodAccessorImpl.java:0) finished in 0.325 s","logger":"airflow.task.hooks.airflow.providers.standard.hooks.subprocess.SubprocessHook","filename":"subprocess.py","lineno":99}
{"timestamp":"2026-06-02T02:21:16.514567Z","level":"info","event":"26/06/02 02:21:16 INFO DAGScheduler: Job 2 is finished. Cancelling potential speculative or zombie tasks for this job","logger":"airflow.task.hooks.airflow.providers.standard.hooks.subprocess.SubprocessHook","filename":"subprocess.py","lineno":99}
{"timestamp":"2026-06-02T02:21:16.514844Z","level":"info","event":"26/06/02 02:21:16 INFO TaskSchedulerImpl: Killing all running tasks in stage 2: Stage finished","logger":"airflow.task.hooks.airflow.providers.standard.hooks.subprocess.SubprocessHook","filename":"subprocess.py","lineno":99}
{"timestamp":"2026-06-02T02:21:16.515844Z","level":"info","event":"26/06/02 02:21:16 INFO DAGScheduler: Job 2 finished: showString at NativeMethodAccessorImpl.java:0, took 0.337092 s","logger":"airflow.task.hooks.airflow.providers.standard.hooks.subprocess.SubprocessHook","filename":"subprocess.py","lineno":99}
{"timestamp":"2026-06-02T02:21:16.820090Z","level":"info","event":"26/06/02 02:21:16 INFO BlockManagerInfo: Removed broadcast_2_piece0 on 32a25072c928:46419 in memory (size: 7.7 KiB, free: 434.4 MiB)","logger":"airflow.task.hooks.airflow.providers.standard.hooks.subprocess.SubprocessHook","filename":"subprocess.py","lineno":99}
{"timestamp":"2026-06-02T02:21:17.288296Z","level":"info","event":"26/06/02 02:21:17 INFO CodeGenerator: Code generated in 19.085113 ms","logger":"airflow.task.hooks.airflow.providers.standard.hooks.subprocess.SubprocessHook","filename":"subprocess.py","lineno":99}
{"timestamp":"2026-06-02T02:21:17.301842Z","level":"info","event":"+--------------------+------------------+---------+-----+-------+----+--------------------+","logger":"airflow.task.hooks.airflow.providers.standard.hooks.subprocess.SubprocessHook","filename":"subprocess.py","lineno":99}
{"timestamp":"2026-06-02T02:21:17.302040Z","level":"info","event":"|        product_name|             value|     unit|month|quarter|year|           ingest_at|","logger":"airflow.task.hooks.airflow.providers.standard.hooks.subprocess.SubprocessHook","filename":"subprocess.py","lineno":99}
{"timestamp":"2026-06-02T02:21:17.302116Z","level":"info","event":"+--------------------+------------------+---------+-----+-------+----+--------------------+","logger":"airflow.task.hooks.airflow.providers.standard.hooks.subprocess.SubprocessHook","filename":"subprocess.py","lineno":99}
{"timestamp":"2026-06-02T02:21:17.302182Z","level":"info","event":"| Than đá (than sạch)|3916.2461530013097|Nghìn tấn|    1|      1|2026|2026-06-02 02:21:...|","logger":"airflow.task.hooks.airflow.providers.standard.hooks.subprocess.SubprocessHook","filename":"subprocess.py","lineno":99}
{"timestamp":"2026-06-02T02:21:17.302251Z","level":"info","event":"|Dầu mỏ thô khai thác|  726.915555555556|Nghìn tấn|    1|      1|2026|2026-06-02 02:21:...|","logger":"airflow.task.hooks.airflow.providers.standard.hooks.subprocess.SubprocessHook","filename":"subprocess.py","lineno":99}
{"timestamp":"2026-06-02T02:21:17.302317Z","level":"info","event":"|Khí đốt thiên nhi...|459.85055555555596| Triệu m3|    1|      1|2026|2026-06-02 02:21:...|","logger":"airflow.task.hooks.airflow.providers.standard.hooks.subprocess.SubprocessHook","filename":"subprocess.py","lineno":99}
{"timestamp":"2026-06-02T02:21:17.302381Z","level":"info","event":"|  Khí hoá lỏng (LPG)| 74.68993768000001|Nghìn tấn|    1|      1|2026|2026-06-02 02:21:...|","logger":"airflow.task.hooks.airflow.providers.standard.hooks.subprocess.SubprocessHook","filename":"subprocess.py","lineno":99}
{"timestamp":"2026-06-02T02:21:17.302447Z","level":"info","event":"|           Xăng, dầu|1522.4956161876294|Nghìn tấn|    1|      1|2026|2026-06-02 02:21:...|","logger":"airflow.task.hooks.airflow.providers.standard.hooks.subprocess.SubprocessHook","filename":"subprocess.py","lineno":99}
{"timestamp":"2026-06-02T02:21:17.302519Z","level":"info","event":"|              Alumin|             129.3|Nghìn tấn|    1|      1|2026|2026-06-02 02:21:...|","logger":"airflow.task.hooks.airflow.providers.standard.hooks.subprocess.SubprocessHook","filename":"subprocess.py","lineno":99}
{"timestamp":"2026-06-02T02:21:17.302590Z","level":"info","event":"|Thuỷ hải sản chế ...| 686.8290238043196|Nghìn tấn|    1|      1|2026|2026-06-02 02:21:...|","logger":"airflow.task.hooks.airflow.providers.standard.hooks.subprocess.SubprocessHook","filename":"subprocess.py","lineno":99}
{"timestamp":"2026-06-02T02:21:17.302656Z","level":"info","event":"|            Sữa tươi| 145.7871901320249|Triệu lít|    1|      1|2026|2026-06-02 02:21:...|","logger":"airflow.task.hooks.airflow.providers.standard.hooks.subprocess.SubprocessHook","filename":"subprocess.py","lineno":99}
{"timestamp":"2026-06-02T02:21:17.302792Z","level":"info","event":"|             Sữa bột| 13.58983792885761|Nghìn tấn|    1|      1|2026|2026-06-02 02:21:...|","logger":"airflow.task.hooks.airflow.providers.standard.hooks.subprocess.SubprocessHook","filename":"subprocess.py","lineno":99}
{"timestamp":"2026-06-02T02:21:17.303058Z","level":"info","event":"|          Đường kính|  290.132831500331|Nghìn tấn|    1|      1|2026|2026-06-02 02:21:...|","logger":"airflow.task.hooks.airflow.providers.standard.hooks.subprocess.SubprocessHook","filename":"subprocess.py","lineno":99}
{"timestamp":"2026-06-02T02:21:17.303262Z","level":"info","event":"|            Bột ngọt|28.506957971113398|Nghìn tấn|    1|      1|2026|2026-06-02 02:21:...|","logger":"airflow.task.hooks.airflow.providers.standard.hooks.subprocess.SubprocessHook","filename":"subprocess.py","lineno":99}
{"timestamp":"2026-06-02T02:21:17.303311Z","level":"info","event":"| Thức ăn cho gia súc|1436.6480027078399|Nghìn tấn|    1|      1|2026|2026-06-02 02:21:...|","logger":"airflow.task.hooks.airflow.providers.standard.hooks.subprocess.SubprocessHook","filename":"subprocess.py","lineno":99}
{"timestamp":"2026-06-02T02:21:17.303339Z","level":"info","event":"|Thức ăn cho thủy sản| 806.6373150391348|Nghìn tấn|    1|      1|2026|2026-06-02 02:21:...|","logger":"airflow.task.hooks.airflow.providers.standard.hooks.subprocess.SubprocessHook","filename":"subprocess.py","lineno":99}
{"timestamp":"2026-06-02T02:21:17.303362Z","level":"info","event":"|                 Bia|  431.499771832711|Triệu lít|    1|      1|2026|2026-06-02 02:21:...|","logger":"airflow.task.hooks.airflow.providers.standard.hooks.subprocess.SubprocessHook","filename":"subprocess.py","lineno":99}
{"timestamp":"2026-06-02T02:21:17.303384Z","level":"info","event":"|       Thuốc lá điếu|  685.812727788377|Triệu bao|    1|      1|2026|2026-06-02 02:21:...|","logger":"airflow.task.hooks.airflow.providers.standard.hooks.subprocess.SubprocessHook","filename":"subprocess.py","lineno":99}
{"timestamp":"2026-06-02T02:21:17.303405Z","level":"info","event":"|Vải dệt từ sợi tự...| 88.09221505454063| Triệu m2|    1|      1|2026|2026-06-02 02:21:...|","logger":"airflow.task.hooks.airflow.providers.standard.hooks.subprocess.SubprocessHook","filename":"subprocess.py","lineno":99}
{"timestamp":"2026-06-02T02:21:17.303700Z","level":"info","event":"|Vải dệt từ sợi tổ...|138.07347101250724| Triệu m2|    1|      1|2026|2026-06-02 02:21:...|","logger":"airflow.task.hooks.airflow.providers.standard.hooks.subprocess.SubprocessHook","filename":"subprocess.py","lineno":99}
{"timestamp":"2026-06-02T02:21:17.303863Z","level":"info","event":"|  Quần áo mặc thường| 548.5321610543707|Triệu cái|    1|      1|2026|2026-06-02 02:21:...|","logger":"airflow.task.hooks.airflow.providers.standard.hooks.subprocess.SubprocessHook","filename":"subprocess.py","lineno":99}
{"timestamp":"2026-06-02T02:21:17.304053Z","level":"info","event":"|        Giày, dép da|  32.3916209999445|Triệu đôi|    1|      1|2026|2026-06-02 02:21:...|","logger":"airflow.task.hooks.airflow.providers.standard.hooks.subprocess.SubprocessHook","filename":"subprocess.py","lineno":99}
{"timestamp":"2026-06-02T02:21:17.304199Z","level":"info","event":"|           Phân U rê|153.01826760563378|Nghìn tấn|    1|      1|2026|2026-06-02 02:21:...|","logger":"airflow.task.hooks.airflow.providers.standard.hooks.subprocess.SubprocessHook","filename":"subprocess.py","lineno":99}
{"timestamp":"2026-06-02T02:21:17.304241Z","level":"info","event":"+--------------------+------------------+---------+-----+-------+----+--------------------+","logger":"airflow.task.hooks.airflow.providers.standard.hooks.subprocess.SubprocessHook","filename":"subprocess.py","lineno":99}
{"timestamp":"2026-06-02T02:21:17.304268Z","level":"info","event":"only showing top 20 rows","logger":"airflow.task.hooks.airflow.providers.standard.hooks.subprocess.SubprocessHook","filename":"subprocess.py","lineno":99}
{"timestamp":"2026-06-02T02:21:17.304292Z","level":"info","event":"","logger":"airflow.task.hooks.airflow.providers.standard.hooks.subprocess.SubprocessHook","filename":"subprocess.py","lineno":99}
{"timestamp":"2026-06-02T02:21:17.496901Z","level":"info","event":"26/06/02 02:21:17 INFO HiveConf: Found configuration file null","logger":"airflow.task.hooks.airflow.providers.standard.hooks.subprocess.SubprocessHook","filename":"subprocess.py","lineno":99}
{"timestamp":"2026-06-02T02:21:17.506070Z","level":"info","event":"26/06/02 02:21:17 INFO HiveUtils: Initializing HiveMetastoreConnection version 2.3.9 using Spark classes.","logger":"airflow.task.hooks.airflow.providers.standard.hooks.subprocess.SubprocessHook","filename":"subprocess.py","lineno":99}
{"timestamp":"2026-06-02T02:21:17.709719Z","level":"info","event":"26/06/02 02:21:17 INFO HiveClientImpl: Warehouse location for Hive client (version 2.3.9) is s3a://warehouse/","logger":"airflow.task.hooks.airflow.providers.standard.hooks.subprocess.SubprocessHook","filename":"subprocess.py","lineno":99}
{"timestamp":"2026-06-02T02:21:17.742973Z","level":"info","event":"26/06/02 02:21:17 INFO metastore: Trying to connect to metastore with URI thrift://hive:9083","logger":"airflow.task.hooks.airflow.providers.standard.hooks.subprocess.SubprocessHook","filename":"subprocess.py","lineno":99}
{"timestamp":"2026-06-02T02:21:17.757011Z","level":"info","event":"26/06/02 02:21:17 INFO metastore: Opened a connection to metastore, current connections: 1","logger":"airflow.task.hooks.airflow.providers.standard.hooks.subprocess.SubprocessHook","filename":"subprocess.py","lineno":99}
{"timestamp":"2026-06-02T02:21:17.778587Z","level":"info","event":"26/06/02 02:21:17 INFO metastore: Connected to metastore.","logger":"airflow.task.hooks.airflow.providers.standard.hooks.subprocess.SubprocessHook","filename":"subprocess.py","lineno":99}
{"timestamp":"2026-06-02T02:21:18.003779Z","level":"info","event":"26/06/02 02:21:18 INFO DelegatingLogStore: LogStore `LogStoreAdapter(io.delta.storage.S3SingleDriverLogStore)` is used for scheme `s3a`","logger":"airflow.task.hooks.airflow.providers.standard.hooks.subprocess.SubprocessHook","filename":"subprocess.py","lineno":99}
{"timestamp":"2026-06-02T02:21:18.211700Z","level":"info","event":"26/06/02 02:21:18 INFO DeltaLog: Loading version 0.","logger":"airflow.task.hooks.airflow.providers.standard.hooks.subprocess.SubprocessHook","filename":"subprocess.py","lineno":99}
{"timestamp":"2026-06-02T02:21:18.827536Z","level":"info","event":"26/06/02 02:21:18 INFO DeltaLogFileIndex: Created DeltaLogFileIndex(JSON, numFilesInSegment: 1, totalFileSize: 1184)","logger":"airflow.task.hooks.airflow.providers.standard.hooks.subprocess.SubprocessHook","filename":"subprocess.py","lineno":99}
{"timestamp":"2026-06-02T02:21:19.132347Z","level":"info","event":"26/06/02 02:21:19 INFO DataSourceStrategy: Pruning directories with:","logger":"airflow.task.hooks.airflow.providers.standard.hooks.subprocess.SubprocessHook","filename":"subprocess.py","lineno":99}
{"timestamp":"2026-06-02T02:21:19.146921Z","level":"info","event":"26/06/02 02:21:19 INFO FileSourceStrategy: Pushed Filters:","logger":"airflow.task.hooks.airflow.providers.standard.hooks.subprocess.SubprocessHook","filename":"subprocess.py","lineno":99}
{"timestamp":"2026-06-02T02:21:19.147822Z","level":"info","event":"26/06/02 02:21:19 INFO FileSourceStrategy: Post-Scan Filters: ((isnotnull(protocol#140.minReaderVersion) OR isnotnull(metaData#139.id)) OR (isnotnull(commitInfo#141.inCommitTimestamp) AND (version#142L = 0)))","logger":"airflow.task.hooks.airflow.providers.standard.hooks.subprocess.SubprocessHook","filename":"subprocess.py","lineno":99}
{"timestamp":"2026-06-02T02:21:19.314567Z","level":"info","event":"26/06/02 02:21:19 INFO CodeGenerator: Code generated in 93.602883 ms","logger":"airflow.task.hooks.airflow.providers.standard.hooks.subprocess.SubprocessHook","filename":"subprocess.py","lineno":99}
{"timestamp":"2026-06-02T02:21:19.331669Z","level":"info","event":"26/06/02 02:21:19 INFO MemoryStore: Block broadcast_3 stored as values in memory (estimated size 202.2 KiB, free 434.2 MiB)","logger":"airflow.task.hooks.airflow.providers.standard.hooks.subprocess.SubprocessHook","filename":"subprocess.py","lineno":99}
{"timestamp":"2026-06-02T02:21:19.359070Z","level":"info","event":"26/06/02 02:21:19 INFO MemoryStore: Block broadcast_3_piece0 stored as bytes in memory (estimated size 35.0 KiB, free 434.2 MiB)","logger":"airflow.task.hooks.airflow.providers.standard.hooks.subprocess.SubprocessHook","filename":"subprocess.py","lineno":99}
{"timestamp":"2026-06-02T02:21:19.359354Z","level":"info","event":"26/06/02 02:21:19 INFO BlockManagerInfo: Added broadcast_3_piece0 in memory on 32a25072c928:46419 (size: 35.0 KiB, free: 434.4 MiB)","logger":"airflow.task.hooks.airflow.providers.standard.hooks.subprocess.SubprocessHook","filename":"subprocess.py","lineno":99}
{"timestamp":"2026-06-02T02:21:19.360179Z","level":"info","event":"26/06/02 02:21:19 INFO SparkContext: Created broadcast 3 from $anonfun$recordDeltaOperationInternal$1 at DatabricksLogging.scala:128","logger":"airflow.task.hooks.airflow.providers.standard.hooks.subprocess.SubprocessHook","filename":"subprocess.py","lineno":99}
{"timestamp":"2026-06-02T02:21:19.396140Z","level":"info","event":"26/06/02 02:21:19 INFO FileSourceScanExec: Planning scan with bin packing, max size: 4194304 bytes, open cost is considered as scanning 4194304 bytes.","logger":"airflow.task.hooks.airflow.providers.standard.hooks.subprocess.SubprocessHook","filename":"subprocess.py","lineno":99}
{"timestamp":"2026-06-02T02:21:19.453854Z","level":"info","event":"26/06/02 02:21:19 INFO SparkContext: Starting job: $anonfun$recordDeltaOperationInternal$1 at DatabricksLogging.scala:128","logger":"airflow.task.hooks.airflow.providers.standard.hooks.subprocess.SubprocessHook","filename":"subprocess.py","lineno":99}
{"timestamp":"2026-06-02T02:21:19.454909Z","level":"info","event":"26/06/02 02:21:19 INFO DAGScheduler: Got job 3 ($anonfun$recordDeltaOperationInternal$1 at DatabricksLogging.scala:128) with 1 output partitions","logger":"airflow.task.hooks.airflow.providers.standard.hooks.subprocess.SubprocessHook","filename":"subprocess.py","lineno":99}
{"timestamp":"2026-06-02T02:21:19.455144Z","level":"info","event":"26/06/02 02:21:19 INFO DAGScheduler: Final stage: ResultStage 3 ($anonfun$recordDeltaOperationInternal$1 at DatabricksLogging.scala:128)","logger":"airflow.task.hooks.airflow.providers.standard.hooks.subprocess.SubprocessHook","filename":"subprocess.py","lineno":99}
{"timestamp":"2026-06-02T02:21:19.456083Z","level":"info","event":"26/06/02 02:21:19 INFO DAGScheduler: Parents of final stage: List()","logger":"airflow.task.hooks.airflow.providers.standard.hooks.subprocess.SubprocessHook","filename":"subprocess.py","lineno":99}
{"timestamp":"2026-06-02T02:21:19.456192Z","level":"info","event":"26/06/02 02:21:19 INFO DAGScheduler: Missing parents: List()","logger":"airflow.task.hooks.airflow.providers.standard.hooks.subprocess.SubprocessHook","filename":"subprocess.py","lineno":99}
{"timestamp":"2026-06-02T02:21:19.457481Z","level":"info","event":"26/06/02 02:21:19 INFO DAGScheduler: Submitting ResultStage 3 (MapPartitionsRDD[10] at $anonfun$recordDeltaOperationInternal$1 at DatabricksLogging.scala:128), which has no missing parents","logger":"airflow.task.hooks.airflow.providers.standard.hooks.subprocess.SubprocessHook","filename":"subprocess.py","lineno":99}
{"timestamp":"2026-06-02T02:21:19.460592Z","level":"info","event":"26/06/02 02:21:19 INFO MemoryStore: Block broadcast_4 stored as values in memory (estimated size 55.2 KiB, free 434.1 MiB)","logger":"airflow.task.hooks.airflow.providers.standard.hooks.subprocess.SubprocessHook","filename":"subprocess.py","lineno":99}
{"timestamp":"2026-06-02T02:21:19.468554Z","level":"info","event":"26/06/02 02:21:19 INFO MemoryStore: Block broadcast_4_piece0 stored as bytes in memory (estimated size 17.1 KiB, free 434.1 MiB)","logger":"airflow.task.hooks.airflow.providers.standard.hooks.subprocess.SubprocessHook","filename":"subprocess.py","lineno":99}
{"timestamp":"2026-06-02T02:21:19.469093Z","level":"info","event":"26/06/02 02:21:19 INFO BlockManagerInfo: Added broadcast_4_piece0 in memory on 32a25072c928:46419 (size: 17.1 KiB, free: 434.3 MiB)","logger":"airflow.task.hooks.airflow.providers.standard.hooks.subprocess.SubprocessHook","filename":"subprocess.py","lineno":99}
{"timestamp":"2026-06-02T02:21:19.469791Z","level":"info","event":"26/06/02 02:21:19 INFO SparkContext: Created broadcast 4 from broadcast at DAGScheduler.scala:1611","logger":"airflow.task.hooks.airflow.providers.standard.hooks.subprocess.SubprocessHook","filename":"subprocess.py","lineno":99}
{"timestamp":"2026-06-02T02:21:19.470407Z","level":"info","event":"26/06/02 02:21:19 INFO DAGScheduler: Submitting 1 missing tasks from ResultStage 3 (MapPartitionsRDD[10] at $anonfun$recordDeltaOperationInternal$1 at DatabricksLogging.scala:128) (first 15 tasks are for partitions Vector(0))","logger":"airflow.task.hooks.airflow.providers.standard.hooks.subprocess.SubprocessHook","filename":"subprocess.py","lineno":99}
{"timestamp":"2026-06-02T02:21:19.470510Z","level":"info","event":"26/06/02 02:21:19 INFO TaskSchedulerImpl: Adding task set 3.0 with 1 tasks resource profile 0","logger":"airflow.task.hooks.airflow.providers.standard.hooks.subprocess.SubprocessHook","filename":"subprocess.py","lineno":99}
{"timestamp":"2026-06-02T02:21:19.477483Z","level":"info","event":"26/06/02 02:21:19 INFO TaskSetManager: Starting task 0.0 in stage 3.0 (TID 14) (32a25072c928, executor driver, partition 0, PROCESS_LOCAL, 9679 bytes)","logger":"airflow.task.hooks.airflow.providers.standard.hooks.subprocess.SubprocessHook","filename":"subprocess.py","lineno":99}
{"timestamp":"2026-06-02T02:21:19.478156Z","level":"info","event":"26/06/02 02:21:19 INFO Executor: Running task 0.0 in stage 3.0 (TID 14)","logger":"airflow.task.hooks.airflow.providers.standard.hooks.subprocess.SubprocessHook","filename":"subprocess.py","lineno":99}
{"timestamp":"2026-06-02T02:21:19.575408Z","level":"info","event":"26/06/02 02:21:19 INFO CodeGenerator: Code generated in 43.974967 ms","logger":"airflow.task.hooks.airflow.providers.standard.hooks.subprocess.SubprocessHook","filename":"subprocess.py","lineno":99}
{"timestamp":"2026-06-02T02:21:19.579980Z","level":"info","event":"26/06/02 02:21:19 INFO FileScanRDD: Reading File path: s3a://silver/industry_product/_delta_log/00000000000000000000.json, range: 0-1184, partition values: [0]","logger":"airflow.task.hooks.airflow.providers.standard.hooks.subprocess.SubprocessHook","filename":"subprocess.py","lineno":99}
{"timestamp":"2026-06-02T02:21:19.619942Z","level":"info","event":"26/06/02 02:21:19 INFO CodeGenerator: Code generated in 24.735979 ms","logger":"airflow.task.hooks.airflow.providers.standard.hooks.subprocess.SubprocessHook","filename":"subprocess.py","lineno":99}
{"timestamp":"2026-06-02T02:21:19.752279Z","level":"info","event":"26/06/02 02:21:19 INFO Executor: Finished task 0.0 in stage 3.0 (TID 14). 2007 bytes result sent to driver","logger":"airflow.task.hooks.airflow.providers.standard.hooks.subprocess.SubprocessHook","filename":"subprocess.py","lineno":99}
{"timestamp":"2026-06-02T02:21:19.753983Z","level":"info","event":"26/06/02 02:21:19 INFO TaskSetManager: Finished task 0.0 in stage 3.0 (TID 14) in 280 ms on 32a25072c928 (executor driver) (1/1)","logger":"airflow.task.hooks.airflow.providers.standard.hooks.subprocess.SubprocessHook","filename":"subprocess.py","lineno":99}
{"timestamp":"2026-06-02T02:21:19.754922Z","level":"info","event":"26/06/02 02:21:19 INFO TaskSchedulerImpl: Removed TaskSet 3.0, whose tasks have all completed, from pool","logger":"airflow.task.hooks.airflow.providers.standard.hooks.subprocess.SubprocessHook","filename":"subprocess.py","lineno":99}
{"timestamp":"2026-06-02T02:21:19.755616Z","level":"info","event":"26/06/02 02:21:19 INFO DAGScheduler: ResultStage 3 ($anonfun$recordDeltaOperationInternal$1 at DatabricksLogging.scala:128) finished in 0.295 s","logger":"airflow.task.hooks.airflow.providers.standard.hooks.subprocess.SubprocessHook","filename":"subprocess.py","lineno":99}
{"timestamp":"2026-06-02T02:21:19.755754Z","level":"info","event":"26/06/02 02:21:19 INFO DAGScheduler: Job 3 is finished. Cancelling potential speculative or zombie tasks for this job","logger":"airflow.task.hooks.airflow.providers.standard.hooks.subprocess.SubprocessHook","filename":"subprocess.py","lineno":99}
{"timestamp":"2026-06-02T02:21:19.755817Z","level":"info","event":"26/06/02 02:21:19 INFO TaskSchedulerImpl: Killing all running tasks in stage 3: Stage finished","logger":"airflow.task.hooks.airflow.providers.standard.hooks.subprocess.SubprocessHook","filename":"subprocess.py","lineno":99}
{"timestamp":"2026-06-02T02:21:19.756091Z","level":"info","event":"26/06/02 02:21:19 INFO DAGScheduler: Job 3 finished: $anonfun$recordDeltaOperationInternal$1 at DatabricksLogging.scala:128, took 0.301992 s","logger":"airflow.task.hooks.airflow.providers.standard.hooks.subprocess.SubprocessHook","filename":"subprocess.py","lineno":99}
{"timestamp":"2026-06-02T02:21:19.827941Z","level":"info","event":"26/06/02 02:21:19 INFO CodeGenerator: Code generated in 29.163831 ms","logger":"airflow.task.hooks.airflow.providers.standard.hooks.subprocess.SubprocessHook","filename":"subprocess.py","lineno":99}
{"timestamp":"2026-06-02T02:21:19.946389Z","level":"info","event":"26/06/02 02:21:19 INFO Snapshot: [tableId=89cdf4c6-ced2-4b69-8535-b4238a1673aa] Created snapshot Snapshot(path=s3a://silver/industry_product/_delta_log, version=0, metadata=Metadata(b151bf18-ee12-418e-8970-f5955f4a33ab,null,null,Format(parquet,Map()),{\"type\":\"struct\",\"fields\":[{\"name\":\"product_name\",\"type\":\"string\",\"nullable\":true,\"metadata\":{}},{\"name\":\"value\",\"type\":\"double\",\"nullable\":true,\"metadata\":{}},{\"name\":\"unit\",\"type\":\"string\",\"nullable\":true,\"metadata\":{}},{\"name\":\"month\",\"type\":\"integer\",\"nullable\":true,\"metadata\":{}},{\"name\":\"quarter\",\"type\":\"integer\",\"nullable\":true,\"metadata\":{}},{\"name\":\"year\",\"type\":\"integer\",\"nullable\":true,\"metadata\":{}},{\"name\":\"ingest_at\",\"type\":\"timestamp\",\"nullable\":true,\"metadata\":{}}]},List(),Map(),Some(1780366863289)), logSegment=LogSegment(s3a://silver/industry_product/_delta_log,0,WrappedArray(S3AFileStatus{path=s3a://silver/industry_product/_delta_log/00000000000000000000.json; isDirectory=false; length=1184; replication=1; blocksize=33554432; modification_time=1780366863360; access_time=0; owner=spark; group=spark; permission=rw-rw-rw-; isSymlink=false; hasAcl=false; isEncrypted=true; isErasureCoded=false} isEmptyDirectory=FALSE eTag=03899bcc6f5255b1614891e699612d86 versionId=null),org.apache.spark.sql.delta.EmptyCheckpointProvider$@69965700,1780366863360), checksumOpt=None)","logger":"airflow.task.hooks.airflow.providers.standard.hooks.subprocess.SubprocessHook","filename":"subprocess.py","lineno":99}
{"timestamp":"2026-06-02T02:21:19.959654Z","level":"info","event":"26/06/02 02:21:19 INFO DeltaLog: Updated snapshot to Snapshot(path=s3a://silver/industry_product/_delta_log, version=0, metadata=Metadata(b151bf18-ee12-418e-8970-f5955f4a33ab,null,null,Format(parquet,Map()),{\"type\":\"struct\",\"fields\":[{\"name\":\"product_name\",\"type\":\"string\",\"nullable\":true,\"metadata\":{}},{\"name\":\"value\",\"type\":\"double\",\"nullable\":true,\"metadata\":{}},{\"name\":\"unit\",\"type\":\"string\",\"nullable\":true,\"metadata\":{}},{\"name\":\"month\",\"type\":\"integer\",\"nullable\":true,\"metadata\":{}},{\"name\":\"quarter\",\"type\":\"integer\",\"nullable\":true,\"metadata\":{}},{\"name\":\"year\",\"type\":\"integer\",\"nullable\":true,\"metadata\":{}},{\"name\":\"ingest_at\",\"type\":\"timestamp\",\"nullable\":true,\"metadata\":{}}]},List(),Map(),Some(1780366863289)), logSegment=LogSegment(s3a://silver/industry_product/_delta_log,0,WrappedArray(S3AFileStatus{path=s3a://silver/industry_product/_delta_log/00000000000000000000.json; isDirectory=false; length=1184; replication=1; blocksize=33554432; modification_time=1780366863360; access_time=0; owner=spark; group=spark; permission=rw-rw-rw-; isSymlink=false; hasAcl=false; isEncrypted=true; isErasureCoded=false} isEmptyDirectory=FALSE eTag=03899bcc6f5255b1614891e699612d86 versionId=null),org.apache.spark.sql.delta.EmptyCheckpointProvider$@69965700,1780366863360), checksumOpt=None)","logger":"airflow.task.hooks.airflow.providers.standard.hooks.subprocess.SubprocessHook","filename":"subprocess.py","lineno":99}
{"timestamp":"2026-06-02T02:21:20.337670Z","level":"info","event":"26/06/02 02:21:20 INFO BlockManagerInfo: Removed broadcast_4_piece0 on 32a25072c928:46419 in memory (size: 17.1 KiB, free: 434.4 MiB)","logger":"airflow.task.hooks.airflow.providers.standard.hooks.subprocess.SubprocessHook","filename":"subprocess.py","lineno":99}
{"timestamp":"2026-06-02T02:21:20.362888Z","level":"info","event":"26/06/02 02:21:20 INFO ParquetUtils: Using default output committer for Parquet: org.apache.parquet.hadoop.ParquetOutputCommitter","logger":"airflow.task.hooks.airflow.providers.standard.hooks.subprocess.SubprocessHook","filename":"subprocess.py","lineno":99}
{"timestamp":"2026-06-02T02:21:20.396192Z","level":"info","event":"26/06/02 02:21:20 INFO CodeGenerator: Code generated in 6.269441 ms","logger":"airflow.task.hooks.airflow.providers.standard.hooks.subprocess.SubprocessHook","filename":"subprocess.py","lineno":99}
{"timestamp":"2026-06-02T02:21:20.500265Z","level":"info","event":"26/06/02 02:21:20 INFO SparkContext: Starting job: saveAsTable at NativeMethodAccessorImpl.java:0","logger":"airflow.task.hooks.airflow.providers.standard.hooks.subprocess.SubprocessHook","filename":"subprocess.py","lineno":99}
{"timestamp":"2026-06-02T02:21:20.501219Z","level":"info","event":"26/06/02 02:21:20 INFO DAGScheduler: Got job 4 (saveAsTable at NativeMethodAccessorImpl.java:0) with 16 output partitions","logger":"airflow.task.hooks.airflow.providers.standard.hooks.subprocess.SubprocessHook","filename":"subprocess.py","lineno":99}
{"timestamp":"2026-06-02T02:21:20.501704Z","level":"info","event":"26/06/02 02:21:20 INFO DAGScheduler: Final stage: ResultStage 4 (saveAsTable at NativeMethodAccessorImpl.java:0)","logger":"airflow.task.hooks.airflow.providers.standard.hooks.subprocess.SubprocessHook","filename":"subprocess.py","lineno":99}
{"timestamp":"2026-06-02T02:21:20.501783Z","level":"info","event":"26/06/02 02:21:20 INFO DAGScheduler: Parents of final stage: List()","logger":"airflow.task.hooks.airflow.providers.standard.hooks.subprocess.SubprocessHook","filename":"subprocess.py","lineno":99}
{"timestamp":"2026-06-02T02:21:20.502459Z","level":"info","event":"26/06/02 02:21:20 INFO DAGScheduler: Missing parents: List()","logger":"airflow.task.hooks.airflow.providers.standard.hooks.subprocess.SubprocessHook","filename":"subprocess.py","lineno":99}
{"timestamp":"2026-06-02T02:21:20.504688Z","level":"info","event":"26/06/02 02:21:20 INFO DAGScheduler: Submitting ResultStage 4 (MapPartitionsRDD[11] at saveAsTable at NativeMethodAccessorImpl.java:0), which has no missing parents","logger":"airflow.task.hooks.airflow.providers.standard.hooks.subprocess.SubprocessHook","filename":"subprocess.py","lineno":99}
{"timestamp":"2026-06-02T02:21:20.538043Z","level":"info","event":"26/06/02 02:21:20 INFO MemoryStore: Block broadcast_5 stored as values in memory (estimated size 341.3 KiB, free 433.8 MiB)","logger":"airflow.task.hooks.airflow.providers.standard.hooks.subprocess.SubprocessHook","filename":"subprocess.py","lineno":99}
{"timestamp":"2026-06-02T02:21:20.543575Z","level":"info","event":"26/06/02 02:21:20 INFO MemoryStore: Block broadcast_5_piece0 stored as bytes in memory (estimated size 124.4 KiB, free 433.7 MiB)","logger":"airflow.task.hooks.airflow.providers.standard.hooks.subprocess.SubprocessHook","filename":"subprocess.py","lineno":99}
{"timestamp":"2026-06-02T02:21:20.544810Z","level":"info","event":"26/06/02 02:21:20 INFO BlockManagerInfo: Added broadcast_5_piece0 in memory on 32a25072c928:46419 (size: 124.4 KiB, free: 434.2 MiB)","logger":"airflow.task.hooks.airflow.providers.standard.hooks.subprocess.SubprocessHook","filename":"subprocess.py","lineno":99}
{"timestamp":"2026-06-02T02:21:20.546137Z","level":"info","event":"26/06/02 02:21:20 INFO SparkContext: Created broadcast 5 from broadcast at DAGScheduler.scala:1611","logger":"airflow.task.hooks.airflow.providers.standard.hooks.subprocess.SubprocessHook","filename":"subprocess.py","lineno":99}
{"timestamp":"2026-06-02T02:21:20.548322Z","level":"info","event":"26/06/02 02:21:20 INFO DAGScheduler: Submitting 16 missing tasks from ResultStage 4 (MapPartitionsRDD[11] at saveAsTable at NativeMethodAccessorImpl.java:0) (first 15 tasks are for partitions Vector(0, 1, 2, 3, 4, 5, 6, 7, 8, 9, 10, 11, 12, 13, 14))","logger":"airflow.task.hooks.airflow.providers.standard.hooks.subprocess.SubprocessHook","filename":"subprocess.py","lineno":99}
{"timestamp":"2026-06-02T02:21:20.548652Z","level":"info","event":"26/06/02 02:21:20 INFO TaskSchedulerImpl: Adding task set 4.0 with 16 tasks resource profile 0","logger":"airflow.task.hooks.airflow.providers.standard.hooks.subprocess.SubprocessHook","filename":"subprocess.py","lineno":99}
{"timestamp":"2026-06-02T02:21:20.552259Z","level":"info","event":"26/06/02 02:21:20 INFO TaskSetManager: Starting task 0.0 in stage 4.0 (TID 15) (32a25072c928, executor driver, partition 0, PROCESS_LOCAL, 9133 bytes)","logger":"airflow.task.hooks.airflow.providers.standard.hooks.subprocess.SubprocessHook","filename":"subprocess.py","lineno":99}
{"timestamp":"2026-06-02T02:21:20.553457Z","level":"info","event":"26/06/02 02:21:20 INFO TaskSetManager: Starting task 1.0 in stage 4.0 (TID 16) (32a25072c928, executor driver, partition 1, PROCESS_LOCAL, 9154 bytes)","logger":"airflow.task.hooks.airflow.providers.standard.hooks.subprocess.SubprocessHook","filename":"subprocess.py","lineno":99}
{"timestamp":"2026-06-02T02:21:20.553777Z","level":"info","event":"26/06/02 02:21:20 INFO TaskSetManager: Starting task 2.0 in stage 4.0 (TID 17) (32a25072c928, executor driver, partition 2, PROCESS_LOCAL, 9102 bytes)","logger":"airflow.task.hooks.airflow.providers.standard.hooks.subprocess.SubprocessHook","filename":"subprocess.py","lineno":99}
{"timestamp":"2026-06-02T02:21:20.554316Z","level":"info","event":"26/06/02 02:21:20 INFO TaskSetManager: Starting task 3.0 in stage 4.0 (TID 18) (32a25072c928, executor driver, partition 3, PROCESS_LOCAL, 9140 bytes)","logger":"airflow.task.hooks.airflow.providers.standard.hooks.subprocess.SubprocessHook","filename":"subprocess.py","lineno":99}
{"timestamp":"2026-06-02T02:21:20.555691Z","level":"info","event":"26/06/02 02:21:20 INFO TaskSetManager: Starting task 4.0 in stage 4.0 (TID 19) (32a25072c928, executor driver, partition 4, PROCESS_LOCAL, 9110 bytes)","logger":"airflow.task.hooks.airflow.providers.standard.hooks.subprocess.SubprocessHook","filename":"subprocess.py","lineno":99}
{"timestamp":"2026-06-02T02:21:20.556560Z","level":"info","event":"26/06/02 02:21:20 INFO TaskSetManager: Starting task 5.0 in stage 4.0 (TID 20) (32a25072c928, executor driver, partition 5, PROCESS_LOCAL, 9119 bytes)","logger":"airflow.task.hooks.airflow.providers.standard.hooks.subprocess.SubprocessHook","filename":"subprocess.py","lineno":99}
{"timestamp":"2026-06-02T02:21:20.558574Z","level":"info","event":"26/06/02 02:21:20 INFO TaskSetManager: Starting task 6.0 in stage 4.0 (TID 21) (32a25072c928, executor driver, partition 6, PROCESS_LOCAL, 9127 bytes)","logger":"airflow.task.hooks.airflow.providers.standard.hooks.subprocess.SubprocessHook","filename":"subprocess.py","lineno":99}
{"timestamp":"2026-06-02T02:21:20.559943Z","level":"info","event":"26/06/02 02:21:20 INFO TaskSetManager: Starting task 7.0 in stage 4.0 (TID 22) (32a25072c928, executor driver, partition 7, PROCESS_LOCAL, 9147 bytes)","logger":"airflow.task.hooks.airflow.providers.standard.hooks.subprocess.SubprocessHook","filename":"subprocess.py","lineno":99}
{"timestamp":"2026-06-02T02:21:20.560699Z","level":"info","event":"26/06/02 02:21:20 INFO TaskSetManager: Starting task 8.0 in stage 4.0 (TID 23) (32a25072c928, executor driver, partition 8, PROCESS_LOCAL, 9182 bytes)","logger":"airflow.task.hooks.airflow.providers.standard.hooks.subprocess.SubprocessHook","filename":"subprocess.py","lineno":99}
{"timestamp":"2026-06-02T02:21:20.563249Z","level":"info","event":"26/06/02 02:21:20 INFO TaskSetManager: Starting task 9.0 in stage 4.0 (TID 24) (32a25072c928, executor driver, partition 9, PROCESS_LOCAL, 9123 bytes)","logger":"airflow.task.hooks.airflow.providers.standard.hooks.subprocess.SubprocessHook","filename":"subprocess.py","lineno":99}
{"timestamp":"2026-06-02T02:21:20.566887Z","level":"info","event":"26/06/02 02:21:20 INFO TaskSetManager: Starting task 10.0 in stage 4.0 (TID 25) (32a25072c928, executor driver, partition 10, PROCESS_LOCAL, 9122 bytes)","logger":"airflow.task.hooks.airflow.providers.standard.hooks.subprocess.SubprocessHook","filename":"subprocess.py","lineno":99}
{"timestamp":"2026-06-02T02:21:20.567615Z","level":"info","event":"26/06/02 02:21:20 INFO TaskSetManager: Starting task 11.0 in stage 4.0 (TID 26) (32a25072c928, executor driver, partition 11, PROCESS_LOCAL, 9123 bytes)","logger":"airflow.task.hooks.airflow.providers.standard.hooks.subprocess.SubprocessHook","filename":"subprocess.py","lineno":99}
{"timestamp":"2026-06-02T02:21:20.568132Z","level":"info","event":"26/06/02 02:21:20 INFO TaskSetManager: Starting task 12.0 in stage 4.0 (TID 27) (32a25072c928, executor driver, partition 12, PROCESS_LOCAL, 9117 bytes)","logger":"airflow.task.hooks.airflow.providers.standard.hooks.subprocess.SubprocessHook","filename":"subprocess.py","lineno":99}
{"timestamp":"2026-06-02T02:21:20.568229Z","level":"info","event":"26/06/02 02:21:20 INFO TaskSetManager: Starting task 13.0 in stage 4.0 (TID 28) (32a25072c928, executor driver, partition 13, PROCESS_LOCAL, 9157 bytes)","logger":"airflow.task.hooks.airflow.providers.standard.hooks.subprocess.SubprocessHook","filename":"subprocess.py","lineno":99}
{"timestamp":"2026-06-02T02:21:20.568310Z","level":"info","event":"26/06/02 02:21:20 INFO TaskSetManager: Starting task 14.0 in stage 4.0 (TID 29) (32a25072c928, executor driver, partition 14, PROCESS_LOCAL, 9108 bytes)","logger":"airflow.task.hooks.airflow.providers.standard.hooks.subprocess.SubprocessHook","filename":"subprocess.py","lineno":99}
{"timestamp":"2026-06-02T02:21:20.568380Z","level":"info","event":"26/06/02 02:21:20 INFO TaskSetManager: Starting task 15.0 in stage 4.0 (TID 30) (32a25072c928, executor driver, partition 15, PROCESS_LOCAL, 9219 bytes)","logger":"airflow.task.hooks.airflow.providers.standard.hooks.subprocess.SubprocessHook","filename":"subprocess.py","lineno":99}
{"timestamp":"2026-06-02T02:21:20.568484Z","level":"info","event":"26/06/02 02:21:20 INFO Executor: Running task 3.0 in stage 4.0 (TID 18)","logger":"airflow.task.hooks.airflow.providers.standard.hooks.subprocess.SubprocessHook","filename":"subprocess.py","lineno":99}
{"timestamp":"2026-06-02T02:21:20.568631Z","level":"info","event":"26/06/02 02:21:20 INFO Executor: Running task 5.0 in stage 4.0 (TID 20)","logger":"airflow.task.hooks.airflow.providers.standard.hooks.subprocess.SubprocessHook","filename":"subprocess.py","lineno":99}
{"timestamp":"2026-06-02T02:21:20.568940Z","level":"info","event":"26/06/02 02:21:20 INFO Executor: Running task 6.0 in stage 4.0 (TID 21)","logger":"airflow.task.hooks.airflow.providers.standard.hooks.subprocess.SubprocessHook","filename":"subprocess.py","lineno":99}
{"timestamp":"2026-06-02T02:21:20.587582Z","level":"info","event":"26/06/02 02:21:20 INFO Executor: Running task 8.0 in stage 4.0 (TID 23)","logger":"airflow.task.hooks.airflow.providers.standard.hooks.subprocess.SubprocessHook","filename":"subprocess.py","lineno":99}
{"timestamp":"2026-06-02T02:21:20.587862Z","level":"info","event":"26/06/02 02:21:20 INFO Executor: Running task 0.0 in stage 4.0 (TID 15)","logger":"airflow.task.hooks.airflow.providers.standard.hooks.subprocess.SubprocessHook","filename":"subprocess.py","lineno":99}
{"timestamp":"2026-06-02T02:21:20.587951Z","level":"info","event":"26/06/02 02:21:20 INFO Executor: Running task 2.0 in stage 4.0 (TID 17)","logger":"airflow.task.hooks.airflow.providers.standard.hooks.subprocess.SubprocessHook","filename":"subprocess.py","lineno":99}
{"timestamp":"2026-06-02T02:21:20.588001Z","level":"info","event":"26/06/02 02:21:20 INFO Executor: Running task 11.0 in stage 4.0 (TID 26)","logger":"airflow.task.hooks.airflow.providers.standard.hooks.subprocess.SubprocessHook","filename":"subprocess.py","lineno":99}
{"timestamp":"2026-06-02T02:21:20.588053Z","level":"info","event":"26/06/02 02:21:20 INFO Executor: Running task 9.0 in stage 4.0 (TID 24)","logger":"airflow.task.hooks.airflow.providers.standard.hooks.subprocess.SubprocessHook","filename":"subprocess.py","lineno":99}
{"timestamp":"2026-06-02T02:21:20.589452Z","level":"info","event":"26/06/02 02:21:20 INFO Executor: Running task 1.0 in stage 4.0 (TID 16)","logger":"airflow.task.hooks.airflow.providers.standard.hooks.subprocess.SubprocessHook","filename":"subprocess.py","lineno":99}
{"timestamp":"2026-06-02T02:21:20.589775Z","level":"info","event":"26/06/02 02:21:20 INFO Executor: Running task 4.0 in stage 4.0 (TID 19)","logger":"airflow.task.hooks.airflow.providers.standard.hooks.subprocess.SubprocessHook","filename":"subprocess.py","lineno":99}
{"timestamp":"2026-06-02T02:21:20.589870Z","level":"info","event":"26/06/02 02:21:20 INFO Executor: Running task 14.0 in stage 4.0 (TID 29)","logger":"airflow.task.hooks.airflow.providers.standard.hooks.subprocess.SubprocessHook","filename":"subprocess.py","lineno":99}
{"timestamp":"2026-06-02T02:21:20.589926Z","level":"info","event":"26/06/02 02:21:20 INFO Executor: Running task 12.0 in stage 4.0 (TID 27)","logger":"airflow.task.hooks.airflow.providers.standard.hooks.subprocess.SubprocessHook","filename":"subprocess.py","lineno":99}
{"timestamp":"2026-06-02T02:21:20.589973Z","level":"info","event":"26/06/02 02:21:20 INFO Executor: Running task 13.0 in stage 4.0 (TID 28)","logger":"airflow.task.hooks.airflow.providers.standard.hooks.subprocess.SubprocessHook","filename":"subprocess.py","lineno":99}
{"timestamp":"2026-06-02T02:21:20.592654Z","level":"info","event":"26/06/02 02:21:20 INFO Executor: Running task 7.0 in stage 4.0 (TID 22)","logger":"airflow.task.hooks.airflow.providers.standard.hooks.subprocess.SubprocessHook","filename":"subprocess.py","lineno":99}
{"timestamp":"2026-06-02T02:21:20.593786Z","level":"info","event":"26/06/02 02:21:20 INFO Executor: Running task 10.0 in stage 4.0 (TID 25)","logger":"airflow.task.hooks.airflow.providers.standard.hooks.subprocess.SubprocessHook","filename":"subprocess.py","lineno":99}
{"timestamp":"2026-06-02T02:21:20.612832Z","level":"info","event":"26/06/02 02:21:20 INFO Executor: Running task 15.0 in stage 4.0 (TID 30)","logger":"airflow.task.hooks.airflow.providers.standard.hooks.subprocess.SubprocessHook","filename":"subprocess.py","lineno":99}
{"timestamp":"2026-06-02T02:21:20.847112Z","level":"info","event":"26/06/02 02:21:20 INFO BlockManagerInfo: Removed broadcast_3_piece0 on 32a25072c928:46419 in memory (size: 35.0 KiB, free: 434.3 MiB)","logger":"airflow.task.hooks.airflow.providers.standard.hooks.subprocess.SubprocessHook","filename":"subprocess.py","lineno":99}
{"timestamp":"2026-06-02T02:21:20.905303Z","level":"info","event":"26/06/02 02:21:20 INFO CodeGenerator: Code generated in 41.64726 ms","logger":"airflow.task.hooks.airflow.providers.standard.hooks.subprocess.SubprocessHook","filename":"subprocess.py","lineno":99}
{"timestamp":"2026-06-02T02:21:21.086847Z","level":"info","event":"26/06/02 02:21:21 INFO CodeGenerator: Code generated in 27.830256 ms","logger":"airflow.task.hooks.airflow.providers.standard.hooks.subprocess.SubprocessHook","filename":"subprocess.py","lineno":99}
{"timestamp":"2026-06-02T02:21:21.311081Z","level":"info","event":"26/06/02 02:21:21 INFO CodeGenerator: Code generated in 90.660733 ms","logger":"airflow.task.hooks.airflow.providers.standard.hooks.subprocess.SubprocessHook","filename":"subprocess.py","lineno":99}
{"timestamp":"2026-06-02T02:21:21.333750Z","level":"info","event":"26/06/02 02:21:21 INFO CodeGenerator: Code generated in 10.411005 ms","logger":"airflow.task.hooks.airflow.providers.standard.hooks.subprocess.SubprocessHook","filename":"subprocess.py","lineno":99}
{"timestamp":"2026-06-02T02:21:21.344446Z","level":"info","event":"26/06/02 02:21:21 INFO CodecConfig: Compression: SNAPPY","logger":"airflow.task.hooks.airflow.providers.standard.hooks.subprocess.SubprocessHook","filename":"subprocess.py","lineno":99}
{"timestamp":"2026-06-02T02:21:21.344757Z","level":"info","event":"26/06/02 02:21:21 INFO CodecConfig: Compression: SNAPPY","logger":"airflow.task.hooks.airflow.providers.standard.hooks.subprocess.SubprocessHook","filename":"subprocess.py","lineno":99}
{"timestamp":"2026-06-02T02:21:21.344951Z","level":"info","event":"26/06/02 02:21:21 INFO CodecConfig: Compression: SNAPPY","logger":"airflow.task.hooks.airflow.providers.standard.hooks.subprocess.SubprocessHook","filename":"subprocess.py","lineno":99}
{"timestamp":"2026-06-02T02:21:21.345085Z","level":"info","event":"26/06/02 02:21:21 INFO CodecConfig: Compression: SNAPPY","logger":"airflow.task.hooks.airflow.providers.standard.hooks.subprocess.SubprocessHook","filename":"subprocess.py","lineno":99}
{"timestamp":"2026-06-02T02:21:21.345180Z","level":"info","event":"26/06/02 02:21:21 INFO CodecConfig: Compression: SNAPPY","logger":"airflow.task.hooks.airflow.providers.standard.hooks.subprocess.SubprocessHook","filename":"subprocess.py","lineno":99}
{"timestamp":"2026-06-02T02:21:21.345259Z","level":"info","event":"26/06/02 02:21:21 INFO CodecConfig: Compression: SNAPPY","logger":"airflow.task.hooks.airflow.providers.standard.hooks.subprocess.SubprocessHook","filename":"subprocess.py","lineno":99}
{"timestamp":"2026-06-02T02:21:21.345328Z","level":"info","event":"26/06/02 02:21:21 INFO CodecConfig: Compression: SNAPPY","logger":"airflow.task.hooks.airflow.providers.standard.hooks.subprocess.SubprocessHook","filename":"subprocess.py","lineno":99}
{"timestamp":"2026-06-02T02:21:21.345407Z","level":"info","event":"26/06/02 02:21:21 INFO CodecConfig: Compression: SNAPPY","logger":"airflow.task.hooks.airflow.providers.standard.hooks.subprocess.SubprocessHook","filename":"subprocess.py","lineno":99}
{"timestamp":"2026-06-02T02:21:21.345475Z","level":"info","event":"26/06/02 02:21:21 INFO CodecConfig: Compression: SNAPPY","logger":"airflow.task.hooks.airflow.providers.standard.hooks.subprocess.SubprocessHook","filename":"subprocess.py","lineno":99}
{"timestamp":"2026-06-02T02:21:21.345539Z","level":"info","event":"26/06/02 02:21:21 INFO CodecConfig: Compression: SNAPPY","logger":"airflow.task.hooks.airflow.providers.standard.hooks.subprocess.SubprocessHook","filename":"subprocess.py","lineno":99}
{"timestamp":"2026-06-02T02:21:21.345647Z","level":"info","event":"26/06/02 02:21:21 INFO CodecConfig: Compression: SNAPPY","logger":"airflow.task.hooks.airflow.providers.standard.hooks.subprocess.SubprocessHook","filename":"subprocess.py","lineno":99}
{"timestamp":"2026-06-02T02:21:21.346023Z","level":"info","event":"26/06/02 02:21:21 INFO CodecConfig: Compression: SNAPPY","logger":"airflow.task.hooks.airflow.providers.standard.hooks.subprocess.SubprocessHook","filename":"subprocess.py","lineno":99}
{"timestamp":"2026-06-02T02:21:21.346198Z","level":"info","event":"26/06/02 02:21:21 INFO CodecConfig: Compression: SNAPPY","logger":"airflow.task.hooks.airflow.providers.standard.hooks.subprocess.SubprocessHook","filename":"subprocess.py","lineno":99}
{"timestamp":"2026-06-02T02:21:21.346250Z","level":"info","event":"26/06/02 02:21:21 INFO CodecConfig: Compression: SNAPPY","logger":"airflow.task.hooks.airflow.providers.standard.hooks.subprocess.SubprocessHook","filename":"subprocess.py","lineno":99}
{"timestamp":"2026-06-02T02:21:21.346279Z","level":"info","event":"26/06/02 02:21:21 INFO CodecConfig: Compression: SNAPPY","logger":"airflow.task.hooks.airflow.providers.standard.hooks.subprocess.SubprocessHook","filename":"subprocess.py","lineno":99}
{"timestamp":"2026-06-02T02:21:21.346303Z","level":"info","event":"26/06/02 02:21:21 INFO CodecConfig: Compression: SNAPPY","logger":"airflow.task.hooks.airflow.providers.standard.hooks.subprocess.SubprocessHook","filename":"subprocess.py","lineno":99}
{"timestamp":"2026-06-02T02:21:21.349484Z","level":"info","event":"26/06/02 02:21:21 INFO CodecConfig: Compression: SNAPPY","logger":"airflow.task.hooks.airflow.providers.standard.hooks.subprocess.SubprocessHook","filename":"subprocess.py","lineno":99}
{"timestamp":"2026-06-02T02:21:21.349710Z","level":"info","event":"26/06/02 02:21:21 INFO CodecConfig: Compression: SNAPPY","logger":"airflow.task.hooks.airflow.providers.standard.hooks.subprocess.SubprocessHook","filename":"subprocess.py","lineno":99}
{"timestamp":"2026-06-02T02:21:21.349883Z","level":"info","event":"26/06/02 02:21:21 INFO CodecConfig: Compression: SNAPPY","logger":"airflow.task.hooks.airflow.providers.standard.hooks.subprocess.SubprocessHook","filename":"subprocess.py","lineno":99}
{"timestamp":"2026-06-02T02:21:21.349955Z","level":"info","event":"26/06/02 02:21:21 INFO CodecConfig: Compression: SNAPPY","logger":"airflow.task.hooks.airflow.providers.standard.hooks.subprocess.SubprocessHook","filename":"subprocess.py","lineno":99}
{"timestamp":"2026-06-02T02:21:21.349985Z","level":"info","event":"26/06/02 02:21:21 INFO CodecConfig: Compression: SNAPPY","logger":"airflow.task.hooks.airflow.providers.standard.hooks.subprocess.SubprocessHook","filename":"subprocess.py","lineno":99}
{"timestamp":"2026-06-02T02:21:21.350008Z","level":"info","event":"26/06/02 02:21:21 INFO CodecConfig: Compression: SNAPPY","logger":"airflow.task.hooks.airflow.providers.standard.hooks.subprocess.SubprocessHook","filename":"subprocess.py","lineno":99}
{"timestamp":"2026-06-02T02:21:21.350035Z","level":"info","event":"26/06/02 02:21:21 INFO CodecConfig: Compression: SNAPPY","logger":"airflow.task.hooks.airflow.providers.standard.hooks.subprocess.SubprocessHook","filename":"subprocess.py","lineno":99}
{"timestamp":"2026-06-02T02:21:21.350058Z","level":"info","event":"26/06/02 02:21:21 INFO CodecConfig: Compression: SNAPPY","logger":"airflow.task.hooks.airflow.providers.standard.hooks.subprocess.SubprocessHook","filename":"subprocess.py","lineno":99}
{"timestamp":"2026-06-02T02:21:21.350078Z","level":"info","event":"26/06/02 02:21:21 INFO CodecConfig: Compression: SNAPPY","logger":"airflow.task.hooks.airflow.providers.standard.hooks.subprocess.SubprocessHook","filename":"subprocess.py","lineno":99}
{"timestamp":"2026-06-02T02:21:21.352346Z","level":"info","event":"26/06/02 02:21:21 INFO CodecConfig: Compression: SNAPPY","logger":"airflow.task.hooks.airflow.providers.standard.hooks.subprocess.SubprocessHook","filename":"subprocess.py","lineno":99}
{"timestamp":"2026-06-02T02:21:21.352578Z","level":"info","event":"26/06/02 02:21:21 INFO CodecConfig: Compression: SNAPPY","logger":"airflow.task.hooks.airflow.providers.standard.hooks.subprocess.SubprocessHook","filename":"subprocess.py","lineno":99}
{"timestamp":"2026-06-02T02:21:21.352643Z","level":"info","event":"26/06/02 02:21:21 INFO CodecConfig: Compression: SNAPPY","logger":"airflow.task.hooks.airflow.providers.standard.hooks.subprocess.SubprocessHook","filename":"subprocess.py","lineno":99}
{"timestamp":"2026-06-02T02:21:21.352683Z","level":"info","event":"26/06/02 02:21:21 INFO CodecConfig: Compression: SNAPPY","logger":"airflow.task.hooks.airflow.providers.standard.hooks.subprocess.SubprocessHook","filename":"subprocess.py","lineno":99}
{"timestamp":"2026-06-02T02:21:21.352720Z","level":"info","event":"26/06/02 02:21:21 INFO CodecConfig: Compression: SNAPPY","logger":"airflow.task.hooks.airflow.providers.standard.hooks.subprocess.SubprocessHook","filename":"subprocess.py","lineno":99}
{"timestamp":"2026-06-02T02:21:21.352756Z","level":"info","event":"26/06/02 02:21:21 INFO CodecConfig: Compression: SNAPPY","logger":"airflow.task.hooks.airflow.providers.standard.hooks.subprocess.SubprocessHook","filename":"subprocess.py","lineno":99}
{"timestamp":"2026-06-02T02:21:21.353258Z","level":"info","event":"26/06/02 02:21:21 INFO CodecConfig: Compression: SNAPPY","logger":"airflow.task.hooks.airflow.providers.standard.hooks.subprocess.SubprocessHook","filename":"subprocess.py","lineno":99}
{"timestamp":"2026-06-02T02:21:21.381016Z","level":"info","event":"26/06/02 02:21:21 INFO ParquetOutputFormat: ParquetRecordWriter [block size: 134217728b, row group padding size: 8388608b, validating: false]","logger":"airflow.task.hooks.airflow.providers.standard.hooks.subprocess.SubprocessHook","filename":"subprocess.py","lineno":99}
{"timestamp":"2026-06-02T02:21:21.381366Z","level":"info","event":"26/06/02 02:21:21 INFO ParquetOutputFormat: ParquetRecordWriter [block size: 134217728b, row group padding size: 8388608b, validating: false]","logger":"airflow.task.hooks.airflow.providers.standard.hooks.subprocess.SubprocessHook","filename":"subprocess.py","lineno":99}
{"timestamp":"2026-06-02T02:21:21.381499Z","level":"info","event":"26/06/02 02:21:21 INFO ParquetOutputFormat: ParquetRecordWriter [block size: 134217728b, row group padding size: 8388608b, validating: false]","logger":"airflow.task.hooks.airflow.providers.standard.hooks.subprocess.SubprocessHook","filename":"subprocess.py","lineno":99}
{"timestamp":"2026-06-02T02:21:21.383032Z","level":"info","event":"26/06/02 02:21:21 INFO ParquetOutputFormat: ParquetRecordWriter [block size: 134217728b, row group padding size: 8388608b, validating: false]","logger":"airflow.task.hooks.airflow.providers.standard.hooks.subprocess.SubprocessHook","filename":"subprocess.py","lineno":99}
{"timestamp":"2026-06-02T02:21:21.383203Z","level":"info","event":"26/06/02 02:21:21 INFO ParquetOutputFormat: ParquetRecordWriter [block size: 134217728b, row group padding size: 8388608b, validating: false]","logger":"airflow.task.hooks.airflow.providers.standard.hooks.subprocess.SubprocessHook","filename":"subprocess.py","lineno":99}
{"timestamp":"2026-06-02T02:21:21.383292Z","level":"info","event":"26/06/02 02:21:21 INFO ParquetOutputFormat: ParquetRecordWriter [block size: 134217728b, row group padding size: 8388608b, validating: false]","logger":"airflow.task.hooks.airflow.providers.standard.hooks.subprocess.SubprocessHook","filename":"subprocess.py","lineno":99}
{"timestamp":"2026-06-02T02:21:21.383385Z","level":"info","event":"26/06/02 02:21:21 INFO ParquetOutputFormat: ParquetRecordWriter [block size: 134217728b, row group padding size: 8388608b, validating: false]","logger":"airflow.task.hooks.airflow.providers.standard.hooks.subprocess.SubprocessHook","filename":"subprocess.py","lineno":99}
{"timestamp":"2026-06-02T02:21:21.383462Z","level":"info","event":"26/06/02 02:21:21 INFO ParquetOutputFormat: ParquetRecordWriter [block size: 134217728b, row group padding size: 8388608b, validating: false]","logger":"airflow.task.hooks.airflow.providers.standard.hooks.subprocess.SubprocessHook","filename":"subprocess.py","lineno":99}
{"timestamp":"2026-06-02T02:21:21.383534Z","level":"info","event":"26/06/02 02:21:21 INFO ParquetOutputFormat: ParquetRecordWriter [block size: 134217728b, row group padding size: 8388608b, validating: false]","logger":"airflow.task.hooks.airflow.providers.standard.hooks.subprocess.SubprocessHook","filename":"subprocess.py","lineno":99}
{"timestamp":"2026-06-02T02:21:21.383602Z","level":"info","event":"26/06/02 02:21:21 INFO ParquetOutputFormat: ParquetRecordWriter [block size: 134217728b, row group padding size: 8388608b, validating: false]","logger":"airflow.task.hooks.airflow.providers.standard.hooks.subprocess.SubprocessHook","filename":"subprocess.py","lineno":99}
{"timestamp":"2026-06-02T02:21:21.383747Z","level":"info","event":"26/06/02 02:21:21 INFO ParquetOutputFormat: ParquetRecordWriter [block size: 134217728b, row group padding size: 8388608b, validating: false]","logger":"airflow.task.hooks.airflow.providers.standard.hooks.subprocess.SubprocessHook","filename":"subprocess.py","lineno":99}
{"timestamp":"2026-06-02T02:21:21.383844Z","level":"info","event":"26/06/02 02:21:21 INFO ParquetOutputFormat: ParquetRecordWriter [block size: 134217728b, row group padding size: 8388608b, validating: false]","logger":"airflow.task.hooks.airflow.providers.standard.hooks.subprocess.SubprocessHook","filename":"subprocess.py","lineno":99}
{"timestamp":"2026-06-02T02:21:21.383923Z","level":"info","event":"26/06/02 02:21:21 INFO ParquetOutputFormat: ParquetRecordWriter [block size: 134217728b, row group padding size: 8388608b, validating: false]","logger":"airflow.task.hooks.airflow.providers.standard.hooks.subprocess.SubprocessHook","filename":"subprocess.py","lineno":99}
{"timestamp":"2026-06-02T02:21:21.383993Z","level":"info","event":"26/06/02 02:21:21 INFO ParquetOutputFormat: ParquetRecordWriter [block size: 134217728b, row group padding size: 8388608b, validating: false]","logger":"airflow.task.hooks.airflow.providers.standard.hooks.subprocess.SubprocessHook","filename":"subprocess.py","lineno":99}
{"timestamp":"2026-06-02T02:21:21.384059Z","level":"info","event":"26/06/02 02:21:21 INFO ParquetOutputFormat: ParquetRecordWriter [block size: 134217728b, row group padding size: 8388608b, validating: false]","logger":"airflow.task.hooks.airflow.providers.standard.hooks.subprocess.SubprocessHook","filename":"subprocess.py","lineno":99}
{"timestamp":"2026-06-02T02:21:21.384121Z","level":"info","event":"26/06/02 02:21:21 INFO ParquetOutputFormat: ParquetRecordWriter [block size: 134217728b, row group padding size: 8388608b, validating: false]","logger":"airflow.task.hooks.airflow.providers.standard.hooks.subprocess.SubprocessHook","filename":"subprocess.py","lineno":99}
{"timestamp":"2026-06-02T02:21:21.426558Z","level":"info","event":"26/06/02 02:21:21 INFO ParquetWriteSupport: Initialized Parquet WriteSupport with Catalyst schema:","logger":"airflow.task.hooks.airflow.providers.standard.hooks.subprocess.SubprocessHook","filename":"subprocess.py","lineno":99}
{"timestamp":"2026-06-02T02:21:21.426810Z","level":"info","event":"{","logger":"airflow.task.hooks.airflow.providers.standard.hooks.subprocess.SubprocessHook","filename":"subprocess.py","lineno":99}
{"timestamp":"2026-06-02T02:21:21.427011Z","level":"info","event":"  \"type\" : \"struct\",","logger":"airflow.task.hooks.airflow.providers.standard.hooks.subprocess.SubprocessHook","filename":"subprocess.py","lineno":99}
{"timestamp":"2026-06-02T02:21:21.427079Z","level":"info","event":"  \"fields\" : [ {","logger":"airflow.task.hooks.airflow.providers.standard.hooks.subprocess.SubprocessHook","filename":"subprocess.py","lineno":99}
{"timestamp":"2026-06-02T02:21:21.427131Z","level":"info","event":"    \"name\" : \"product_name\",","logger":"airflow.task.hooks.airflow.providers.standard.hooks.subprocess.SubprocessHook","filename":"subprocess.py","lineno":99}
{"timestamp":"2026-06-02T02:21:21.427175Z","level":"info","event":"    \"type\" : \"string\",","logger":"airflow.task.hooks.airflow.providers.standard.hooks.subprocess.SubprocessHook","filename":"subprocess.py","lineno":99}
{"timestamp":"2026-06-02T02:21:21.427211Z","level":"info","event":"    \"nullable\" : true,","logger":"airflow.task.hooks.airflow.providers.standard.hooks.subprocess.SubprocessHook","filename":"subprocess.py","lineno":99}
{"timestamp":"2026-06-02T02:21:21.427252Z","level":"info","event":"    \"metadata\" : { }","logger":"airflow.task.hooks.airflow.providers.standard.hooks.subprocess.SubprocessHook","filename":"subprocess.py","lineno":99}
{"timestamp":"2026-06-02T02:21:21.427293Z","level":"info","event":"  }, {","logger":"airflow.task.hooks.airflow.providers.standard.hooks.subprocess.SubprocessHook","filename":"subprocess.py","lineno":99}
{"timestamp":"2026-06-02T02:21:21.427332Z","level":"info","event":"    \"name\" : \"value\",","logger":"airflow.task.hooks.airflow.providers.standard.hooks.subprocess.SubprocessHook","filename":"subprocess.py","lineno":99}
{"timestamp":"2026-06-02T02:21:21.427373Z","level":"info","event":"    \"type\" : \"double\",","logger":"airflow.task.hooks.airflow.providers.standard.hooks.subprocess.SubprocessHook","filename":"subprocess.py","lineno":99}
{"timestamp":"2026-06-02T02:21:21.427479Z","level":"info","event":"    \"nullable\" : true,","logger":"airflow.task.hooks.airflow.providers.standard.hooks.subprocess.SubprocessHook","filename":"subprocess.py","lineno":99}
{"timestamp":"2026-06-02T02:21:21.427535Z","level":"info","event":"    \"metadata\" : { }","logger":"airflow.task.hooks.airflow.providers.standard.hooks.subprocess.SubprocessHook","filename":"subprocess.py","lineno":99}
{"timestamp":"2026-06-02T02:21:21.427578Z","level":"info","event":"  }, {","logger":"airflow.task.hooks.airflow.providers.standard.hooks.subprocess.SubprocessHook","filename":"subprocess.py","lineno":99}
{"timestamp":"2026-06-02T02:21:21.427621Z","level":"info","event":"    \"name\" : \"unit\",","logger":"airflow.task.hooks.airflow.providers.standard.hooks.subprocess.SubprocessHook","filename":"subprocess.py","lineno":99}
{"timestamp":"2026-06-02T02:21:21.427663Z","level":"info","event":"    \"type\" : \"string\",","logger":"airflow.task.hooks.airflow.providers.standard.hooks.subprocess.SubprocessHook","filename":"subprocess.py","lineno":99}
{"timestamp":"2026-06-02T02:21:21.427703Z","level":"info","event":"    \"nullable\" : true,","logger":"airflow.task.hooks.airflow.providers.standard.hooks.subprocess.SubprocessHook","filename":"subprocess.py","lineno":99}
{"timestamp":"2026-06-02T02:21:21.427743Z","level":"info","event":"    \"metadata\" : { }","logger":"airflow.task.hooks.airflow.providers.standard.hooks.subprocess.SubprocessHook","filename":"subprocess.py","lineno":99}
{"timestamp":"2026-06-02T02:21:21.427782Z","level":"info","event":"  }, {","logger":"airflow.task.hooks.airflow.providers.standard.hooks.subprocess.SubprocessHook","filename":"subprocess.py","lineno":99}
{"timestamp":"2026-06-02T02:21:21.427819Z","level":"info","event":"    \"name\" : \"month\",","logger":"airflow.task.hooks.airflow.providers.standard.hooks.subprocess.SubprocessHook","filename":"subprocess.py","lineno":99}
{"timestamp":"2026-06-02T02:21:21.427857Z","level":"info","event":"    \"type\" : \"integer\",","logger":"airflow.task.hooks.airflow.providers.standard.hooks.subprocess.SubprocessHook","filename":"subprocess.py","lineno":99}
{"timestamp":"2026-06-02T02:21:21.427898Z","level":"info","event":"    \"nullable\" : true,","logger":"airflow.task.hooks.airflow.providers.standard.hooks.subprocess.SubprocessHook","filename":"subprocess.py","lineno":99}
{"timestamp":"2026-06-02T02:21:21.427988Z","level":"info","event":"    \"metadata\" : { }","logger":"airflow.task.hooks.airflow.providers.standard.hooks.subprocess.SubprocessHook","filename":"subprocess.py","lineno":99}
{"timestamp":"2026-06-02T02:21:21.428049Z","level":"info","event":"  }, {","logger":"airflow.task.hooks.airflow.providers.standard.hooks.subprocess.SubprocessHook","filename":"subprocess.py","lineno":99}
{"timestamp":"2026-06-02T02:21:21.428095Z","level":"info","event":"    \"name\" : \"quarter\",","logger":"airflow.task.hooks.airflow.providers.standard.hooks.subprocess.SubprocessHook","filename":"subprocess.py","lineno":99}
{"timestamp":"2026-06-02T02:21:21.428139Z","level":"info","event":"    \"type\" : \"integer\",","logger":"airflow.task.hooks.airflow.providers.standard.hooks.subprocess.SubprocessHook","filename":"subprocess.py","lineno":99}
{"timestamp":"2026-06-02T02:21:21.428182Z","level":"info","event":"    \"nullable\" : true,","logger":"airflow.task.hooks.airflow.providers.standard.hooks.subprocess.SubprocessHook","filename":"subprocess.py","lineno":99}
{"timestamp":"2026-06-02T02:21:21.428223Z","level":"info","event":"    \"metadata\" : { }","logger":"airflow.task.hooks.airflow.providers.standard.hooks.subprocess.SubprocessHook","filename":"subprocess.py","lineno":99}
{"timestamp":"2026-06-02T02:21:21.428260Z","level":"info","event":"  }, {","logger":"airflow.task.hooks.airflow.providers.standard.hooks.subprocess.SubprocessHook","filename":"subprocess.py","lineno":99}
{"timestamp":"2026-06-02T02:21:21.428300Z","level":"info","event":"    \"name\" : \"year\",","logger":"airflow.task.hooks.airflow.providers.standard.hooks.subprocess.SubprocessHook","filename":"subprocess.py","lineno":99}
{"timestamp":"2026-06-02T02:21:21.428337Z","level":"info","event":"    \"type\" : \"integer\",","logger":"airflow.task.hooks.airflow.providers.standard.hooks.subprocess.SubprocessHook","filename":"subprocess.py","lineno":99}
{"timestamp":"2026-06-02T02:21:21.428374Z","level":"info","event":"    \"nullable\" : true,","logger":"airflow.task.hooks.airflow.providers.standard.hooks.subprocess.SubprocessHook","filename":"subprocess.py","lineno":99}
{"timestamp":"2026-06-02T02:21:21.428415Z","level":"info","event":"    \"metadata\" : { }","logger":"airflow.task.hooks.airflow.providers.standard.hooks.subprocess.SubprocessHook","filename":"subprocess.py","lineno":99}
{"timestamp":"2026-06-02T02:21:21.428451Z","level":"info","event":"  }, {","logger":"airflow.task.hooks.airflow.providers.standard.hooks.subprocess.SubprocessHook","filename":"subprocess.py","lineno":99}
{"timestamp":"2026-06-02T02:21:21.428534Z","level":"info","event":"    \"name\" : \"ingest_at\",","logger":"airflow.task.hooks.airflow.providers.standard.hooks.subprocess.SubprocessHook","filename":"subprocess.py","lineno":99}
{"timestamp":"2026-06-02T02:21:21.428588Z","level":"info","event":"    \"type\" : \"timestamp\",","logger":"airflow.task.hooks.airflow.providers.standard.hooks.subprocess.SubprocessHook","filename":"subprocess.py","lineno":99}
{"timestamp":"2026-06-02T02:21:21.428631Z","level":"info","event":"    \"nullable\" : true,","logger":"airflow.task.hooks.airflow.providers.standard.hooks.subprocess.SubprocessHook","filename":"subprocess.py","lineno":99}
{"timestamp":"2026-06-02T02:21:21.428672Z","level":"info","event":"    \"metadata\" : { }","logger":"airflow.task.hooks.airflow.providers.standard.hooks.subprocess.SubprocessHook","filename":"subprocess.py","lineno":99}
{"timestamp":"2026-06-02T02:21:21.428715Z","level":"info","event":"  } ]","logger":"airflow.task.hooks.airflow.providers.standard.hooks.subprocess.SubprocessHook","filename":"subprocess.py","lineno":99}
{"timestamp":"2026-06-02T02:21:21.428756Z","level":"info","event":"}","logger":"airflow.task.hooks.airflow.providers.standard.hooks.subprocess.SubprocessHook","filename":"subprocess.py","lineno":99}
{"timestamp":"2026-06-02T02:21:21.428799Z","level":"info","event":"and corresponding Parquet message type:","logger":"airflow.task.hooks.airflow.providers.standard.hooks.subprocess.SubprocessHook","filename":"subprocess.py","lineno":99}
{"timestamp":"2026-06-02T02:21:21.428841Z","level":"info","event":"message spark_schema {","logger":"airflow.task.hooks.airflow.providers.standard.hooks.subprocess.SubprocessHook","filename":"subprocess.py","lineno":99}
{"timestamp":"2026-06-02T02:21:21.428885Z","level":"info","event":"  optional binary product_name (STRING);","logger":"airflow.task.hooks.airflow.providers.standard.hooks.subprocess.SubprocessHook","filename":"subprocess.py","lineno":99}
{"timestamp":"2026-06-02T02:21:21.428925Z","level":"info","event":"  optional double value;","logger":"airflow.task.hooks.airflow.providers.standard.hooks.subprocess.SubprocessHook","filename":"subprocess.py","lineno":99}
{"timestamp":"2026-06-02T02:21:21.428969Z","level":"info","event":"  optional binary unit (STRING);","logger":"airflow.task.hooks.airflow.providers.standard.hooks.subprocess.SubprocessHook","filename":"subprocess.py","lineno":99}
{"timestamp":"2026-06-02T02:21:21.429074Z","level":"info","event":"  optional int32 month;","logger":"airflow.task.hooks.airflow.providers.standard.hooks.subprocess.SubprocessHook","filename":"subprocess.py","lineno":99}
{"timestamp":"2026-06-02T02:21:21.429130Z","level":"info","event":"  optional int32 quarter;","logger":"airflow.task.hooks.airflow.providers.standard.hooks.subprocess.SubprocessHook","filename":"subprocess.py","lineno":99}
{"timestamp":"2026-06-02T02:21:21.429169Z","level":"info","event":"  optional int32 year;","logger":"airflow.task.hooks.airflow.providers.standard.hooks.subprocess.SubprocessHook","filename":"subprocess.py","lineno":99}
{"timestamp":"2026-06-02T02:21:21.429203Z","level":"info","event":"  optional int96 ingest_at;","logger":"airflow.task.hooks.airflow.providers.standard.hooks.subprocess.SubprocessHook","filename":"subprocess.py","lineno":99}
{"timestamp":"2026-06-02T02:21:21.429237Z","level":"info","event":"}","logger":"airflow.task.hooks.airflow.providers.standard.hooks.subprocess.SubprocessHook","filename":"subprocess.py","lineno":99}
{"timestamp":"2026-06-02T02:21:21.429272Z","level":"info","event":"","logger":"airflow.task.hooks.airflow.providers.standard.hooks.subprocess.SubprocessHook","filename":"subprocess.py","lineno":99}
{"timestamp":"2026-06-02T02:21:21.429309Z","level":"info","event":"","logger":"airflow.task.hooks.airflow.providers.standard.hooks.subprocess.SubprocessHook","filename":"subprocess.py","lineno":99}
{"timestamp":"2026-06-02T02:21:21.429345Z","level":"info","event":"26/06/02 02:21:21 INFO ParquetWriteSupport: Initialized Parquet WriteSupport with Catalyst schema:","logger":"airflow.task.hooks.airflow.providers.standard.hooks.subprocess.SubprocessHook","filename":"subprocess.py","lineno":99}
{"timestamp":"2026-06-02T02:21:21.429380Z","level":"info","event":"{","logger":"airflow.task.hooks.airflow.providers.standard.hooks.subprocess.SubprocessHook","filename":"subprocess.py","lineno":99}
{"timestamp":"2026-06-02T02:21:21.429414Z","level":"info","event":"  \"type\" : \"struct\",","logger":"airflow.task.hooks.airflow.providers.standard.hooks.subprocess.SubprocessHook","filename":"subprocess.py","lineno":99}
{"timestamp":"2026-06-02T02:21:21.429448Z","level":"info","event":"  \"fields\" : [ {","logger":"airflow.task.hooks.airflow.providers.standard.hooks.subprocess.SubprocessHook","filename":"subprocess.py","lineno":99}
{"timestamp":"2026-06-02T02:21:21.429482Z","level":"info","event":"    \"name\" : \"product_name\",","logger":"airflow.task.hooks.airflow.providers.standard.hooks.subprocess.SubprocessHook","filename":"subprocess.py","lineno":99}
{"timestamp":"2026-06-02T02:21:21.429516Z","level":"info","event":"    \"type\" : \"string\",","logger":"airflow.task.hooks.airflow.providers.standard.hooks.subprocess.SubprocessHook","filename":"subprocess.py","lineno":99}
{"timestamp":"2026-06-02T02:21:21.429657Z","level":"info","event":"    \"nullable\" : true,","logger":"airflow.task.hooks.airflow.providers.standard.hooks.subprocess.SubprocessHook","filename":"subprocess.py","lineno":99}
{"timestamp":"2026-06-02T02:21:21.429708Z","level":"info","event":"    \"metadata\" : { }","logger":"airflow.task.hooks.airflow.providers.standard.hooks.subprocess.SubprocessHook","filename":"subprocess.py","lineno":99}
{"timestamp":"2026-06-02T02:21:21.429747Z","level":"info","event":"  }, {","logger":"airflow.task.hooks.airflow.providers.standard.hooks.subprocess.SubprocessHook","filename":"subprocess.py","lineno":99}
{"timestamp":"2026-06-02T02:21:21.429781Z","level":"info","event":"    \"name\" : \"value\",","logger":"airflow.task.hooks.airflow.providers.standard.hooks.subprocess.SubprocessHook","filename":"subprocess.py","lineno":99}
{"timestamp":"2026-06-02T02:21:21.429815Z","level":"info","event":"    \"type\" : \"double\",","logger":"airflow.task.hooks.airflow.providers.standard.hooks.subprocess.SubprocessHook","filename":"subprocess.py","lineno":99}
{"timestamp":"2026-06-02T02:21:21.429848Z","level":"info","event":"    \"nullable\" : true,","logger":"airflow.task.hooks.airflow.providers.standard.hooks.subprocess.SubprocessHook","filename":"subprocess.py","lineno":99}
{"timestamp":"2026-06-02T02:21:21.429879Z","level":"info","event":"    \"metadata\" : { }","logger":"airflow.task.hooks.airflow.providers.standard.hooks.subprocess.SubprocessHook","filename":"subprocess.py","lineno":99}
{"timestamp":"2026-06-02T02:21:21.429912Z","level":"info","event":"  }, {","logger":"airflow.task.hooks.airflow.providers.standard.hooks.subprocess.SubprocessHook","filename":"subprocess.py","lineno":99}
{"timestamp":"2026-06-02T02:21:21.429946Z","level":"info","event":"    \"name\" : \"unit\",","logger":"airflow.task.hooks.airflow.providers.standard.hooks.subprocess.SubprocessHook","filename":"subprocess.py","lineno":99}
{"timestamp":"2026-06-02T02:21:21.429980Z","level":"info","event":"    \"type\" : \"string\",","logger":"airflow.task.hooks.airflow.providers.standard.hooks.subprocess.SubprocessHook","filename":"subprocess.py","lineno":99}
{"timestamp":"2026-06-02T02:21:21.430012Z","level":"info","event":"    \"nullable\" : true,","logger":"airflow.task.hooks.airflow.providers.standard.hooks.subprocess.SubprocessHook","filename":"subprocess.py","lineno":99}
{"timestamp":"2026-06-02T02:21:21.430047Z","level":"info","event":"    \"metadata\" : { }","logger":"airflow.task.hooks.airflow.providers.standard.hooks.subprocess.SubprocessHook","filename":"subprocess.py","lineno":99}
{"timestamp":"2026-06-02T02:21:21.430146Z","level":"info","event":"  }, {","logger":"airflow.task.hooks.airflow.providers.standard.hooks.subprocess.SubprocessHook","filename":"subprocess.py","lineno":99}
{"timestamp":"2026-06-02T02:21:21.430214Z","level":"info","event":"    \"name\" : \"month\",","logger":"airflow.task.hooks.airflow.providers.standard.hooks.subprocess.SubprocessHook","filename":"subprocess.py","lineno":99}
{"timestamp":"2026-06-02T02:21:21.430255Z","level":"info","event":"    \"type\" : \"integer\",","logger":"airflow.task.hooks.airflow.providers.standard.hooks.subprocess.SubprocessHook","filename":"subprocess.py","lineno":99}
{"timestamp":"2026-06-02T02:21:21.430300Z","level":"info","event":"    \"nullable\" : true,","logger":"airflow.task.hooks.airflow.providers.standard.hooks.subprocess.SubprocessHook","filename":"subprocess.py","lineno":99}
{"timestamp":"2026-06-02T02:21:21.430354Z","level":"info","event":"    \"metadata\" : { }","logger":"airflow.task.hooks.airflow.providers.standard.hooks.subprocess.SubprocessHook","filename":"subprocess.py","lineno":99}
{"timestamp":"2026-06-02T02:21:21.430392Z","level":"info","event":"  }, {","logger":"airflow.task.hooks.airflow.providers.standard.hooks.subprocess.SubprocessHook","filename":"subprocess.py","lineno":99}
{"timestamp":"2026-06-02T02:21:21.430426Z","level":"info","event":"    \"name\" : \"quarter\",","logger":"airflow.task.hooks.airflow.providers.standard.hooks.subprocess.SubprocessHook","filename":"subprocess.py","lineno":99}
{"timestamp":"2026-06-02T02:21:21.430461Z","level":"info","event":"    \"type\" : \"integer\",","logger":"airflow.task.hooks.airflow.providers.standard.hooks.subprocess.SubprocessHook","filename":"subprocess.py","lineno":99}
{"timestamp":"2026-06-02T02:21:21.430504Z","level":"info","event":"    \"nullable\" : true,","logger":"airflow.task.hooks.airflow.providers.standard.hooks.subprocess.SubprocessHook","filename":"subprocess.py","lineno":99}
{"timestamp":"2026-06-02T02:21:21.430542Z","level":"info","event":"    \"metadata\" : { }","logger":"airflow.task.hooks.airflow.providers.standard.hooks.subprocess.SubprocessHook","filename":"subprocess.py","lineno":99}
{"timestamp":"2026-06-02T02:21:21.430577Z","level":"info","event":"  }, {","logger":"airflow.task.hooks.airflow.providers.standard.hooks.subprocess.SubprocessHook","filename":"subprocess.py","lineno":99}
{"timestamp":"2026-06-02T02:21:21.430611Z","level":"info","event":"    \"name\" : \"year\",","logger":"airflow.task.hooks.airflow.providers.standard.hooks.subprocess.SubprocessHook","filename":"subprocess.py","lineno":99}
{"timestamp":"2026-06-02T02:21:21.430718Z","level":"info","event":"    \"type\" : \"integer\",","logger":"airflow.task.hooks.airflow.providers.standard.hooks.subprocess.SubprocessHook","filename":"subprocess.py","lineno":99}
{"timestamp":"2026-06-02T02:21:21.430772Z","level":"info","event":"    \"nullable\" : true,","logger":"airflow.task.hooks.airflow.providers.standard.hooks.subprocess.SubprocessHook","filename":"subprocess.py","lineno":99}
{"timestamp":"2026-06-02T02:21:21.430814Z","level":"info","event":"    \"metadata\" : { }","logger":"airflow.task.hooks.airflow.providers.standard.hooks.subprocess.SubprocessHook","filename":"subprocess.py","lineno":99}
{"timestamp":"2026-06-02T02:21:21.430853Z","level":"info","event":"  }, {","logger":"airflow.task.hooks.airflow.providers.standard.hooks.subprocess.SubprocessHook","filename":"subprocess.py","lineno":99}
{"timestamp":"2026-06-02T02:21:21.430889Z","level":"info","event":"    \"name\" : \"ingest_at\",","logger":"airflow.task.hooks.airflow.providers.standard.hooks.subprocess.SubprocessHook","filename":"subprocess.py","lineno":99}
{"timestamp":"2026-06-02T02:21:21.430924Z","level":"info","event":"    \"type\" : \"timestamp\",","logger":"airflow.task.hooks.airflow.providers.standard.hooks.subprocess.SubprocessHook","filename":"subprocess.py","lineno":99}
{"timestamp":"2026-06-02T02:21:21.430957Z","level":"info","event":"    \"nullable\" : true,","logger":"airflow.task.hooks.airflow.providers.standard.hooks.subprocess.SubprocessHook","filename":"subprocess.py","lineno":99}
{"timestamp":"2026-06-02T02:21:21.430992Z","level":"info","event":"    \"metadata\" : { }","logger":"airflow.task.hooks.airflow.providers.standard.hooks.subprocess.SubprocessHook","filename":"subprocess.py","lineno":99}
{"timestamp":"2026-06-02T02:21:21.431030Z","level":"info","event":"  } ]","logger":"airflow.task.hooks.airflow.providers.standard.hooks.subprocess.SubprocessHook","filename":"subprocess.py","lineno":99}
{"timestamp":"2026-06-02T02:21:21.431065Z","level":"info","event":"}","logger":"airflow.task.hooks.airflow.providers.standard.hooks.subprocess.SubprocessHook","filename":"subprocess.py","lineno":99}
{"timestamp":"2026-06-02T02:21:21.431105Z","level":"info","event":"and corresponding Parquet message type:","logger":"airflow.task.hooks.airflow.providers.standard.hooks.subprocess.SubprocessHook","filename":"subprocess.py","lineno":99}
{"timestamp":"2026-06-02T02:21:21.431140Z","level":"info","event":"message spark_schema {","logger":"airflow.task.hooks.airflow.providers.standard.hooks.subprocess.SubprocessHook","filename":"subprocess.py","lineno":99}
{"timestamp":"2026-06-02T02:21:21.431285Z","level":"info","event":"  optional binary product_name (STRING);","logger":"airflow.task.hooks.airflow.providers.standard.hooks.subprocess.SubprocessHook","filename":"subprocess.py","lineno":99}
{"timestamp":"2026-06-02T02:21:21.431333Z","level":"info","event":"  optional double value;","logger":"airflow.task.hooks.airflow.providers.standard.hooks.subprocess.SubprocessHook","filename":"subprocess.py","lineno":99}
{"timestamp":"2026-06-02T02:21:21.431369Z","level":"info","event":"  optional binary unit (STRING);","logger":"airflow.task.hooks.airflow.providers.standard.hooks.subprocess.SubprocessHook","filename":"subprocess.py","lineno":99}
{"timestamp":"2026-06-02T02:21:21.431405Z","level":"info","event":"  optional int32 month;","logger":"airflow.task.hooks.airflow.providers.standard.hooks.subprocess.SubprocessHook","filename":"subprocess.py","lineno":99}
{"timestamp":"2026-06-02T02:21:21.431444Z","level":"info","event":"  optional int32 quarter;","logger":"airflow.task.hooks.airflow.providers.standard.hooks.subprocess.SubprocessHook","filename":"subprocess.py","lineno":99}
{"timestamp":"2026-06-02T02:21:21.431479Z","level":"info","event":"  optional int32 year;","logger":"airflow.task.hooks.airflow.providers.standard.hooks.subprocess.SubprocessHook","filename":"subprocess.py","lineno":99}
{"timestamp":"2026-06-02T02:21:21.431513Z","level":"info","event":"  optional int96 ingest_at;","logger":"airflow.task.hooks.airflow.providers.standard.hooks.subprocess.SubprocessHook","filename":"subprocess.py","lineno":99}
{"timestamp":"2026-06-02T02:21:21.431548Z","level":"info","event":"}","logger":"airflow.task.hooks.airflow.providers.standard.hooks.subprocess.SubprocessHook","filename":"subprocess.py","lineno":99}
{"timestamp":"2026-06-02T02:21:21.431586Z","level":"info","event":"","logger":"airflow.task.hooks.airflow.providers.standard.hooks.subprocess.SubprocessHook","filename":"subprocess.py","lineno":99}
{"timestamp":"2026-06-02T02:21:21.431621Z","level":"info","event":"","logger":"airflow.task.hooks.airflow.providers.standard.hooks.subprocess.SubprocessHook","filename":"subprocess.py","lineno":99}
{"timestamp":"2026-06-02T02:21:21.431654Z","level":"info","event":"26/06/02 02:21:21 INFO ParquetWriteSupport: Initialized Parquet WriteSupport with Catalyst schema:","logger":"airflow.task.hooks.airflow.providers.standard.hooks.subprocess.SubprocessHook","filename":"subprocess.py","lineno":99}
{"timestamp":"2026-06-02T02:21:21.431688Z","level":"info","event":"{","logger":"airflow.task.hooks.airflow.providers.standard.hooks.subprocess.SubprocessHook","filename":"subprocess.py","lineno":99}
{"timestamp":"2026-06-02T02:21:21.431775Z","level":"info","event":"  \"type\" : \"struct\",","logger":"airflow.task.hooks.airflow.providers.standard.hooks.subprocess.SubprocessHook","filename":"subprocess.py","lineno":99}
{"timestamp":"2026-06-02T02:21:21.431840Z","level":"info","event":"  \"fields\" : [ {","logger":"airflow.task.hooks.airflow.providers.standard.hooks.subprocess.SubprocessHook","filename":"subprocess.py","lineno":99}
{"timestamp":"2026-06-02T02:21:21.431883Z","level":"info","event":"    \"name\" : \"product_name\",","logger":"airflow.task.hooks.airflow.providers.standard.hooks.subprocess.SubprocessHook","filename":"subprocess.py","lineno":99}
{"timestamp":"2026-06-02T02:21:21.431923Z","level":"info","event":"    \"type\" : \"string\",","logger":"airflow.task.hooks.airflow.providers.standard.hooks.subprocess.SubprocessHook","filename":"subprocess.py","lineno":99}
{"timestamp":"2026-06-02T02:21:21.431959Z","level":"info","event":"    \"nullable\" : true,","logger":"airflow.task.hooks.airflow.providers.standard.hooks.subprocess.SubprocessHook","filename":"subprocess.py","lineno":99}
{"timestamp":"2026-06-02T02:21:21.431995Z","level":"info","event":"    \"metadata\" : { }","logger":"airflow.task.hooks.airflow.providers.standard.hooks.subprocess.SubprocessHook","filename":"subprocess.py","lineno":99}
{"timestamp":"2026-06-02T02:21:21.432031Z","level":"info","event":"  }, {","logger":"airflow.task.hooks.airflow.providers.standard.hooks.subprocess.SubprocessHook","filename":"subprocess.py","lineno":99}
{"timestamp":"2026-06-02T02:21:21.432066Z","level":"info","event":"    \"name\" : \"value\",","logger":"airflow.task.hooks.airflow.providers.standard.hooks.subprocess.SubprocessHook","filename":"subprocess.py","lineno":99}
{"timestamp":"2026-06-02T02:21:21.432099Z","level":"info","event":"    \"type\" : \"double\",","logger":"airflow.task.hooks.airflow.providers.standard.hooks.subprocess.SubprocessHook","filename":"subprocess.py","lineno":99}
{"timestamp":"2026-06-02T02:21:21.432133Z","level":"info","event":"    \"nullable\" : true,","logger":"airflow.task.hooks.airflow.providers.standard.hooks.subprocess.SubprocessHook","filename":"subprocess.py","lineno":99}
{"timestamp":"2026-06-02T02:21:21.432168Z","level":"info","event":"    \"metadata\" : { }","logger":"airflow.task.hooks.airflow.providers.standard.hooks.subprocess.SubprocessHook","filename":"subprocess.py","lineno":99}
{"timestamp":"2026-06-02T02:21:21.432204Z","level":"info","event":"  }, {","logger":"airflow.task.hooks.airflow.providers.standard.hooks.subprocess.SubprocessHook","filename":"subprocess.py","lineno":99}
{"timestamp":"2026-06-02T02:21:21.432238Z","level":"info","event":"    \"name\" : \"unit\",","logger":"airflow.task.hooks.airflow.providers.standard.hooks.subprocess.SubprocessHook","filename":"subprocess.py","lineno":99}
{"timestamp":"2026-06-02T02:21:21.432317Z","level":"info","event":"    \"type\" : \"string\",","logger":"airflow.task.hooks.airflow.providers.standard.hooks.subprocess.SubprocessHook","filename":"subprocess.py","lineno":99}
{"timestamp":"2026-06-02T02:21:21.432374Z","level":"info","event":"    \"nullable\" : true,","logger":"airflow.task.hooks.airflow.providers.standard.hooks.subprocess.SubprocessHook","filename":"subprocess.py","lineno":99}
{"timestamp":"2026-06-02T02:21:21.432412Z","level":"info","event":"    \"metadata\" : { }","logger":"airflow.task.hooks.airflow.providers.standard.hooks.subprocess.SubprocessHook","filename":"subprocess.py","lineno":99}
{"timestamp":"2026-06-02T02:21:21.432457Z","level":"info","event":"  }, {","logger":"airflow.task.hooks.airflow.providers.standard.hooks.subprocess.SubprocessHook","filename":"subprocess.py","lineno":99}
{"timestamp":"2026-06-02T02:21:21.432490Z","level":"info","event":"    \"name\" : \"month\",","logger":"airflow.task.hooks.airflow.providers.standard.hooks.subprocess.SubprocessHook","filename":"subprocess.py","lineno":99}
{"timestamp":"2026-06-02T02:21:21.432526Z","level":"info","event":"    \"type\" : \"integer\",","logger":"airflow.task.hooks.airflow.providers.standard.hooks.subprocess.SubprocessHook","filename":"subprocess.py","lineno":99}
{"timestamp":"2026-06-02T02:21:21.432559Z","level":"info","event":"    \"nullable\" : true,","logger":"airflow.task.hooks.airflow.providers.standard.hooks.subprocess.SubprocessHook","filename":"subprocess.py","lineno":99}
{"timestamp":"2026-06-02T02:21:21.432594Z","level":"info","event":"    \"metadata\" : { }","logger":"airflow.task.hooks.airflow.providers.standard.hooks.subprocess.SubprocessHook","filename":"subprocess.py","lineno":99}
{"timestamp":"2026-06-02T02:21:21.432626Z","level":"info","event":"  }, {","logger":"airflow.task.hooks.airflow.providers.standard.hooks.subprocess.SubprocessHook","filename":"subprocess.py","lineno":99}
{"timestamp":"2026-06-02T02:21:21.432658Z","level":"info","event":"    \"name\" : \"quarter\",","logger":"airflow.task.hooks.airflow.providers.standard.hooks.subprocess.SubprocessHook","filename":"subprocess.py","lineno":99}
{"timestamp":"2026-06-02T02:21:21.432690Z","level":"info","event":"    \"type\" : \"integer\",","logger":"airflow.task.hooks.airflow.providers.standard.hooks.subprocess.SubprocessHook","filename":"subprocess.py","lineno":99}
{"timestamp":"2026-06-02T02:21:21.432724Z","level":"info","event":"    \"nullable\" : true,","logger":"airflow.task.hooks.airflow.providers.standard.hooks.subprocess.SubprocessHook","filename":"subprocess.py","lineno":99}
{"timestamp":"2026-06-02T02:21:21.432759Z","level":"info","event":"    \"metadata\" : { }","logger":"airflow.task.hooks.airflow.providers.standard.hooks.subprocess.SubprocessHook","filename":"subprocess.py","lineno":99}
{"timestamp":"2026-06-02T02:21:21.432791Z","level":"info","event":"  }, {","logger":"airflow.task.hooks.airflow.providers.standard.hooks.subprocess.SubprocessHook","filename":"subprocess.py","lineno":99}
{"timestamp":"2026-06-02T02:21:21.432886Z","level":"info","event":"    \"name\" : \"year\",","logger":"airflow.task.hooks.airflow.providers.standard.hooks.subprocess.SubprocessHook","filename":"subprocess.py","lineno":99}
{"timestamp":"2026-06-02T02:21:21.432934Z","level":"info","event":"    \"type\" : \"integer\",","logger":"airflow.task.hooks.airflow.providers.standard.hooks.subprocess.SubprocessHook","filename":"subprocess.py","lineno":99}
{"timestamp":"2026-06-02T02:21:21.432972Z","level":"info","event":"    \"nullable\" : true,","logger":"airflow.task.hooks.airflow.providers.standard.hooks.subprocess.SubprocessHook","filename":"subprocess.py","lineno":99}
{"timestamp":"2026-06-02T02:21:21.433008Z","level":"info","event":"    \"metadata\" : { }","logger":"airflow.task.hooks.airflow.providers.standard.hooks.subprocess.SubprocessHook","filename":"subprocess.py","lineno":99}
{"timestamp":"2026-06-02T02:21:21.433041Z","level":"info","event":"  }, {","logger":"airflow.task.hooks.airflow.providers.standard.hooks.subprocess.SubprocessHook","filename":"subprocess.py","lineno":99}
{"timestamp":"2026-06-02T02:21:21.433079Z","level":"info","event":"    \"name\" : \"ingest_at\",","logger":"airflow.task.hooks.airflow.providers.standard.hooks.subprocess.SubprocessHook","filename":"subprocess.py","lineno":99}
{"timestamp":"2026-06-02T02:21:21.433114Z","level":"info","event":"    \"type\" : \"timestamp\",","logger":"airflow.task.hooks.airflow.providers.standard.hooks.subprocess.SubprocessHook","filename":"subprocess.py","lineno":99}
{"timestamp":"2026-06-02T02:21:21.433150Z","level":"info","event":"    \"nullable\" : true,","logger":"airflow.task.hooks.airflow.providers.standard.hooks.subprocess.SubprocessHook","filename":"subprocess.py","lineno":99}
{"timestamp":"2026-06-02T02:21:21.433189Z","level":"info","event":"    \"metadata\" : { }","logger":"airflow.task.hooks.airflow.providers.standard.hooks.subprocess.SubprocessHook","filename":"subprocess.py","lineno":99}
{"timestamp":"2026-06-02T02:21:21.433226Z","level":"info","event":"  } ]","logger":"airflow.task.hooks.airflow.providers.standard.hooks.subprocess.SubprocessHook","filename":"subprocess.py","lineno":99}
{"timestamp":"2026-06-02T02:21:21.433264Z","level":"info","event":"}","logger":"airflow.task.hooks.airflow.providers.standard.hooks.subprocess.SubprocessHook","filename":"subprocess.py","lineno":99}
{"timestamp":"2026-06-02T02:21:21.433302Z","level":"info","event":"and corresponding Parquet message type:","logger":"airflow.task.hooks.airflow.providers.standard.hooks.subprocess.SubprocessHook","filename":"subprocess.py","lineno":99}
{"timestamp":"2026-06-02T02:21:21.433339Z","level":"info","event":"message spark_schema {","logger":"airflow.task.hooks.airflow.providers.standard.hooks.subprocess.SubprocessHook","filename":"subprocess.py","lineno":99}
{"timestamp":"2026-06-02T02:21:21.433439Z","level":"info","event":"  optional binary product_name (STRING);","logger":"airflow.task.hooks.airflow.providers.standard.hooks.subprocess.SubprocessHook","filename":"subprocess.py","lineno":99}
{"timestamp":"2026-06-02T02:21:21.433490Z","level":"info","event":"  optional double value;","logger":"airflow.task.hooks.airflow.providers.standard.hooks.subprocess.SubprocessHook","filename":"subprocess.py","lineno":99}
{"timestamp":"2026-06-02T02:21:21.433527Z","level":"info","event":"  optional binary unit (STRING);","logger":"airflow.task.hooks.airflow.providers.standard.hooks.subprocess.SubprocessHook","filename":"subprocess.py","lineno":99}
{"timestamp":"2026-06-02T02:21:21.433585Z","level":"info","event":"  optional int32 month;","logger":"airflow.task.hooks.airflow.providers.standard.hooks.subprocess.SubprocessHook","filename":"subprocess.py","lineno":99}
{"timestamp":"2026-06-02T02:21:21.433627Z","level":"info","event":"  optional int32 quarter;","logger":"airflow.task.hooks.airflow.providers.standard.hooks.subprocess.SubprocessHook","filename":"subprocess.py","lineno":99}
{"timestamp":"2026-06-02T02:21:21.433663Z","level":"info","event":"  optional int32 year;","logger":"airflow.task.hooks.airflow.providers.standard.hooks.subprocess.SubprocessHook","filename":"subprocess.py","lineno":99}
{"timestamp":"2026-06-02T02:21:21.433698Z","level":"info","event":"  optional int96 ingest_at;","logger":"airflow.task.hooks.airflow.providers.standard.hooks.subprocess.SubprocessHook","filename":"subprocess.py","lineno":99}
{"timestamp":"2026-06-02T02:21:21.433731Z","level":"info","event":"}","logger":"airflow.task.hooks.airflow.providers.standard.hooks.subprocess.SubprocessHook","filename":"subprocess.py","lineno":99}
{"timestamp":"2026-06-02T02:21:21.433765Z","level":"info","event":"","logger":"airflow.task.hooks.airflow.providers.standard.hooks.subprocess.SubprocessHook","filename":"subprocess.py","lineno":99}
{"timestamp":"2026-06-02T02:21:21.433798Z","level":"info","event":"","logger":"airflow.task.hooks.airflow.providers.standard.hooks.subprocess.SubprocessHook","filename":"subprocess.py","lineno":99}
{"timestamp":"2026-06-02T02:21:21.433830Z","level":"info","event":"26/06/02 02:21:21 INFO ParquetWriteSupport: Initialized Parquet WriteSupport with Catalyst schema:","logger":"airflow.task.hooks.airflow.providers.standard.hooks.subprocess.SubprocessHook","filename":"subprocess.py","lineno":99}
{"timestamp":"2026-06-02T02:21:21.433862Z","level":"info","event":"{","logger":"airflow.task.hooks.airflow.providers.standard.hooks.subprocess.SubprocessHook","filename":"subprocess.py","lineno":99}
{"timestamp":"2026-06-02T02:21:21.433940Z","level":"info","event":"  \"type\" : \"struct\",","logger":"airflow.task.hooks.airflow.providers.standard.hooks.subprocess.SubprocessHook","filename":"subprocess.py","lineno":99}
{"timestamp":"2026-06-02T02:21:21.434004Z","level":"info","event":"  \"fields\" : [ {","logger":"airflow.task.hooks.airflow.providers.standard.hooks.subprocess.SubprocessHook","filename":"subprocess.py","lineno":99}
{"timestamp":"2026-06-02T02:21:21.434052Z","level":"info","event":"    \"name\" : \"product_name\",","logger":"airflow.task.hooks.airflow.providers.standard.hooks.subprocess.SubprocessHook","filename":"subprocess.py","lineno":99}
{"timestamp":"2026-06-02T02:21:21.434093Z","level":"info","event":"    \"type\" : \"string\",","logger":"airflow.task.hooks.airflow.providers.standard.hooks.subprocess.SubprocessHook","filename":"subprocess.py","lineno":99}
{"timestamp":"2026-06-02T02:21:21.434127Z","level":"info","event":"    \"nullable\" : true,","logger":"airflow.task.hooks.airflow.providers.standard.hooks.subprocess.SubprocessHook","filename":"subprocess.py","lineno":99}
{"timestamp":"2026-06-02T02:21:21.434159Z","level":"info","event":"    \"metadata\" : { }","logger":"airflow.task.hooks.airflow.providers.standard.hooks.subprocess.SubprocessHook","filename":"subprocess.py","lineno":99}
{"timestamp":"2026-06-02T02:21:21.434190Z","level":"info","event":"  }, {","logger":"airflow.task.hooks.airflow.providers.standard.hooks.subprocess.SubprocessHook","filename":"subprocess.py","lineno":99}
{"timestamp":"2026-06-02T02:21:21.434222Z","level":"info","event":"    \"name\" : \"value\",","logger":"airflow.task.hooks.airflow.providers.standard.hooks.subprocess.SubprocessHook","filename":"subprocess.py","lineno":99}
{"timestamp":"2026-06-02T02:21:21.434243Z","level":"info","event":"    \"type\" : \"double\",","logger":"airflow.task.hooks.airflow.providers.standard.hooks.subprocess.SubprocessHook","filename":"subprocess.py","lineno":99}
{"timestamp":"2026-06-02T02:21:21.434263Z","level":"info","event":"    \"nullable\" : true,","logger":"airflow.task.hooks.airflow.providers.standard.hooks.subprocess.SubprocessHook","filename":"subprocess.py","lineno":99}
{"timestamp":"2026-06-02T02:21:21.434285Z","level":"info","event":"    \"metadata\" : { }","logger":"airflow.task.hooks.airflow.providers.standard.hooks.subprocess.SubprocessHook","filename":"subprocess.py","lineno":99}
{"timestamp":"2026-06-02T02:21:21.434305Z","level":"info","event":"  }, {","logger":"airflow.task.hooks.airflow.providers.standard.hooks.subprocess.SubprocessHook","filename":"subprocess.py","lineno":99}
{"timestamp":"2026-06-02T02:21:21.434330Z","level":"info","event":"    \"name\" : \"unit\",","logger":"airflow.task.hooks.airflow.providers.standard.hooks.subprocess.SubprocessHook","filename":"subprocess.py","lineno":99}
{"timestamp":"2026-06-02T02:21:21.434351Z","level":"info","event":"    \"type\" : \"string\",","logger":"airflow.task.hooks.airflow.providers.standard.hooks.subprocess.SubprocessHook","filename":"subprocess.py","lineno":99}
{"timestamp":"2026-06-02T02:21:21.434370Z","level":"info","event":"    \"nullable\" : true,","logger":"airflow.task.hooks.airflow.providers.standard.hooks.subprocess.SubprocessHook","filename":"subprocess.py","lineno":99}
{"timestamp":"2026-06-02T02:21:21.434391Z","level":"info","event":"    \"metadata\" : { }","logger":"airflow.task.hooks.airflow.providers.standard.hooks.subprocess.SubprocessHook","filename":"subprocess.py","lineno":99}
{"timestamp":"2026-06-02T02:21:21.434411Z","level":"info","event":"  }, {","logger":"airflow.task.hooks.airflow.providers.standard.hooks.subprocess.SubprocessHook","filename":"subprocess.py","lineno":99}
{"timestamp":"2026-06-02T02:21:21.434484Z","level":"info","event":"    \"name\" : \"month\",","logger":"airflow.task.hooks.airflow.providers.standard.hooks.subprocess.SubprocessHook","filename":"subprocess.py","lineno":99}
{"timestamp":"2026-06-02T02:21:21.434522Z","level":"info","event":"    \"type\" : \"integer\",","logger":"airflow.task.hooks.airflow.providers.standard.hooks.subprocess.SubprocessHook","filename":"subprocess.py","lineno":99}
{"timestamp":"2026-06-02T02:21:21.434556Z","level":"info","event":"    \"nullable\" : true,","logger":"airflow.task.hooks.airflow.providers.standard.hooks.subprocess.SubprocessHook","filename":"subprocess.py","lineno":99}
{"timestamp":"2026-06-02T02:21:21.434593Z","level":"info","event":"    \"metadata\" : { }","logger":"airflow.task.hooks.airflow.providers.standard.hooks.subprocess.SubprocessHook","filename":"subprocess.py","lineno":99}
{"timestamp":"2026-06-02T02:21:21.434631Z","level":"info","event":"  }, {","logger":"airflow.task.hooks.airflow.providers.standard.hooks.subprocess.SubprocessHook","filename":"subprocess.py","lineno":99}
{"timestamp":"2026-06-02T02:21:21.434666Z","level":"info","event":"    \"name\" : \"quarter\",","logger":"airflow.task.hooks.airflow.providers.standard.hooks.subprocess.SubprocessHook","filename":"subprocess.py","lineno":99}
{"timestamp":"2026-06-02T02:21:21.434704Z","level":"info","event":"    \"type\" : \"integer\",","logger":"airflow.task.hooks.airflow.providers.standard.hooks.subprocess.SubprocessHook","filename":"subprocess.py","lineno":99}
{"timestamp":"2026-06-02T02:21:21.434742Z","level":"info","event":"    \"nullable\" : true,","logger":"airflow.task.hooks.airflow.providers.standard.hooks.subprocess.SubprocessHook","filename":"subprocess.py","lineno":99}
{"timestamp":"2026-06-02T02:21:21.509892Z","level":"info","event":"    \"metadata\" : { }","logger":"airflow.task.hooks.airflow.providers.standard.hooks.subprocess.SubprocessHook","filename":"subprocess.py","lineno":99}
{"timestamp":"2026-06-02T02:21:21.510092Z","level":"info","event":"  }, {","logger":"airflow.task.hooks.airflow.providers.standard.hooks.subprocess.SubprocessHook","filename":"subprocess.py","lineno":99}
{"timestamp":"2026-06-02T02:21:21.510185Z","level":"info","event":"    \"name\" : \"year\",","logger":"airflow.task.hooks.airflow.providers.standard.hooks.subprocess.SubprocessHook","filename":"subprocess.py","lineno":99}
{"timestamp":"2026-06-02T02:21:21.510266Z","level":"info","event":"    \"type\" : \"integer\",","logger":"airflow.task.hooks.airflow.providers.standard.hooks.subprocess.SubprocessHook","filename":"subprocess.py","lineno":99}
{"timestamp":"2026-06-02T02:21:21.510343Z","level":"info","event":"    \"nullable\" : true,","logger":"airflow.task.hooks.airflow.providers.standard.hooks.subprocess.SubprocessHook","filename":"subprocess.py","lineno":99}
{"timestamp":"2026-06-02T02:21:21.510415Z","level":"info","event":"    \"metadata\" : { }","logger":"airflow.task.hooks.airflow.providers.standard.hooks.subprocess.SubprocessHook","filename":"subprocess.py","lineno":99}
{"timestamp":"2026-06-02T02:21:21.510485Z","level":"info","event":"  }, {","logger":"airflow.task.hooks.airflow.providers.standard.hooks.subprocess.SubprocessHook","filename":"subprocess.py","lineno":99}
{"timestamp":"2026-06-02T02:21:21.510553Z","level":"info","event":"    \"name\" : \"ingest_at\",","logger":"airflow.task.hooks.airflow.providers.standard.hooks.subprocess.SubprocessHook","filename":"subprocess.py","lineno":99}
{"timestamp":"2026-06-02T02:21:21.510621Z","level":"info","event":"    \"type\" : \"timestamp\",","logger":"airflow.task.hooks.airflow.providers.standard.hooks.subprocess.SubprocessHook","filename":"subprocess.py","lineno":99}
{"timestamp":"2026-06-02T02:21:21.510707Z","level":"info","event":"    \"nullable\" : true,","logger":"airflow.task.hooks.airflow.providers.standard.hooks.subprocess.SubprocessHook","filename":"subprocess.py","lineno":99}
{"timestamp":"2026-06-02T02:21:21.510779Z","level":"info","event":"    \"metadata\" : { }","logger":"airflow.task.hooks.airflow.providers.standard.hooks.subprocess.SubprocessHook","filename":"subprocess.py","lineno":99}
{"timestamp":"2026-06-02T02:21:21.510845Z","level":"info","event":"  } ]","logger":"airflow.task.hooks.airflow.providers.standard.hooks.subprocess.SubprocessHook","filename":"subprocess.py","lineno":99}
{"timestamp":"2026-06-02T02:21:21.510909Z","level":"info","event":"}","logger":"airflow.task.hooks.airflow.providers.standard.hooks.subprocess.SubprocessHook","filename":"subprocess.py","lineno":99}
{"timestamp":"2026-06-02T02:21:21.510975Z","level":"info","event":"and corresponding Parquet message type:","logger":"airflow.task.hooks.airflow.providers.standard.hooks.subprocess.SubprocessHook","filename":"subprocess.py","lineno":99}
{"timestamp":"2026-06-02T02:21:21.511035Z","level":"info","event":"message spark_schema {","logger":"airflow.task.hooks.airflow.providers.standard.hooks.subprocess.SubprocessHook","filename":"subprocess.py","lineno":99}
{"timestamp":"2026-06-02T02:21:21.511092Z","level":"info","event":"  optional binary product_name (STRING);","logger":"airflow.task.hooks.airflow.providers.standard.hooks.subprocess.SubprocessHook","filename":"subprocess.py","lineno":99}
{"timestamp":"2026-06-02T02:21:21.511149Z","level":"info","event":"  optional double value;","logger":"airflow.task.hooks.airflow.providers.standard.hooks.subprocess.SubprocessHook","filename":"subprocess.py","lineno":99}
{"timestamp":"2026-06-02T02:21:21.511208Z","level":"info","event":"  optional binary unit (STRING);","logger":"airflow.task.hooks.airflow.providers.standard.hooks.subprocess.SubprocessHook","filename":"subprocess.py","lineno":99}
{"timestamp":"2026-06-02T02:21:21.511266Z","level":"info","event":"  optional int32 month;","logger":"airflow.task.hooks.airflow.providers.standard.hooks.subprocess.SubprocessHook","filename":"subprocess.py","lineno":99}
{"timestamp":"2026-06-02T02:21:21.511326Z","level":"info","event":"  optional int32 quarter;","logger":"airflow.task.hooks.airflow.providers.standard.hooks.subprocess.SubprocessHook","filename":"subprocess.py","lineno":99}
{"timestamp":"2026-06-02T02:21:21.511385Z","level":"info","event":"  optional int32 year;","logger":"airflow.task.hooks.airflow.providers.standard.hooks.subprocess.SubprocessHook","filename":"subprocess.py","lineno":99}
{"timestamp":"2026-06-02T02:21:21.511443Z","level":"info","event":"  optional int96 ingest_at;","logger":"airflow.task.hooks.airflow.providers.standard.hooks.subprocess.SubprocessHook","filename":"subprocess.py","lineno":99}
{"timestamp":"2026-06-02T02:21:21.511550Z","level":"info","event":"}","logger":"airflow.task.hooks.airflow.providers.standard.hooks.subprocess.SubprocessHook","filename":"subprocess.py","lineno":99}
{"timestamp":"2026-06-02T02:21:21.511639Z","level":"info","event":"","logger":"airflow.task.hooks.airflow.providers.standard.hooks.subprocess.SubprocessHook","filename":"subprocess.py","lineno":99}
{"timestamp":"2026-06-02T02:21:21.511704Z","level":"info","event":"","logger":"airflow.task.hooks.airflow.providers.standard.hooks.subprocess.SubprocessHook","filename":"subprocess.py","lineno":99}
{"timestamp":"2026-06-02T02:21:21.511765Z","level":"info","event":"26/06/02 02:21:21 INFO ParquetWriteSupport: Initialized Parquet WriteSupport with Catalyst schema:","logger":"airflow.task.hooks.airflow.providers.standard.hooks.subprocess.SubprocessHook","filename":"subprocess.py","lineno":99}
{"timestamp":"2026-06-02T02:21:21.511825Z","level":"info","event":"{","logger":"airflow.task.hooks.airflow.providers.standard.hooks.subprocess.SubprocessHook","filename":"subprocess.py","lineno":99}
{"timestamp":"2026-06-02T02:21:21.511940Z","level":"info","event":"  \"type\" : \"struct\",","logger":"airflow.task.hooks.airflow.providers.standard.hooks.subprocess.SubprocessHook","filename":"subprocess.py","lineno":99}
{"timestamp":"2026-06-02T02:21:21.512016Z","level":"info","event":"  \"fields\" : [ {","logger":"airflow.task.hooks.airflow.providers.standard.hooks.subprocess.SubprocessHook","filename":"subprocess.py","lineno":99}
{"timestamp":"2026-06-02T02:21:21.512078Z","level":"info","event":"    \"name\" : \"product_name\",","logger":"airflow.task.hooks.airflow.providers.standard.hooks.subprocess.SubprocessHook","filename":"subprocess.py","lineno":99}
{"timestamp":"2026-06-02T02:21:21.512137Z","level":"info","event":"    \"type\" : \"string\",","logger":"airflow.task.hooks.airflow.providers.standard.hooks.subprocess.SubprocessHook","filename":"subprocess.py","lineno":99}
{"timestamp":"2026-06-02T02:21:21.512197Z","level":"info","event":"    \"nullable\" : true,","logger":"airflow.task.hooks.airflow.providers.standard.hooks.subprocess.SubprocessHook","filename":"subprocess.py","lineno":99}
{"timestamp":"2026-06-02T02:21:21.512256Z","level":"info","event":"    \"metadata\" : { }","logger":"airflow.task.hooks.airflow.providers.standard.hooks.subprocess.SubprocessHook","filename":"subprocess.py","lineno":99}
{"timestamp":"2026-06-02T02:21:21.512317Z","level":"info","event":"  }, {","logger":"airflow.task.hooks.airflow.providers.standard.hooks.subprocess.SubprocessHook","filename":"subprocess.py","lineno":99}
{"timestamp":"2026-06-02T02:21:21.512376Z","level":"info","event":"    \"name\" : \"value\",","logger":"airflow.task.hooks.airflow.providers.standard.hooks.subprocess.SubprocessHook","filename":"subprocess.py","lineno":99}
{"timestamp":"2026-06-02T02:21:21.512435Z","level":"info","event":"    \"type\" : \"double\",","logger":"airflow.task.hooks.airflow.providers.standard.hooks.subprocess.SubprocessHook","filename":"subprocess.py","lineno":99}
{"timestamp":"2026-06-02T02:21:21.512494Z","level":"info","event":"    \"nullable\" : true,","logger":"airflow.task.hooks.airflow.providers.standard.hooks.subprocess.SubprocessHook","filename":"subprocess.py","lineno":99}
{"timestamp":"2026-06-02T02:21:21.512553Z","level":"info","event":"    \"metadata\" : { }","logger":"airflow.task.hooks.airflow.providers.standard.hooks.subprocess.SubprocessHook","filename":"subprocess.py","lineno":99}
{"timestamp":"2026-06-02T02:21:21.512610Z","level":"info","event":"  }, {","logger":"airflow.task.hooks.airflow.providers.standard.hooks.subprocess.SubprocessHook","filename":"subprocess.py","lineno":99}
{"timestamp":"2026-06-02T02:21:21.512668Z","level":"info","event":"    \"name\" : \"unit\",","logger":"airflow.task.hooks.airflow.providers.standard.hooks.subprocess.SubprocessHook","filename":"subprocess.py","lineno":99}
{"timestamp":"2026-06-02T02:21:21.512724Z","level":"info","event":"    \"type\" : \"string\",","logger":"airflow.task.hooks.airflow.providers.standard.hooks.subprocess.SubprocessHook","filename":"subprocess.py","lineno":99}
{"timestamp":"2026-06-02T02:21:21.512782Z","level":"info","event":"    \"nullable\" : true,","logger":"airflow.task.hooks.airflow.providers.standard.hooks.subprocess.SubprocessHook","filename":"subprocess.py","lineno":99}
{"timestamp":"2026-06-02T02:21:21.512840Z","level":"info","event":"    \"metadata\" : { }","logger":"airflow.task.hooks.airflow.providers.standard.hooks.subprocess.SubprocessHook","filename":"subprocess.py","lineno":99}
{"timestamp":"2026-06-02T02:21:21.512900Z","level":"info","event":"  }, {","logger":"airflow.task.hooks.airflow.providers.standard.hooks.subprocess.SubprocessHook","filename":"subprocess.py","lineno":99}
{"timestamp":"2026-06-02T02:21:21.512961Z","level":"info","event":"    \"name\" : \"month\",","logger":"airflow.task.hooks.airflow.providers.standard.hooks.subprocess.SubprocessHook","filename":"subprocess.py","lineno":99}
{"timestamp":"2026-06-02T02:21:21.513021Z","level":"info","event":"    \"type\" : \"integer\",","logger":"airflow.task.hooks.airflow.providers.standard.hooks.subprocess.SubprocessHook","filename":"subprocess.py","lineno":99}
{"timestamp":"2026-06-02T02:21:21.513079Z","level":"info","event":"    \"nullable\" : true,","logger":"airflow.task.hooks.airflow.providers.standard.hooks.subprocess.SubprocessHook","filename":"subprocess.py","lineno":99}
{"timestamp":"2026-06-02T02:21:21.513140Z","level":"info","event":"    \"metadata\" : { }","logger":"airflow.task.hooks.airflow.providers.standard.hooks.subprocess.SubprocessHook","filename":"subprocess.py","lineno":99}
{"timestamp":"2026-06-02T02:21:21.513199Z","level":"info","event":"  }, {","logger":"airflow.task.hooks.airflow.providers.standard.hooks.subprocess.SubprocessHook","filename":"subprocess.py","lineno":99}
{"timestamp":"2026-06-02T02:21:21.513261Z","level":"info","event":"    \"name\" : \"quarter\",","logger":"airflow.task.hooks.airflow.providers.standard.hooks.subprocess.SubprocessHook","filename":"subprocess.py","lineno":99}
{"timestamp":"2026-06-02T02:21:21.513322Z","level":"info","event":"    \"type\" : \"integer\",","logger":"airflow.task.hooks.airflow.providers.standard.hooks.subprocess.SubprocessHook","filename":"subprocess.py","lineno":99}
{"timestamp":"2026-06-02T02:21:21.513386Z","level":"info","event":"    \"nullable\" : true,","logger":"airflow.task.hooks.airflow.providers.standard.hooks.subprocess.SubprocessHook","filename":"subprocess.py","lineno":99}
{"timestamp":"2026-06-02T02:21:21.513450Z","level":"info","event":"    \"metadata\" : { }","logger":"airflow.task.hooks.airflow.providers.standard.hooks.subprocess.SubprocessHook","filename":"subprocess.py","lineno":99}
{"timestamp":"2026-06-02T02:21:21.513627Z","level":"info","event":"  }, {","logger":"airflow.task.hooks.airflow.providers.standard.hooks.subprocess.SubprocessHook","filename":"subprocess.py","lineno":99}
{"timestamp":"2026-06-02T02:21:21.513799Z","level":"info","event":"    \"name\" : \"year\",","logger":"airflow.task.hooks.airflow.providers.standard.hooks.subprocess.SubprocessHook","filename":"subprocess.py","lineno":99}
{"timestamp":"2026-06-02T02:21:21.513980Z","level":"info","event":"    \"type\" : \"integer\",","logger":"airflow.task.hooks.airflow.providers.standard.hooks.subprocess.SubprocessHook","filename":"subprocess.py","lineno":99}
{"timestamp":"2026-06-02T02:21:21.514057Z","level":"info","event":"    \"nullable\" : true,","logger":"airflow.task.hooks.airflow.providers.standard.hooks.subprocess.SubprocessHook","filename":"subprocess.py","lineno":99}
{"timestamp":"2026-06-02T02:21:21.514091Z","level":"info","event":"    \"metadata\" : { }","logger":"airflow.task.hooks.airflow.providers.standard.hooks.subprocess.SubprocessHook","filename":"subprocess.py","lineno":99}
{"timestamp":"2026-06-02T02:21:21.514115Z","level":"info","event":"  }, {","logger":"airflow.task.hooks.airflow.providers.standard.hooks.subprocess.SubprocessHook","filename":"subprocess.py","lineno":99}
{"timestamp":"2026-06-02T02:21:21.514141Z","level":"info","event":"    \"name\" : \"ingest_at\",","logger":"airflow.task.hooks.airflow.providers.standard.hooks.subprocess.SubprocessHook","filename":"subprocess.py","lineno":99}
{"timestamp":"2026-06-02T02:21:21.514171Z","level":"info","event":"    \"type\" : \"timestamp\",","logger":"airflow.task.hooks.airflow.providers.standard.hooks.subprocess.SubprocessHook","filename":"subprocess.py","lineno":99}
{"timestamp":"2026-06-02T02:21:21.514199Z","level":"info","event":"    \"nullable\" : true,","logger":"airflow.task.hooks.airflow.providers.standard.hooks.subprocess.SubprocessHook","filename":"subprocess.py","lineno":99}
{"timestamp":"2026-06-02T02:21:21.514221Z","level":"info","event":"    \"metadata\" : { }","logger":"airflow.task.hooks.airflow.providers.standard.hooks.subprocess.SubprocessHook","filename":"subprocess.py","lineno":99}
{"timestamp":"2026-06-02T02:21:21.514243Z","level":"info","event":"  } ]","logger":"airflow.task.hooks.airflow.providers.standard.hooks.subprocess.SubprocessHook","filename":"subprocess.py","lineno":99}
{"timestamp":"2026-06-02T02:21:21.514268Z","level":"info","event":"}","logger":"airflow.task.hooks.airflow.providers.standard.hooks.subprocess.SubprocessHook","filename":"subprocess.py","lineno":99}
{"timestamp":"2026-06-02T02:21:21.514291Z","level":"info","event":"and corresponding Parquet message type:","logger":"airflow.task.hooks.airflow.providers.standard.hooks.subprocess.SubprocessHook","filename":"subprocess.py","lineno":99}
{"timestamp":"2026-06-02T02:21:21.514313Z","level":"info","event":"message spark_schema {","logger":"airflow.task.hooks.airflow.providers.standard.hooks.subprocess.SubprocessHook","filename":"subprocess.py","lineno":99}
{"timestamp":"2026-06-02T02:21:21.514335Z","level":"info","event":"  optional binary product_name (STRING);","logger":"airflow.task.hooks.airflow.providers.standard.hooks.subprocess.SubprocessHook","filename":"subprocess.py","lineno":99}
{"timestamp":"2026-06-02T02:21:21.514412Z","level":"info","event":"  optional double value;","logger":"airflow.task.hooks.airflow.providers.standard.hooks.subprocess.SubprocessHook","filename":"subprocess.py","lineno":99}
{"timestamp":"2026-06-02T02:21:21.514452Z","level":"info","event":"  optional binary unit (STRING);","logger":"airflow.task.hooks.airflow.providers.standard.hooks.subprocess.SubprocessHook","filename":"subprocess.py","lineno":99}
{"timestamp":"2026-06-02T02:21:21.514478Z","level":"info","event":"  optional int32 month;","logger":"airflow.task.hooks.airflow.providers.standard.hooks.subprocess.SubprocessHook","filename":"subprocess.py","lineno":99}
{"timestamp":"2026-06-02T02:21:21.514502Z","level":"info","event":"  optional int32 quarter;","logger":"airflow.task.hooks.airflow.providers.standard.hooks.subprocess.SubprocessHook","filename":"subprocess.py","lineno":99}
{"timestamp":"2026-06-02T02:21:21.514526Z","level":"info","event":"  optional int32 year;","logger":"airflow.task.hooks.airflow.providers.standard.hooks.subprocess.SubprocessHook","filename":"subprocess.py","lineno":99}
{"timestamp":"2026-06-02T02:21:21.514550Z","level":"info","event":"  optional int96 ingest_at;","logger":"airflow.task.hooks.airflow.providers.standard.hooks.subprocess.SubprocessHook","filename":"subprocess.py","lineno":99}
{"timestamp":"2026-06-02T02:21:21.514576Z","level":"info","event":"}","logger":"airflow.task.hooks.airflow.providers.standard.hooks.subprocess.SubprocessHook","filename":"subprocess.py","lineno":99}
{"timestamp":"2026-06-02T02:21:21.514599Z","level":"info","event":"","logger":"airflow.task.hooks.airflow.providers.standard.hooks.subprocess.SubprocessHook","filename":"subprocess.py","lineno":99}
{"timestamp":"2026-06-02T02:21:21.514622Z","level":"info","event":"","logger":"airflow.task.hooks.airflow.providers.standard.hooks.subprocess.SubprocessHook","filename":"subprocess.py","lineno":99}
{"timestamp":"2026-06-02T02:21:21.514644Z","level":"info","event":"26/06/02 02:21:21 INFO ParquetWriteSupport: Initialized Parquet WriteSupport with Catalyst schema:","logger":"airflow.task.hooks.airflow.providers.standard.hooks.subprocess.SubprocessHook","filename":"subprocess.py","lineno":99}
{"timestamp":"2026-06-02T02:21:21.514667Z","level":"info","event":"{","logger":"airflow.task.hooks.airflow.providers.standard.hooks.subprocess.SubprocessHook","filename":"subprocess.py","lineno":99}
{"timestamp":"2026-06-02T02:21:21.514702Z","level":"info","event":"  \"type\" : \"struct\",","logger":"airflow.task.hooks.airflow.providers.standard.hooks.subprocess.SubprocessHook","filename":"subprocess.py","lineno":99}
{"timestamp":"2026-06-02T02:21:21.514727Z","level":"info","event":"  \"fields\" : [ {","logger":"airflow.task.hooks.airflow.providers.standard.hooks.subprocess.SubprocessHook","filename":"subprocess.py","lineno":99}
{"timestamp":"2026-06-02T02:21:21.514751Z","level":"info","event":"    \"name\" : \"product_name\",","logger":"airflow.task.hooks.airflow.providers.standard.hooks.subprocess.SubprocessHook","filename":"subprocess.py","lineno":99}
{"timestamp":"2026-06-02T02:21:21.514774Z","level":"info","event":"    \"type\" : \"string\",","logger":"airflow.task.hooks.airflow.providers.standard.hooks.subprocess.SubprocessHook","filename":"subprocess.py","lineno":99}
{"timestamp":"2026-06-02T02:21:21.514797Z","level":"info","event":"    \"nullable\" : true,","logger":"airflow.task.hooks.airflow.providers.standard.hooks.subprocess.SubprocessHook","filename":"subprocess.py","lineno":99}
{"timestamp":"2026-06-02T02:21:21.514819Z","level":"info","event":"    \"metadata\" : { }","logger":"airflow.task.hooks.airflow.providers.standard.hooks.subprocess.SubprocessHook","filename":"subprocess.py","lineno":99}
{"timestamp":"2026-06-02T02:21:21.514842Z","level":"info","event":"  }, {","logger":"airflow.task.hooks.airflow.providers.standard.hooks.subprocess.SubprocessHook","filename":"subprocess.py","lineno":99}
{"timestamp":"2026-06-02T02:21:21.514867Z","level":"info","event":"    \"name\" : \"value\",","logger":"airflow.task.hooks.airflow.providers.standard.hooks.subprocess.SubprocessHook","filename":"subprocess.py","lineno":99}
{"timestamp":"2026-06-02T02:21:21.514892Z","level":"info","event":"    \"type\" : \"double\",","logger":"airflow.task.hooks.airflow.providers.standard.hooks.subprocess.SubprocessHook","filename":"subprocess.py","lineno":99}
{"timestamp":"2026-06-02T02:21:21.514916Z","level":"info","event":"    \"nullable\" : true,","logger":"airflow.task.hooks.airflow.providers.standard.hooks.subprocess.SubprocessHook","filename":"subprocess.py","lineno":99}
{"timestamp":"2026-06-02T02:21:21.514940Z","level":"info","event":"    \"metadata\" : { }","logger":"airflow.task.hooks.airflow.providers.standard.hooks.subprocess.SubprocessHook","filename":"subprocess.py","lineno":99}
{"timestamp":"2026-06-02T02:21:21.514975Z","level":"info","event":"  }, {","logger":"airflow.task.hooks.airflow.providers.standard.hooks.subprocess.SubprocessHook","filename":"subprocess.py","lineno":99}
{"timestamp":"2026-06-02T02:21:21.515005Z","level":"info","event":"    \"name\" : \"unit\",","logger":"airflow.task.hooks.airflow.providers.standard.hooks.subprocess.SubprocessHook","filename":"subprocess.py","lineno":99}
{"timestamp":"2026-06-02T02:21:21.515030Z","level":"info","event":"    \"type\" : \"string\",","logger":"airflow.task.hooks.airflow.providers.standard.hooks.subprocess.SubprocessHook","filename":"subprocess.py","lineno":99}
{"timestamp":"2026-06-02T02:21:21.515228Z","level":"info","event":"    \"nullable\" : true,","logger":"airflow.task.hooks.airflow.providers.standard.hooks.subprocess.SubprocessHook","filename":"subprocess.py","lineno":99}
{"timestamp":"2026-06-02T02:21:21.515367Z","level":"info","event":"    \"metadata\" : { }","logger":"airflow.task.hooks.airflow.providers.standard.hooks.subprocess.SubprocessHook","filename":"subprocess.py","lineno":99}
{"timestamp":"2026-06-02T02:21:21.515417Z","level":"info","event":"  }, {","logger":"airflow.task.hooks.airflow.providers.standard.hooks.subprocess.SubprocessHook","filename":"subprocess.py","lineno":99}
{"timestamp":"2026-06-02T02:21:21.515463Z","level":"info","event":"    \"name\" : \"month\",","logger":"airflow.task.hooks.airflow.providers.standard.hooks.subprocess.SubprocessHook","filename":"subprocess.py","lineno":99}
{"timestamp":"2026-06-02T02:21:21.515503Z","level":"info","event":"    \"type\" : \"integer\",","logger":"airflow.task.hooks.airflow.providers.standard.hooks.subprocess.SubprocessHook","filename":"subprocess.py","lineno":99}
{"timestamp":"2026-06-02T02:21:21.515541Z","level":"info","event":"    \"nullable\" : true,","logger":"airflow.task.hooks.airflow.providers.standard.hooks.subprocess.SubprocessHook","filename":"subprocess.py","lineno":99}
{"timestamp":"2026-06-02T02:21:21.515583Z","level":"info","event":"    \"metadata\" : { }","logger":"airflow.task.hooks.airflow.providers.standard.hooks.subprocess.SubprocessHook","filename":"subprocess.py","lineno":99}
{"timestamp":"2026-06-02T02:21:21.515662Z","level":"info","event":"  }, {","logger":"airflow.task.hooks.airflow.providers.standard.hooks.subprocess.SubprocessHook","filename":"subprocess.py","lineno":99}
{"timestamp":"2026-06-02T02:21:21.515724Z","level":"info","event":"    \"name\" : \"quarter\",","logger":"airflow.task.hooks.airflow.providers.standard.hooks.subprocess.SubprocessHook","filename":"subprocess.py","lineno":99}
{"timestamp":"2026-06-02T02:21:21.515769Z","level":"info","event":"    \"type\" : \"integer\",","logger":"airflow.task.hooks.airflow.providers.standard.hooks.subprocess.SubprocessHook","filename":"subprocess.py","lineno":99}
{"timestamp":"2026-06-02T02:21:21.515810Z","level":"info","event":"    \"nullable\" : true,","logger":"airflow.task.hooks.airflow.providers.standard.hooks.subprocess.SubprocessHook","filename":"subprocess.py","lineno":99}
{"timestamp":"2026-06-02T02:21:21.515847Z","level":"info","event":"    \"metadata\" : { }","logger":"airflow.task.hooks.airflow.providers.standard.hooks.subprocess.SubprocessHook","filename":"subprocess.py","lineno":99}
{"timestamp":"2026-06-02T02:21:21.515886Z","level":"info","event":"  }, {","logger":"airflow.task.hooks.airflow.providers.standard.hooks.subprocess.SubprocessHook","filename":"subprocess.py","lineno":99}
{"timestamp":"2026-06-02T02:21:21.515924Z","level":"info","event":"    \"name\" : \"year\",","logger":"airflow.task.hooks.airflow.providers.standard.hooks.subprocess.SubprocessHook","filename":"subprocess.py","lineno":99}
{"timestamp":"2026-06-02T02:21:21.515961Z","level":"info","event":"    \"type\" : \"integer\",","logger":"airflow.task.hooks.airflow.providers.standard.hooks.subprocess.SubprocessHook","filename":"subprocess.py","lineno":99}
{"timestamp":"2026-06-02T02:21:21.515995Z","level":"info","event":"    \"nullable\" : true,","logger":"airflow.task.hooks.airflow.providers.standard.hooks.subprocess.SubprocessHook","filename":"subprocess.py","lineno":99}
{"timestamp":"2026-06-02T02:21:21.516031Z","level":"info","event":"    \"metadata\" : { }","logger":"airflow.task.hooks.airflow.providers.standard.hooks.subprocess.SubprocessHook","filename":"subprocess.py","lineno":99}
{"timestamp":"2026-06-02T02:21:21.516067Z","level":"info","event":"  }, {","logger":"airflow.task.hooks.airflow.providers.standard.hooks.subprocess.SubprocessHook","filename":"subprocess.py","lineno":99}
{"timestamp":"2026-06-02T02:21:21.516091Z","level":"info","event":"    \"name\" : \"ingest_at\",","logger":"airflow.task.hooks.airflow.providers.standard.hooks.subprocess.SubprocessHook","filename":"subprocess.py","lineno":99}
{"timestamp":"2026-06-02T02:21:21.516115Z","level":"info","event":"    \"type\" : \"timestamp\",","logger":"airflow.task.hooks.airflow.providers.standard.hooks.subprocess.SubprocessHook","filename":"subprocess.py","lineno":99}
{"timestamp":"2026-06-02T02:21:21.516138Z","level":"info","event":"    \"nullable\" : true,","logger":"airflow.task.hooks.airflow.providers.standard.hooks.subprocess.SubprocessHook","filename":"subprocess.py","lineno":99}
{"timestamp":"2026-06-02T02:21:21.516160Z","level":"info","event":"    \"metadata\" : { }","logger":"airflow.task.hooks.airflow.providers.standard.hooks.subprocess.SubprocessHook","filename":"subprocess.py","lineno":99}
{"timestamp":"2026-06-02T02:21:21.516181Z","level":"info","event":"  } ]","logger":"airflow.task.hooks.airflow.providers.standard.hooks.subprocess.SubprocessHook","filename":"subprocess.py","lineno":99}
{"timestamp":"2026-06-02T02:21:21.516203Z","level":"info","event":"}","logger":"airflow.task.hooks.airflow.providers.standard.hooks.subprocess.SubprocessHook","filename":"subprocess.py","lineno":99}
{"timestamp":"2026-06-02T02:21:21.516225Z","level":"info","event":"and corresponding Parquet message type:","logger":"airflow.task.hooks.airflow.providers.standard.hooks.subprocess.SubprocessHook","filename":"subprocess.py","lineno":99}
{"timestamp":"2026-06-02T02:21:21.516246Z","level":"info","event":"message spark_schema {","logger":"airflow.task.hooks.airflow.providers.standard.hooks.subprocess.SubprocessHook","filename":"subprocess.py","lineno":99}
{"timestamp":"2026-06-02T02:21:21.516277Z","level":"info","event":"  optional binary product_name (STRING);","logger":"airflow.task.hooks.airflow.providers.standard.hooks.subprocess.SubprocessHook","filename":"subprocess.py","lineno":99}
{"timestamp":"2026-06-02T02:21:21.516300Z","level":"info","event":"  optional double value;","logger":"airflow.task.hooks.airflow.providers.standard.hooks.subprocess.SubprocessHook","filename":"subprocess.py","lineno":99}
{"timestamp":"2026-06-02T02:21:21.516320Z","level":"info","event":"  optional binary unit (STRING);","logger":"airflow.task.hooks.airflow.providers.standard.hooks.subprocess.SubprocessHook","filename":"subprocess.py","lineno":99}
{"timestamp":"2026-06-02T02:21:21.516342Z","level":"info","event":"  optional int32 month;","logger":"airflow.task.hooks.airflow.providers.standard.hooks.subprocess.SubprocessHook","filename":"subprocess.py","lineno":99}
{"timestamp":"2026-06-02T02:21:21.516363Z","level":"info","event":"  optional int32 quarter;","logger":"airflow.task.hooks.airflow.providers.standard.hooks.subprocess.SubprocessHook","filename":"subprocess.py","lineno":99}
{"timestamp":"2026-06-02T02:21:21.516383Z","level":"info","event":"  optional int32 year;","logger":"airflow.task.hooks.airflow.providers.standard.hooks.subprocess.SubprocessHook","filename":"subprocess.py","lineno":99}
{"timestamp":"2026-06-02T02:21:21.516403Z","level":"info","event":"  optional int96 ingest_at;","logger":"airflow.task.hooks.airflow.providers.standard.hooks.subprocess.SubprocessHook","filename":"subprocess.py","lineno":99}
{"timestamp":"2026-06-02T02:21:21.516425Z","level":"info","event":"}","logger":"airflow.task.hooks.airflow.providers.standard.hooks.subprocess.SubprocessHook","filename":"subprocess.py","lineno":99}
{"timestamp":"2026-06-02T02:21:21.516447Z","level":"info","event":"","logger":"airflow.task.hooks.airflow.providers.standard.hooks.subprocess.SubprocessHook","filename":"subprocess.py","lineno":99}
{"timestamp":"2026-06-02T02:21:21.516468Z","level":"info","event":"","logger":"airflow.task.hooks.airflow.providers.standard.hooks.subprocess.SubprocessHook","filename":"subprocess.py","lineno":99}
{"timestamp":"2026-06-02T02:21:21.516490Z","level":"info","event":"26/06/02 02:21:21 INFO ParquetWriteSupport: Initialized Parquet WriteSupport with Catalyst schema:","logger":"airflow.task.hooks.airflow.providers.standard.hooks.subprocess.SubprocessHook","filename":"subprocess.py","lineno":99}
{"timestamp":"2026-06-02T02:21:21.573059Z","level":"info","event":"{","logger":"airflow.task.hooks.airflow.providers.standard.hooks.subprocess.SubprocessHook","filename":"subprocess.py","lineno":99}
{"timestamp":"2026-06-02T02:21:21.573260Z","level":"info","event":"  \"type\" : \"struct\",","logger":"airflow.task.hooks.airflow.providers.standard.hooks.subprocess.SubprocessHook","filename":"subprocess.py","lineno":99}
{"timestamp":"2026-06-02T02:21:21.573362Z","level":"info","event":"  \"fields\" : [ {","logger":"airflow.task.hooks.airflow.providers.standard.hooks.subprocess.SubprocessHook","filename":"subprocess.py","lineno":99}
{"timestamp":"2026-06-02T02:21:21.573441Z","level":"info","event":"    \"name\" : \"product_name\",","logger":"airflow.task.hooks.airflow.providers.standard.hooks.subprocess.SubprocessHook","filename":"subprocess.py","lineno":99}
{"timestamp":"2026-06-02T02:21:21.573509Z","level":"info","event":"    \"type\" : \"string\",","logger":"airflow.task.hooks.airflow.providers.standard.hooks.subprocess.SubprocessHook","filename":"subprocess.py","lineno":99}
{"timestamp":"2026-06-02T02:21:21.573606Z","level":"info","event":"    \"nullable\" : true,","logger":"airflow.task.hooks.airflow.providers.standard.hooks.subprocess.SubprocessHook","filename":"subprocess.py","lineno":99}
{"timestamp":"2026-06-02T02:21:21.573686Z","level":"info","event":"    \"metadata\" : { }","logger":"airflow.task.hooks.airflow.providers.standard.hooks.subprocess.SubprocessHook","filename":"subprocess.py","lineno":99}
{"timestamp":"2026-06-02T02:21:21.573748Z","level":"info","event":"  }, {","logger":"airflow.task.hooks.airflow.providers.standard.hooks.subprocess.SubprocessHook","filename":"subprocess.py","lineno":99}
{"timestamp":"2026-06-02T02:21:21.573807Z","level":"info","event":"    \"name\" : \"value\",","logger":"airflow.task.hooks.airflow.providers.standard.hooks.subprocess.SubprocessHook","filename":"subprocess.py","lineno":99}
{"timestamp":"2026-06-02T02:21:21.573865Z","level":"info","event":"    \"type\" : \"double\",","logger":"airflow.task.hooks.airflow.providers.standard.hooks.subprocess.SubprocessHook","filename":"subprocess.py","lineno":99}
{"timestamp":"2026-06-02T02:21:21.573920Z","level":"info","event":"    \"nullable\" : true,","logger":"airflow.task.hooks.airflow.providers.standard.hooks.subprocess.SubprocessHook","filename":"subprocess.py","lineno":99}
{"timestamp":"2026-06-02T02:21:21.573978Z","level":"info","event":"    \"metadata\" : { }","logger":"airflow.task.hooks.airflow.providers.standard.hooks.subprocess.SubprocessHook","filename":"subprocess.py","lineno":99}
{"timestamp":"2026-06-02T02:21:21.574035Z","level":"info","event":"  }, {","logger":"airflow.task.hooks.airflow.providers.standard.hooks.subprocess.SubprocessHook","filename":"subprocess.py","lineno":99}
{"timestamp":"2026-06-02T02:21:21.574095Z","level":"info","event":"    \"name\" : \"unit\",","logger":"airflow.task.hooks.airflow.providers.standard.hooks.subprocess.SubprocessHook","filename":"subprocess.py","lineno":99}
{"timestamp":"2026-06-02T02:21:21.574153Z","level":"info","event":"    \"type\" : \"string\",","logger":"airflow.task.hooks.airflow.providers.standard.hooks.subprocess.SubprocessHook","filename":"subprocess.py","lineno":99}
{"timestamp":"2026-06-02T02:21:21.574209Z","level":"info","event":"    \"nullable\" : true,","logger":"airflow.task.hooks.airflow.providers.standard.hooks.subprocess.SubprocessHook","filename":"subprocess.py","lineno":99}
{"timestamp":"2026-06-02T02:21:21.574267Z","level":"info","event":"    \"metadata\" : { }","logger":"airflow.task.hooks.airflow.providers.standard.hooks.subprocess.SubprocessHook","filename":"subprocess.py","lineno":99}
{"timestamp":"2026-06-02T02:21:21.574330Z","level":"info","event":"  }, {","logger":"airflow.task.hooks.airflow.providers.standard.hooks.subprocess.SubprocessHook","filename":"subprocess.py","lineno":99}
{"timestamp":"2026-06-02T02:21:21.574397Z","level":"info","event":"    \"name\" : \"month\",","logger":"airflow.task.hooks.airflow.providers.standard.hooks.subprocess.SubprocessHook","filename":"subprocess.py","lineno":99}
{"timestamp":"2026-06-02T02:21:21.574466Z","level":"info","event":"    \"type\" : \"integer\",","logger":"airflow.task.hooks.airflow.providers.standard.hooks.subprocess.SubprocessHook","filename":"subprocess.py","lineno":99}
{"timestamp":"2026-06-02T02:21:21.574533Z","level":"info","event":"    \"nullable\" : true,","logger":"airflow.task.hooks.airflow.providers.standard.hooks.subprocess.SubprocessHook","filename":"subprocess.py","lineno":99}
{"timestamp":"2026-06-02T02:21:21.574595Z","level":"info","event":"    \"metadata\" : { }","logger":"airflow.task.hooks.airflow.providers.standard.hooks.subprocess.SubprocessHook","filename":"subprocess.py","lineno":99}
{"timestamp":"2026-06-02T02:21:21.574658Z","level":"info","event":"  }, {","logger":"airflow.task.hooks.airflow.providers.standard.hooks.subprocess.SubprocessHook","filename":"subprocess.py","lineno":99}
{"timestamp":"2026-06-02T02:21:21.574865Z","level":"info","event":"    \"name\" : \"quarter\",","logger":"airflow.task.hooks.airflow.providers.standard.hooks.subprocess.SubprocessHook","filename":"subprocess.py","lineno":99}
{"timestamp":"2026-06-02T02:21:21.574936Z","level":"info","event":"    \"type\" : \"integer\",","logger":"airflow.task.hooks.airflow.providers.standard.hooks.subprocess.SubprocessHook","filename":"subprocess.py","lineno":99}
{"timestamp":"2026-06-02T02:21:21.574964Z","level":"info","event":"    \"nullable\" : true,","logger":"airflow.task.hooks.airflow.providers.standard.hooks.subprocess.SubprocessHook","filename":"subprocess.py","lineno":99}
{"timestamp":"2026-06-02T02:21:21.574987Z","level":"info","event":"    \"metadata\" : { }","logger":"airflow.task.hooks.airflow.providers.standard.hooks.subprocess.SubprocessHook","filename":"subprocess.py","lineno":99}
{"timestamp":"2026-06-02T02:21:21.575007Z","level":"info","event":"  }, {","logger":"airflow.task.hooks.airflow.providers.standard.hooks.subprocess.SubprocessHook","filename":"subprocess.py","lineno":99}
{"timestamp":"2026-06-02T02:21:21.575027Z","level":"info","event":"    \"name\" : \"year\",","logger":"airflow.task.hooks.airflow.providers.standard.hooks.subprocess.SubprocessHook","filename":"subprocess.py","lineno":99}
{"timestamp":"2026-06-02T02:21:21.575047Z","level":"info","event":"    \"type\" : \"integer\",","logger":"airflow.task.hooks.airflow.providers.standard.hooks.subprocess.SubprocessHook","filename":"subprocess.py","lineno":99}
{"timestamp":"2026-06-02T02:21:21.575066Z","level":"info","event":"    \"nullable\" : true,","logger":"airflow.task.hooks.airflow.providers.standard.hooks.subprocess.SubprocessHook","filename":"subprocess.py","lineno":99}
{"timestamp":"2026-06-02T02:21:21.575086Z","level":"info","event":"    \"metadata\" : { }","logger":"airflow.task.hooks.airflow.providers.standard.hooks.subprocess.SubprocessHook","filename":"subprocess.py","lineno":99}
{"timestamp":"2026-06-02T02:21:21.575106Z","level":"info","event":"  }, {","logger":"airflow.task.hooks.airflow.providers.standard.hooks.subprocess.SubprocessHook","filename":"subprocess.py","lineno":99}
{"timestamp":"2026-06-02T02:21:21.575125Z","level":"info","event":"    \"name\" : \"ingest_at\",","logger":"airflow.task.hooks.airflow.providers.standard.hooks.subprocess.SubprocessHook","filename":"subprocess.py","lineno":99}
{"timestamp":"2026-06-02T02:21:21.575147Z","level":"info","event":"    \"type\" : \"timestamp\",","logger":"airflow.task.hooks.airflow.providers.standard.hooks.subprocess.SubprocessHook","filename":"subprocess.py","lineno":99}
{"timestamp":"2026-06-02T02:21:21.575173Z","level":"info","event":"    \"nullable\" : true,","logger":"airflow.task.hooks.airflow.providers.standard.hooks.subprocess.SubprocessHook","filename":"subprocess.py","lineno":99}
{"timestamp":"2026-06-02T02:21:21.575193Z","level":"info","event":"    \"metadata\" : { }","logger":"airflow.task.hooks.airflow.providers.standard.hooks.subprocess.SubprocessHook","filename":"subprocess.py","lineno":99}
{"timestamp":"2026-06-02T02:21:21.575212Z","level":"info","event":"  } ]","logger":"airflow.task.hooks.airflow.providers.standard.hooks.subprocess.SubprocessHook","filename":"subprocess.py","lineno":99}
{"timestamp":"2026-06-02T02:21:21.575232Z","level":"info","event":"}","logger":"airflow.task.hooks.airflow.providers.standard.hooks.subprocess.SubprocessHook","filename":"subprocess.py","lineno":99}
{"timestamp":"2026-06-02T02:21:21.575252Z","level":"info","event":"and corresponding Parquet message type:","logger":"airflow.task.hooks.airflow.providers.standard.hooks.subprocess.SubprocessHook","filename":"subprocess.py","lineno":99}
{"timestamp":"2026-06-02T02:21:21.575270Z","level":"info","event":"message spark_schema {","logger":"airflow.task.hooks.airflow.providers.standard.hooks.subprocess.SubprocessHook","filename":"subprocess.py","lineno":99}
{"timestamp":"2026-06-02T02:21:21.575289Z","level":"info","event":"  optional binary product_name (STRING);","logger":"airflow.task.hooks.airflow.providers.standard.hooks.subprocess.SubprocessHook","filename":"subprocess.py","lineno":99}
{"timestamp":"2026-06-02T02:21:21.575307Z","level":"info","event":"  optional double value;","logger":"airflow.task.hooks.airflow.providers.standard.hooks.subprocess.SubprocessHook","filename":"subprocess.py","lineno":99}
{"timestamp":"2026-06-02T02:21:21.575326Z","level":"info","event":"  optional binary unit (STRING);","logger":"airflow.task.hooks.airflow.providers.standard.hooks.subprocess.SubprocessHook","filename":"subprocess.py","lineno":99}
{"timestamp":"2026-06-02T02:21:21.575344Z","level":"info","event":"  optional int32 month;","logger":"airflow.task.hooks.airflow.providers.standard.hooks.subprocess.SubprocessHook","filename":"subprocess.py","lineno":99}
{"timestamp":"2026-06-02T02:21:21.575362Z","level":"info","event":"  optional int32 quarter;","logger":"airflow.task.hooks.airflow.providers.standard.hooks.subprocess.SubprocessHook","filename":"subprocess.py","lineno":99}
{"timestamp":"2026-06-02T02:21:21.575380Z","level":"info","event":"  optional int32 year;","logger":"airflow.task.hooks.airflow.providers.standard.hooks.subprocess.SubprocessHook","filename":"subprocess.py","lineno":99}
{"timestamp":"2026-06-02T02:21:21.575398Z","level":"info","event":"  optional int96 ingest_at;","logger":"airflow.task.hooks.airflow.providers.standard.hooks.subprocess.SubprocessHook","filename":"subprocess.py","lineno":99}
{"timestamp":"2026-06-02T02:21:21.575417Z","level":"info","event":"}","logger":"airflow.task.hooks.airflow.providers.standard.hooks.subprocess.SubprocessHook","filename":"subprocess.py","lineno":99}
{"timestamp":"2026-06-02T02:21:21.575437Z","level":"info","event":"","logger":"airflow.task.hooks.airflow.providers.standard.hooks.subprocess.SubprocessHook","filename":"subprocess.py","lineno":99}
{"timestamp":"2026-06-02T02:21:21.575456Z","level":"info","event":"","logger":"airflow.task.hooks.airflow.providers.standard.hooks.subprocess.SubprocessHook","filename":"subprocess.py","lineno":99}
{"timestamp":"2026-06-02T02:21:21.575474Z","level":"info","event":"26/06/02 02:21:21 INFO ParquetWriteSupport: Initialized Parquet WriteSupport with Catalyst schema:","logger":"airflow.task.hooks.airflow.providers.standard.hooks.subprocess.SubprocessHook","filename":"subprocess.py","lineno":99}
{"timestamp":"2026-06-02T02:21:21.575494Z","level":"info","event":"{","logger":"airflow.task.hooks.airflow.providers.standard.hooks.subprocess.SubprocessHook","filename":"subprocess.py","lineno":99}
{"timestamp":"2026-06-02T02:21:21.575512Z","level":"info","event":"  \"type\" : \"struct\",","logger":"airflow.task.hooks.airflow.providers.standard.hooks.subprocess.SubprocessHook","filename":"subprocess.py","lineno":99}
{"timestamp":"2026-06-02T02:21:21.575531Z","level":"info","event":"  \"fields\" : [ {","logger":"airflow.task.hooks.airflow.providers.standard.hooks.subprocess.SubprocessHook","filename":"subprocess.py","lineno":99}
{"timestamp":"2026-06-02T02:21:21.575550Z","level":"info","event":"    \"name\" : \"product_name\",","logger":"airflow.task.hooks.airflow.providers.standard.hooks.subprocess.SubprocessHook","filename":"subprocess.py","lineno":99}
{"timestamp":"2026-06-02T02:21:21.575570Z","level":"info","event":"    \"type\" : \"string\",","logger":"airflow.task.hooks.airflow.providers.standard.hooks.subprocess.SubprocessHook","filename":"subprocess.py","lineno":99}
{"timestamp":"2026-06-02T02:21:21.575595Z","level":"info","event":"    \"nullable\" : true,","logger":"airflow.task.hooks.airflow.providers.standard.hooks.subprocess.SubprocessHook","filename":"subprocess.py","lineno":99}
{"timestamp":"2026-06-02T02:21:21.575614Z","level":"info","event":"    \"metadata\" : { }","logger":"airflow.task.hooks.airflow.providers.standard.hooks.subprocess.SubprocessHook","filename":"subprocess.py","lineno":99}
{"timestamp":"2026-06-02T02:21:21.575634Z","level":"info","event":"  }, {","logger":"airflow.task.hooks.airflow.providers.standard.hooks.subprocess.SubprocessHook","filename":"subprocess.py","lineno":99}
{"timestamp":"2026-06-02T02:21:21.575666Z","level":"info","event":"    \"name\" : \"value\",","logger":"airflow.task.hooks.airflow.providers.standard.hooks.subprocess.SubprocessHook","filename":"subprocess.py","lineno":99}
{"timestamp":"2026-06-02T02:21:21.575696Z","level":"info","event":"    \"type\" : \"double\",","logger":"airflow.task.hooks.airflow.providers.standard.hooks.subprocess.SubprocessHook","filename":"subprocess.py","lineno":99}
{"timestamp":"2026-06-02T02:21:21.575719Z","level":"info","event":"    \"nullable\" : true,","logger":"airflow.task.hooks.airflow.providers.standard.hooks.subprocess.SubprocessHook","filename":"subprocess.py","lineno":99}
{"timestamp":"2026-06-02T02:21:21.575738Z","level":"info","event":"    \"metadata\" : { }","logger":"airflow.task.hooks.airflow.providers.standard.hooks.subprocess.SubprocessHook","filename":"subprocess.py","lineno":99}
{"timestamp":"2026-06-02T02:21:21.575758Z","level":"info","event":"  }, {","logger":"airflow.task.hooks.airflow.providers.standard.hooks.subprocess.SubprocessHook","filename":"subprocess.py","lineno":99}
{"timestamp":"2026-06-02T02:21:21.575778Z","level":"info","event":"    \"name\" : \"unit\",","logger":"airflow.task.hooks.airflow.providers.standard.hooks.subprocess.SubprocessHook","filename":"subprocess.py","lineno":99}
{"timestamp":"2026-06-02T02:21:21.575796Z","level":"info","event":"    \"type\" : \"string\",","logger":"airflow.task.hooks.airflow.providers.standard.hooks.subprocess.SubprocessHook","filename":"subprocess.py","lineno":99}
{"timestamp":"2026-06-02T02:21:21.575816Z","level":"info","event":"    \"nullable\" : true,","logger":"airflow.task.hooks.airflow.providers.standard.hooks.subprocess.SubprocessHook","filename":"subprocess.py","lineno":99}
{"timestamp":"2026-06-02T02:21:21.575835Z","level":"info","event":"    \"metadata\" : { }","logger":"airflow.task.hooks.airflow.providers.standard.hooks.subprocess.SubprocessHook","filename":"subprocess.py","lineno":99}
{"timestamp":"2026-06-02T02:21:21.575854Z","level":"info","event":"  }, {","logger":"airflow.task.hooks.airflow.providers.standard.hooks.subprocess.SubprocessHook","filename":"subprocess.py","lineno":99}
{"timestamp":"2026-06-02T02:21:21.575923Z","level":"info","event":"    \"name\" : \"month\",","logger":"airflow.task.hooks.airflow.providers.standard.hooks.subprocess.SubprocessHook","filename":"subprocess.py","lineno":99}
{"timestamp":"2026-06-02T02:21:21.575970Z","level":"info","event":"    \"type\" : \"integer\",","logger":"airflow.task.hooks.airflow.providers.standard.hooks.subprocess.SubprocessHook","filename":"subprocess.py","lineno":99}
{"timestamp":"2026-06-02T02:21:21.575996Z","level":"info","event":"    \"nullable\" : true,","logger":"airflow.task.hooks.airflow.providers.standard.hooks.subprocess.SubprocessHook","filename":"subprocess.py","lineno":99}
{"timestamp":"2026-06-02T02:21:21.576017Z","level":"info","event":"    \"metadata\" : { }","logger":"airflow.task.hooks.airflow.providers.standard.hooks.subprocess.SubprocessHook","filename":"subprocess.py","lineno":99}
{"timestamp":"2026-06-02T02:21:21.576036Z","level":"info","event":"  }, {","logger":"airflow.task.hooks.airflow.providers.standard.hooks.subprocess.SubprocessHook","filename":"subprocess.py","lineno":99}
{"timestamp":"2026-06-02T02:21:21.576055Z","level":"info","event":"    \"name\" : \"quarter\",","logger":"airflow.task.hooks.airflow.providers.standard.hooks.subprocess.SubprocessHook","filename":"subprocess.py","lineno":99}
{"timestamp":"2026-06-02T02:21:21.576075Z","level":"info","event":"    \"type\" : \"integer\",","logger":"airflow.task.hooks.airflow.providers.standard.hooks.subprocess.SubprocessHook","filename":"subprocess.py","lineno":99}
{"timestamp":"2026-06-02T02:21:21.576094Z","level":"info","event":"    \"nullable\" : true,","logger":"airflow.task.hooks.airflow.providers.standard.hooks.subprocess.SubprocessHook","filename":"subprocess.py","lineno":99}
{"timestamp":"2026-06-02T02:21:21.576113Z","level":"info","event":"    \"metadata\" : { }","logger":"airflow.task.hooks.airflow.providers.standard.hooks.subprocess.SubprocessHook","filename":"subprocess.py","lineno":99}
{"timestamp":"2026-06-02T02:21:21.576133Z","level":"info","event":"  }, {","logger":"airflow.task.hooks.airflow.providers.standard.hooks.subprocess.SubprocessHook","filename":"subprocess.py","lineno":99}
{"timestamp":"2026-06-02T02:21:21.576153Z","level":"info","event":"    \"name\" : \"year\",","logger":"airflow.task.hooks.airflow.providers.standard.hooks.subprocess.SubprocessHook","filename":"subprocess.py","lineno":99}
{"timestamp":"2026-06-02T02:21:21.576171Z","level":"info","event":"    \"type\" : \"integer\",","logger":"airflow.task.hooks.airflow.providers.standard.hooks.subprocess.SubprocessHook","filename":"subprocess.py","lineno":99}
{"timestamp":"2026-06-02T02:21:21.576190Z","level":"info","event":"    \"nullable\" : true,","logger":"airflow.task.hooks.airflow.providers.standard.hooks.subprocess.SubprocessHook","filename":"subprocess.py","lineno":99}
{"timestamp":"2026-06-02T02:21:21.576208Z","level":"info","event":"    \"metadata\" : { }","logger":"airflow.task.hooks.airflow.providers.standard.hooks.subprocess.SubprocessHook","filename":"subprocess.py","lineno":99}
{"timestamp":"2026-06-02T02:21:21.576227Z","level":"info","event":"  }, {","logger":"airflow.task.hooks.airflow.providers.standard.hooks.subprocess.SubprocessHook","filename":"subprocess.py","lineno":99}
{"timestamp":"2026-06-02T02:21:21.576246Z","level":"info","event":"    \"name\" : \"ingest_at\",","logger":"airflow.task.hooks.airflow.providers.standard.hooks.subprocess.SubprocessHook","filename":"subprocess.py","lineno":99}
{"timestamp":"2026-06-02T02:21:21.576264Z","level":"info","event":"    \"type\" : \"timestamp\",","logger":"airflow.task.hooks.airflow.providers.standard.hooks.subprocess.SubprocessHook","filename":"subprocess.py","lineno":99}
{"timestamp":"2026-06-02T02:21:21.576283Z","level":"info","event":"    \"nullable\" : true,","logger":"airflow.task.hooks.airflow.providers.standard.hooks.subprocess.SubprocessHook","filename":"subprocess.py","lineno":99}
{"timestamp":"2026-06-02T02:21:21.576301Z","level":"info","event":"    \"metadata\" : { }","logger":"airflow.task.hooks.airflow.providers.standard.hooks.subprocess.SubprocessHook","filename":"subprocess.py","lineno":99}
{"timestamp":"2026-06-02T02:21:21.576320Z","level":"info","event":"  } ]","logger":"airflow.task.hooks.airflow.providers.standard.hooks.subprocess.SubprocessHook","filename":"subprocess.py","lineno":99}
{"timestamp":"2026-06-02T02:21:21.576362Z","level":"info","event":"}","logger":"airflow.task.hooks.airflow.providers.standard.hooks.subprocess.SubprocessHook","filename":"subprocess.py","lineno":99}
{"timestamp":"2026-06-02T02:21:21.576395Z","level":"info","event":"and corresponding Parquet message type:","logger":"airflow.task.hooks.airflow.providers.standard.hooks.subprocess.SubprocessHook","filename":"subprocess.py","lineno":99}
{"timestamp":"2026-06-02T02:21:21.576420Z","level":"info","event":"message spark_schema {","logger":"airflow.task.hooks.airflow.providers.standard.hooks.subprocess.SubprocessHook","filename":"subprocess.py","lineno":99}
{"timestamp":"2026-06-02T02:21:21.576442Z","level":"info","event":"  optional binary product_name (STRING);","logger":"airflow.task.hooks.airflow.providers.standard.hooks.subprocess.SubprocessHook","filename":"subprocess.py","lineno":99}
{"timestamp":"2026-06-02T02:21:21.576461Z","level":"info","event":"  optional double value;","logger":"airflow.task.hooks.airflow.providers.standard.hooks.subprocess.SubprocessHook","filename":"subprocess.py","lineno":99}
{"timestamp":"2026-06-02T02:21:21.576480Z","level":"info","event":"  optional binary unit (STRING);","logger":"airflow.task.hooks.airflow.providers.standard.hooks.subprocess.SubprocessHook","filename":"subprocess.py","lineno":99}
{"timestamp":"2026-06-02T02:21:21.576499Z","level":"info","event":"  optional int32 month;","logger":"airflow.task.hooks.airflow.providers.standard.hooks.subprocess.SubprocessHook","filename":"subprocess.py","lineno":99}
{"timestamp":"2026-06-02T02:21:21.576518Z","level":"info","event":"  optional int32 quarter;","logger":"airflow.task.hooks.airflow.providers.standard.hooks.subprocess.SubprocessHook","filename":"subprocess.py","lineno":99}
{"timestamp":"2026-06-02T02:21:21.576569Z","level":"info","event":"  optional int32 year;","logger":"airflow.task.hooks.airflow.providers.standard.hooks.subprocess.SubprocessHook","filename":"subprocess.py","lineno":99}
{"timestamp":"2026-06-02T02:21:21.576594Z","level":"info","event":"  optional int96 ingest_at;","logger":"airflow.task.hooks.airflow.providers.standard.hooks.subprocess.SubprocessHook","filename":"subprocess.py","lineno":99}
{"timestamp":"2026-06-02T02:21:21.576617Z","level":"info","event":"}","logger":"airflow.task.hooks.airflow.providers.standard.hooks.subprocess.SubprocessHook","filename":"subprocess.py","lineno":99}
{"timestamp":"2026-06-02T02:21:21.576638Z","level":"info","event":"","logger":"airflow.task.hooks.airflow.providers.standard.hooks.subprocess.SubprocessHook","filename":"subprocess.py","lineno":99}
{"timestamp":"2026-06-02T02:21:21.576658Z","level":"info","event":"","logger":"airflow.task.hooks.airflow.providers.standard.hooks.subprocess.SubprocessHook","filename":"subprocess.py","lineno":99}
{"timestamp":"2026-06-02T02:21:21.576676Z","level":"info","event":"26/06/02 02:21:21 INFO ParquetWriteSupport: Initialized Parquet WriteSupport with Catalyst schema:","logger":"airflow.task.hooks.airflow.providers.standard.hooks.subprocess.SubprocessHook","filename":"subprocess.py","lineno":99}
{"timestamp":"2026-06-02T02:21:21.576698Z","level":"info","event":"{","logger":"airflow.task.hooks.airflow.providers.standard.hooks.subprocess.SubprocessHook","filename":"subprocess.py","lineno":99}
{"timestamp":"2026-06-02T02:21:21.576724Z","level":"info","event":"  \"type\" : \"struct\",","logger":"airflow.task.hooks.airflow.providers.standard.hooks.subprocess.SubprocessHook","filename":"subprocess.py","lineno":99}
{"timestamp":"2026-06-02T02:21:21.576743Z","level":"info","event":"  \"fields\" : [ {","logger":"airflow.task.hooks.airflow.providers.standard.hooks.subprocess.SubprocessHook","filename":"subprocess.py","lineno":99}
{"timestamp":"2026-06-02T02:21:21.576762Z","level":"info","event":"    \"name\" : \"product_name\",","logger":"airflow.task.hooks.airflow.providers.standard.hooks.subprocess.SubprocessHook","filename":"subprocess.py","lineno":99}
{"timestamp":"2026-06-02T02:21:21.576781Z","level":"info","event":"    \"type\" : \"string\",","logger":"airflow.task.hooks.airflow.providers.standard.hooks.subprocess.SubprocessHook","filename":"subprocess.py","lineno":99}
{"timestamp":"2026-06-02T02:21:21.576801Z","level":"info","event":"    \"nullable\" : true,","logger":"airflow.task.hooks.airflow.providers.standard.hooks.subprocess.SubprocessHook","filename":"subprocess.py","lineno":99}
{"timestamp":"2026-06-02T02:21:21.576820Z","level":"info","event":"    \"metadata\" : { }","logger":"airflow.task.hooks.airflow.providers.standard.hooks.subprocess.SubprocessHook","filename":"subprocess.py","lineno":99}
{"timestamp":"2026-06-02T02:21:21.576839Z","level":"info","event":"  }, {","logger":"airflow.task.hooks.airflow.providers.standard.hooks.subprocess.SubprocessHook","filename":"subprocess.py","lineno":99}
{"timestamp":"2026-06-02T02:21:21.576858Z","level":"info","event":"    \"name\" : \"value\",","logger":"airflow.task.hooks.airflow.providers.standard.hooks.subprocess.SubprocessHook","filename":"subprocess.py","lineno":99}
{"timestamp":"2026-06-02T02:21:21.576878Z","level":"info","event":"    \"type\" : \"double\",","logger":"airflow.task.hooks.airflow.providers.standard.hooks.subprocess.SubprocessHook","filename":"subprocess.py","lineno":99}
{"timestamp":"2026-06-02T02:21:21.576897Z","level":"info","event":"    \"nullable\" : true,","logger":"airflow.task.hooks.airflow.providers.standard.hooks.subprocess.SubprocessHook","filename":"subprocess.py","lineno":99}
{"timestamp":"2026-06-02T02:21:21.576915Z","level":"info","event":"    \"metadata\" : { }","logger":"airflow.task.hooks.airflow.providers.standard.hooks.subprocess.SubprocessHook","filename":"subprocess.py","lineno":99}
{"timestamp":"2026-06-02T02:21:21.576934Z","level":"info","event":"  }, {","logger":"airflow.task.hooks.airflow.providers.standard.hooks.subprocess.SubprocessHook","filename":"subprocess.py","lineno":99}
{"timestamp":"2026-06-02T02:21:21.576953Z","level":"info","event":"    \"name\" : \"unit\",","logger":"airflow.task.hooks.airflow.providers.standard.hooks.subprocess.SubprocessHook","filename":"subprocess.py","lineno":99}
{"timestamp":"2026-06-02T02:21:21.576971Z","level":"info","event":"    \"type\" : \"string\",","logger":"airflow.task.hooks.airflow.providers.standard.hooks.subprocess.SubprocessHook","filename":"subprocess.py","lineno":99}
{"timestamp":"2026-06-02T02:21:21.576990Z","level":"info","event":"    \"nullable\" : true,","logger":"airflow.task.hooks.airflow.providers.standard.hooks.subprocess.SubprocessHook","filename":"subprocess.py","lineno":99}
{"timestamp":"2026-06-02T02:21:21.577008Z","level":"info","event":"    \"metadata\" : { }","logger":"airflow.task.hooks.airflow.providers.standard.hooks.subprocess.SubprocessHook","filename":"subprocess.py","lineno":99}
{"timestamp":"2026-06-02T02:21:21.577027Z","level":"info","event":"  }, {","logger":"airflow.task.hooks.airflow.providers.standard.hooks.subprocess.SubprocessHook","filename":"subprocess.py","lineno":99}
{"timestamp":"2026-06-02T02:21:21.577045Z","level":"info","event":"    \"name\" : \"month\",","logger":"airflow.task.hooks.airflow.providers.standard.hooks.subprocess.SubprocessHook","filename":"subprocess.py","lineno":99}
{"timestamp":"2026-06-02T02:21:21.577064Z","level":"info","event":"    \"type\" : \"integer\",","logger":"airflow.task.hooks.airflow.providers.standard.hooks.subprocess.SubprocessHook","filename":"subprocess.py","lineno":99}
{"timestamp":"2026-06-02T02:21:21.577083Z","level":"info","event":"    \"nullable\" : true,","logger":"airflow.task.hooks.airflow.providers.standard.hooks.subprocess.SubprocessHook","filename":"subprocess.py","lineno":99}
{"timestamp":"2026-06-02T02:21:21.577106Z","level":"info","event":"    \"metadata\" : { }","logger":"airflow.task.hooks.airflow.providers.standard.hooks.subprocess.SubprocessHook","filename":"subprocess.py","lineno":99}
{"timestamp":"2026-06-02T02:21:21.577129Z","level":"info","event":"  }, {","logger":"airflow.task.hooks.airflow.providers.standard.hooks.subprocess.SubprocessHook","filename":"subprocess.py","lineno":99}
{"timestamp":"2026-06-02T02:21:21.577148Z","level":"info","event":"    \"name\" : \"quarter\",","logger":"airflow.task.hooks.airflow.providers.standard.hooks.subprocess.SubprocessHook","filename":"subprocess.py","lineno":99}
{"timestamp":"2026-06-02T02:21:21.577167Z","level":"info","event":"    \"type\" : \"integer\",","logger":"airflow.task.hooks.airflow.providers.standard.hooks.subprocess.SubprocessHook","filename":"subprocess.py","lineno":99}
{"timestamp":"2026-06-02T02:21:21.577185Z","level":"info","event":"    \"nullable\" : true,","logger":"airflow.task.hooks.airflow.providers.standard.hooks.subprocess.SubprocessHook","filename":"subprocess.py","lineno":99}
{"timestamp":"2026-06-02T02:21:21.628853Z","level":"info","event":"    \"metadata\" : { }","logger":"airflow.task.hooks.airflow.providers.standard.hooks.subprocess.SubprocessHook","filename":"subprocess.py","lineno":99}
{"timestamp":"2026-06-02T02:21:21.629028Z","level":"info","event":"  }, {","logger":"airflow.task.hooks.airflow.providers.standard.hooks.subprocess.SubprocessHook","filename":"subprocess.py","lineno":99}
{"timestamp":"2026-06-02T02:21:21.629151Z","level":"info","event":"    \"name\" : \"year\",","logger":"airflow.task.hooks.airflow.providers.standard.hooks.subprocess.SubprocessHook","filename":"subprocess.py","lineno":99}
{"timestamp":"2026-06-02T02:21:21.629299Z","level":"info","event":"    \"type\" : \"integer\",","logger":"airflow.task.hooks.airflow.providers.standard.hooks.subprocess.SubprocessHook","filename":"subprocess.py","lineno":99}
{"timestamp":"2026-06-02T02:21:21.629355Z","level":"info","event":"    \"nullable\" : true,","logger":"airflow.task.hooks.airflow.providers.standard.hooks.subprocess.SubprocessHook","filename":"subprocess.py","lineno":99}
{"timestamp":"2026-06-02T02:21:21.629384Z","level":"info","event":"    \"metadata\" : { }","logger":"airflow.task.hooks.airflow.providers.standard.hooks.subprocess.SubprocessHook","filename":"subprocess.py","lineno":99}
{"timestamp":"2026-06-02T02:21:21.629408Z","level":"info","event":"  }, {","logger":"airflow.task.hooks.airflow.providers.standard.hooks.subprocess.SubprocessHook","filename":"subprocess.py","lineno":99}
{"timestamp":"2026-06-02T02:21:21.629431Z","level":"info","event":"    \"name\" : \"ingest_at\",","logger":"airflow.task.hooks.airflow.providers.standard.hooks.subprocess.SubprocessHook","filename":"subprocess.py","lineno":99}
{"timestamp":"2026-06-02T02:21:21.629455Z","level":"info","event":"    \"type\" : \"timestamp\",","logger":"airflow.task.hooks.airflow.providers.standard.hooks.subprocess.SubprocessHook","filename":"subprocess.py","lineno":99}
{"timestamp":"2026-06-02T02:21:21.629478Z","level":"info","event":"    \"nullable\" : true,","logger":"airflow.task.hooks.airflow.providers.standard.hooks.subprocess.SubprocessHook","filename":"subprocess.py","lineno":99}
{"timestamp":"2026-06-02T02:21:21.629500Z","level":"info","event":"    \"metadata\" : { }","logger":"airflow.task.hooks.airflow.providers.standard.hooks.subprocess.SubprocessHook","filename":"subprocess.py","lineno":99}
{"timestamp":"2026-06-02T02:21:21.629522Z","level":"info","event":"  } ]","logger":"airflow.task.hooks.airflow.providers.standard.hooks.subprocess.SubprocessHook","filename":"subprocess.py","lineno":99}
{"timestamp":"2026-06-02T02:21:21.629544Z","level":"info","event":"}","logger":"airflow.task.hooks.airflow.providers.standard.hooks.subprocess.SubprocessHook","filename":"subprocess.py","lineno":99}
{"timestamp":"2026-06-02T02:21:21.629592Z","level":"info","event":"and corresponding Parquet message type:","logger":"airflow.task.hooks.airflow.providers.standard.hooks.subprocess.SubprocessHook","filename":"subprocess.py","lineno":99}
{"timestamp":"2026-06-02T02:21:21.629630Z","level":"info","event":"message spark_schema {","logger":"airflow.task.hooks.airflow.providers.standard.hooks.subprocess.SubprocessHook","filename":"subprocess.py","lineno":99}
{"timestamp":"2026-06-02T02:21:21.629659Z","level":"info","event":"  optional binary product_name (STRING);","logger":"airflow.task.hooks.airflow.providers.standard.hooks.subprocess.SubprocessHook","filename":"subprocess.py","lineno":99}
{"timestamp":"2026-06-02T02:21:21.629681Z","level":"info","event":"  optional double value;","logger":"airflow.task.hooks.airflow.providers.standard.hooks.subprocess.SubprocessHook","filename":"subprocess.py","lineno":99}
{"timestamp":"2026-06-02T02:21:21.629704Z","level":"info","event":"  optional binary unit (STRING);","logger":"airflow.task.hooks.airflow.providers.standard.hooks.subprocess.SubprocessHook","filename":"subprocess.py","lineno":99}
{"timestamp":"2026-06-02T02:21:21.629726Z","level":"info","event":"  optional int32 month;","logger":"airflow.task.hooks.airflow.providers.standard.hooks.subprocess.SubprocessHook","filename":"subprocess.py","lineno":99}
{"timestamp":"2026-06-02T02:21:21.629749Z","level":"info","event":"  optional int32 quarter;","logger":"airflow.task.hooks.airflow.providers.standard.hooks.subprocess.SubprocessHook","filename":"subprocess.py","lineno":99}
{"timestamp":"2026-06-02T02:21:21.629781Z","level":"info","event":"  optional int32 year;","logger":"airflow.task.hooks.airflow.providers.standard.hooks.subprocess.SubprocessHook","filename":"subprocess.py","lineno":99}
{"timestamp":"2026-06-02T02:21:21.629804Z","level":"info","event":"  optional int96 ingest_at;","logger":"airflow.task.hooks.airflow.providers.standard.hooks.subprocess.SubprocessHook","filename":"subprocess.py","lineno":99}
{"timestamp":"2026-06-02T02:21:21.629827Z","level":"info","event":"}","logger":"airflow.task.hooks.airflow.providers.standard.hooks.subprocess.SubprocessHook","filename":"subprocess.py","lineno":99}
{"timestamp":"2026-06-02T02:21:21.629850Z","level":"info","event":"","logger":"airflow.task.hooks.airflow.providers.standard.hooks.subprocess.SubprocessHook","filename":"subprocess.py","lineno":99}
{"timestamp":"2026-06-02T02:21:21.629873Z","level":"info","event":"","logger":"airflow.task.hooks.airflow.providers.standard.hooks.subprocess.SubprocessHook","filename":"subprocess.py","lineno":99}
{"timestamp":"2026-06-02T02:21:21.629895Z","level":"info","event":"26/06/02 02:21:21 INFO ParquetWriteSupport: Initialized Parquet WriteSupport with Catalyst schema:","logger":"airflow.task.hooks.airflow.providers.standard.hooks.subprocess.SubprocessHook","filename":"subprocess.py","lineno":99}
{"timestamp":"2026-06-02T02:21:21.629918Z","level":"info","event":"{","logger":"airflow.task.hooks.airflow.providers.standard.hooks.subprocess.SubprocessHook","filename":"subprocess.py","lineno":99}
{"timestamp":"2026-06-02T02:21:21.629941Z","level":"info","event":"  \"type\" : \"struct\",","logger":"airflow.task.hooks.airflow.providers.standard.hooks.subprocess.SubprocessHook","filename":"subprocess.py","lineno":99}
{"timestamp":"2026-06-02T02:21:21.629963Z","level":"info","event":"  \"fields\" : [ {","logger":"airflow.task.hooks.airflow.providers.standard.hooks.subprocess.SubprocessHook","filename":"subprocess.py","lineno":99}
{"timestamp":"2026-06-02T02:21:21.629985Z","level":"info","event":"    \"name\" : \"product_name\",","logger":"airflow.task.hooks.airflow.providers.standard.hooks.subprocess.SubprocessHook","filename":"subprocess.py","lineno":99}
{"timestamp":"2026-06-02T02:21:21.630007Z","level":"info","event":"    \"type\" : \"string\",","logger":"airflow.task.hooks.airflow.providers.standard.hooks.subprocess.SubprocessHook","filename":"subprocess.py","lineno":99}
{"timestamp":"2026-06-02T02:21:21.630033Z","level":"info","event":"    \"nullable\" : true,","logger":"airflow.task.hooks.airflow.providers.standard.hooks.subprocess.SubprocessHook","filename":"subprocess.py","lineno":99}
{"timestamp":"2026-06-02T02:21:21.630071Z","level":"info","event":"    \"metadata\" : { }","logger":"airflow.task.hooks.airflow.providers.standard.hooks.subprocess.SubprocessHook","filename":"subprocess.py","lineno":99}
{"timestamp":"2026-06-02T02:21:21.630106Z","level":"info","event":"  }, {","logger":"airflow.task.hooks.airflow.providers.standard.hooks.subprocess.SubprocessHook","filename":"subprocess.py","lineno":99}
{"timestamp":"2026-06-02T02:21:21.630149Z","level":"info","event":"    \"name\" : \"value\",","logger":"airflow.task.hooks.airflow.providers.standard.hooks.subprocess.SubprocessHook","filename":"subprocess.py","lineno":99}
{"timestamp":"2026-06-02T02:21:21.630189Z","level":"info","event":"    \"type\" : \"double\",","logger":"airflow.task.hooks.airflow.providers.standard.hooks.subprocess.SubprocessHook","filename":"subprocess.py","lineno":99}
{"timestamp":"2026-06-02T02:21:21.630232Z","level":"info","event":"    \"nullable\" : true,","logger":"airflow.task.hooks.airflow.providers.standard.hooks.subprocess.SubprocessHook","filename":"subprocess.py","lineno":99}
{"timestamp":"2026-06-02T02:21:21.630271Z","level":"info","event":"    \"metadata\" : { }","logger":"airflow.task.hooks.airflow.providers.standard.hooks.subprocess.SubprocessHook","filename":"subprocess.py","lineno":99}
{"timestamp":"2026-06-02T02:21:21.630332Z","level":"info","event":"  }, {","logger":"airflow.task.hooks.airflow.providers.standard.hooks.subprocess.SubprocessHook","filename":"subprocess.py","lineno":99}
{"timestamp":"2026-06-02T02:21:21.630382Z","level":"info","event":"    \"name\" : \"unit\",","logger":"airflow.task.hooks.airflow.providers.standard.hooks.subprocess.SubprocessHook","filename":"subprocess.py","lineno":99}
{"timestamp":"2026-06-02T02:21:21.630426Z","level":"info","event":"    \"type\" : \"string\",","logger":"airflow.task.hooks.airflow.providers.standard.hooks.subprocess.SubprocessHook","filename":"subprocess.py","lineno":99}
{"timestamp":"2026-06-02T02:21:21.630474Z","level":"info","event":"    \"nullable\" : true,","logger":"airflow.task.hooks.airflow.providers.standard.hooks.subprocess.SubprocessHook","filename":"subprocess.py","lineno":99}
{"timestamp":"2026-06-02T02:21:21.630515Z","level":"info","event":"    \"metadata\" : { }","logger":"airflow.task.hooks.airflow.providers.standard.hooks.subprocess.SubprocessHook","filename":"subprocess.py","lineno":99}
{"timestamp":"2026-06-02T02:21:21.630561Z","level":"info","event":"  }, {","logger":"airflow.task.hooks.airflow.providers.standard.hooks.subprocess.SubprocessHook","filename":"subprocess.py","lineno":99}
{"timestamp":"2026-06-02T02:21:21.630608Z","level":"info","event":"    \"name\" : \"month\",","logger":"airflow.task.hooks.airflow.providers.standard.hooks.subprocess.SubprocessHook","filename":"subprocess.py","lineno":99}
{"timestamp":"2026-06-02T02:21:21.630650Z","level":"info","event":"    \"type\" : \"integer\",","logger":"airflow.task.hooks.airflow.providers.standard.hooks.subprocess.SubprocessHook","filename":"subprocess.py","lineno":99}
{"timestamp":"2026-06-02T02:21:21.630691Z","level":"info","event":"    \"nullable\" : true,","logger":"airflow.task.hooks.airflow.providers.standard.hooks.subprocess.SubprocessHook","filename":"subprocess.py","lineno":99}
{"timestamp":"2026-06-02T02:21:21.630732Z","level":"info","event":"    \"metadata\" : { }","logger":"airflow.task.hooks.airflow.providers.standard.hooks.subprocess.SubprocessHook","filename":"subprocess.py","lineno":99}
{"timestamp":"2026-06-02T02:21:21.630773Z","level":"info","event":"  }, {","logger":"airflow.task.hooks.airflow.providers.standard.hooks.subprocess.SubprocessHook","filename":"subprocess.py","lineno":99}
{"timestamp":"2026-06-02T02:21:21.630813Z","level":"info","event":"    \"name\" : \"quarter\",","logger":"airflow.task.hooks.airflow.providers.standard.hooks.subprocess.SubprocessHook","filename":"subprocess.py","lineno":99}
{"timestamp":"2026-06-02T02:21:21.630849Z","level":"info","event":"    \"type\" : \"integer\",","logger":"airflow.task.hooks.airflow.providers.standard.hooks.subprocess.SubprocessHook","filename":"subprocess.py","lineno":99}
{"timestamp":"2026-06-02T02:21:21.630886Z","level":"info","event":"    \"nullable\" : true,","logger":"airflow.task.hooks.airflow.providers.standard.hooks.subprocess.SubprocessHook","filename":"subprocess.py","lineno":99}
{"timestamp":"2026-06-02T02:21:21.630924Z","level":"info","event":"    \"metadata\" : { }","logger":"airflow.task.hooks.airflow.providers.standard.hooks.subprocess.SubprocessHook","filename":"subprocess.py","lineno":99}
{"timestamp":"2026-06-02T02:21:21.631012Z","level":"info","event":"  }, {","logger":"airflow.task.hooks.airflow.providers.standard.hooks.subprocess.SubprocessHook","filename":"subprocess.py","lineno":99}
{"timestamp":"2026-06-02T02:21:21.631073Z","level":"info","event":"    \"name\" : \"year\",","logger":"airflow.task.hooks.airflow.providers.standard.hooks.subprocess.SubprocessHook","filename":"subprocess.py","lineno":99}
{"timestamp":"2026-06-02T02:21:21.631116Z","level":"info","event":"    \"type\" : \"integer\",","logger":"airflow.task.hooks.airflow.providers.standard.hooks.subprocess.SubprocessHook","filename":"subprocess.py","lineno":99}
{"timestamp":"2026-06-02T02:21:21.631155Z","level":"info","event":"    \"nullable\" : true,","logger":"airflow.task.hooks.airflow.providers.standard.hooks.subprocess.SubprocessHook","filename":"subprocess.py","lineno":99}
{"timestamp":"2026-06-02T02:21:21.631195Z","level":"info","event":"    \"metadata\" : { }","logger":"airflow.task.hooks.airflow.providers.standard.hooks.subprocess.SubprocessHook","filename":"subprocess.py","lineno":99}
{"timestamp":"2026-06-02T02:21:21.631236Z","level":"info","event":"  }, {","logger":"airflow.task.hooks.airflow.providers.standard.hooks.subprocess.SubprocessHook","filename":"subprocess.py","lineno":99}
{"timestamp":"2026-06-02T02:21:21.631275Z","level":"info","event":"    \"name\" : \"ingest_at\",","logger":"airflow.task.hooks.airflow.providers.standard.hooks.subprocess.SubprocessHook","filename":"subprocess.py","lineno":99}
{"timestamp":"2026-06-02T02:21:21.631315Z","level":"info","event":"    \"type\" : \"timestamp\",","logger":"airflow.task.hooks.airflow.providers.standard.hooks.subprocess.SubprocessHook","filename":"subprocess.py","lineno":99}
{"timestamp":"2026-06-02T02:21:21.631352Z","level":"info","event":"    \"nullable\" : true,","logger":"airflow.task.hooks.airflow.providers.standard.hooks.subprocess.SubprocessHook","filename":"subprocess.py","lineno":99}
{"timestamp":"2026-06-02T02:21:21.631391Z","level":"info","event":"    \"metadata\" : { }","logger":"airflow.task.hooks.airflow.providers.standard.hooks.subprocess.SubprocessHook","filename":"subprocess.py","lineno":99}
{"timestamp":"2026-06-02T02:21:21.631431Z","level":"info","event":"  } ]","logger":"airflow.task.hooks.airflow.providers.standard.hooks.subprocess.SubprocessHook","filename":"subprocess.py","lineno":99}
{"timestamp":"2026-06-02T02:21:21.631467Z","level":"info","event":"}","logger":"airflow.task.hooks.airflow.providers.standard.hooks.subprocess.SubprocessHook","filename":"subprocess.py","lineno":99}
{"timestamp":"2026-06-02T02:21:21.631503Z","level":"info","event":"and corresponding Parquet message type:","logger":"airflow.task.hooks.airflow.providers.standard.hooks.subprocess.SubprocessHook","filename":"subprocess.py","lineno":99}
{"timestamp":"2026-06-02T02:21:21.631538Z","level":"info","event":"message spark_schema {","logger":"airflow.task.hooks.airflow.providers.standard.hooks.subprocess.SubprocessHook","filename":"subprocess.py","lineno":99}
{"timestamp":"2026-06-02T02:21:21.631573Z","level":"info","event":"  optional binary product_name (STRING);","logger":"airflow.task.hooks.airflow.providers.standard.hooks.subprocess.SubprocessHook","filename":"subprocess.py","lineno":99}
{"timestamp":"2026-06-02T02:21:21.631610Z","level":"info","event":"  optional double value;","logger":"airflow.task.hooks.airflow.providers.standard.hooks.subprocess.SubprocessHook","filename":"subprocess.py","lineno":99}
{"timestamp":"2026-06-02T02:21:21.631653Z","level":"info","event":"  optional binary unit (STRING);","logger":"airflow.task.hooks.airflow.providers.standard.hooks.subprocess.SubprocessHook","filename":"subprocess.py","lineno":99}
{"timestamp":"2026-06-02T02:21:21.631695Z","level":"info","event":"  optional int32 month;","logger":"airflow.task.hooks.airflow.providers.standard.hooks.subprocess.SubprocessHook","filename":"subprocess.py","lineno":99}
{"timestamp":"2026-06-02T02:21:21.631734Z","level":"info","event":"  optional int32 quarter;","logger":"airflow.task.hooks.airflow.providers.standard.hooks.subprocess.SubprocessHook","filename":"subprocess.py","lineno":99}
{"timestamp":"2026-06-02T02:21:21.631775Z","level":"info","event":"  optional int32 year;","logger":"airflow.task.hooks.airflow.providers.standard.hooks.subprocess.SubprocessHook","filename":"subprocess.py","lineno":99}
{"timestamp":"2026-06-02T02:21:21.631817Z","level":"info","event":"  optional int96 ingest_at;","logger":"airflow.task.hooks.airflow.providers.standard.hooks.subprocess.SubprocessHook","filename":"subprocess.py","lineno":99}
{"timestamp":"2026-06-02T02:21:21.631859Z","level":"info","event":"}","logger":"airflow.task.hooks.airflow.providers.standard.hooks.subprocess.SubprocessHook","filename":"subprocess.py","lineno":99}
{"timestamp":"2026-06-02T02:21:21.631900Z","level":"info","event":"","logger":"airflow.task.hooks.airflow.providers.standard.hooks.subprocess.SubprocessHook","filename":"subprocess.py","lineno":99}
{"timestamp":"2026-06-02T02:21:21.631943Z","level":"info","event":"","logger":"airflow.task.hooks.airflow.providers.standard.hooks.subprocess.SubprocessHook","filename":"subprocess.py","lineno":99}
{"timestamp":"2026-06-02T02:21:21.631983Z","level":"info","event":"26/06/02 02:21:21 INFO ParquetWriteSupport: Initialized Parquet WriteSupport with Catalyst schema:","logger":"airflow.task.hooks.airflow.providers.standard.hooks.subprocess.SubprocessHook","filename":"subprocess.py","lineno":99}
{"timestamp":"2026-06-02T02:21:21.632028Z","level":"info","event":"{","logger":"airflow.task.hooks.airflow.providers.standard.hooks.subprocess.SubprocessHook","filename":"subprocess.py","lineno":99}
{"timestamp":"2026-06-02T02:21:21.632075Z","level":"info","event":"  \"type\" : \"struct\",","logger":"airflow.task.hooks.airflow.providers.standard.hooks.subprocess.SubprocessHook","filename":"subprocess.py","lineno":99}
{"timestamp":"2026-06-02T02:21:21.632127Z","level":"info","event":"  \"fields\" : [ {","logger":"airflow.task.hooks.airflow.providers.standard.hooks.subprocess.SubprocessHook","filename":"subprocess.py","lineno":99}
{"timestamp":"2026-06-02T02:21:21.632171Z","level":"info","event":"    \"name\" : \"product_name\",","logger":"airflow.task.hooks.airflow.providers.standard.hooks.subprocess.SubprocessHook","filename":"subprocess.py","lineno":99}
{"timestamp":"2026-06-02T02:21:21.632199Z","level":"info","event":"    \"type\" : \"string\",","logger":"airflow.task.hooks.airflow.providers.standard.hooks.subprocess.SubprocessHook","filename":"subprocess.py","lineno":99}
{"timestamp":"2026-06-02T02:21:21.632225Z","level":"info","event":"    \"nullable\" : true,","logger":"airflow.task.hooks.airflow.providers.standard.hooks.subprocess.SubprocessHook","filename":"subprocess.py","lineno":99}
{"timestamp":"2026-06-02T02:21:21.632250Z","level":"info","event":"    \"metadata\" : { }","logger":"airflow.task.hooks.airflow.providers.standard.hooks.subprocess.SubprocessHook","filename":"subprocess.py","lineno":99}
{"timestamp":"2026-06-02T02:21:21.632274Z","level":"info","event":"  }, {","logger":"airflow.task.hooks.airflow.providers.standard.hooks.subprocess.SubprocessHook","filename":"subprocess.py","lineno":99}
{"timestamp":"2026-06-02T02:21:21.632298Z","level":"info","event":"    \"name\" : \"value\",","logger":"airflow.task.hooks.airflow.providers.standard.hooks.subprocess.SubprocessHook","filename":"subprocess.py","lineno":99}
{"timestamp":"2026-06-02T02:21:21.632324Z","level":"info","event":"    \"type\" : \"double\",","logger":"airflow.task.hooks.airflow.providers.standard.hooks.subprocess.SubprocessHook","filename":"subprocess.py","lineno":99}
{"timestamp":"2026-06-02T02:21:21.632356Z","level":"info","event":"    \"nullable\" : true,","logger":"airflow.task.hooks.airflow.providers.standard.hooks.subprocess.SubprocessHook","filename":"subprocess.py","lineno":99}
{"timestamp":"2026-06-02T02:21:21.632383Z","level":"info","event":"    \"metadata\" : { }","logger":"airflow.task.hooks.airflow.providers.standard.hooks.subprocess.SubprocessHook","filename":"subprocess.py","lineno":99}
{"timestamp":"2026-06-02T02:21:21.632408Z","level":"info","event":"  }, {","logger":"airflow.task.hooks.airflow.providers.standard.hooks.subprocess.SubprocessHook","filename":"subprocess.py","lineno":99}
{"timestamp":"2026-06-02T02:21:21.632432Z","level":"info","event":"    \"name\" : \"unit\",","logger":"airflow.task.hooks.airflow.providers.standard.hooks.subprocess.SubprocessHook","filename":"subprocess.py","lineno":99}
{"timestamp":"2026-06-02T02:21:21.632458Z","level":"info","event":"    \"type\" : \"string\",","logger":"airflow.task.hooks.airflow.providers.standard.hooks.subprocess.SubprocessHook","filename":"subprocess.py","lineno":99}
{"timestamp":"2026-06-02T02:21:21.632482Z","level":"info","event":"    \"nullable\" : true,","logger":"airflow.task.hooks.airflow.providers.standard.hooks.subprocess.SubprocessHook","filename":"subprocess.py","lineno":99}
{"timestamp":"2026-06-02T02:21:21.632504Z","level":"info","event":"    \"metadata\" : { }","logger":"airflow.task.hooks.airflow.providers.standard.hooks.subprocess.SubprocessHook","filename":"subprocess.py","lineno":99}
{"timestamp":"2026-06-02T02:21:21.632525Z","level":"info","event":"  }, {","logger":"airflow.task.hooks.airflow.providers.standard.hooks.subprocess.SubprocessHook","filename":"subprocess.py","lineno":99}
{"timestamp":"2026-06-02T02:21:21.632547Z","level":"info","event":"    \"name\" : \"month\",","logger":"airflow.task.hooks.airflow.providers.standard.hooks.subprocess.SubprocessHook","filename":"subprocess.py","lineno":99}
{"timestamp":"2026-06-02T02:21:21.632569Z","level":"info","event":"    \"type\" : \"integer\",","logger":"airflow.task.hooks.airflow.providers.standard.hooks.subprocess.SubprocessHook","filename":"subprocess.py","lineno":99}
{"timestamp":"2026-06-02T02:21:21.632595Z","level":"info","event":"    \"nullable\" : true,","logger":"airflow.task.hooks.airflow.providers.standard.hooks.subprocess.SubprocessHook","filename":"subprocess.py","lineno":99}
{"timestamp":"2026-06-02T02:21:21.632616Z","level":"info","event":"    \"metadata\" : { }","logger":"airflow.task.hooks.airflow.providers.standard.hooks.subprocess.SubprocessHook","filename":"subprocess.py","lineno":99}
{"timestamp":"2026-06-02T02:21:21.632637Z","level":"info","event":"  }, {","logger":"airflow.task.hooks.airflow.providers.standard.hooks.subprocess.SubprocessHook","filename":"subprocess.py","lineno":99}
{"timestamp":"2026-06-02T02:21:21.632658Z","level":"info","event":"    \"name\" : \"quarter\",","logger":"airflow.task.hooks.airflow.providers.standard.hooks.subprocess.SubprocessHook","filename":"subprocess.py","lineno":99}
{"timestamp":"2026-06-02T02:21:21.632685Z","level":"info","event":"    \"type\" : \"integer\",","logger":"airflow.task.hooks.airflow.providers.standard.hooks.subprocess.SubprocessHook","filename":"subprocess.py","lineno":99}
{"timestamp":"2026-06-02T02:21:21.632712Z","level":"info","event":"    \"nullable\" : true,","logger":"airflow.task.hooks.airflow.providers.standard.hooks.subprocess.SubprocessHook","filename":"subprocess.py","lineno":99}
{"timestamp":"2026-06-02T02:21:21.632735Z","level":"info","event":"    \"metadata\" : { }","logger":"airflow.task.hooks.airflow.providers.standard.hooks.subprocess.SubprocessHook","filename":"subprocess.py","lineno":99}
{"timestamp":"2026-06-02T02:21:21.632755Z","level":"info","event":"  }, {","logger":"airflow.task.hooks.airflow.providers.standard.hooks.subprocess.SubprocessHook","filename":"subprocess.py","lineno":99}
{"timestamp":"2026-06-02T02:21:21.632775Z","level":"info","event":"    \"name\" : \"year\",","logger":"airflow.task.hooks.airflow.providers.standard.hooks.subprocess.SubprocessHook","filename":"subprocess.py","lineno":99}
{"timestamp":"2026-06-02T02:21:21.632796Z","level":"info","event":"    \"type\" : \"integer\",","logger":"airflow.task.hooks.airflow.providers.standard.hooks.subprocess.SubprocessHook","filename":"subprocess.py","lineno":99}
{"timestamp":"2026-06-02T02:21:21.632816Z","level":"info","event":"    \"nullable\" : true,","logger":"airflow.task.hooks.airflow.providers.standard.hooks.subprocess.SubprocessHook","filename":"subprocess.py","lineno":99}
{"timestamp":"2026-06-02T02:21:21.632837Z","level":"info","event":"    \"metadata\" : { }","logger":"airflow.task.hooks.airflow.providers.standard.hooks.subprocess.SubprocessHook","filename":"subprocess.py","lineno":99}
{"timestamp":"2026-06-02T02:21:21.632858Z","level":"info","event":"  }, {","logger":"airflow.task.hooks.airflow.providers.standard.hooks.subprocess.SubprocessHook","filename":"subprocess.py","lineno":99}
{"timestamp":"2026-06-02T02:21:21.632879Z","level":"info","event":"    \"name\" : \"ingest_at\",","logger":"airflow.task.hooks.airflow.providers.standard.hooks.subprocess.SubprocessHook","filename":"subprocess.py","lineno":99}
{"timestamp":"2026-06-02T02:21:21.632900Z","level":"info","event":"    \"type\" : \"timestamp\",","logger":"airflow.task.hooks.airflow.providers.standard.hooks.subprocess.SubprocessHook","filename":"subprocess.py","lineno":99}
{"timestamp":"2026-06-02T02:21:21.632922Z","level":"info","event":"    \"nullable\" : true,","logger":"airflow.task.hooks.airflow.providers.standard.hooks.subprocess.SubprocessHook","filename":"subprocess.py","lineno":99}
{"timestamp":"2026-06-02T02:21:21.632943Z","level":"info","event":"    \"metadata\" : { }","logger":"airflow.task.hooks.airflow.providers.standard.hooks.subprocess.SubprocessHook","filename":"subprocess.py","lineno":99}
{"timestamp":"2026-06-02T02:21:21.632965Z","level":"info","event":"  } ]","logger":"airflow.task.hooks.airflow.providers.standard.hooks.subprocess.SubprocessHook","filename":"subprocess.py","lineno":99}
{"timestamp":"2026-06-02T02:21:21.633035Z","level":"info","event":"}","logger":"airflow.task.hooks.airflow.providers.standard.hooks.subprocess.SubprocessHook","filename":"subprocess.py","lineno":99}
{"timestamp":"2026-06-02T02:21:21.633061Z","level":"info","event":"and corresponding Parquet message type:","logger":"airflow.task.hooks.airflow.providers.standard.hooks.subprocess.SubprocessHook","filename":"subprocess.py","lineno":99}
{"timestamp":"2026-06-02T02:21:21.633084Z","level":"info","event":"message spark_schema {","logger":"airflow.task.hooks.airflow.providers.standard.hooks.subprocess.SubprocessHook","filename":"subprocess.py","lineno":99}
{"timestamp":"2026-06-02T02:21:21.633106Z","level":"info","event":"  optional binary product_name (STRING);","logger":"airflow.task.hooks.airflow.providers.standard.hooks.subprocess.SubprocessHook","filename":"subprocess.py","lineno":99}
{"timestamp":"2026-06-02T02:21:21.633140Z","level":"info","event":"  optional double value;","logger":"airflow.task.hooks.airflow.providers.standard.hooks.subprocess.SubprocessHook","filename":"subprocess.py","lineno":99}
{"timestamp":"2026-06-02T02:21:21.633173Z","level":"info","event":"  optional binary unit (STRING);","logger":"airflow.task.hooks.airflow.providers.standard.hooks.subprocess.SubprocessHook","filename":"subprocess.py","lineno":99}
{"timestamp":"2026-06-02T02:21:21.633209Z","level":"info","event":"  optional int32 month;","logger":"airflow.task.hooks.airflow.providers.standard.hooks.subprocess.SubprocessHook","filename":"subprocess.py","lineno":99}
{"timestamp":"2026-06-02T02:21:21.633239Z","level":"info","event":"  optional int32 quarter;","logger":"airflow.task.hooks.airflow.providers.standard.hooks.subprocess.SubprocessHook","filename":"subprocess.py","lineno":99}
{"timestamp":"2026-06-02T02:21:21.633272Z","level":"info","event":"  optional int32 year;","logger":"airflow.task.hooks.airflow.providers.standard.hooks.subprocess.SubprocessHook","filename":"subprocess.py","lineno":99}
{"timestamp":"2026-06-02T02:21:21.633296Z","level":"info","event":"  optional int96 ingest_at;","logger":"airflow.task.hooks.airflow.providers.standard.hooks.subprocess.SubprocessHook","filename":"subprocess.py","lineno":99}
{"timestamp":"2026-06-02T02:21:21.633600Z","level":"info","event":"}","logger":"airflow.task.hooks.airflow.providers.standard.hooks.subprocess.SubprocessHook","filename":"subprocess.py","lineno":99}
{"timestamp":"2026-06-02T02:21:21.633655Z","level":"info","event":"","logger":"airflow.task.hooks.airflow.providers.standard.hooks.subprocess.SubprocessHook","filename":"subprocess.py","lineno":99}
{"timestamp":"2026-06-02T02:21:21.633686Z","level":"info","event":"","logger":"airflow.task.hooks.airflow.providers.standard.hooks.subprocess.SubprocessHook","filename":"subprocess.py","lineno":99}
{"timestamp":"2026-06-02T02:21:21.633711Z","level":"info","event":"26/06/02 02:21:21 INFO ParquetWriteSupport: Initialized Parquet WriteSupport with Catalyst schema:","logger":"airflow.task.hooks.airflow.providers.standard.hooks.subprocess.SubprocessHook","filename":"subprocess.py","lineno":99}
{"timestamp":"2026-06-02T02:21:21.633734Z","level":"info","event":"{","logger":"airflow.task.hooks.airflow.providers.standard.hooks.subprocess.SubprocessHook","filename":"subprocess.py","lineno":99}
{"timestamp":"2026-06-02T02:21:21.680764Z","level":"info","event":"  \"type\" : \"struct\",","logger":"airflow.task.hooks.airflow.providers.standard.hooks.subprocess.SubprocessHook","filename":"subprocess.py","lineno":99}
{"timestamp":"2026-06-02T02:21:21.680880Z","level":"info","event":"  \"fields\" : [ {","logger":"airflow.task.hooks.airflow.providers.standard.hooks.subprocess.SubprocessHook","filename":"subprocess.py","lineno":99}
{"timestamp":"2026-06-02T02:21:21.680922Z","level":"info","event":"    \"name\" : \"product_name\",","logger":"airflow.task.hooks.airflow.providers.standard.hooks.subprocess.SubprocessHook","filename":"subprocess.py","lineno":99}
{"timestamp":"2026-06-02T02:21:21.680946Z","level":"info","event":"    \"type\" : \"string\",","logger":"airflow.task.hooks.airflow.providers.standard.hooks.subprocess.SubprocessHook","filename":"subprocess.py","lineno":99}
{"timestamp":"2026-06-02T02:21:21.680968Z","level":"info","event":"    \"nullable\" : true,","logger":"airflow.task.hooks.airflow.providers.standard.hooks.subprocess.SubprocessHook","filename":"subprocess.py","lineno":99}
{"timestamp":"2026-06-02T02:21:21.680988Z","level":"info","event":"    \"metadata\" : { }","logger":"airflow.task.hooks.airflow.providers.standard.hooks.subprocess.SubprocessHook","filename":"subprocess.py","lineno":99}
{"timestamp":"2026-06-02T02:21:21.681007Z","level":"info","event":"  }, {","logger":"airflow.task.hooks.airflow.providers.standard.hooks.subprocess.SubprocessHook","filename":"subprocess.py","lineno":99}
{"timestamp":"2026-06-02T02:21:21.681026Z","level":"info","event":"    \"name\" : \"value\",","logger":"airflow.task.hooks.airflow.providers.standard.hooks.subprocess.SubprocessHook","filename":"subprocess.py","lineno":99}
{"timestamp":"2026-06-02T02:21:21.681047Z","level":"info","event":"    \"type\" : \"double\",","logger":"airflow.task.hooks.airflow.providers.standard.hooks.subprocess.SubprocessHook","filename":"subprocess.py","lineno":99}
{"timestamp":"2026-06-02T02:21:21.681067Z","level":"info","event":"    \"nullable\" : true,","logger":"airflow.task.hooks.airflow.providers.standard.hooks.subprocess.SubprocessHook","filename":"subprocess.py","lineno":99}
{"timestamp":"2026-06-02T02:21:21.681086Z","level":"info","event":"    \"metadata\" : { }","logger":"airflow.task.hooks.airflow.providers.standard.hooks.subprocess.SubprocessHook","filename":"subprocess.py","lineno":99}
{"timestamp":"2026-06-02T02:21:21.681105Z","level":"info","event":"  }, {","logger":"airflow.task.hooks.airflow.providers.standard.hooks.subprocess.SubprocessHook","filename":"subprocess.py","lineno":99}
{"timestamp":"2026-06-02T02:21:21.681124Z","level":"info","event":"    \"name\" : \"unit\",","logger":"airflow.task.hooks.airflow.providers.standard.hooks.subprocess.SubprocessHook","filename":"subprocess.py","lineno":99}
{"timestamp":"2026-06-02T02:21:21.681143Z","level":"info","event":"    \"type\" : \"string\",","logger":"airflow.task.hooks.airflow.providers.standard.hooks.subprocess.SubprocessHook","filename":"subprocess.py","lineno":99}
{"timestamp":"2026-06-02T02:21:21.681163Z","level":"info","event":"    \"nullable\" : true,","logger":"airflow.task.hooks.airflow.providers.standard.hooks.subprocess.SubprocessHook","filename":"subprocess.py","lineno":99}
{"timestamp":"2026-06-02T02:21:21.681182Z","level":"info","event":"    \"metadata\" : { }","logger":"airflow.task.hooks.airflow.providers.standard.hooks.subprocess.SubprocessHook","filename":"subprocess.py","lineno":99}
{"timestamp":"2026-06-02T02:21:21.681200Z","level":"info","event":"  }, {","logger":"airflow.task.hooks.airflow.providers.standard.hooks.subprocess.SubprocessHook","filename":"subprocess.py","lineno":99}
{"timestamp":"2026-06-02T02:21:21.681221Z","level":"info","event":"    \"name\" : \"month\",","logger":"airflow.task.hooks.airflow.providers.standard.hooks.subprocess.SubprocessHook","filename":"subprocess.py","lineno":99}
{"timestamp":"2026-06-02T02:21:21.681240Z","level":"info","event":"    \"type\" : \"integer\",","logger":"airflow.task.hooks.airflow.providers.standard.hooks.subprocess.SubprocessHook","filename":"subprocess.py","lineno":99}
{"timestamp":"2026-06-02T02:21:21.681259Z","level":"info","event":"    \"nullable\" : true,","logger":"airflow.task.hooks.airflow.providers.standard.hooks.subprocess.SubprocessHook","filename":"subprocess.py","lineno":99}
{"timestamp":"2026-06-02T02:21:21.681278Z","level":"info","event":"    \"metadata\" : { }","logger":"airflow.task.hooks.airflow.providers.standard.hooks.subprocess.SubprocessHook","filename":"subprocess.py","lineno":99}
{"timestamp":"2026-06-02T02:21:21.681298Z","level":"info","event":"  }, {","logger":"airflow.task.hooks.airflow.providers.standard.hooks.subprocess.SubprocessHook","filename":"subprocess.py","lineno":99}
{"timestamp":"2026-06-02T02:21:21.681317Z","level":"info","event":"    \"name\" : \"quarter\",","logger":"airflow.task.hooks.airflow.providers.standard.hooks.subprocess.SubprocessHook","filename":"subprocess.py","lineno":99}
{"timestamp":"2026-06-02T02:21:21.681337Z","level":"info","event":"    \"type\" : \"integer\",","logger":"airflow.task.hooks.airflow.providers.standard.hooks.subprocess.SubprocessHook","filename":"subprocess.py","lineno":99}
{"timestamp":"2026-06-02T02:21:21.681356Z","level":"info","event":"    \"nullable\" : true,","logger":"airflow.task.hooks.airflow.providers.standard.hooks.subprocess.SubprocessHook","filename":"subprocess.py","lineno":99}
{"timestamp":"2026-06-02T02:21:21.681375Z","level":"info","event":"    \"metadata\" : { }","logger":"airflow.task.hooks.airflow.providers.standard.hooks.subprocess.SubprocessHook","filename":"subprocess.py","lineno":99}
{"timestamp":"2026-06-02T02:21:21.681394Z","level":"info","event":"  }, {","logger":"airflow.task.hooks.airflow.providers.standard.hooks.subprocess.SubprocessHook","filename":"subprocess.py","lineno":99}
{"timestamp":"2026-06-02T02:21:21.681413Z","level":"info","event":"    \"name\" : \"year\",","logger":"airflow.task.hooks.airflow.providers.standard.hooks.subprocess.SubprocessHook","filename":"subprocess.py","lineno":99}
{"timestamp":"2026-06-02T02:21:21.681432Z","level":"info","event":"    \"type\" : \"integer\",","logger":"airflow.task.hooks.airflow.providers.standard.hooks.subprocess.SubprocessHook","filename":"subprocess.py","lineno":99}
{"timestamp":"2026-06-02T02:21:21.681451Z","level":"info","event":"    \"nullable\" : true,","logger":"airflow.task.hooks.airflow.providers.standard.hooks.subprocess.SubprocessHook","filename":"subprocess.py","lineno":99}
{"timestamp":"2026-06-02T02:21:21.681470Z","level":"info","event":"    \"metadata\" : { }","logger":"airflow.task.hooks.airflow.providers.standard.hooks.subprocess.SubprocessHook","filename":"subprocess.py","lineno":99}
{"timestamp":"2026-06-02T02:21:21.681490Z","level":"info","event":"  }, {","logger":"airflow.task.hooks.airflow.providers.standard.hooks.subprocess.SubprocessHook","filename":"subprocess.py","lineno":99}
{"timestamp":"2026-06-02T02:21:21.681508Z","level":"info","event":"    \"name\" : \"ingest_at\",","logger":"airflow.task.hooks.airflow.providers.standard.hooks.subprocess.SubprocessHook","filename":"subprocess.py","lineno":99}
{"timestamp":"2026-06-02T02:21:21.681527Z","level":"info","event":"    \"type\" : \"timestamp\",","logger":"airflow.task.hooks.airflow.providers.standard.hooks.subprocess.SubprocessHook","filename":"subprocess.py","lineno":99}
{"timestamp":"2026-06-02T02:21:21.681546Z","level":"info","event":"    \"nullable\" : true,","logger":"airflow.task.hooks.airflow.providers.standard.hooks.subprocess.SubprocessHook","filename":"subprocess.py","lineno":99}
{"timestamp":"2026-06-02T02:21:21.681616Z","level":"info","event":"    \"metadata\" : { }","logger":"airflow.task.hooks.airflow.providers.standard.hooks.subprocess.SubprocessHook","filename":"subprocess.py","lineno":99}
{"timestamp":"2026-06-02T02:21:21.681655Z","level":"info","event":"  } ]","logger":"airflow.task.hooks.airflow.providers.standard.hooks.subprocess.SubprocessHook","filename":"subprocess.py","lineno":99}
{"timestamp":"2026-06-02T02:21:21.681693Z","level":"info","event":"}","logger":"airflow.task.hooks.airflow.providers.standard.hooks.subprocess.SubprocessHook","filename":"subprocess.py","lineno":99}
{"timestamp":"2026-06-02T02:21:21.681719Z","level":"info","event":"and corresponding Parquet message type:","logger":"airflow.task.hooks.airflow.providers.standard.hooks.subprocess.SubprocessHook","filename":"subprocess.py","lineno":99}
{"timestamp":"2026-06-02T02:21:21.681741Z","level":"info","event":"message spark_schema {","logger":"airflow.task.hooks.airflow.providers.standard.hooks.subprocess.SubprocessHook","filename":"subprocess.py","lineno":99}
{"timestamp":"2026-06-02T02:21:21.681760Z","level":"info","event":"  optional binary product_name (STRING);","logger":"airflow.task.hooks.airflow.providers.standard.hooks.subprocess.SubprocessHook","filename":"subprocess.py","lineno":99}
{"timestamp":"2026-06-02T02:21:21.681779Z","level":"info","event":"  optional double value;","logger":"airflow.task.hooks.airflow.providers.standard.hooks.subprocess.SubprocessHook","filename":"subprocess.py","lineno":99}
{"timestamp":"2026-06-02T02:21:21.681799Z","level":"info","event":"  optional binary unit (STRING);","logger":"airflow.task.hooks.airflow.providers.standard.hooks.subprocess.SubprocessHook","filename":"subprocess.py","lineno":99}
{"timestamp":"2026-06-02T02:21:21.681818Z","level":"info","event":"  optional int32 month;","logger":"airflow.task.hooks.airflow.providers.standard.hooks.subprocess.SubprocessHook","filename":"subprocess.py","lineno":99}
{"timestamp":"2026-06-02T02:21:21.681838Z","level":"info","event":"  optional int32 quarter;","logger":"airflow.task.hooks.airflow.providers.standard.hooks.subprocess.SubprocessHook","filename":"subprocess.py","lineno":99}
{"timestamp":"2026-06-02T02:21:21.681856Z","level":"info","event":"  optional int32 year;","logger":"airflow.task.hooks.airflow.providers.standard.hooks.subprocess.SubprocessHook","filename":"subprocess.py","lineno":99}
{"timestamp":"2026-06-02T02:21:21.681875Z","level":"info","event":"  optional int96 ingest_at;","logger":"airflow.task.hooks.airflow.providers.standard.hooks.subprocess.SubprocessHook","filename":"subprocess.py","lineno":99}
{"timestamp":"2026-06-02T02:21:21.681894Z","level":"info","event":"}","logger":"airflow.task.hooks.airflow.providers.standard.hooks.subprocess.SubprocessHook","filename":"subprocess.py","lineno":99}
{"timestamp":"2026-06-02T02:21:21.681915Z","level":"info","event":"","logger":"airflow.task.hooks.airflow.providers.standard.hooks.subprocess.SubprocessHook","filename":"subprocess.py","lineno":99}
{"timestamp":"2026-06-02T02:21:21.681936Z","level":"info","event":"","logger":"airflow.task.hooks.airflow.providers.standard.hooks.subprocess.SubprocessHook","filename":"subprocess.py","lineno":99}
{"timestamp":"2026-06-02T02:21:21.681955Z","level":"info","event":"26/06/02 02:21:21 INFO ParquetWriteSupport: Initialized Parquet WriteSupport with Catalyst schema:","logger":"airflow.task.hooks.airflow.providers.standard.hooks.subprocess.SubprocessHook","filename":"subprocess.py","lineno":99}
{"timestamp":"2026-06-02T02:21:21.681975Z","level":"info","event":"{","logger":"airflow.task.hooks.airflow.providers.standard.hooks.subprocess.SubprocessHook","filename":"subprocess.py","lineno":99}
{"timestamp":"2026-06-02T02:21:21.681994Z","level":"info","event":"  \"type\" : \"struct\",","logger":"airflow.task.hooks.airflow.providers.standard.hooks.subprocess.SubprocessHook","filename":"subprocess.py","lineno":99}
{"timestamp":"2026-06-02T02:21:21.682014Z","level":"info","event":"  \"fields\" : [ {","logger":"airflow.task.hooks.airflow.providers.standard.hooks.subprocess.SubprocessHook","filename":"subprocess.py","lineno":99}
{"timestamp":"2026-06-02T02:21:21.682033Z","level":"info","event":"    \"name\" : \"product_name\",","logger":"airflow.task.hooks.airflow.providers.standard.hooks.subprocess.SubprocessHook","filename":"subprocess.py","lineno":99}
{"timestamp":"2026-06-02T02:21:21.682053Z","level":"info","event":"    \"type\" : \"string\",","logger":"airflow.task.hooks.airflow.providers.standard.hooks.subprocess.SubprocessHook","filename":"subprocess.py","lineno":99}
{"timestamp":"2026-06-02T02:21:21.682072Z","level":"info","event":"    \"nullable\" : true,","logger":"airflow.task.hooks.airflow.providers.standard.hooks.subprocess.SubprocessHook","filename":"subprocess.py","lineno":99}
{"timestamp":"2026-06-02T02:21:21.682091Z","level":"info","event":"    \"metadata\" : { }","logger":"airflow.task.hooks.airflow.providers.standard.hooks.subprocess.SubprocessHook","filename":"subprocess.py","lineno":99}
{"timestamp":"2026-06-02T02:21:21.682110Z","level":"info","event":"  }, {","logger":"airflow.task.hooks.airflow.providers.standard.hooks.subprocess.SubprocessHook","filename":"subprocess.py","lineno":99}
{"timestamp":"2026-06-02T02:21:21.682129Z","level":"info","event":"    \"name\" : \"value\",","logger":"airflow.task.hooks.airflow.providers.standard.hooks.subprocess.SubprocessHook","filename":"subprocess.py","lineno":99}
{"timestamp":"2026-06-02T02:21:21.682148Z","level":"info","event":"    \"type\" : \"double\",","logger":"airflow.task.hooks.airflow.providers.standard.hooks.subprocess.SubprocessHook","filename":"subprocess.py","lineno":99}
{"timestamp":"2026-06-02T02:21:21.682168Z","level":"info","event":"    \"nullable\" : true,","logger":"airflow.task.hooks.airflow.providers.standard.hooks.subprocess.SubprocessHook","filename":"subprocess.py","lineno":99}
{"timestamp":"2026-06-02T02:21:21.682186Z","level":"info","event":"    \"metadata\" : { }","logger":"airflow.task.hooks.airflow.providers.standard.hooks.subprocess.SubprocessHook","filename":"subprocess.py","lineno":99}
{"timestamp":"2026-06-02T02:21:21.682205Z","level":"info","event":"  }, {","logger":"airflow.task.hooks.airflow.providers.standard.hooks.subprocess.SubprocessHook","filename":"subprocess.py","lineno":99}
{"timestamp":"2026-06-02T02:21:21.682224Z","level":"info","event":"    \"name\" : \"unit\",","logger":"airflow.task.hooks.airflow.providers.standard.hooks.subprocess.SubprocessHook","filename":"subprocess.py","lineno":99}
{"timestamp":"2026-06-02T02:21:21.682243Z","level":"info","event":"    \"type\" : \"string\",","logger":"airflow.task.hooks.airflow.providers.standard.hooks.subprocess.SubprocessHook","filename":"subprocess.py","lineno":99}
{"timestamp":"2026-06-02T02:21:21.682262Z","level":"info","event":"    \"nullable\" : true,","logger":"airflow.task.hooks.airflow.providers.standard.hooks.subprocess.SubprocessHook","filename":"subprocess.py","lineno":99}
{"timestamp":"2026-06-02T02:21:21.682280Z","level":"info","event":"    \"metadata\" : { }","logger":"airflow.task.hooks.airflow.providers.standard.hooks.subprocess.SubprocessHook","filename":"subprocess.py","lineno":99}
{"timestamp":"2026-06-02T02:21:21.682300Z","level":"info","event":"  }, {","logger":"airflow.task.hooks.airflow.providers.standard.hooks.subprocess.SubprocessHook","filename":"subprocess.py","lineno":99}
{"timestamp":"2026-06-02T02:21:21.682318Z","level":"info","event":"    \"name\" : \"month\",","logger":"airflow.task.hooks.airflow.providers.standard.hooks.subprocess.SubprocessHook","filename":"subprocess.py","lineno":99}
{"timestamp":"2026-06-02T02:21:21.682337Z","level":"info","event":"    \"type\" : \"integer\",","logger":"airflow.task.hooks.airflow.providers.standard.hooks.subprocess.SubprocessHook","filename":"subprocess.py","lineno":99}
{"timestamp":"2026-06-02T02:21:21.682357Z","level":"info","event":"    \"nullable\" : true,","logger":"airflow.task.hooks.airflow.providers.standard.hooks.subprocess.SubprocessHook","filename":"subprocess.py","lineno":99}
{"timestamp":"2026-06-02T02:21:21.682375Z","level":"info","event":"    \"metadata\" : { }","logger":"airflow.task.hooks.airflow.providers.standard.hooks.subprocess.SubprocessHook","filename":"subprocess.py","lineno":99}
{"timestamp":"2026-06-02T02:21:21.682394Z","level":"info","event":"  }, {","logger":"airflow.task.hooks.airflow.providers.standard.hooks.subprocess.SubprocessHook","filename":"subprocess.py","lineno":99}
{"timestamp":"2026-06-02T02:21:21.682413Z","level":"info","event":"    \"name\" : \"quarter\",","logger":"airflow.task.hooks.airflow.providers.standard.hooks.subprocess.SubprocessHook","filename":"subprocess.py","lineno":99}
{"timestamp":"2026-06-02T02:21:21.682432Z","level":"info","event":"    \"type\" : \"integer\",","logger":"airflow.task.hooks.airflow.providers.standard.hooks.subprocess.SubprocessHook","filename":"subprocess.py","lineno":99}
{"timestamp":"2026-06-02T02:21:21.682473Z","level":"info","event":"    \"nullable\" : true,","logger":"airflow.task.hooks.airflow.providers.standard.hooks.subprocess.SubprocessHook","filename":"subprocess.py","lineno":99}
{"timestamp":"2026-06-02T02:21:21.682502Z","level":"info","event":"    \"metadata\" : { }","logger":"airflow.task.hooks.airflow.providers.standard.hooks.subprocess.SubprocessHook","filename":"subprocess.py","lineno":99}
{"timestamp":"2026-06-02T02:21:21.682524Z","level":"info","event":"  }, {","logger":"airflow.task.hooks.airflow.providers.standard.hooks.subprocess.SubprocessHook","filename":"subprocess.py","lineno":99}
{"timestamp":"2026-06-02T02:21:21.682544Z","level":"info","event":"    \"name\" : \"year\",","logger":"airflow.task.hooks.airflow.providers.standard.hooks.subprocess.SubprocessHook","filename":"subprocess.py","lineno":99}
{"timestamp":"2026-06-02T02:21:21.682564Z","level":"info","event":"    \"type\" : \"integer\",","logger":"airflow.task.hooks.airflow.providers.standard.hooks.subprocess.SubprocessHook","filename":"subprocess.py","lineno":99}
{"timestamp":"2026-06-02T02:21:21.682582Z","level":"info","event":"    \"nullable\" : true,","logger":"airflow.task.hooks.airflow.providers.standard.hooks.subprocess.SubprocessHook","filename":"subprocess.py","lineno":99}
{"timestamp":"2026-06-02T02:21:21.682601Z","level":"info","event":"    \"metadata\" : { }","logger":"airflow.task.hooks.airflow.providers.standard.hooks.subprocess.SubprocessHook","filename":"subprocess.py","lineno":99}
{"timestamp":"2026-06-02T02:21:21.682620Z","level":"info","event":"  }, {","logger":"airflow.task.hooks.airflow.providers.standard.hooks.subprocess.SubprocessHook","filename":"subprocess.py","lineno":99}
{"timestamp":"2026-06-02T02:21:21.682639Z","level":"info","event":"    \"name\" : \"ingest_at\",","logger":"airflow.task.hooks.airflow.providers.standard.hooks.subprocess.SubprocessHook","filename":"subprocess.py","lineno":99}
{"timestamp":"2026-06-02T02:21:21.682658Z","level":"info","event":"    \"type\" : \"timestamp\",","logger":"airflow.task.hooks.airflow.providers.standard.hooks.subprocess.SubprocessHook","filename":"subprocess.py","lineno":99}
{"timestamp":"2026-06-02T02:21:21.682679Z","level":"info","event":"    \"nullable\" : true,","logger":"airflow.task.hooks.airflow.providers.standard.hooks.subprocess.SubprocessHook","filename":"subprocess.py","lineno":99}
{"timestamp":"2026-06-02T02:21:21.682697Z","level":"info","event":"    \"metadata\" : { }","logger":"airflow.task.hooks.airflow.providers.standard.hooks.subprocess.SubprocessHook","filename":"subprocess.py","lineno":99}
{"timestamp":"2026-06-02T02:21:21.682717Z","level":"info","event":"  } ]","logger":"airflow.task.hooks.airflow.providers.standard.hooks.subprocess.SubprocessHook","filename":"subprocess.py","lineno":99}
{"timestamp":"2026-06-02T02:21:21.682736Z","level":"info","event":"}","logger":"airflow.task.hooks.airflow.providers.standard.hooks.subprocess.SubprocessHook","filename":"subprocess.py","lineno":99}
{"timestamp":"2026-06-02T02:21:21.682756Z","level":"info","event":"and corresponding Parquet message type:","logger":"airflow.task.hooks.airflow.providers.standard.hooks.subprocess.SubprocessHook","filename":"subprocess.py","lineno":99}
{"timestamp":"2026-06-02T02:21:21.682775Z","level":"info","event":"message spark_schema {","logger":"airflow.task.hooks.airflow.providers.standard.hooks.subprocess.SubprocessHook","filename":"subprocess.py","lineno":99}
{"timestamp":"2026-06-02T02:21:21.682794Z","level":"info","event":"  optional binary product_name (STRING);","logger":"airflow.task.hooks.airflow.providers.standard.hooks.subprocess.SubprocessHook","filename":"subprocess.py","lineno":99}
{"timestamp":"2026-06-02T02:21:21.682812Z","level":"info","event":"  optional double value;","logger":"airflow.task.hooks.airflow.providers.standard.hooks.subprocess.SubprocessHook","filename":"subprocess.py","lineno":99}
{"timestamp":"2026-06-02T02:21:21.682831Z","level":"info","event":"  optional binary unit (STRING);","logger":"airflow.task.hooks.airflow.providers.standard.hooks.subprocess.SubprocessHook","filename":"subprocess.py","lineno":99}
{"timestamp":"2026-06-02T02:21:21.682850Z","level":"info","event":"  optional int32 month;","logger":"airflow.task.hooks.airflow.providers.standard.hooks.subprocess.SubprocessHook","filename":"subprocess.py","lineno":99}
{"timestamp":"2026-06-02T02:21:21.682869Z","level":"info","event":"  optional int32 quarter;","logger":"airflow.task.hooks.airflow.providers.standard.hooks.subprocess.SubprocessHook","filename":"subprocess.py","lineno":99}
{"timestamp":"2026-06-02T02:21:21.682888Z","level":"info","event":"  optional int32 year;","logger":"airflow.task.hooks.airflow.providers.standard.hooks.subprocess.SubprocessHook","filename":"subprocess.py","lineno":99}
{"timestamp":"2026-06-02T02:21:21.682907Z","level":"info","event":"  optional int96 ingest_at;","logger":"airflow.task.hooks.airflow.providers.standard.hooks.subprocess.SubprocessHook","filename":"subprocess.py","lineno":99}
{"timestamp":"2026-06-02T02:21:21.682927Z","level":"info","event":"}","logger":"airflow.task.hooks.airflow.providers.standard.hooks.subprocess.SubprocessHook","filename":"subprocess.py","lineno":99}
{"timestamp":"2026-06-02T02:21:21.682946Z","level":"info","event":"","logger":"airflow.task.hooks.airflow.providers.standard.hooks.subprocess.SubprocessHook","filename":"subprocess.py","lineno":99}
{"timestamp":"2026-06-02T02:21:21.682965Z","level":"info","event":"","logger":"airflow.task.hooks.airflow.providers.standard.hooks.subprocess.SubprocessHook","filename":"subprocess.py","lineno":99}
{"timestamp":"2026-06-02T02:21:21.682984Z","level":"info","event":"26/06/02 02:21:21 INFO ParquetWriteSupport: Initialized Parquet WriteSupport with Catalyst schema:","logger":"airflow.task.hooks.airflow.providers.standard.hooks.subprocess.SubprocessHook","filename":"subprocess.py","lineno":99}
{"timestamp":"2026-06-02T02:21:21.683004Z","level":"info","event":"{","logger":"airflow.task.hooks.airflow.providers.standard.hooks.subprocess.SubprocessHook","filename":"subprocess.py","lineno":99}
{"timestamp":"2026-06-02T02:21:21.683023Z","level":"info","event":"  \"type\" : \"struct\",","logger":"airflow.task.hooks.airflow.providers.standard.hooks.subprocess.SubprocessHook","filename":"subprocess.py","lineno":99}
{"timestamp":"2026-06-02T02:21:21.683043Z","level":"info","event":"  \"fields\" : [ {","logger":"airflow.task.hooks.airflow.providers.standard.hooks.subprocess.SubprocessHook","filename":"subprocess.py","lineno":99}
{"timestamp":"2026-06-02T02:21:21.683062Z","level":"info","event":"    \"name\" : \"product_name\",","logger":"airflow.task.hooks.airflow.providers.standard.hooks.subprocess.SubprocessHook","filename":"subprocess.py","lineno":99}
{"timestamp":"2026-06-02T02:21:21.683080Z","level":"info","event":"    \"type\" : \"string\",","logger":"airflow.task.hooks.airflow.providers.standard.hooks.subprocess.SubprocessHook","filename":"subprocess.py","lineno":99}
{"timestamp":"2026-06-02T02:21:21.683099Z","level":"info","event":"    \"nullable\" : true,","logger":"airflow.task.hooks.airflow.providers.standard.hooks.subprocess.SubprocessHook","filename":"subprocess.py","lineno":99}
{"timestamp":"2026-06-02T02:21:21.683118Z","level":"info","event":"    \"metadata\" : { }","logger":"airflow.task.hooks.airflow.providers.standard.hooks.subprocess.SubprocessHook","filename":"subprocess.py","lineno":99}
{"timestamp":"2026-06-02T02:21:21.683137Z","level":"info","event":"  }, {","logger":"airflow.task.hooks.airflow.providers.standard.hooks.subprocess.SubprocessHook","filename":"subprocess.py","lineno":99}
{"timestamp":"2026-06-02T02:21:21.683156Z","level":"info","event":"    \"name\" : \"value\",","logger":"airflow.task.hooks.airflow.providers.standard.hooks.subprocess.SubprocessHook","filename":"subprocess.py","lineno":99}
{"timestamp":"2026-06-02T02:21:21.683176Z","level":"info","event":"    \"type\" : \"double\",","logger":"airflow.task.hooks.airflow.providers.standard.hooks.subprocess.SubprocessHook","filename":"subprocess.py","lineno":99}
{"timestamp":"2026-06-02T02:21:21.683194Z","level":"info","event":"    \"nullable\" : true,","logger":"airflow.task.hooks.airflow.providers.standard.hooks.subprocess.SubprocessHook","filename":"subprocess.py","lineno":99}
{"timestamp":"2026-06-02T02:21:21.683213Z","level":"info","event":"    \"metadata\" : { }","logger":"airflow.task.hooks.airflow.providers.standard.hooks.subprocess.SubprocessHook","filename":"subprocess.py","lineno":99}
{"timestamp":"2026-06-02T02:21:21.683231Z","level":"info","event":"  }, {","logger":"airflow.task.hooks.airflow.providers.standard.hooks.subprocess.SubprocessHook","filename":"subprocess.py","lineno":99}
{"timestamp":"2026-06-02T02:21:21.683251Z","level":"info","event":"    \"name\" : \"unit\",","logger":"airflow.task.hooks.airflow.providers.standard.hooks.subprocess.SubprocessHook","filename":"subprocess.py","lineno":99}
{"timestamp":"2026-06-02T02:21:21.683271Z","level":"info","event":"    \"type\" : \"string\",","logger":"airflow.task.hooks.airflow.providers.standard.hooks.subprocess.SubprocessHook","filename":"subprocess.py","lineno":99}
{"timestamp":"2026-06-02T02:21:21.683290Z","level":"info","event":"    \"nullable\" : true,","logger":"airflow.task.hooks.airflow.providers.standard.hooks.subprocess.SubprocessHook","filename":"subprocess.py","lineno":99}
{"timestamp":"2026-06-02T02:21:21.683309Z","level":"info","event":"    \"metadata\" : { }","logger":"airflow.task.hooks.airflow.providers.standard.hooks.subprocess.SubprocessHook","filename":"subprocess.py","lineno":99}
{"timestamp":"2026-06-02T02:21:21.683329Z","level":"info","event":"  }, {","logger":"airflow.task.hooks.airflow.providers.standard.hooks.subprocess.SubprocessHook","filename":"subprocess.py","lineno":99}
{"timestamp":"2026-06-02T02:21:21.683348Z","level":"info","event":"    \"name\" : \"month\",","logger":"airflow.task.hooks.airflow.providers.standard.hooks.subprocess.SubprocessHook","filename":"subprocess.py","lineno":99}
{"timestamp":"2026-06-02T02:21:21.683366Z","level":"info","event":"    \"type\" : \"integer\",","logger":"airflow.task.hooks.airflow.providers.standard.hooks.subprocess.SubprocessHook","filename":"subprocess.py","lineno":99}
{"timestamp":"2026-06-02T02:21:21.683385Z","level":"info","event":"    \"nullable\" : true,","logger":"airflow.task.hooks.airflow.providers.standard.hooks.subprocess.SubprocessHook","filename":"subprocess.py","lineno":99}
{"timestamp":"2026-06-02T02:21:21.683403Z","level":"info","event":"    \"metadata\" : { }","logger":"airflow.task.hooks.airflow.providers.standard.hooks.subprocess.SubprocessHook","filename":"subprocess.py","lineno":99}
{"timestamp":"2026-06-02T02:21:21.683422Z","level":"info","event":"  }, {","logger":"airflow.task.hooks.airflow.providers.standard.hooks.subprocess.SubprocessHook","filename":"subprocess.py","lineno":99}
{"timestamp":"2026-06-02T02:21:21.683442Z","level":"info","event":"    \"name\" : \"quarter\",","logger":"airflow.task.hooks.airflow.providers.standard.hooks.subprocess.SubprocessHook","filename":"subprocess.py","lineno":99}
{"timestamp":"2026-06-02T02:21:21.683461Z","level":"info","event":"    \"type\" : \"integer\",","logger":"airflow.task.hooks.airflow.providers.standard.hooks.subprocess.SubprocessHook","filename":"subprocess.py","lineno":99}
{"timestamp":"2026-06-02T02:21:21.683480Z","level":"info","event":"    \"nullable\" : true,","logger":"airflow.task.hooks.airflow.providers.standard.hooks.subprocess.SubprocessHook","filename":"subprocess.py","lineno":99}
{"timestamp":"2026-06-02T02:21:21.683498Z","level":"info","event":"    \"metadata\" : { }","logger":"airflow.task.hooks.airflow.providers.standard.hooks.subprocess.SubprocessHook","filename":"subprocess.py","lineno":99}
{"timestamp":"2026-06-02T02:21:21.726668Z","level":"info","event":"  }, {","logger":"airflow.task.hooks.airflow.providers.standard.hooks.subprocess.SubprocessHook","filename":"subprocess.py","lineno":99}
{"timestamp":"2026-06-02T02:21:21.726801Z","level":"info","event":"    \"name\" : \"year\",","logger":"airflow.task.hooks.airflow.providers.standard.hooks.subprocess.SubprocessHook","filename":"subprocess.py","lineno":99}
{"timestamp":"2026-06-02T02:21:21.726836Z","level":"info","event":"    \"type\" : \"integer\",","logger":"airflow.task.hooks.airflow.providers.standard.hooks.subprocess.SubprocessHook","filename":"subprocess.py","lineno":99}
{"timestamp":"2026-06-02T02:21:21.726862Z","level":"info","event":"    \"nullable\" : true,","logger":"airflow.task.hooks.airflow.providers.standard.hooks.subprocess.SubprocessHook","filename":"subprocess.py","lineno":99}
{"timestamp":"2026-06-02T02:21:21.726884Z","level":"info","event":"    \"metadata\" : { }","logger":"airflow.task.hooks.airflow.providers.standard.hooks.subprocess.SubprocessHook","filename":"subprocess.py","lineno":99}
{"timestamp":"2026-06-02T02:21:21.726905Z","level":"info","event":"  }, {","logger":"airflow.task.hooks.airflow.providers.standard.hooks.subprocess.SubprocessHook","filename":"subprocess.py","lineno":99}
{"timestamp":"2026-06-02T02:21:21.726927Z","level":"info","event":"    \"name\" : \"ingest_at\",","logger":"airflow.task.hooks.airflow.providers.standard.hooks.subprocess.SubprocessHook","filename":"subprocess.py","lineno":99}
{"timestamp":"2026-06-02T02:21:21.726949Z","level":"info","event":"    \"type\" : \"timestamp\",","logger":"airflow.task.hooks.airflow.providers.standard.hooks.subprocess.SubprocessHook","filename":"subprocess.py","lineno":99}
{"timestamp":"2026-06-02T02:21:21.726970Z","level":"info","event":"    \"nullable\" : true,","logger":"airflow.task.hooks.airflow.providers.standard.hooks.subprocess.SubprocessHook","filename":"subprocess.py","lineno":99}
{"timestamp":"2026-06-02T02:21:21.726990Z","level":"info","event":"    \"metadata\" : { }","logger":"airflow.task.hooks.airflow.providers.standard.hooks.subprocess.SubprocessHook","filename":"subprocess.py","lineno":99}
{"timestamp":"2026-06-02T02:21:21.727012Z","level":"info","event":"  } ]","logger":"airflow.task.hooks.airflow.providers.standard.hooks.subprocess.SubprocessHook","filename":"subprocess.py","lineno":99}
{"timestamp":"2026-06-02T02:21:21.727032Z","level":"info","event":"}","logger":"airflow.task.hooks.airflow.providers.standard.hooks.subprocess.SubprocessHook","filename":"subprocess.py","lineno":99}
{"timestamp":"2026-06-02T02:21:21.727056Z","level":"info","event":"and corresponding Parquet message type:","logger":"airflow.task.hooks.airflow.providers.standard.hooks.subprocess.SubprocessHook","filename":"subprocess.py","lineno":99}
{"timestamp":"2026-06-02T02:21:21.727077Z","level":"info","event":"message spark_schema {","logger":"airflow.task.hooks.airflow.providers.standard.hooks.subprocess.SubprocessHook","filename":"subprocess.py","lineno":99}
{"timestamp":"2026-06-02T02:21:21.727095Z","level":"info","event":"  optional binary product_name (STRING);","logger":"airflow.task.hooks.airflow.providers.standard.hooks.subprocess.SubprocessHook","filename":"subprocess.py","lineno":99}
{"timestamp":"2026-06-02T02:21:21.727115Z","level":"info","event":"  optional double value;","logger":"airflow.task.hooks.airflow.providers.standard.hooks.subprocess.SubprocessHook","filename":"subprocess.py","lineno":99}
{"timestamp":"2026-06-02T02:21:21.727162Z","level":"info","event":"  optional binary unit (STRING);","logger":"airflow.task.hooks.airflow.providers.standard.hooks.subprocess.SubprocessHook","filename":"subprocess.py","lineno":99}
{"timestamp":"2026-06-02T02:21:21.727196Z","level":"info","event":"  optional int32 month;","logger":"airflow.task.hooks.airflow.providers.standard.hooks.subprocess.SubprocessHook","filename":"subprocess.py","lineno":99}
{"timestamp":"2026-06-02T02:21:21.727219Z","level":"info","event":"  optional int32 quarter;","logger":"airflow.task.hooks.airflow.providers.standard.hooks.subprocess.SubprocessHook","filename":"subprocess.py","lineno":99}
{"timestamp":"2026-06-02T02:21:21.727242Z","level":"info","event":"  optional int32 year;","logger":"airflow.task.hooks.airflow.providers.standard.hooks.subprocess.SubprocessHook","filename":"subprocess.py","lineno":99}
{"timestamp":"2026-06-02T02:21:21.727263Z","level":"info","event":"  optional int96 ingest_at;","logger":"airflow.task.hooks.airflow.providers.standard.hooks.subprocess.SubprocessHook","filename":"subprocess.py","lineno":99}
{"timestamp":"2026-06-02T02:21:21.727284Z","level":"info","event":"}","logger":"airflow.task.hooks.airflow.providers.standard.hooks.subprocess.SubprocessHook","filename":"subprocess.py","lineno":99}
{"timestamp":"2026-06-02T02:21:21.727308Z","level":"info","event":"","logger":"airflow.task.hooks.airflow.providers.standard.hooks.subprocess.SubprocessHook","filename":"subprocess.py","lineno":99}
{"timestamp":"2026-06-02T02:21:21.727331Z","level":"info","event":"","logger":"airflow.task.hooks.airflow.providers.standard.hooks.subprocess.SubprocessHook","filename":"subprocess.py","lineno":99}
{"timestamp":"2026-06-02T02:21:21.727351Z","level":"info","event":"26/06/02 02:21:21 INFO ParquetWriteSupport: Initialized Parquet WriteSupport with Catalyst schema:","logger":"airflow.task.hooks.airflow.providers.standard.hooks.subprocess.SubprocessHook","filename":"subprocess.py","lineno":99}
{"timestamp":"2026-06-02T02:21:21.727372Z","level":"info","event":"{","logger":"airflow.task.hooks.airflow.providers.standard.hooks.subprocess.SubprocessHook","filename":"subprocess.py","lineno":99}
{"timestamp":"2026-06-02T02:21:21.727392Z","level":"info","event":"  \"type\" : \"struct\",","logger":"airflow.task.hooks.airflow.providers.standard.hooks.subprocess.SubprocessHook","filename":"subprocess.py","lineno":99}
{"timestamp":"2026-06-02T02:21:21.727412Z","level":"info","event":"  \"fields\" : [ {","logger":"airflow.task.hooks.airflow.providers.standard.hooks.subprocess.SubprocessHook","filename":"subprocess.py","lineno":99}
{"timestamp":"2026-06-02T02:21:21.727434Z","level":"info","event":"    \"name\" : \"product_name\",","logger":"airflow.task.hooks.airflow.providers.standard.hooks.subprocess.SubprocessHook","filename":"subprocess.py","lineno":99}
{"timestamp":"2026-06-02T02:21:21.727454Z","level":"info","event":"    \"type\" : \"string\",","logger":"airflow.task.hooks.airflow.providers.standard.hooks.subprocess.SubprocessHook","filename":"subprocess.py","lineno":99}
{"timestamp":"2026-06-02T02:21:21.727475Z","level":"info","event":"    \"nullable\" : true,","logger":"airflow.task.hooks.airflow.providers.standard.hooks.subprocess.SubprocessHook","filename":"subprocess.py","lineno":99}
{"timestamp":"2026-06-02T02:21:21.727495Z","level":"info","event":"    \"metadata\" : { }","logger":"airflow.task.hooks.airflow.providers.standard.hooks.subprocess.SubprocessHook","filename":"subprocess.py","lineno":99}
{"timestamp":"2026-06-02T02:21:21.727514Z","level":"info","event":"  }, {","logger":"airflow.task.hooks.airflow.providers.standard.hooks.subprocess.SubprocessHook","filename":"subprocess.py","lineno":99}
{"timestamp":"2026-06-02T02:21:21.727534Z","level":"info","event":"    \"name\" : \"value\",","logger":"airflow.task.hooks.airflow.providers.standard.hooks.subprocess.SubprocessHook","filename":"subprocess.py","lineno":99}
{"timestamp":"2026-06-02T02:21:21.727553Z","level":"info","event":"    \"type\" : \"double\",","logger":"airflow.task.hooks.airflow.providers.standard.hooks.subprocess.SubprocessHook","filename":"subprocess.py","lineno":99}
{"timestamp":"2026-06-02T02:21:21.727572Z","level":"info","event":"    \"nullable\" : true,","logger":"airflow.task.hooks.airflow.providers.standard.hooks.subprocess.SubprocessHook","filename":"subprocess.py","lineno":99}
{"timestamp":"2026-06-02T02:21:21.727592Z","level":"info","event":"    \"metadata\" : { }","logger":"airflow.task.hooks.airflow.providers.standard.hooks.subprocess.SubprocessHook","filename":"subprocess.py","lineno":99}
{"timestamp":"2026-06-02T02:21:21.727612Z","level":"info","event":"  }, {","logger":"airflow.task.hooks.airflow.providers.standard.hooks.subprocess.SubprocessHook","filename":"subprocess.py","lineno":99}
{"timestamp":"2026-06-02T02:21:21.727632Z","level":"info","event":"    \"name\" : \"unit\",","logger":"airflow.task.hooks.airflow.providers.standard.hooks.subprocess.SubprocessHook","filename":"subprocess.py","lineno":99}
{"timestamp":"2026-06-02T02:21:21.727652Z","level":"info","event":"    \"type\" : \"string\",","logger":"airflow.task.hooks.airflow.providers.standard.hooks.subprocess.SubprocessHook","filename":"subprocess.py","lineno":99}
{"timestamp":"2026-06-02T02:21:21.727672Z","level":"info","event":"    \"nullable\" : true,","logger":"airflow.task.hooks.airflow.providers.standard.hooks.subprocess.SubprocessHook","filename":"subprocess.py","lineno":99}
{"timestamp":"2026-06-02T02:21:21.727692Z","level":"info","event":"    \"metadata\" : { }","logger":"airflow.task.hooks.airflow.providers.standard.hooks.subprocess.SubprocessHook","filename":"subprocess.py","lineno":99}
{"timestamp":"2026-06-02T02:21:21.727713Z","level":"info","event":"  }, {","logger":"airflow.task.hooks.airflow.providers.standard.hooks.subprocess.SubprocessHook","filename":"subprocess.py","lineno":99}
{"timestamp":"2026-06-02T02:21:21.727735Z","level":"info","event":"    \"name\" : \"month\",","logger":"airflow.task.hooks.airflow.providers.standard.hooks.subprocess.SubprocessHook","filename":"subprocess.py","lineno":99}
{"timestamp":"2026-06-02T02:21:21.727754Z","level":"info","event":"    \"type\" : \"integer\",","logger":"airflow.task.hooks.airflow.providers.standard.hooks.subprocess.SubprocessHook","filename":"subprocess.py","lineno":99}
{"timestamp":"2026-06-02T02:21:21.727773Z","level":"info","event":"    \"nullable\" : true,","logger":"airflow.task.hooks.airflow.providers.standard.hooks.subprocess.SubprocessHook","filename":"subprocess.py","lineno":99}
{"timestamp":"2026-06-02T02:21:21.727793Z","level":"info","event":"    \"metadata\" : { }","logger":"airflow.task.hooks.airflow.providers.standard.hooks.subprocess.SubprocessHook","filename":"subprocess.py","lineno":99}
{"timestamp":"2026-06-02T02:21:21.727812Z","level":"info","event":"  }, {","logger":"airflow.task.hooks.airflow.providers.standard.hooks.subprocess.SubprocessHook","filename":"subprocess.py","lineno":99}
{"timestamp":"2026-06-02T02:21:21.727832Z","level":"info","event":"    \"name\" : \"quarter\",","logger":"airflow.task.hooks.airflow.providers.standard.hooks.subprocess.SubprocessHook","filename":"subprocess.py","lineno":99}
{"timestamp":"2026-06-02T02:21:21.727852Z","level":"info","event":"    \"type\" : \"integer\",","logger":"airflow.task.hooks.airflow.providers.standard.hooks.subprocess.SubprocessHook","filename":"subprocess.py","lineno":99}
{"timestamp":"2026-06-02T02:21:21.727871Z","level":"info","event":"    \"nullable\" : true,","logger":"airflow.task.hooks.airflow.providers.standard.hooks.subprocess.SubprocessHook","filename":"subprocess.py","lineno":99}
{"timestamp":"2026-06-02T02:21:21.727890Z","level":"info","event":"    \"metadata\" : { }","logger":"airflow.task.hooks.airflow.providers.standard.hooks.subprocess.SubprocessHook","filename":"subprocess.py","lineno":99}
{"timestamp":"2026-06-02T02:21:21.727910Z","level":"info","event":"  }, {","logger":"airflow.task.hooks.airflow.providers.standard.hooks.subprocess.SubprocessHook","filename":"subprocess.py","lineno":99}
{"timestamp":"2026-06-02T02:21:21.727929Z","level":"info","event":"    \"name\" : \"year\",","logger":"airflow.task.hooks.airflow.providers.standard.hooks.subprocess.SubprocessHook","filename":"subprocess.py","lineno":99}
{"timestamp":"2026-06-02T02:21:21.727948Z","level":"info","event":"    \"type\" : \"integer\",","logger":"airflow.task.hooks.airflow.providers.standard.hooks.subprocess.SubprocessHook","filename":"subprocess.py","lineno":99}
{"timestamp":"2026-06-02T02:21:21.727967Z","level":"info","event":"    \"nullable\" : true,","logger":"airflow.task.hooks.airflow.providers.standard.hooks.subprocess.SubprocessHook","filename":"subprocess.py","lineno":99}
{"timestamp":"2026-06-02T02:21:21.727985Z","level":"info","event":"    \"metadata\" : { }","logger":"airflow.task.hooks.airflow.providers.standard.hooks.subprocess.SubprocessHook","filename":"subprocess.py","lineno":99}
{"timestamp":"2026-06-02T02:21:21.728004Z","level":"info","event":"  }, {","logger":"airflow.task.hooks.airflow.providers.standard.hooks.subprocess.SubprocessHook","filename":"subprocess.py","lineno":99}
{"timestamp":"2026-06-02T02:21:21.728024Z","level":"info","event":"    \"name\" : \"ingest_at\",","logger":"airflow.task.hooks.airflow.providers.standard.hooks.subprocess.SubprocessHook","filename":"subprocess.py","lineno":99}
{"timestamp":"2026-06-02T02:21:21.728042Z","level":"info","event":"    \"type\" : \"timestamp\",","logger":"airflow.task.hooks.airflow.providers.standard.hooks.subprocess.SubprocessHook","filename":"subprocess.py","lineno":99}
{"timestamp":"2026-06-02T02:21:21.728061Z","level":"info","event":"    \"nullable\" : true,","logger":"airflow.task.hooks.airflow.providers.standard.hooks.subprocess.SubprocessHook","filename":"subprocess.py","lineno":99}
{"timestamp":"2026-06-02T02:21:21.728081Z","level":"info","event":"    \"metadata\" : { }","logger":"airflow.task.hooks.airflow.providers.standard.hooks.subprocess.SubprocessHook","filename":"subprocess.py","lineno":99}
{"timestamp":"2026-06-02T02:21:21.728099Z","level":"info","event":"  } ]","logger":"airflow.task.hooks.airflow.providers.standard.hooks.subprocess.SubprocessHook","filename":"subprocess.py","lineno":99}
{"timestamp":"2026-06-02T02:21:21.728119Z","level":"info","event":"}","logger":"airflow.task.hooks.airflow.providers.standard.hooks.subprocess.SubprocessHook","filename":"subprocess.py","lineno":99}
{"timestamp":"2026-06-02T02:21:21.728139Z","level":"info","event":"and corresponding Parquet message type:","logger":"airflow.task.hooks.airflow.providers.standard.hooks.subprocess.SubprocessHook","filename":"subprocess.py","lineno":99}
{"timestamp":"2026-06-02T02:21:21.728158Z","level":"info","event":"message spark_schema {","logger":"airflow.task.hooks.airflow.providers.standard.hooks.subprocess.SubprocessHook","filename":"subprocess.py","lineno":99}
{"timestamp":"2026-06-02T02:21:21.728176Z","level":"info","event":"  optional binary product_name (STRING);","logger":"airflow.task.hooks.airflow.providers.standard.hooks.subprocess.SubprocessHook","filename":"subprocess.py","lineno":99}
{"timestamp":"2026-06-02T02:21:21.728207Z","level":"info","event":"  optional double value;","logger":"airflow.task.hooks.airflow.providers.standard.hooks.subprocess.SubprocessHook","filename":"subprocess.py","lineno":99}
{"timestamp":"2026-06-02T02:21:21.728227Z","level":"info","event":"  optional binary unit (STRING);","logger":"airflow.task.hooks.airflow.providers.standard.hooks.subprocess.SubprocessHook","filename":"subprocess.py","lineno":99}
{"timestamp":"2026-06-02T02:21:21.728246Z","level":"info","event":"  optional int32 month;","logger":"airflow.task.hooks.airflow.providers.standard.hooks.subprocess.SubprocessHook","filename":"subprocess.py","lineno":99}
{"timestamp":"2026-06-02T02:21:21.728266Z","level":"info","event":"  optional int32 quarter;","logger":"airflow.task.hooks.airflow.providers.standard.hooks.subprocess.SubprocessHook","filename":"subprocess.py","lineno":99}
{"timestamp":"2026-06-02T02:21:21.728285Z","level":"info","event":"  optional int32 year;","logger":"airflow.task.hooks.airflow.providers.standard.hooks.subprocess.SubprocessHook","filename":"subprocess.py","lineno":99}
{"timestamp":"2026-06-02T02:21:21.728304Z","level":"info","event":"  optional int96 ingest_at;","logger":"airflow.task.hooks.airflow.providers.standard.hooks.subprocess.SubprocessHook","filename":"subprocess.py","lineno":99}
{"timestamp":"2026-06-02T02:21:21.728354Z","level":"info","event":"}","logger":"airflow.task.hooks.airflow.providers.standard.hooks.subprocess.SubprocessHook","filename":"subprocess.py","lineno":99}
{"timestamp":"2026-06-02T02:21:21.728380Z","level":"info","event":"","logger":"airflow.task.hooks.airflow.providers.standard.hooks.subprocess.SubprocessHook","filename":"subprocess.py","lineno":99}
{"timestamp":"2026-06-02T02:21:21.728403Z","level":"info","event":"","logger":"airflow.task.hooks.airflow.providers.standard.hooks.subprocess.SubprocessHook","filename":"subprocess.py","lineno":99}
{"timestamp":"2026-06-02T02:21:21.728424Z","level":"info","event":"26/06/02 02:21:21 INFO ParquetWriteSupport: Initialized Parquet WriteSupport with Catalyst schema:","logger":"airflow.task.hooks.airflow.providers.standard.hooks.subprocess.SubprocessHook","filename":"subprocess.py","lineno":99}
{"timestamp":"2026-06-02T02:21:21.728445Z","level":"info","event":"{","logger":"airflow.task.hooks.airflow.providers.standard.hooks.subprocess.SubprocessHook","filename":"subprocess.py","lineno":99}
{"timestamp":"2026-06-02T02:21:21.728465Z","level":"info","event":"  \"type\" : \"struct\",","logger":"airflow.task.hooks.airflow.providers.standard.hooks.subprocess.SubprocessHook","filename":"subprocess.py","lineno":99}
{"timestamp":"2026-06-02T02:21:21.728485Z","level":"info","event":"  \"fields\" : [ {","logger":"airflow.task.hooks.airflow.providers.standard.hooks.subprocess.SubprocessHook","filename":"subprocess.py","lineno":99}
{"timestamp":"2026-06-02T02:21:21.728504Z","level":"info","event":"    \"name\" : \"product_name\",","logger":"airflow.task.hooks.airflow.providers.standard.hooks.subprocess.SubprocessHook","filename":"subprocess.py","lineno":99}
{"timestamp":"2026-06-02T02:21:21.728524Z","level":"info","event":"    \"type\" : \"string\",","logger":"airflow.task.hooks.airflow.providers.standard.hooks.subprocess.SubprocessHook","filename":"subprocess.py","lineno":99}
{"timestamp":"2026-06-02T02:21:21.728542Z","level":"info","event":"    \"nullable\" : true,","logger":"airflow.task.hooks.airflow.providers.standard.hooks.subprocess.SubprocessHook","filename":"subprocess.py","lineno":99}
{"timestamp":"2026-06-02T02:21:21.728561Z","level":"info","event":"    \"metadata\" : { }","logger":"airflow.task.hooks.airflow.providers.standard.hooks.subprocess.SubprocessHook","filename":"subprocess.py","lineno":99}
{"timestamp":"2026-06-02T02:21:21.728580Z","level":"info","event":"  }, {","logger":"airflow.task.hooks.airflow.providers.standard.hooks.subprocess.SubprocessHook","filename":"subprocess.py","lineno":99}
{"timestamp":"2026-06-02T02:21:21.728598Z","level":"info","event":"    \"name\" : \"value\",","logger":"airflow.task.hooks.airflow.providers.standard.hooks.subprocess.SubprocessHook","filename":"subprocess.py","lineno":99}
{"timestamp":"2026-06-02T02:21:21.728618Z","level":"info","event":"    \"type\" : \"double\",","logger":"airflow.task.hooks.airflow.providers.standard.hooks.subprocess.SubprocessHook","filename":"subprocess.py","lineno":99}
{"timestamp":"2026-06-02T02:21:21.728637Z","level":"info","event":"    \"nullable\" : true,","logger":"airflow.task.hooks.airflow.providers.standard.hooks.subprocess.SubprocessHook","filename":"subprocess.py","lineno":99}
{"timestamp":"2026-06-02T02:21:21.728656Z","level":"info","event":"    \"metadata\" : { }","logger":"airflow.task.hooks.airflow.providers.standard.hooks.subprocess.SubprocessHook","filename":"subprocess.py","lineno":99}
{"timestamp":"2026-06-02T02:21:21.728675Z","level":"info","event":"  }, {","logger":"airflow.task.hooks.airflow.providers.standard.hooks.subprocess.SubprocessHook","filename":"subprocess.py","lineno":99}
{"timestamp":"2026-06-02T02:21:21.728694Z","level":"info","event":"    \"name\" : \"unit\",","logger":"airflow.task.hooks.airflow.providers.standard.hooks.subprocess.SubprocessHook","filename":"subprocess.py","lineno":99}
{"timestamp":"2026-06-02T02:21:21.728713Z","level":"info","event":"    \"type\" : \"string\",","logger":"airflow.task.hooks.airflow.providers.standard.hooks.subprocess.SubprocessHook","filename":"subprocess.py","lineno":99}
{"timestamp":"2026-06-02T02:21:21.728732Z","level":"info","event":"    \"nullable\" : true,","logger":"airflow.task.hooks.airflow.providers.standard.hooks.subprocess.SubprocessHook","filename":"subprocess.py","lineno":99}
{"timestamp":"2026-06-02T02:21:21.728750Z","level":"info","event":"    \"metadata\" : { }","logger":"airflow.task.hooks.airflow.providers.standard.hooks.subprocess.SubprocessHook","filename":"subprocess.py","lineno":99}
{"timestamp":"2026-06-02T02:21:21.728769Z","level":"info","event":"  }, {","logger":"airflow.task.hooks.airflow.providers.standard.hooks.subprocess.SubprocessHook","filename":"subprocess.py","lineno":99}
{"timestamp":"2026-06-02T02:21:21.728787Z","level":"info","event":"    \"name\" : \"month\",","logger":"airflow.task.hooks.airflow.providers.standard.hooks.subprocess.SubprocessHook","filename":"subprocess.py","lineno":99}
{"timestamp":"2026-06-02T02:21:21.728806Z","level":"info","event":"    \"type\" : \"integer\",","logger":"airflow.task.hooks.airflow.providers.standard.hooks.subprocess.SubprocessHook","filename":"subprocess.py","lineno":99}
{"timestamp":"2026-06-02T02:21:21.728825Z","level":"info","event":"    \"nullable\" : true,","logger":"airflow.task.hooks.airflow.providers.standard.hooks.subprocess.SubprocessHook","filename":"subprocess.py","lineno":99}
{"timestamp":"2026-06-02T02:21:21.728844Z","level":"info","event":"    \"metadata\" : { }","logger":"airflow.task.hooks.airflow.providers.standard.hooks.subprocess.SubprocessHook","filename":"subprocess.py","lineno":99}
{"timestamp":"2026-06-02T02:21:21.728862Z","level":"info","event":"  }, {","logger":"airflow.task.hooks.airflow.providers.standard.hooks.subprocess.SubprocessHook","filename":"subprocess.py","lineno":99}
{"timestamp":"2026-06-02T02:21:21.728881Z","level":"info","event":"    \"name\" : \"quarter\",","logger":"airflow.task.hooks.airflow.providers.standard.hooks.subprocess.SubprocessHook","filename":"subprocess.py","lineno":99}
{"timestamp":"2026-06-02T02:21:21.728900Z","level":"info","event":"    \"type\" : \"integer\",","logger":"airflow.task.hooks.airflow.providers.standard.hooks.subprocess.SubprocessHook","filename":"subprocess.py","lineno":99}
{"timestamp":"2026-06-02T02:21:21.728919Z","level":"info","event":"    \"nullable\" : true,","logger":"airflow.task.hooks.airflow.providers.standard.hooks.subprocess.SubprocessHook","filename":"subprocess.py","lineno":99}
{"timestamp":"2026-06-02T02:21:21.728938Z","level":"info","event":"    \"metadata\" : { }","logger":"airflow.task.hooks.airflow.providers.standard.hooks.subprocess.SubprocessHook","filename":"subprocess.py","lineno":99}
{"timestamp":"2026-06-02T02:21:21.728956Z","level":"info","event":"  }, {","logger":"airflow.task.hooks.airflow.providers.standard.hooks.subprocess.SubprocessHook","filename":"subprocess.py","lineno":99}
{"timestamp":"2026-06-02T02:21:21.728975Z","level":"info","event":"    \"name\" : \"year\",","logger":"airflow.task.hooks.airflow.providers.standard.hooks.subprocess.SubprocessHook","filename":"subprocess.py","lineno":99}
{"timestamp":"2026-06-02T02:21:21.728994Z","level":"info","event":"    \"type\" : \"integer\",","logger":"airflow.task.hooks.airflow.providers.standard.hooks.subprocess.SubprocessHook","filename":"subprocess.py","lineno":99}
{"timestamp":"2026-06-02T02:21:21.729013Z","level":"info","event":"    \"nullable\" : true,","logger":"airflow.task.hooks.airflow.providers.standard.hooks.subprocess.SubprocessHook","filename":"subprocess.py","lineno":99}
{"timestamp":"2026-06-02T02:21:21.729032Z","level":"info","event":"    \"metadata\" : { }","logger":"airflow.task.hooks.airflow.providers.standard.hooks.subprocess.SubprocessHook","filename":"subprocess.py","lineno":99}
{"timestamp":"2026-06-02T02:21:21.729051Z","level":"info","event":"  }, {","logger":"airflow.task.hooks.airflow.providers.standard.hooks.subprocess.SubprocessHook","filename":"subprocess.py","lineno":99}
{"timestamp":"2026-06-02T02:21:21.729069Z","level":"info","event":"    \"name\" : \"ingest_at\",","logger":"airflow.task.hooks.airflow.providers.standard.hooks.subprocess.SubprocessHook","filename":"subprocess.py","lineno":99}
{"timestamp":"2026-06-02T02:21:21.729088Z","level":"info","event":"    \"type\" : \"timestamp\",","logger":"airflow.task.hooks.airflow.providers.standard.hooks.subprocess.SubprocessHook","filename":"subprocess.py","lineno":99}
{"timestamp":"2026-06-02T02:21:21.729106Z","level":"info","event":"    \"nullable\" : true,","logger":"airflow.task.hooks.airflow.providers.standard.hooks.subprocess.SubprocessHook","filename":"subprocess.py","lineno":99}
{"timestamp":"2026-06-02T02:21:21.729125Z","level":"info","event":"    \"metadata\" : { }","logger":"airflow.task.hooks.airflow.providers.standard.hooks.subprocess.SubprocessHook","filename":"subprocess.py","lineno":99}
{"timestamp":"2026-06-02T02:21:21.729143Z","level":"info","event":"  } ]","logger":"airflow.task.hooks.airflow.providers.standard.hooks.subprocess.SubprocessHook","filename":"subprocess.py","lineno":99}
{"timestamp":"2026-06-02T02:21:21.729163Z","level":"info","event":"}","logger":"airflow.task.hooks.airflow.providers.standard.hooks.subprocess.SubprocessHook","filename":"subprocess.py","lineno":99}
{"timestamp":"2026-06-02T02:21:21.729181Z","level":"info","event":"and corresponding Parquet message type:","logger":"airflow.task.hooks.airflow.providers.standard.hooks.subprocess.SubprocessHook","filename":"subprocess.py","lineno":99}
{"timestamp":"2026-06-02T02:21:21.729201Z","level":"info","event":"message spark_schema {","logger":"airflow.task.hooks.airflow.providers.standard.hooks.subprocess.SubprocessHook","filename":"subprocess.py","lineno":99}
{"timestamp":"2026-06-02T02:21:21.729221Z","level":"info","event":"  optional binary product_name (STRING);","logger":"airflow.task.hooks.airflow.providers.standard.hooks.subprocess.SubprocessHook","filename":"subprocess.py","lineno":99}
{"timestamp":"2026-06-02T02:21:21.729240Z","level":"info","event":"  optional double value;","logger":"airflow.task.hooks.airflow.providers.standard.hooks.subprocess.SubprocessHook","filename":"subprocess.py","lineno":99}
{"timestamp":"2026-06-02T02:21:21.729259Z","level":"info","event":"  optional binary unit (STRING);","logger":"airflow.task.hooks.airflow.providers.standard.hooks.subprocess.SubprocessHook","filename":"subprocess.py","lineno":99}
{"timestamp":"2026-06-02T02:21:21.729278Z","level":"info","event":"  optional int32 month;","logger":"airflow.task.hooks.airflow.providers.standard.hooks.subprocess.SubprocessHook","filename":"subprocess.py","lineno":99}
{"timestamp":"2026-06-02T02:21:21.729296Z","level":"info","event":"  optional int32 quarter;","logger":"airflow.task.hooks.airflow.providers.standard.hooks.subprocess.SubprocessHook","filename":"subprocess.py","lineno":99}
{"timestamp":"2026-06-02T02:21:21.729315Z","level":"info","event":"  optional int32 year;","logger":"airflow.task.hooks.airflow.providers.standard.hooks.subprocess.SubprocessHook","filename":"subprocess.py","lineno":99}
{"timestamp":"2026-06-02T02:21:21.729333Z","level":"info","event":"  optional int96 ingest_at;","logger":"airflow.task.hooks.airflow.providers.standard.hooks.subprocess.SubprocessHook","filename":"subprocess.py","lineno":99}
{"timestamp":"2026-06-02T02:21:21.729352Z","level":"info","event":"}","logger":"airflow.task.hooks.airflow.providers.standard.hooks.subprocess.SubprocessHook","filename":"subprocess.py","lineno":99}
{"timestamp":"2026-06-02T02:21:21.729370Z","level":"info","event":"","logger":"airflow.task.hooks.airflow.providers.standard.hooks.subprocess.SubprocessHook","filename":"subprocess.py","lineno":99}
{"timestamp":"2026-06-02T02:21:21.729389Z","level":"info","event":"","logger":"airflow.task.hooks.airflow.providers.standard.hooks.subprocess.SubprocessHook","filename":"subprocess.py","lineno":99}
{"timestamp":"2026-06-02T02:21:21.729408Z","level":"info","event":"26/06/02 02:21:21 INFO CodecPool: Got brand-new compressor [.snappy]","logger":"airflow.task.hooks.airflow.providers.standard.hooks.subprocess.SubprocessHook","filename":"subprocess.py","lineno":99}
{"timestamp":"2026-06-02T02:21:21.729427Z","level":"info","event":"26/06/02 02:21:21 INFO CodecPool: Got brand-new compressor [.snappy]","logger":"airflow.task.hooks.airflow.providers.standard.hooks.subprocess.SubprocessHook","filename":"subprocess.py","lineno":99}
{"timestamp":"2026-06-02T02:21:21.729447Z","level":"info","event":"26/06/02 02:21:21 INFO CodecPool: Got brand-new compressor [.snappy]","logger":"airflow.task.hooks.airflow.providers.standard.hooks.subprocess.SubprocessHook","filename":"subprocess.py","lineno":99}
{"timestamp":"2026-06-02T02:21:21.798545Z","level":"info","event":"26/06/02 02:21:21 INFO CodecPool: Got brand-new compressor [.snappy]","logger":"airflow.task.hooks.airflow.providers.standard.hooks.subprocess.SubprocessHook","filename":"subprocess.py","lineno":99}
{"timestamp":"2026-06-02T02:21:21.798942Z","level":"info","event":"26/06/02 02:21:21 INFO CodecPool: Got brand-new compressor [.snappy]","logger":"airflow.task.hooks.airflow.providers.standard.hooks.subprocess.SubprocessHook","filename":"subprocess.py","lineno":99}
{"timestamp":"2026-06-02T02:21:21.799071Z","level":"info","event":"26/06/02 02:21:21 INFO CodecPool: Got brand-new compressor [.snappy]","logger":"airflow.task.hooks.airflow.providers.standard.hooks.subprocess.SubprocessHook","filename":"subprocess.py","lineno":99}
{"timestamp":"2026-06-02T02:21:21.799162Z","level":"info","event":"26/06/02 02:21:21 INFO CodecPool: Got brand-new compressor [.snappy]","logger":"airflow.task.hooks.airflow.providers.standard.hooks.subprocess.SubprocessHook","filename":"subprocess.py","lineno":99}
{"timestamp":"2026-06-02T02:21:21.799241Z","level":"info","event":"26/06/02 02:21:21 INFO CodecPool: Got brand-new compressor [.snappy]","logger":"airflow.task.hooks.airflow.providers.standard.hooks.subprocess.SubprocessHook","filename":"subprocess.py","lineno":99}
{"timestamp":"2026-06-02T02:21:21.799311Z","level":"info","event":"26/06/02 02:21:21 INFO CodecPool: Got brand-new compressor [.snappy]","logger":"airflow.task.hooks.airflow.providers.standard.hooks.subprocess.SubprocessHook","filename":"subprocess.py","lineno":99}
{"timestamp":"2026-06-02T02:21:21.799381Z","level":"info","event":"26/06/02 02:21:21 INFO CodecPool: Got brand-new compressor [.snappy]","logger":"airflow.task.hooks.airflow.providers.standard.hooks.subprocess.SubprocessHook","filename":"subprocess.py","lineno":99}
{"timestamp":"2026-06-02T02:21:21.799448Z","level":"info","event":"26/06/02 02:21:21 INFO CodecPool: Got brand-new compressor [.snappy]","logger":"airflow.task.hooks.airflow.providers.standard.hooks.subprocess.SubprocessHook","filename":"subprocess.py","lineno":99}
{"timestamp":"2026-06-02T02:21:21.799518Z","level":"info","event":"26/06/02 02:21:21 INFO CodecPool: Got brand-new compressor [.snappy]","logger":"airflow.task.hooks.airflow.providers.standard.hooks.subprocess.SubprocessHook","filename":"subprocess.py","lineno":99}
{"timestamp":"2026-06-02T02:21:21.799587Z","level":"info","event":"26/06/02 02:21:21 INFO CodecPool: Got brand-new compressor [.snappy]","logger":"airflow.task.hooks.airflow.providers.standard.hooks.subprocess.SubprocessHook","filename":"subprocess.py","lineno":99}
{"timestamp":"2026-06-02T02:21:21.799654Z","level":"info","event":"26/06/02 02:21:21 INFO CodecPool: Got brand-new compressor [.snappy]","logger":"airflow.task.hooks.airflow.providers.standard.hooks.subprocess.SubprocessHook","filename":"subprocess.py","lineno":99}
{"timestamp":"2026-06-02T02:21:21.799718Z","level":"info","event":"26/06/02 02:21:21 INFO CodecPool: Got brand-new compressor [.snappy]","logger":"airflow.task.hooks.airflow.providers.standard.hooks.subprocess.SubprocessHook","filename":"subprocess.py","lineno":99}
{"timestamp":"2026-06-02T02:21:21.799782Z","level":"info","event":"26/06/02 02:21:21 INFO CodecPool: Got brand-new compressor [.snappy]","logger":"airflow.task.hooks.airflow.providers.standard.hooks.subprocess.SubprocessHook","filename":"subprocess.py","lineno":99}
{"timestamp":"2026-06-02T02:21:21.799872Z","level":"info","event":"26/06/02 02:21:21 WARN MemoryManager: Total allocation exceeds 95.00% (1,020,054,720 bytes) of heap memory","logger":"airflow.task.hooks.airflow.providers.standard.hooks.subprocess.SubprocessHook","filename":"subprocess.py","lineno":99}
{"timestamp":"2026-06-02T02:21:21.800040Z","level":"info","event":"Scaling row group sizes to 95.00% for 8 writers","logger":"airflow.task.hooks.airflow.providers.standard.hooks.subprocess.SubprocessHook","filename":"subprocess.py","lineno":99}
{"timestamp":"2026-06-02T02:21:21.800146Z","level":"info","event":"26/06/02 02:21:21 WARN MemoryManager: Total allocation exceeds 95.00% (1,020,054,720 bytes) of heap memory","logger":"airflow.task.hooks.airflow.providers.standard.hooks.subprocess.SubprocessHook","filename":"subprocess.py","lineno":99}
{"timestamp":"2026-06-02T02:21:21.800223Z","level":"info","event":"Scaling row group sizes to 84.44% for 9 writers","logger":"airflow.task.hooks.airflow.providers.standard.hooks.subprocess.SubprocessHook","filename":"subprocess.py","lineno":99}
{"timestamp":"2026-06-02T02:21:21.800300Z","level":"info","event":"26/06/02 02:21:21 WARN MemoryManager: Total allocation exceeds 95.00% (1,020,054,720 bytes) of heap memory","logger":"airflow.task.hooks.airflow.providers.standard.hooks.subprocess.SubprocessHook","filename":"subprocess.py","lineno":99}
{"timestamp":"2026-06-02T02:21:21.800378Z","level":"info","event":"Scaling row group sizes to 76.00% for 10 writers","logger":"airflow.task.hooks.airflow.providers.standard.hooks.subprocess.SubprocessHook","filename":"subprocess.py","lineno":99}
{"timestamp":"2026-06-02T02:21:21.800447Z","level":"info","event":"26/06/02 02:21:21 WARN MemoryManager: Total allocation exceeds 95.00% (1,020,054,720 bytes) of heap memory","logger":"airflow.task.hooks.airflow.providers.standard.hooks.subprocess.SubprocessHook","filename":"subprocess.py","lineno":99}
{"timestamp":"2026-06-02T02:21:21.800521Z","level":"info","event":"Scaling row group sizes to 69.09% for 11 writers","logger":"airflow.task.hooks.airflow.providers.standard.hooks.subprocess.SubprocessHook","filename":"subprocess.py","lineno":99}
{"timestamp":"2026-06-02T02:21:21.800595Z","level":"info","event":"26/06/02 02:21:21 WARN MemoryManager: Total allocation exceeds 95.00% (1,020,054,720 bytes) of heap memory","logger":"airflow.task.hooks.airflow.providers.standard.hooks.subprocess.SubprocessHook","filename":"subprocess.py","lineno":99}
{"timestamp":"2026-06-02T02:21:21.800749Z","level":"info","event":"Scaling row group sizes to 63.33% for 12 writers","logger":"airflow.task.hooks.airflow.providers.standard.hooks.subprocess.SubprocessHook","filename":"subprocess.py","lineno":99}
{"timestamp":"2026-06-02T02:21:21.800841Z","level":"info","event":"26/06/02 02:21:21 WARN MemoryManager: Total allocation exceeds 95.00% (1,020,054,720 bytes) of heap memory","logger":"airflow.task.hooks.airflow.providers.standard.hooks.subprocess.SubprocessHook","filename":"subprocess.py","lineno":99}
{"timestamp":"2026-06-02T02:21:21.800917Z","level":"info","event":"Scaling row group sizes to 58.46% for 13 writers","logger":"airflow.task.hooks.airflow.providers.standard.hooks.subprocess.SubprocessHook","filename":"subprocess.py","lineno":99}
{"timestamp":"2026-06-02T02:21:21.800988Z","level":"info","event":"26/06/02 02:21:21 WARN MemoryManager: Total allocation exceeds 95.00% (1,020,054,720 bytes) of heap memory","logger":"airflow.task.hooks.airflow.providers.standard.hooks.subprocess.SubprocessHook","filename":"subprocess.py","lineno":99}
{"timestamp":"2026-06-02T02:21:21.801057Z","level":"info","event":"Scaling row group sizes to 54.29% for 14 writers","logger":"airflow.task.hooks.airflow.providers.standard.hooks.subprocess.SubprocessHook","filename":"subprocess.py","lineno":99}
{"timestamp":"2026-06-02T02:21:21.801122Z","level":"info","event":"26/06/02 02:21:21 WARN MemoryManager: Total allocation exceeds 95.00% (1,020,054,720 bytes) of heap memory","logger":"airflow.task.hooks.airflow.providers.standard.hooks.subprocess.SubprocessHook","filename":"subprocess.py","lineno":99}
{"timestamp":"2026-06-02T02:21:21.801183Z","level":"info","event":"Scaling row group sizes to 50.67% for 15 writers","logger":"airflow.task.hooks.airflow.providers.standard.hooks.subprocess.SubprocessHook","filename":"subprocess.py","lineno":99}
{"timestamp":"2026-06-02T02:21:21.801243Z","level":"info","event":"26/06/02 02:21:21 WARN MemoryManager: Total allocation exceeds 95.00% (1,020,054,720 bytes) of heap memory","logger":"airflow.task.hooks.airflow.providers.standard.hooks.subprocess.SubprocessHook","filename":"subprocess.py","lineno":99}
{"timestamp":"2026-06-02T02:21:21.801304Z","level":"info","event":"Scaling row group sizes to 47.50% for 16 writers","logger":"airflow.task.hooks.airflow.providers.standard.hooks.subprocess.SubprocessHook","filename":"subprocess.py","lineno":99}
{"timestamp":"2026-06-02T02:21:21.832472Z","level":"info","event":"26/06/02 02:21:21 INFO PythonRunner: Times: total = 168, boot = -4464, init = 4631, finish = 1","logger":"airflow.task.hooks.airflow.providers.standard.hooks.subprocess.SubprocessHook","filename":"subprocess.py","lineno":99}
{"timestamp":"2026-06-02T02:21:21.832719Z","level":"info","event":"26/06/02 02:21:21 INFO PythonRunner: Times: total = 204, boot = -4370, init = 4574, finish = 0","logger":"airflow.task.hooks.airflow.providers.standard.hooks.subprocess.SubprocessHook","filename":"subprocess.py","lineno":99}
{"timestamp":"2026-06-02T02:21:21.832851Z","level":"info","event":"26/06/02 02:21:21 INFO PythonRunner: Times: total = 133, boot = -4380, init = 4513, finish = 0","logger":"airflow.task.hooks.airflow.providers.standard.hooks.subprocess.SubprocessHook","filename":"subprocess.py","lineno":99}
{"timestamp":"2026-06-02T02:21:21.832941Z","level":"info","event":"26/06/02 02:21:21 INFO PythonRunner: Times: total = 156, boot = -4352, init = 4508, finish = 0","logger":"airflow.task.hooks.airflow.providers.standard.hooks.subprocess.SubprocessHook","filename":"subprocess.py","lineno":99}
{"timestamp":"2026-06-02T02:21:21.833012Z","level":"info","event":"26/06/02 02:21:21 INFO PythonRunner: Times: total = 317, boot = 40, init = 276, finish = 1","logger":"airflow.task.hooks.airflow.providers.standard.hooks.subprocess.SubprocessHook","filename":"subprocess.py","lineno":99}
{"timestamp":"2026-06-02T02:21:21.833152Z","level":"info","event":"26/06/02 02:21:21 INFO PythonRunner: Times: total = 362, boot = 91, init = 271, finish = 0","logger":"airflow.task.hooks.airflow.providers.standard.hooks.subprocess.SubprocessHook","filename":"subprocess.py","lineno":99}
{"timestamp":"2026-06-02T02:21:21.833254Z","level":"info","event":"26/06/02 02:21:21 INFO PythonRunner: Times: total = 174, boot = -4344, init = 4518, finish = 0","logger":"airflow.task.hooks.airflow.providers.standard.hooks.subprocess.SubprocessHook","filename":"subprocess.py","lineno":99}
{"timestamp":"2026-06-02T02:21:21.833391Z","level":"info","event":"26/06/02 02:21:21 INFO PythonRunner: Times: total = 131, boot = -4458, init = 4589, finish = 0","logger":"airflow.task.hooks.airflow.providers.standard.hooks.subprocess.SubprocessHook","filename":"subprocess.py","lineno":99}
{"timestamp":"2026-06-02T02:21:21.833809Z","level":"info","event":"26/06/02 02:21:21 INFO PythonRunner: Times: total = 311, boot = 78, init = 233, finish = 0","logger":"airflow.task.hooks.airflow.providers.standard.hooks.subprocess.SubprocessHook","filename":"subprocess.py","lineno":99}
{"timestamp":"2026-06-02T02:21:21.833984Z","level":"info","event":"26/06/02 02:21:21 INFO PythonRunner: Times: total = 299, boot = 33, init = 266, finish = 0","logger":"airflow.task.hooks.airflow.providers.standard.hooks.subprocess.SubprocessHook","filename":"subprocess.py","lineno":99}
{"timestamp":"2026-06-02T02:21:21.834091Z","level":"info","event":"26/06/02 02:21:21 INFO PythonRunner: Times: total = 159, boot = -4440, init = 4598, finish = 1","logger":"airflow.task.hooks.airflow.providers.standard.hooks.subprocess.SubprocessHook","filename":"subprocess.py","lineno":99}
{"timestamp":"2026-06-02T02:21:21.834156Z","level":"info","event":"26/06/02 02:21:21 INFO PythonRunner: Times: total = 353, boot = 121, init = 232, finish = 0","logger":"airflow.task.hooks.airflow.providers.standard.hooks.subprocess.SubprocessHook","filename":"subprocess.py","lineno":99}
{"timestamp":"2026-06-02T02:21:21.834289Z","level":"info","event":"26/06/02 02:21:21 INFO PythonRunner: Times: total = 320, boot = 57, init = 263, finish = 0","logger":"airflow.task.hooks.airflow.providers.standard.hooks.subprocess.SubprocessHook","filename":"subprocess.py","lineno":99}
{"timestamp":"2026-06-02T02:21:21.834416Z","level":"info","event":"26/06/02 02:21:21 INFO PythonRunner: Times: total = 156, boot = -4466, init = 4622, finish = 0","logger":"airflow.task.hooks.airflow.providers.standard.hooks.subprocess.SubprocessHook","filename":"subprocess.py","lineno":99}
{"timestamp":"2026-06-02T02:21:21.834505Z","level":"info","event":"26/06/02 02:21:21 INFO PythonRunner: Times: total = 277, boot = 21, init = 256, finish = 0","logger":"airflow.task.hooks.airflow.providers.standard.hooks.subprocess.SubprocessHook","filename":"subprocess.py","lineno":99}
{"timestamp":"2026-06-02T02:21:21.834589Z","level":"info","event":"26/06/02 02:21:21 INFO PythonRunner: Times: total = 166, boot = -4355, init = 4521, finish = 0","logger":"airflow.task.hooks.airflow.providers.standard.hooks.subprocess.SubprocessHook","filename":"subprocess.py","lineno":99}
{"timestamp":"2026-06-02T02:21:22.288088Z","level":"info","event":"26/06/02 02:21:22 WARN MemoryManager: Total allocation exceeds 95.00% (1,020,054,720 bytes) of heap memory","logger":"airflow.task.hooks.airflow.providers.standard.hooks.subprocess.SubprocessHook","filename":"subprocess.py","lineno":99}
{"timestamp":"2026-06-02T02:21:22.288301Z","level":"info","event":"Scaling row group sizes to 50.67% for 15 writers","logger":"airflow.task.hooks.airflow.providers.standard.hooks.subprocess.SubprocessHook","filename":"subprocess.py","lineno":99}
{"timestamp":"2026-06-02T02:21:22.288388Z","level":"info","event":"26/06/02 02:21:22 WARN MemoryManager: Total allocation exceeds 95.00% (1,020,054,720 bytes) of heap memory","logger":"airflow.task.hooks.airflow.providers.standard.hooks.subprocess.SubprocessHook","filename":"subprocess.py","lineno":99}
{"timestamp":"2026-06-02T02:21:22.288436Z","level":"info","event":"Scaling row group sizes to 54.29% for 14 writers","logger":"airflow.task.hooks.airflow.providers.standard.hooks.subprocess.SubprocessHook","filename":"subprocess.py","lineno":99}
{"timestamp":"2026-06-02T02:21:22.289333Z","level":"info","event":"26/06/02 02:21:22 WARN MemoryManager: Total allocation exceeds 95.00% (1,020,054,720 bytes) of heap memory","logger":"airflow.task.hooks.airflow.providers.standard.hooks.subprocess.SubprocessHook","filename":"subprocess.py","lineno":99}
{"timestamp":"2026-06-02T02:21:22.289549Z","level":"info","event":"Scaling row group sizes to 58.46% for 13 writers","logger":"airflow.task.hooks.airflow.providers.standard.hooks.subprocess.SubprocessHook","filename":"subprocess.py","lineno":99}
{"timestamp":"2026-06-02T02:21:22.289766Z","level":"info","event":"26/06/02 02:21:22 WARN MemoryManager: Total allocation exceeds 95.00% (1,020,054,720 bytes) of heap memory","logger":"airflow.task.hooks.airflow.providers.standard.hooks.subprocess.SubprocessHook","filename":"subprocess.py","lineno":99}
{"timestamp":"2026-06-02T02:21:22.289888Z","level":"info","event":"Scaling row group sizes to 63.33% for 12 writers","logger":"airflow.task.hooks.airflow.providers.standard.hooks.subprocess.SubprocessHook","filename":"subprocess.py","lineno":99}
{"timestamp":"2026-06-02T02:21:22.290137Z","level":"info","event":"26/06/02 02:21:22 WARN MemoryManager: Total allocation exceeds 95.00% (1,020,054,720 bytes) of heap memory","logger":"airflow.task.hooks.airflow.providers.standard.hooks.subprocess.SubprocessHook","filename":"subprocess.py","lineno":99}
{"timestamp":"2026-06-02T02:21:22.290234Z","level":"info","event":"Scaling row group sizes to 69.09% for 11 writers","logger":"airflow.task.hooks.airflow.providers.standard.hooks.subprocess.SubprocessHook","filename":"subprocess.py","lineno":99}
{"timestamp":"2026-06-02T02:21:22.290816Z","level":"info","event":"26/06/02 02:21:22 WARN MemoryManager: Total allocation exceeds 95.00% (1,020,054,720 bytes) of heap memory","logger":"airflow.task.hooks.airflow.providers.standard.hooks.subprocess.SubprocessHook","filename":"subprocess.py","lineno":99}
{"timestamp":"2026-06-02T02:21:22.290977Z","level":"info","event":"Scaling row group sizes to 76.00% for 10 writers","logger":"airflow.task.hooks.airflow.providers.standard.hooks.subprocess.SubprocessHook","filename":"subprocess.py","lineno":99}
{"timestamp":"2026-06-02T02:21:22.292739Z","level":"info","event":"26/06/02 02:21:22 WARN MemoryManager: Total allocation exceeds 95.00% (1,020,054,720 bytes) of heap memory","logger":"airflow.task.hooks.airflow.providers.standard.hooks.subprocess.SubprocessHook","filename":"subprocess.py","lineno":99}
{"timestamp":"2026-06-02T02:21:22.292952Z","level":"info","event":"Scaling row group sizes to 84.44% for 9 writers","logger":"airflow.task.hooks.airflow.providers.standard.hooks.subprocess.SubprocessHook","filename":"subprocess.py","lineno":99}
{"timestamp":"2026-06-02T02:21:22.293044Z","level":"info","event":"26/06/02 02:21:22 WARN MemoryManager: Total allocation exceeds 95.00% (1,020,054,720 bytes) of heap memory","logger":"airflow.task.hooks.airflow.providers.standard.hooks.subprocess.SubprocessHook","filename":"subprocess.py","lineno":99}
{"timestamp":"2026-06-02T02:21:22.293124Z","level":"info","event":"Scaling row group sizes to 95.00% for 8 writers","logger":"airflow.task.hooks.airflow.providers.standard.hooks.subprocess.SubprocessHook","filename":"subprocess.py","lineno":99}
{"timestamp":"2026-06-02T02:21:22.308469Z","level":"info","event":"26/06/02 02:21:22 INFO CodeGenerator: Code generated in 12.352047 ms","logger":"airflow.task.hooks.airflow.providers.standard.hooks.subprocess.SubprocessHook","filename":"subprocess.py","lineno":99}
{"timestamp":"2026-06-02T02:21:22.325649Z","level":"info","event":"26/06/02 02:21:22 INFO CodeGenerator: Code generated in 10.262962 ms","logger":"airflow.task.hooks.airflow.providers.standard.hooks.subprocess.SubprocessHook","filename":"subprocess.py","lineno":99}
{"timestamp":"2026-06-02T02:21:22.414069Z","level":"info","event":"26/06/02 02:21:22 INFO Executor: Finished task 13.0 in stage 4.0 (TID 28). 4231 bytes result sent to driver","logger":"airflow.task.hooks.airflow.providers.standard.hooks.subprocess.SubprocessHook","filename":"subprocess.py","lineno":99}
{"timestamp":"2026-06-02T02:21:22.414257Z","level":"info","event":"26/06/02 02:21:22 INFO Executor: Finished task 12.0 in stage 4.0 (TID 27). 4216 bytes result sent to driver","logger":"airflow.task.hooks.airflow.providers.standard.hooks.subprocess.SubprocessHook","filename":"subprocess.py","lineno":99}
{"timestamp":"2026-06-02T02:21:22.414299Z","level":"info","event":"26/06/02 02:21:22 INFO Executor: Finished task 11.0 in stage 4.0 (TID 26). 4208 bytes result sent to driver","logger":"airflow.task.hooks.airflow.providers.standard.hooks.subprocess.SubprocessHook","filename":"subprocess.py","lineno":99}
{"timestamp":"2026-06-02T02:21:22.414322Z","level":"info","event":"26/06/02 02:21:22 INFO Executor: Finished task 3.0 in stage 4.0 (TID 18). 4224 bytes result sent to driver","logger":"airflow.task.hooks.airflow.providers.standard.hooks.subprocess.SubprocessHook","filename":"subprocess.py","lineno":99}
{"timestamp":"2026-06-02T02:21:22.414342Z","level":"info","event":"26/06/02 02:21:22 INFO Executor: Finished task 2.0 in stage 4.0 (TID 17). 4188 bytes result sent to driver","logger":"airflow.task.hooks.airflow.providers.standard.hooks.subprocess.SubprocessHook","filename":"subprocess.py","lineno":99}
{"timestamp":"2026-06-02T02:21:22.414361Z","level":"info","event":"26/06/02 02:21:22 INFO Executor: Finished task 5.0 in stage 4.0 (TID 20). 4218 bytes result sent to driver","logger":"airflow.task.hooks.airflow.providers.standard.hooks.subprocess.SubprocessHook","filename":"subprocess.py","lineno":99}
{"timestamp":"2026-06-02T02:21:22.414379Z","level":"info","event":"26/06/02 02:21:22 INFO Executor: Finished task 7.0 in stage 4.0 (TID 22). 4230 bytes result sent to driver","logger":"airflow.task.hooks.airflow.providers.standard.hooks.subprocess.SubprocessHook","filename":"subprocess.py","lineno":99}
{"timestamp":"2026-06-02T02:21:22.414396Z","level":"info","event":"26/06/02 02:21:22 INFO Executor: Finished task 10.0 in stage 4.0 (TID 25). 4219 bytes result sent to driver","logger":"airflow.task.hooks.airflow.providers.standard.hooks.subprocess.SubprocessHook","filename":"subprocess.py","lineno":99}
{"timestamp":"2026-06-02T02:21:22.416357Z","level":"info","event":"26/06/02 02:21:22 INFO Executor: Finished task 8.0 in stage 4.0 (TID 23). 4257 bytes result sent to driver","logger":"airflow.task.hooks.airflow.providers.standard.hooks.subprocess.SubprocessHook","filename":"subprocess.py","lineno":99}
{"timestamp":"2026-06-02T02:21:22.416753Z","level":"info","event":"26/06/02 02:21:22 INFO Executor: Finished task 6.0 in stage 4.0 (TID 21). 4210 bytes result sent to driver","logger":"airflow.task.hooks.airflow.providers.standard.hooks.subprocess.SubprocessHook","filename":"subprocess.py","lineno":99}
{"timestamp":"2026-06-02T02:21:22.416901Z","level":"info","event":"26/06/02 02:21:22 INFO Executor: Finished task 4.0 in stage 4.0 (TID 19). 4206 bytes result sent to driver","logger":"airflow.task.hooks.airflow.providers.standard.hooks.subprocess.SubprocessHook","filename":"subprocess.py","lineno":99}
{"timestamp":"2026-06-02T02:21:22.417521Z","level":"info","event":"26/06/02 02:21:22 INFO Executor: Finished task 0.0 in stage 4.0 (TID 15). 4230 bytes result sent to driver","logger":"airflow.task.hooks.airflow.providers.standard.hooks.subprocess.SubprocessHook","filename":"subprocess.py","lineno":99}
{"timestamp":"2026-06-02T02:21:22.417839Z","level":"info","event":"26/06/02 02:21:22 INFO Executor: Finished task 9.0 in stage 4.0 (TID 24). 4207 bytes result sent to driver","logger":"airflow.task.hooks.airflow.providers.standard.hooks.subprocess.SubprocessHook","filename":"subprocess.py","lineno":99}
{"timestamp":"2026-06-02T02:21:22.417941Z","level":"info","event":"26/06/02 02:21:22 INFO Executor: Finished task 1.0 in stage 4.0 (TID 16). 4239 bytes result sent to driver","logger":"airflow.task.hooks.airflow.providers.standard.hooks.subprocess.SubprocessHook","filename":"subprocess.py","lineno":99}
{"timestamp":"2026-06-02T02:21:22.418024Z","level":"info","event":"26/06/02 02:21:22 INFO Executor: Finished task 14.0 in stage 4.0 (TID 29). 4190 bytes result sent to driver","logger":"airflow.task.hooks.airflow.providers.standard.hooks.subprocess.SubprocessHook","filename":"subprocess.py","lineno":99}
{"timestamp":"2026-06-02T02:21:22.419350Z","level":"info","event":"26/06/02 02:21:22 INFO Executor: Finished task 15.0 in stage 4.0 (TID 30). 4186 bytes result sent to driver","logger":"airflow.task.hooks.airflow.providers.standard.hooks.subprocess.SubprocessHook","filename":"subprocess.py","lineno":99}
{"timestamp":"2026-06-02T02:21:22.423188Z","level":"info","event":"26/06/02 02:21:22 INFO TaskSetManager: Finished task 12.0 in stage 4.0 (TID 27) in 1859 ms on 32a25072c928 (executor driver) (1/16)","logger":"airflow.task.hooks.airflow.providers.standard.hooks.subprocess.SubprocessHook","filename":"subprocess.py","lineno":99}
{"timestamp":"2026-06-02T02:21:22.424230Z","level":"info","event":"26/06/02 02:21:22 INFO TaskSetManager: Finished task 13.0 in stage 4.0 (TID 28) in 1859 ms on 32a25072c928 (executor driver) (2/16)","logger":"airflow.task.hooks.airflow.providers.standard.hooks.subprocess.SubprocessHook","filename":"subprocess.py","lineno":99}
{"timestamp":"2026-06-02T02:21:22.425311Z","level":"info","event":"26/06/02 02:21:22 INFO TaskSetManager: Finished task 11.0 in stage 4.0 (TID 26) in 1862 ms on 32a25072c928 (executor driver) (3/16)","logger":"airflow.task.hooks.airflow.providers.standard.hooks.subprocess.SubprocessHook","filename":"subprocess.py","lineno":99}
{"timestamp":"2026-06-02T02:21:22.425606Z","level":"info","event":"26/06/02 02:21:22 INFO TaskSetManager: Finished task 3.0 in stage 4.0 (TID 18) in 1871 ms on 32a25072c928 (executor driver) (4/16)","logger":"airflow.task.hooks.airflow.providers.standard.hooks.subprocess.SubprocessHook","filename":"subprocess.py","lineno":99}
{"timestamp":"2026-06-02T02:21:22.428068Z","level":"info","event":"26/06/02 02:21:22 INFO TaskSetManager: Finished task 10.0 in stage 4.0 (TID 25) in 1864 ms on 32a25072c928 (executor driver) (5/16)","logger":"airflow.task.hooks.airflow.providers.standard.hooks.subprocess.SubprocessHook","filename":"subprocess.py","lineno":99}
{"timestamp":"2026-06-02T02:21:22.428330Z","level":"info","event":"26/06/02 02:21:22 INFO TaskSetManager: Finished task 2.0 in stage 4.0 (TID 17) in 1874 ms on 32a25072c928 (executor driver) (6/16)","logger":"airflow.task.hooks.airflow.providers.standard.hooks.subprocess.SubprocessHook","filename":"subprocess.py","lineno":99}
{"timestamp":"2026-06-02T02:21:22.428487Z","level":"info","event":"26/06/02 02:21:22 INFO TaskSetManager: Finished task 5.0 in stage 4.0 (TID 20) in 1871 ms on 32a25072c928 (executor driver) (7/16)","logger":"airflow.task.hooks.airflow.providers.standard.hooks.subprocess.SubprocessHook","filename":"subprocess.py","lineno":99}
{"timestamp":"2026-06-02T02:21:22.430241Z","level":"info","event":"26/06/02 02:21:22 INFO TaskSetManager: Finished task 7.0 in stage 4.0 (TID 22) in 1872 ms on 32a25072c928 (executor driver) (8/16)","logger":"airflow.task.hooks.airflow.providers.standard.hooks.subprocess.SubprocessHook","filename":"subprocess.py","lineno":99}
{"timestamp":"2026-06-02T02:21:22.430979Z","level":"info","event":"26/06/02 02:21:22 INFO TaskSetManager: Finished task 6.0 in stage 4.0 (TID 21) in 1873 ms on 32a25072c928 (executor driver) (9/16)","logger":"airflow.task.hooks.airflow.providers.standard.hooks.subprocess.SubprocessHook","filename":"subprocess.py","lineno":99}
{"timestamp":"2026-06-02T02:21:22.431180Z","level":"info","event":"26/06/02 02:21:22 INFO TaskSetManager: Finished task 8.0 in stage 4.0 (TID 23) in 1871 ms on 32a25072c928 (executor driver) (10/16)","logger":"airflow.task.hooks.airflow.providers.standard.hooks.subprocess.SubprocessHook","filename":"subprocess.py","lineno":99}
{"timestamp":"2026-06-02T02:21:22.434995Z","level":"info","event":"26/06/02 02:21:22 INFO TaskSetManager: Finished task 4.0 in stage 4.0 (TID 19) in 1876 ms on 32a25072c928 (executor driver) (11/16)","logger":"airflow.task.hooks.airflow.providers.standard.hooks.subprocess.SubprocessHook","filename":"subprocess.py","lineno":99}
{"timestamp":"2026-06-02T02:21:22.435392Z","level":"info","event":"26/06/02 02:21:22 INFO TaskSetManager: Finished task 1.0 in stage 4.0 (TID 16) in 1882 ms on 32a25072c928 (executor driver) (12/16)","logger":"airflow.task.hooks.airflow.providers.standard.hooks.subprocess.SubprocessHook","filename":"subprocess.py","lineno":99}
{"timestamp":"2026-06-02T02:21:22.435568Z","level":"info","event":"26/06/02 02:21:22 INFO TaskSetManager: Finished task 0.0 in stage 4.0 (TID 15) in 1885 ms on 32a25072c928 (executor driver) (13/16)","logger":"airflow.task.hooks.airflow.providers.standard.hooks.subprocess.SubprocessHook","filename":"subprocess.py","lineno":99}
{"timestamp":"2026-06-02T02:21:22.436262Z","level":"info","event":"26/06/02 02:21:22 INFO TaskSetManager: Finished task 14.0 in stage 4.0 (TID 29) in 1871 ms on 32a25072c928 (executor driver) (14/16)","logger":"airflow.task.hooks.airflow.providers.standard.hooks.subprocess.SubprocessHook","filename":"subprocess.py","lineno":99}
{"timestamp":"2026-06-02T02:21:22.437973Z","level":"info","event":"26/06/02 02:21:22 INFO TaskSetManager: Finished task 9.0 in stage 4.0 (TID 24) in 1876 ms on 32a25072c928 (executor driver) (15/16)","logger":"airflow.task.hooks.airflow.providers.standard.hooks.subprocess.SubprocessHook","filename":"subprocess.py","lineno":99}
{"timestamp":"2026-06-02T02:21:22.438191Z","level":"info","event":"26/06/02 02:21:22 INFO TaskSetManager: Finished task 15.0 in stage 4.0 (TID 30) in 1871 ms on 32a25072c928 (executor driver) (16/16)","logger":"airflow.task.hooks.airflow.providers.standard.hooks.subprocess.SubprocessHook","filename":"subprocess.py","lineno":99}
{"timestamp":"2026-06-02T02:21:22.438295Z","level":"info","event":"26/06/02 02:21:22 INFO TaskSchedulerImpl: Removed TaskSet 4.0, whose tasks have all completed, from pool","logger":"airflow.task.hooks.airflow.providers.standard.hooks.subprocess.SubprocessHook","filename":"subprocess.py","lineno":99}
{"timestamp":"2026-06-02T02:21:22.452965Z","level":"info","event":"26/06/02 02:21:22 INFO DAGScheduler: ResultStage 4 (saveAsTable at NativeMethodAccessorImpl.java:0) finished in 1.946 s","logger":"airflow.task.hooks.airflow.providers.standard.hooks.subprocess.SubprocessHook","filename":"subprocess.py","lineno":99}
{"timestamp":"2026-06-02T02:21:22.455818Z","level":"info","event":"26/06/02 02:21:22 INFO DAGScheduler: Job 4 is finished. Cancelling potential speculative or zombie tasks for this job","logger":"airflow.task.hooks.airflow.providers.standard.hooks.subprocess.SubprocessHook","filename":"subprocess.py","lineno":99}
{"timestamp":"2026-06-02T02:21:22.456102Z","level":"info","event":"26/06/02 02:21:22 INFO TaskSchedulerImpl: Killing all running tasks in stage 4: Stage finished","logger":"airflow.task.hooks.airflow.providers.standard.hooks.subprocess.SubprocessHook","filename":"subprocess.py","lineno":99}
{"timestamp":"2026-06-02T02:21:22.457054Z","level":"info","event":"26/06/02 02:21:22 INFO DAGScheduler: Job 4 finished: saveAsTable at NativeMethodAccessorImpl.java:0, took 1.957466 s","logger":"airflow.task.hooks.airflow.providers.standard.hooks.subprocess.SubprocessHook","filename":"subprocess.py","lineno":99}
{"timestamp":"2026-06-02T02:21:22.460584Z","level":"info","event":"26/06/02 02:21:22 INFO DeltaFileFormatWriter: Start to commit write Job 12746252-723a-44a3-93c7-84da6416f962.","logger":"airflow.task.hooks.airflow.providers.standard.hooks.subprocess.SubprocessHook","filename":"subprocess.py","lineno":99}
{"timestamp":"2026-06-02T02:21:22.463167Z","level":"info","event":"26/06/02 02:21:22 INFO DeltaFileFormatWriter: Write Job 12746252-723a-44a3-93c7-84da6416f962 committed. Elapsed time: 2 ms.","logger":"airflow.task.hooks.airflow.providers.standard.hooks.subprocess.SubprocessHook","filename":"subprocess.py","lineno":99}
{"timestamp":"2026-06-02T02:21:22.466619Z","level":"info","event":"26/06/02 02:21:22 INFO DeltaFileFormatWriter: Finished processing stats for write job 12746252-723a-44a3-93c7-84da6416f962.","logger":"airflow.task.hooks.airflow.providers.standard.hooks.subprocess.SubprocessHook","filename":"subprocess.py","lineno":99}
{"timestamp":"2026-06-02T02:21:22.519990Z","level":"info","event":"26/06/02 02:21:22 INFO OptimisticTransaction: [tableId=b151bf18,txnId=e3437ed7] Attempting to commit version 1 with 17 actions with Serializable isolation level","logger":"airflow.task.hooks.airflow.providers.standard.hooks.subprocess.SubprocessHook","filename":"subprocess.py","lineno":99}
{"timestamp":"2026-06-02T02:21:22.656477Z","level":"info","event":"26/06/02 02:21:22 INFO DeltaLog: Creating a new snapshot v1 for commit version 1","logger":"airflow.task.hooks.airflow.providers.standard.hooks.subprocess.SubprocessHook","filename":"subprocess.py","lineno":99}
{"timestamp":"2026-06-02T02:21:22.656703Z","level":"info","event":"26/06/02 02:21:22 INFO DeltaLog: Loading version 1.","logger":"airflow.task.hooks.airflow.providers.standard.hooks.subprocess.SubprocessHook","filename":"subprocess.py","lineno":99}
{"timestamp":"2026-06-02T02:21:22.660586Z","level":"info","event":"26/06/02 02:21:22 INFO DeltaLogFileIndex: Created DeltaLogFileIndex(JSON, numFilesInSegment: 2, totalFileSize: 12738)","logger":"airflow.task.hooks.airflow.providers.standard.hooks.subprocess.SubprocessHook","filename":"subprocess.py","lineno":99}
{"timestamp":"2026-06-02T02:21:22.731032Z","level":"info","event":"26/06/02 02:21:22 INFO DataSourceStrategy: Pruning directories with:","logger":"airflow.task.hooks.airflow.providers.standard.hooks.subprocess.SubprocessHook","filename":"subprocess.py","lineno":99}
{"timestamp":"2026-06-02T02:21:22.732787Z","level":"info","event":"26/06/02 02:21:22 INFO FileSourceStrategy: Pushed Filters:","logger":"airflow.task.hooks.airflow.providers.standard.hooks.subprocess.SubprocessHook","filename":"subprocess.py","lineno":99}
{"timestamp":"2026-06-02T02:21:22.736423Z","level":"info","event":"26/06/02 02:21:22 INFO FileSourceStrategy: Post-Scan Filters: ((isnotnull(protocol#641.minReaderVersion) OR isnotnull(metaData#640.id)) OR (isnotnull(commitInfo#642.inCommitTimestamp) AND (version#643L = 1)))","logger":"airflow.task.hooks.airflow.providers.standard.hooks.subprocess.SubprocessHook","filename":"subprocess.py","lineno":99}
{"timestamp":"2026-06-02T02:21:22.806141Z","level":"info","event":"26/06/02 02:21:22 INFO CodeGenerator: Code generated in 49.128935 ms","logger":"airflow.task.hooks.airflow.providers.standard.hooks.subprocess.SubprocessHook","filename":"subprocess.py","lineno":99}
{"timestamp":"2026-06-02T02:21:22.810139Z","level":"info","event":"26/06/02 02:21:22 INFO MemoryStore: Block broadcast_6 stored as values in memory (estimated size 202.4 KiB, free 433.7 MiB)","logger":"airflow.task.hooks.airflow.providers.standard.hooks.subprocess.SubprocessHook","filename":"subprocess.py","lineno":99}
{"timestamp":"2026-06-02T02:21:22.824574Z","level":"info","event":"26/06/02 02:21:22 INFO MemoryStore: Block broadcast_6_piece0 stored as bytes in memory (estimated size 35.0 KiB, free 433.7 MiB)","logger":"airflow.task.hooks.airflow.providers.standard.hooks.subprocess.SubprocessHook","filename":"subprocess.py","lineno":99}
{"timestamp":"2026-06-02T02:21:22.825807Z","level":"info","event":"26/06/02 02:21:22 INFO BlockManagerInfo: Added broadcast_6_piece0 in memory on 32a25072c928:46419 (size: 35.0 KiB, free: 434.2 MiB)","logger":"airflow.task.hooks.airflow.providers.standard.hooks.subprocess.SubprocessHook","filename":"subprocess.py","lineno":99}
{"timestamp":"2026-06-02T02:21:22.827295Z","level":"info","event":"26/06/02 02:21:22 INFO SparkContext: Created broadcast 6 from $anonfun$recordDeltaOperationInternal$1 at DatabricksLogging.scala:128","logger":"airflow.task.hooks.airflow.providers.standard.hooks.subprocess.SubprocessHook","filename":"subprocess.py","lineno":99}
{"timestamp":"2026-06-02T02:21:22.829376Z","level":"info","event":"26/06/02 02:21:22 INFO FileSourceScanExec: Planning scan with bin packing, max size: 4194304 bytes, open cost is considered as scanning 4194304 bytes.","logger":"airflow.task.hooks.airflow.providers.standard.hooks.subprocess.SubprocessHook","filename":"subprocess.py","lineno":99}
{"timestamp":"2026-06-02T02:21:22.842402Z","level":"info","event":"26/06/02 02:21:22 INFO SparkContext: Starting job: $anonfun$recordDeltaOperationInternal$1 at DatabricksLogging.scala:128","logger":"airflow.task.hooks.airflow.providers.standard.hooks.subprocess.SubprocessHook","filename":"subprocess.py","lineno":99}
{"timestamp":"2026-06-02T02:21:22.843405Z","level":"info","event":"26/06/02 02:21:22 INFO DAGScheduler: Got job 5 ($anonfun$recordDeltaOperationInternal$1 at DatabricksLogging.scala:128) with 2 output partitions","logger":"airflow.task.hooks.airflow.providers.standard.hooks.subprocess.SubprocessHook","filename":"subprocess.py","lineno":99}
{"timestamp":"2026-06-02T02:21:22.843573Z","level":"info","event":"26/06/02 02:21:22 INFO DAGScheduler: Final stage: ResultStage 5 ($anonfun$recordDeltaOperationInternal$1 at DatabricksLogging.scala:128)","logger":"airflow.task.hooks.airflow.providers.standard.hooks.subprocess.SubprocessHook","filename":"subprocess.py","lineno":99}
{"timestamp":"2026-06-02T02:21:22.843631Z","level":"info","event":"26/06/02 02:21:22 INFO DAGScheduler: Parents of final stage: List()","logger":"airflow.task.hooks.airflow.providers.standard.hooks.subprocess.SubprocessHook","filename":"subprocess.py","lineno":99}
{"timestamp":"2026-06-02T02:21:22.844089Z","level":"info","event":"26/06/02 02:21:22 INFO DAGScheduler: Missing parents: List()","logger":"airflow.task.hooks.airflow.providers.standard.hooks.subprocess.SubprocessHook","filename":"subprocess.py","lineno":99}
{"timestamp":"2026-06-02T02:21:22.845893Z","level":"info","event":"26/06/02 02:21:22 INFO DAGScheduler: Submitting ResultStage 5 (MapPartitionsRDD[15] at $anonfun$recordDeltaOperationInternal$1 at DatabricksLogging.scala:128), which has no missing parents","logger":"airflow.task.hooks.airflow.providers.standard.hooks.subprocess.SubprocessHook","filename":"subprocess.py","lineno":99}
{"timestamp":"2026-06-02T02:21:22.859660Z","level":"info","event":"26/06/02 02:21:22 INFO MemoryStore: Block broadcast_7 stored as values in memory (estimated size 55.2 KiB, free 433.7 MiB)","logger":"airflow.task.hooks.airflow.providers.standard.hooks.subprocess.SubprocessHook","filename":"subprocess.py","lineno":99}
{"timestamp":"2026-06-02T02:21:22.862440Z","level":"info","event":"26/06/02 02:21:22 INFO MemoryStore: Block broadcast_7_piece0 stored as bytes in memory (estimated size 17.2 KiB, free 433.8 MiB)","logger":"airflow.task.hooks.airflow.providers.standard.hooks.subprocess.SubprocessHook","filename":"subprocess.py","lineno":99}
{"timestamp":"2026-06-02T02:21:22.862685Z","level":"info","event":"26/06/02 02:21:22 INFO BlockManagerInfo: Removed broadcast_5_piece0 on 32a25072c928:46419 in memory (size: 124.4 KiB, free: 434.4 MiB)","logger":"airflow.task.hooks.airflow.providers.standard.hooks.subprocess.SubprocessHook","filename":"subprocess.py","lineno":99}
{"timestamp":"2026-06-02T02:21:22.863465Z","level":"info","event":"26/06/02 02:21:22 INFO BlockManagerInfo: Added broadcast_7_piece0 in memory on 32a25072c928:46419 (size: 17.2 KiB, free: 434.3 MiB)","logger":"airflow.task.hooks.airflow.providers.standard.hooks.subprocess.SubprocessHook","filename":"subprocess.py","lineno":99}
{"timestamp":"2026-06-02T02:21:22.864315Z","level":"info","event":"26/06/02 02:21:22 INFO SparkContext: Created broadcast 7 from broadcast at DAGScheduler.scala:1611","logger":"airflow.task.hooks.airflow.providers.standard.hooks.subprocess.SubprocessHook","filename":"subprocess.py","lineno":99}
{"timestamp":"2026-06-02T02:21:22.872378Z","level":"info","event":"26/06/02 02:21:22 INFO DAGScheduler: Submitting 2 missing tasks from ResultStage 5 (MapPartitionsRDD[15] at $anonfun$recordDeltaOperationInternal$1 at DatabricksLogging.scala:128) (first 15 tasks are for partitions Vector(0, 1))","logger":"airflow.task.hooks.airflow.providers.standard.hooks.subprocess.SubprocessHook","filename":"subprocess.py","lineno":99}
{"timestamp":"2026-06-02T02:21:22.872719Z","level":"info","event":"26/06/02 02:21:22 INFO TaskSchedulerImpl: Adding task set 5.0 with 2 tasks resource profile 0","logger":"airflow.task.hooks.airflow.providers.standard.hooks.subprocess.SubprocessHook","filename":"subprocess.py","lineno":99}
{"timestamp":"2026-06-02T02:21:22.872853Z","level":"info","event":"26/06/02 02:21:22 INFO TaskSetManager: Starting task 0.0 in stage 5.0 (TID 31) (32a25072c928, executor driver, partition 0, PROCESS_LOCAL, 9679 bytes)","logger":"airflow.task.hooks.airflow.providers.standard.hooks.subprocess.SubprocessHook","filename":"subprocess.py","lineno":99}
{"timestamp":"2026-06-02T02:21:22.872938Z","level":"info","event":"26/06/02 02:21:22 INFO TaskSetManager: Starting task 1.0 in stage 5.0 (TID 32) (32a25072c928, executor driver, partition 1, PROCESS_LOCAL, 9679 bytes)","logger":"airflow.task.hooks.airflow.providers.standard.hooks.subprocess.SubprocessHook","filename":"subprocess.py","lineno":99}
{"timestamp":"2026-06-02T02:21:22.873011Z","level":"info","event":"26/06/02 02:21:22 INFO Executor: Running task 0.0 in stage 5.0 (TID 31)","logger":"airflow.task.hooks.airflow.providers.standard.hooks.subprocess.SubprocessHook","filename":"subprocess.py","lineno":99}
{"timestamp":"2026-06-02T02:21:22.873082Z","level":"info","event":"26/06/02 02:21:22 INFO Executor: Running task 1.0 in stage 5.0 (TID 32)","logger":"airflow.task.hooks.airflow.providers.standard.hooks.subprocess.SubprocessHook","filename":"subprocess.py","lineno":99}
{"timestamp":"2026-06-02T02:21:22.918294Z","level":"info","event":"26/06/02 02:21:22 INFO CodeGenerator: Code generated in 37.574185 ms","logger":"airflow.task.hooks.airflow.providers.standard.hooks.subprocess.SubprocessHook","filename":"subprocess.py","lineno":99}
{"timestamp":"2026-06-02T02:21:22.920239Z","level":"info","event":"26/06/02 02:21:22 INFO FileScanRDD: Reading File path: s3a://silver/industry_product/_delta_log/00000000000000000000.json, range: 0-1184, partition values: [0]","logger":"airflow.task.hooks.airflow.providers.standard.hooks.subprocess.SubprocessHook","filename":"subprocess.py","lineno":99}
{"timestamp":"2026-06-02T02:21:22.920440Z","level":"info","event":"26/06/02 02:21:22 INFO FileScanRDD: Reading File path: s3a://silver/industry_product/_delta_log/00000000000000000001.json, range: 0-11554, partition values: [1]","logger":"airflow.task.hooks.airflow.providers.standard.hooks.subprocess.SubprocessHook","filename":"subprocess.py","lineno":99}
{"timestamp":"2026-06-02T02:21:22.958347Z","level":"info","event":"26/06/02 02:21:22 INFO Executor: Finished task 1.0 in stage 5.0 (TID 32). 1964 bytes result sent to driver","logger":"airflow.task.hooks.airflow.providers.standard.hooks.subprocess.SubprocessHook","filename":"subprocess.py","lineno":99}
{"timestamp":"2026-06-02T02:21:22.958638Z","level":"info","event":"26/06/02 02:21:22 INFO Executor: Finished task 0.0 in stage 5.0 (TID 31). 1587 bytes result sent to driver","logger":"airflow.task.hooks.airflow.providers.standard.hooks.subprocess.SubprocessHook","filename":"subprocess.py","lineno":99}
{"timestamp":"2026-06-02T02:21:22.959744Z","level":"info","event":"26/06/02 02:21:22 INFO TaskSetManager: Finished task 1.0 in stage 5.0 (TID 32) in 93 ms on 32a25072c928 (executor driver) (1/2)","logger":"airflow.task.hooks.airflow.providers.standard.hooks.subprocess.SubprocessHook","filename":"subprocess.py","lineno":99}
{"timestamp":"2026-06-02T02:21:22.959951Z","level":"info","event":"26/06/02 02:21:22 INFO TaskSetManager: Finished task 0.0 in stage 5.0 (TID 31) in 94 ms on 32a25072c928 (executor driver) (2/2)","logger":"airflow.task.hooks.airflow.providers.standard.hooks.subprocess.SubprocessHook","filename":"subprocess.py","lineno":99}
{"timestamp":"2026-06-02T02:21:22.960042Z","level":"info","event":"26/06/02 02:21:22 INFO TaskSchedulerImpl: Removed TaskSet 5.0, whose tasks have all completed, from pool","logger":"airflow.task.hooks.airflow.providers.standard.hooks.subprocess.SubprocessHook","filename":"subprocess.py","lineno":99}
{"timestamp":"2026-06-02T02:21:22.961073Z","level":"info","event":"26/06/02 02:21:22 INFO DAGScheduler: ResultStage 5 ($anonfun$recordDeltaOperationInternal$1 at DatabricksLogging.scala:128) finished in 0.115 s","logger":"airflow.task.hooks.airflow.providers.standard.hooks.subprocess.SubprocessHook","filename":"subprocess.py","lineno":99}
{"timestamp":"2026-06-02T02:21:22.961429Z","level":"info","event":"26/06/02 02:21:22 INFO DAGScheduler: Job 5 is finished. Cancelling potential speculative or zombie tasks for this job","logger":"airflow.task.hooks.airflow.providers.standard.hooks.subprocess.SubprocessHook","filename":"subprocess.py","lineno":99}
{"timestamp":"2026-06-02T02:21:22.961546Z","level":"info","event":"26/06/02 02:21:22 INFO TaskSchedulerImpl: Killing all running tasks in stage 5: Stage finished","logger":"airflow.task.hooks.airflow.providers.standard.hooks.subprocess.SubprocessHook","filename":"subprocess.py","lineno":99}
{"timestamp":"2026-06-02T02:21:22.961614Z","level":"info","event":"26/06/02 02:21:22 INFO DAGScheduler: Job 5 finished: $anonfun$recordDeltaOperationInternal$1 at DatabricksLogging.scala:128, took 0.119588 s","logger":"airflow.task.hooks.airflow.providers.standard.hooks.subprocess.SubprocessHook","filename":"subprocess.py","lineno":99}
{"timestamp":"2026-06-02T02:21:22.969880Z","level":"info","event":"26/06/02 02:21:22 INFO Snapshot: [tableId=b151bf18-ee12-418e-8970-f5955f4a33ab] Created snapshot Snapshot(path=s3a://silver/industry_product/_delta_log, version=1, metadata=Metadata(b151bf18-ee12-418e-8970-f5955f4a33ab,null,null,Format(parquet,Map()),{\"type\":\"struct\",\"fields\":[{\"name\":\"product_name\",\"type\":\"string\",\"nullable\":true,\"metadata\":{}},{\"name\":\"value\",\"type\":\"double\",\"nullable\":true,\"metadata\":{}},{\"name\":\"unit\",\"type\":\"string\",\"nullable\":true,\"metadata\":{}},{\"name\":\"month\",\"type\":\"integer\",\"nullable\":true,\"metadata\":{}},{\"name\":\"quarter\",\"type\":\"integer\",\"nullable\":true,\"metadata\":{}},{\"name\":\"year\",\"type\":\"integer\",\"nullable\":true,\"metadata\":{}},{\"name\":\"ingest_at\",\"type\":\"timestamp\",\"nullable\":true,\"metadata\":{}}]},List(),Map(),Some(1780366863289)), logSegment=LogSegment(s3a://silver/industry_product/_delta_log,1,ArrayBuffer(S3AFileStatus{path=s3a://silver/industry_product/_delta_log/00000000000000000000.json; isDirectory=false; length=1184; replication=1; blocksize=33554432; modification_time=1780366863360; access_time=0; owner=spark; group=spark; permission=rw-rw-rw-; isSymlink=false; hasAcl=false; isEncrypted=true; isErasureCoded=false} isEmptyDirectory=FALSE eTag=03899bcc6f5255b1614891e699612d86 versionId=null, S3AFileStatus{path=s3a://silver/industry_product/_delta_log/00000000000000000001.json; isDirectory=false; length=11554; replication=1; blocksize=33554432; modification_time=1780366882000; access_time=0; owner=spark; group=spark; permission=rw-rw-rw-; isSymlink=false; hasAcl=false; isEncrypted=true; isErasureCoded=false} isEmptyDirectory=FALSE eTag=dbeda0dda34197028b0c36e1e499ff47 versionId=null),org.apache.spark.sql.delta.EmptyCheckpointProvider$@69965700,1780366882000), checksumOpt=None)","logger":"airflow.task.hooks.airflow.providers.standard.hooks.subprocess.SubprocessHook","filename":"subprocess.py","lineno":99}
{"timestamp":"2026-06-02T02:21:22.971446Z","level":"info","event":"26/06/02 02:21:22 INFO DeltaLog: Updated snapshot to Snapshot(path=s3a://silver/industry_product/_delta_log, version=1, metadata=Metadata(b151bf18-ee12-418e-8970-f5955f4a33ab,null,null,Format(parquet,Map()),{\"type\":\"struct\",\"fields\":[{\"name\":\"product_name\",\"type\":\"string\",\"nullable\":true,\"metadata\":{}},{\"name\":\"value\",\"type\":\"double\",\"nullable\":true,\"metadata\":{}},{\"name\":\"unit\",\"type\":\"string\",\"nullable\":true,\"metadata\":{}},{\"name\":\"month\",\"type\":\"integer\",\"nullable\":true,\"metadata\":{}},{\"name\":\"quarter\",\"type\":\"integer\",\"nullable\":true,\"metadata\":{}},{\"name\":\"year\",\"type\":\"integer\",\"nullable\":true,\"metadata\":{}},{\"name\":\"ingest_at\",\"type\":\"timestamp\",\"nullable\":true,\"metadata\":{}}]},List(),Map(),Some(1780366863289)), logSegment=LogSegment(s3a://silver/industry_product/_delta_log,1,ArrayBuffer(S3AFileStatus{path=s3a://silver/industry_product/_delta_log/00000000000000000000.json; isDirectory=false; length=1184; replication=1; blocksize=33554432; modification_time=1780366863360; access_time=0; owner=spark; group=spark; permission=rw-rw-rw-; isSymlink=false; hasAcl=false; isEncrypted=true; isErasureCoded=false} isEmptyDirectory=FALSE eTag=03899bcc6f5255b1614891e699612d86 versionId=null, S3AFileStatus{path=s3a://silver/industry_product/_delta_log/00000000000000000001.json; isDirectory=false; length=11554; replication=1; blocksize=33554432; modification_time=1780366882000; access_time=0; owner=spark; group=spark; permission=rw-rw-rw-; isSymlink=false; hasAcl=false; isEncrypted=true; isErasureCoded=false} isEmptyDirectory=FALSE eTag=dbeda0dda34197028b0c36e1e499ff47 versionId=null),org.apache.spark.sql.delta.EmptyCheckpointProvider$@69965700,1780366882000), checksumOpt=None)","logger":"airflow.task.hooks.airflow.providers.standard.hooks.subprocess.SubprocessHook","filename":"subprocess.py","lineno":99}
{"timestamp":"2026-06-02T02:21:23.012311Z","level":"info","event":"26/06/02 02:21:23 INFO OptimisticTransaction: [tableId=b151bf18,txnId=e3437ed7] Committed delta #1 to s3a://silver/industry_product/_delta_log","logger":"airflow.task.hooks.airflow.providers.standard.hooks.subprocess.SubprocessHook","filename":"subprocess.py","lineno":99}
{"timestamp":"2026-06-02T02:21:23.015958Z","level":"info","event":"Tải dữ liệu vào table: industry_product hoàn tất !!!!!!!! 2026 1","logger":"airflow.task.hooks.airflow.providers.standard.hooks.subprocess.SubprocessHook","filename":"subprocess.py","lineno":99}
{"timestamp":"2026-06-02T02:21:23.018774Z","level":"info","event":"AN ERROR OCCURED WHEN READ SHEET FILE PAHT: economic_report_excel_files/2026/2/02.-Bieu-T2.xlsx  S3 operation failed; code: NoSuchKey, message: The specified key does not exist., resource: /bronze/economic_report_excel_files/2026/2/02.-Bieu-T2.xlsx, request_id: 18B5223F500D4CA4, host_id: dd9025bab4ad464b049177c95eb6ebf374d3b3fd1af9251148b658df7ac2e3e8, bucket_name: bronze, object_name: economic_report_excel_files/2026/2/02.-Bieu-T2.xlsx","logger":"airflow.task.hooks.airflow.providers.standard.hooks.subprocess.SubprocessHook","filename":"subprocess.py","lineno":99}
{"timestamp":"2026-06-02T02:21:23.019004Z","level":"info","event":"Đọc file Excel không thành công","logger":"airflow.task.hooks.airflow.providers.standard.hooks.subprocess.SubprocessHook","filename":"subprocess.py","lineno":99}
{"timestamp":"2026-06-02T02:21:23.019151Z","level":"info","event":"duyệt qua từng đường dẫn đọc file và trích xuất dữ liệu","logger":"airflow.task.hooks.airflow.providers.standard.hooks.subprocess.SubprocessHook","filename":"subprocess.py","lineno":99}
{"timestamp":"2026-06-02T02:21:23.019202Z","level":"info","event":"FILE EXCEL: YEAR : 2026, MONTH = 2","logger":"airflow.task.hooks.airflow.providers.standard.hooks.subprocess.SubprocessHook","filename":"subprocess.py","lineno":99}
{"timestamp":"2026-06-02T02:21:23.019229Z","level":"info","event":"Traceback (most recent call last):","logger":"airflow.task.hooks.airflow.providers.standard.hooks.subprocess.SubprocessHook","filename":"subprocess.py","lineno":99}
{"timestamp":"2026-06-02T02:21:23.019252Z","level":"info","event":"  File \"/opt/spark/apps/silver/Extract_Data_From_Excel_Reports.py\", line 907, in <module>","logger":"airflow.task.hooks.airflow.providers.standard.hooks.subprocess.SubprocessHook","filename":"subprocess.py","lineno":99}
{"timestamp":"2026-06-02T02:21:23.025385Z","level":"info","event":"    main_func()","logger":"airflow.task.hooks.airflow.providers.standard.hooks.subprocess.SubprocessHook","filename":"subprocess.py","lineno":99}
{"timestamp":"2026-06-02T02:21:23.025652Z","level":"info","event":"  File \"/opt/spark/apps/silver/Extract_Data_From_Excel_Reports.py\", line 903, in main_func","logger":"airflow.task.hooks.airflow.providers.standard.hooks.subprocess.SubprocessHook","filename":"subprocess.py","lineno":99}
{"timestamp":"2026-06-02T02:21:23.030424Z","level":"info","event":"    extract_data_for_Product_Productivity_fact(excel_file, year, month)","logger":"airflow.task.hooks.airflow.providers.standard.hooks.subprocess.SubprocessHook","filename":"subprocess.py","lineno":99}
{"timestamp":"2026-06-02T02:21:23.030664Z","level":"info","event":"  File \"/opt/spark/apps/silver/Extract_Data_From_Excel_Reports.py\", line 498, in extract_data_for_Product_Productivity_fact","logger":"airflow.task.hooks.airflow.providers.standard.hooks.subprocess.SubprocessHook","filename":"subprocess.py","lineno":99}
{"timestamp":"2026-06-02T02:21:23.034205Z","level":"info","event":"    all_sheets  = excel_file.sheet_names","logger":"airflow.task.hooks.airflow.providers.standard.hooks.subprocess.SubprocessHook","filename":"subprocess.py","lineno":99}
{"timestamp":"2026-06-02T02:21:23.034383Z","level":"info","event":"AttributeError: 'NoneType' object has no attribute 'sheet_names'","logger":"airflow.task.hooks.airflow.providers.standard.hooks.subprocess.SubprocessHook","filename":"subprocess.py","lineno":99}
{"timestamp":"2026-06-02T02:21:23.176694Z","level":"info","event":"26/06/02 02:21:23 INFO SparkContext: Invoking stop() from shutdown hook","logger":"airflow.task.hooks.airflow.providers.standard.hooks.subprocess.SubprocessHook","filename":"subprocess.py","lineno":99}
{"timestamp":"2026-06-02T02:21:23.176918Z","level":"info","event":"26/06/02 02:21:23 INFO SparkContext: SparkContext is stopping with exitCode 0.","logger":"airflow.task.hooks.airflow.providers.standard.hooks.subprocess.SubprocessHook","filename":"subprocess.py","lineno":99}
{"timestamp":"2026-06-02T02:21:23.185074Z","level":"info","event":"26/06/02 02:21:23 INFO BlockManagerInfo: Removed broadcast_7_piece0 on 32a25072c928:46419 in memory (size: 17.2 KiB, free: 434.4 MiB)","logger":"airflow.task.hooks.airflow.providers.standard.hooks.subprocess.SubprocessHook","filename":"subprocess.py","lineno":99}
{"timestamp":"2026-06-02T02:21:23.188848Z","level":"info","event":"26/06/02 02:21:23 INFO BlockManagerInfo: Removed broadcast_6_piece0 on 32a25072c928:46419 in memory (size: 35.0 KiB, free: 434.4 MiB)","logger":"airflow.task.hooks.airflow.providers.standard.hooks.subprocess.SubprocessHook","filename":"subprocess.py","lineno":99}
{"timestamp":"2026-06-02T02:21:23.195565Z","level":"info","event":"26/06/02 02:21:23 INFO SparkUI: Stopped Spark web UI at http://32a25072c928:4040","logger":"airflow.task.hooks.airflow.providers.standard.hooks.subprocess.SubprocessHook","filename":"subprocess.py","lineno":99}
{"timestamp":"2026-06-02T02:21:23.217156Z","level":"info","event":"26/06/02 02:21:23 INFO MapOutputTrackerMasterEndpoint: MapOutputTrackerMasterEndpoint stopped!","logger":"airflow.task.hooks.airflow.providers.standard.hooks.subprocess.SubprocessHook","filename":"subprocess.py","lineno":99}
{"timestamp":"2026-06-02T02:21:23.234527Z","level":"info","event":"26/06/02 02:21:23 INFO MemoryStore: MemoryStore cleared","logger":"airflow.task.hooks.airflow.providers.standard.hooks.subprocess.SubprocessHook","filename":"subprocess.py","lineno":99}
{"timestamp":"2026-06-02T02:21:23.235144Z","level":"info","event":"26/06/02 02:21:23 INFO BlockManager: BlockManager stopped","logger":"airflow.task.hooks.airflow.providers.standard.hooks.subprocess.SubprocessHook","filename":"subprocess.py","lineno":99}
{"timestamp":"2026-06-02T02:21:23.239751Z","level":"info","event":"26/06/02 02:21:23 INFO BlockManagerMaster: BlockManagerMaster stopped","logger":"airflow.task.hooks.airflow.providers.standard.hooks.subprocess.SubprocessHook","filename":"subprocess.py","lineno":99}
{"timestamp":"2026-06-02T02:21:23.243327Z","level":"info","event":"26/06/02 02:21:23 INFO OutputCommitCoordinator$OutputCommitCoordinatorEndpoint: OutputCommitCoordinator stopped!","logger":"airflow.task.hooks.airflow.providers.standard.hooks.subprocess.SubprocessHook","filename":"subprocess.py","lineno":99}
{"timestamp":"2026-06-02T02:21:23.253983Z","level":"info","event":"26/06/02 02:21:23 INFO SparkContext: Successfully stopped SparkContext","logger":"airflow.task.hooks.airflow.providers.standard.hooks.subprocess.SubprocessHook","filename":"subprocess.py","lineno":99}
{"timestamp":"2026-06-02T02:21:23.254135Z","level":"info","event":"26/06/02 02:21:23 INFO ShutdownHookManager: Shutdown hook called","logger":"airflow.task.hooks.airflow.providers.standard.hooks.subprocess.SubprocessHook","filename":"subprocess.py","lineno":99}
{"timestamp":"2026-06-02T02:21:23.256932Z","level":"info","event":"26/06/02 02:21:23 INFO ShutdownHookManager: Deleting directory /tmp/spark-9cc82c16-835a-4280-85e7-42755665fcb1","logger":"airflow.task.hooks.airflow.providers.standard.hooks.subprocess.SubprocessHook","filename":"subprocess.py","lineno":99}
{"timestamp":"2026-06-02T02:21:23.261247Z","level":"info","event":"26/06/02 02:21:23 INFO ShutdownHookManager: Deleting directory /tmp/spark-c49b1e43-e42c-4178-a4f6-5bb334cd1195/pyspark-ee03204c-da7a-4750-b731-2e7c411482f5","logger":"airflow.task.hooks.airflow.providers.standard.hooks.subprocess.SubprocessHook","filename":"subprocess.py","lineno":99}
{"timestamp":"2026-06-02T02:21:23.269374Z","level":"info","event":"26/06/02 02:21:23 INFO ShutdownHookManager: Deleting directory /tmp/spark-c49b1e43-e42c-4178-a4f6-5bb334cd1195","logger":"airflow.task.hooks.airflow.providers.standard.hooks.subprocess.SubprocessHook","filename":"subprocess.py","lineno":99}
{"timestamp":"2026-06-02T02:21:23.270629Z","level":"info","event":"26/06/02 02:21:23 INFO MetricsSystemImpl: Stopping s3a-file-system metrics system...","logger":"airflow.task.hooks.airflow.providers.standard.hooks.subprocess.SubprocessHook","filename":"subprocess.py","lineno":99}
{"timestamp":"2026-06-02T02:21:23.270808Z","level":"info","event":"26/06/02 02:21:23 INFO MetricsSystemImpl: s3a-file-system metrics system stopped.","logger":"airflow.task.hooks.airflow.providers.standard.hooks.subprocess.SubprocessHook","filename":"subprocess.py","lineno":99}
{"timestamp":"2026-06-02T02:21:23.279122Z","level":"info","event":"26/06/02 02:21:23 INFO MetricsSystemImpl: s3a-file-system metrics system shutdown complete.","logger":"airflow.task.hooks.airflow.providers.standard.hooks.subprocess.SubprocessHook","filename":"subprocess.py","lineno":99}
{"timestamp":"2026-06-02T02:21:23.328059Z","level":"info","event":"Command exited with return code 1","logger":"airflow.task.hooks.airflow.providers.standard.hooks.subprocess.SubprocessHook","filename":"subprocess.py","lineno":103}
{"timestamp":"2026-06-02T02:21:23.328579Z","level":"error","event":"Task failed with exception","logger":"task","filename":"task_runner.py","lineno":1325,"error_detail":[{"exc_type":"AirflowException","exc_value":"Bash command failed. The command returned a non-zero exit code 1.","exc_notes":[],"syntax_error":null,"is_cause":false,"frames":[{"filename":"/home/airflow/.local/lib/python3.13/site-packages/airflow/sdk/execution_time/task_runner.py","lineno":1263,"name":"run"},{"filename":"/home/airflow/.local/lib/python3.13/site-packages/airflow/sdk/execution_time/task_runner.py","lineno":1678,"name":"_execute_task"},{"filename":"/home/airflow/.local/lib/python3.13/site-packages/airflow/sdk/bases/operator.py","lineno":443,"name":"wrapper"},{"filename":"/home/airflow/.local/lib/python3.13/site-packages/airflow/providers/standard/operators/bash.py","lineno":226,"name":"execute"}],"is_group":false,"exceptions":[]}]}
