{"timestamp":"2026-06-02T16:12:24.197845Z","level":"info","event":"DAG bundles loaded: dags-folder","logger":"airflow.dag_processing.bundles.manager.DagBundlesManager","filename":"manager.py","lineno":209}
{"timestamp":"2026-06-02T16:12:24.200474Z","level":"info","event":"Filling up the DagBag from /opt/airflow/dags/init_report_data_dag.py","logger":"airflow.dag_processing.dagbag.BundleDagBag","filename":"dagbag.py","lineno":469}
{"timestamp":"2026-06-02T16:12:24.223214Z","level":"warning","event":"The `airflow.operators.python.PythonOperator` attribute is deprecated. Please use `'airflow.providers.standard.operators.python.PythonOperator'`.","category":"UserWarning","filename":"/opt/airflow/dags/init_report_data_dag.py","lineno":2,"logger":"py.warnings"}
{"timestamp":"2026-06-02T16:12:24.223331Z","level":"warning","event":"The `airflow.operators.bash.BashOperator` attribute is deprecated. Please use `'airflow.providers.standard.operators.bash.BashOperator'`.","category":"UserWarning","filename":"/opt/airflow/dags/init_report_data_dag.py","lineno":3,"logger":"py.warnings"}
{"timestamp":"2026-06-02T16:12:24.254120Z","level":"info","event":"Tmp dir root location: /tmp","logger":"airflow.task.hooks.airflow.providers.standard.hooks.subprocess.SubprocessHook","filename":"subprocess.py","lineno":78}
{"timestamp":"2026-06-02T16:12:24.254987Z","level":"info","event":"Running command: ['/usr/bin/bash', '-c', 'docker exec spark-master /opt/spark/bin/spark-submit silver/Extract_Data_From_Excel_Reports.py']","logger":"airflow.task.hooks.airflow.providers.standard.hooks.subprocess.SubprocessHook","filename":"subprocess.py","lineno":80}
{"timestamp":"2026-06-02T16:12:24.255859Z","level":"info","event":"Output:","logger":"airflow.task.hooks.airflow.providers.standard.hooks.subprocess.SubprocessHook","filename":"subprocess.py","lineno":92}
{"timestamp":"2026-06-02T16:12:26.665741Z","level":"info","event":"/opt/spark/python/lib/pyspark.zip/pyspark/pandas/__init__.py:50: UserWarning: 'PYARROW_IGNORE_TIMEZONE' environment variable was not set. It is required to set this environment variable to '1' in both driver and executor sides if you use pyarrow>=2.0.0. pandas-on-Spark will set it for you but it does not work if there is a Spark context already launched.","logger":"airflow.task.hooks.airflow.providers.standard.hooks.subprocess.SubprocessHook","filename":"subprocess.py","lineno":99}
{"timestamp":"2026-06-02T16:12:27.311930Z","level":"info","event":"26/06/02 16:12:27 INFO SparkContext: Running Spark version 3.5.8","logger":"airflow.task.hooks.airflow.providers.standard.hooks.subprocess.SubprocessHook","filename":"subprocess.py","lineno":99}
{"timestamp":"2026-06-02T16:12:27.313444Z","level":"info","event":"26/06/02 16:12:27 INFO SparkContext: OS info Linux, 6.6.87.2-microsoft-standard-WSL2, amd64","logger":"airflow.task.hooks.airflow.providers.standard.hooks.subprocess.SubprocessHook","filename":"subprocess.py","lineno":99}
{"timestamp":"2026-06-02T16:12:27.313979Z","level":"info","event":"26/06/02 16:12:27 INFO SparkContext: Java version 11.0.29","logger":"airflow.task.hooks.airflow.providers.standard.hooks.subprocess.SubprocessHook","filename":"subprocess.py","lineno":99}
{"timestamp":"2026-06-02T16:12:27.373674Z","level":"info","event":"26/06/02 16:12:27 WARN NativeCodeLoader: Unable to load native-hadoop library for your platform... using builtin-java classes where applicable","logger":"airflow.task.hooks.airflow.providers.standard.hooks.subprocess.SubprocessHook","filename":"subprocess.py","lineno":99}
{"timestamp":"2026-06-02T16:12:27.437349Z","level":"info","event":"26/06/02 16:12:27 INFO ResourceUtils: ==============================================================","logger":"airflow.task.hooks.airflow.providers.standard.hooks.subprocess.SubprocessHook","filename":"subprocess.py","lineno":99}
{"timestamp":"2026-06-02T16:12:27.437594Z","level":"info","event":"26/06/02 16:12:27 INFO ResourceUtils: No custom resources configured for spark.driver.","logger":"airflow.task.hooks.airflow.providers.standard.hooks.subprocess.SubprocessHook","filename":"subprocess.py","lineno":99}
{"timestamp":"2026-06-02T16:12:27.437728Z","level":"info","event":"26/06/02 16:12:27 INFO ResourceUtils: ==============================================================","logger":"airflow.task.hooks.airflow.providers.standard.hooks.subprocess.SubprocessHook","filename":"subprocess.py","lineno":99}
{"timestamp":"2026-06-02T16:12:27.437757Z","level":"info","event":"26/06/02 16:12:27 INFO SparkContext: Submitted application: Delta-MinIO","logger":"airflow.task.hooks.airflow.providers.standard.hooks.subprocess.SubprocessHook","filename":"subprocess.py","lineno":99}
{"timestamp":"2026-06-02T16:12:27.454810Z","level":"info","event":"26/06/02 16:12:27 INFO ResourceProfile: Default ResourceProfile created, executor resources: Map(cores -> name: cores, amount: 1, script: , vendor: , memory -> name: memory, amount: 1024, script: , vendor: , offHeap -> name: offHeap, amount: 0, script: , vendor: ), task resources: Map(cpus -> name: cpus, amount: 1.0)","logger":"airflow.task.hooks.airflow.providers.standard.hooks.subprocess.SubprocessHook","filename":"subprocess.py","lineno":99}
{"timestamp":"2026-06-02T16:12:27.462051Z","level":"info","event":"26/06/02 16:12:27 INFO ResourceProfile: Limiting resource is cpu","logger":"airflow.task.hooks.airflow.providers.standard.hooks.subprocess.SubprocessHook","filename":"subprocess.py","lineno":99}
{"timestamp":"2026-06-02T16:12:27.462514Z","level":"info","event":"26/06/02 16:12:27 INFO ResourceProfileManager: Added ResourceProfile id: 0","logger":"airflow.task.hooks.airflow.providers.standard.hooks.subprocess.SubprocessHook","filename":"subprocess.py","lineno":99}
{"timestamp":"2026-06-02T16:12:27.502255Z","level":"info","event":"26/06/02 16:12:27 INFO SecurityManager: Changing view acls to: spark","logger":"airflow.task.hooks.airflow.providers.standard.hooks.subprocess.SubprocessHook","filename":"subprocess.py","lineno":99}
{"timestamp":"2026-06-02T16:12:27.502520Z","level":"info","event":"26/06/02 16:12:27 INFO SecurityManager: Changing modify acls to: spark","logger":"airflow.task.hooks.airflow.providers.standard.hooks.subprocess.SubprocessHook","filename":"subprocess.py","lineno":99}
{"timestamp":"2026-06-02T16:12:27.502630Z","level":"info","event":"26/06/02 16:12:27 INFO SecurityManager: Changing view acls groups to:","logger":"airflow.task.hooks.airflow.providers.standard.hooks.subprocess.SubprocessHook","filename":"subprocess.py","lineno":99}
{"timestamp":"2026-06-02T16:12:27.503542Z","level":"info","event":"26/06/02 16:12:27 INFO SecurityManager: Changing modify acls groups to:","logger":"airflow.task.hooks.airflow.providers.standard.hooks.subprocess.SubprocessHook","filename":"subprocess.py","lineno":99}
{"timestamp":"2026-06-02T16:12:27.504430Z","level":"info","event":"26/06/02 16:12:27 INFO SecurityManager: SecurityManager: authentication disabled; ui acls disabled; users with view permissions: spark; groups with view permissions: EMPTY; users with modify permissions: spark; groups with modify permissions: EMPTY","logger":"airflow.task.hooks.airflow.providers.standard.hooks.subprocess.SubprocessHook","filename":"subprocess.py","lineno":99}
{"timestamp":"2026-06-02T16:12:27.682046Z","level":"info","event":"26/06/02 16:12:27 INFO Utils: Successfully started service 'sparkDriver' on port 40659.","logger":"airflow.task.hooks.airflow.providers.standard.hooks.subprocess.SubprocessHook","filename":"subprocess.py","lineno":99}
{"timestamp":"2026-06-02T16:12:27.707473Z","level":"info","event":"26/06/02 16:12:27 INFO SparkEnv: Registering MapOutputTracker","logger":"airflow.task.hooks.airflow.providers.standard.hooks.subprocess.SubprocessHook","filename":"subprocess.py","lineno":99}
{"timestamp":"2026-06-02T16:12:27.744080Z","level":"info","event":"26/06/02 16:12:27 INFO SparkEnv: Registering BlockManagerMaster","logger":"airflow.task.hooks.airflow.providers.standard.hooks.subprocess.SubprocessHook","filename":"subprocess.py","lineno":99}
{"timestamp":"2026-06-02T16:12:27.759676Z","level":"info","event":"26/06/02 16:12:27 INFO BlockManagerMasterEndpoint: Using org.apache.spark.storage.DefaultTopologyMapper for getting topology information","logger":"airflow.task.hooks.airflow.providers.standard.hooks.subprocess.SubprocessHook","filename":"subprocess.py","lineno":99}
{"timestamp":"2026-06-02T16:12:27.760410Z","level":"info","event":"26/06/02 16:12:27 INFO BlockManagerMasterEndpoint: BlockManagerMasterEndpoint up","logger":"airflow.task.hooks.airflow.providers.standard.hooks.subprocess.SubprocessHook","filename":"subprocess.py","lineno":99}
{"timestamp":"2026-06-02T16:12:27.765196Z","level":"info","event":"26/06/02 16:12:27 INFO SparkEnv: Registering BlockManagerMasterHeartbeat","logger":"airflow.task.hooks.airflow.providers.standard.hooks.subprocess.SubprocessHook","filename":"subprocess.py","lineno":99}
{"timestamp":"2026-06-02T16:12:27.779550Z","level":"info","event":"26/06/02 16:12:27 INFO DiskBlockManager: Created local directory at /tmp/blockmgr-5596632f-e63f-46d9-9de7-badd3bd24019","logger":"airflow.task.hooks.airflow.providers.standard.hooks.subprocess.SubprocessHook","filename":"subprocess.py","lineno":99}
{"timestamp":"2026-06-02T16:12:27.789650Z","level":"info","event":"26/06/02 16:12:27 INFO MemoryStore: MemoryStore started with capacity 434.4 MiB","logger":"airflow.task.hooks.airflow.providers.standard.hooks.subprocess.SubprocessHook","filename":"subprocess.py","lineno":99}
{"timestamp":"2026-06-02T16:12:27.799745Z","level":"info","event":"26/06/02 16:12:27 INFO SparkEnv: Registering OutputCommitCoordinator","logger":"airflow.task.hooks.airflow.providers.standard.hooks.subprocess.SubprocessHook","filename":"subprocess.py","lineno":99}
{"timestamp":"2026-06-02T16:12:27.900601Z","level":"info","event":"26/06/02 16:12:27 INFO JettyUtils: Start Jetty 0.0.0.0:4040 for SparkUI","logger":"airflow.task.hooks.airflow.providers.standard.hooks.subprocess.SubprocessHook","filename":"subprocess.py","lineno":99}
{"timestamp":"2026-06-02T16:12:27.945686Z","level":"info","event":"26/06/02 16:12:27 INFO Utils: Successfully started service 'SparkUI' on port 4040.","logger":"airflow.task.hooks.airflow.providers.standard.hooks.subprocess.SubprocessHook","filename":"subprocess.py","lineno":99}
{"timestamp":"2026-06-02T16:12:28.013108Z","level":"info","event":"26/06/02 16:12:28 INFO Executor: Starting executor ID driver on host ac0ccb30c6a7","logger":"airflow.task.hooks.airflow.providers.standard.hooks.subprocess.SubprocessHook","filename":"subprocess.py","lineno":99}
{"timestamp":"2026-06-02T16:12:28.013269Z","level":"info","event":"26/06/02 16:12:28 INFO Executor: OS info Linux, 6.6.87.2-microsoft-standard-WSL2, amd64","logger":"airflow.task.hooks.airflow.providers.standard.hooks.subprocess.SubprocessHook","filename":"subprocess.py","lineno":99}
{"timestamp":"2026-06-02T16:12:28.013323Z","level":"info","event":"26/06/02 16:12:28 INFO Executor: Java version 11.0.29","logger":"airflow.task.hooks.airflow.providers.standard.hooks.subprocess.SubprocessHook","filename":"subprocess.py","lineno":99}
{"timestamp":"2026-06-02T16:12:28.017434Z","level":"info","event":"26/06/02 16:12:28 INFO Executor: Starting executor with user classpath (userClassPathFirst = false): ''","logger":"airflow.task.hooks.airflow.providers.standard.hooks.subprocess.SubprocessHook","filename":"subprocess.py","lineno":99}
{"timestamp":"2026-06-02T16:12:28.017743Z","level":"info","event":"26/06/02 16:12:28 INFO Executor: Created or updated repl class loader org.apache.spark.util.MutableURLClassLoader@a0603ee for default.","logger":"airflow.task.hooks.airflow.providers.standard.hooks.subprocess.SubprocessHook","filename":"subprocess.py","lineno":99}
{"timestamp":"2026-06-02T16:12:28.034242Z","level":"info","event":"26/06/02 16:12:28 INFO Utils: Successfully started service 'org.apache.spark.network.netty.NettyBlockTransferService' on port 46873.","logger":"airflow.task.hooks.airflow.providers.standard.hooks.subprocess.SubprocessHook","filename":"subprocess.py","lineno":99}
{"timestamp":"2026-06-02T16:12:28.034409Z","level":"info","event":"26/06/02 16:12:28 INFO NettyBlockTransferService: Server created on ac0ccb30c6a7:46873","logger":"airflow.task.hooks.airflow.providers.standard.hooks.subprocess.SubprocessHook","filename":"subprocess.py","lineno":99}
{"timestamp":"2026-06-02T16:12:28.035713Z","level":"info","event":"26/06/02 16:12:28 INFO BlockManager: Using org.apache.spark.storage.RandomBlockReplicationPolicy for block replication policy","logger":"airflow.task.hooks.airflow.providers.standard.hooks.subprocess.SubprocessHook","filename":"subprocess.py","lineno":99}
{"timestamp":"2026-06-02T16:12:28.040648Z","level":"info","event":"26/06/02 16:12:28 INFO BlockManagerMaster: Registering BlockManager BlockManagerId(driver, ac0ccb30c6a7, 46873, None)","logger":"airflow.task.hooks.airflow.providers.standard.hooks.subprocess.SubprocessHook","filename":"subprocess.py","lineno":99}
{"timestamp":"2026-06-02T16:12:28.043343Z","level":"info","event":"26/06/02 16:12:28 INFO BlockManagerMasterEndpoint: Registering block manager ac0ccb30c6a7:46873 with 434.4 MiB RAM, BlockManagerId(driver, ac0ccb30c6a7, 46873, None)","logger":"airflow.task.hooks.airflow.providers.standard.hooks.subprocess.SubprocessHook","filename":"subprocess.py","lineno":99}
{"timestamp":"2026-06-02T16:12:28.045252Z","level":"info","event":"26/06/02 16:12:28 INFO BlockManagerMaster: Registered BlockManager BlockManagerId(driver, ac0ccb30c6a7, 46873, None)","logger":"airflow.task.hooks.airflow.providers.standard.hooks.subprocess.SubprocessHook","filename":"subprocess.py","lineno":99}
{"timestamp":"2026-06-02T16:12:28.046316Z","level":"info","event":"26/06/02 16:12:28 INFO BlockManager: Initialized BlockManager: BlockManagerId(driver, ac0ccb30c6a7, 46873, None)","logger":"airflow.task.hooks.airflow.providers.standard.hooks.subprocess.SubprocessHook","filename":"subprocess.py","lineno":99}
{"timestamp":"2026-06-02T16:12:28.337243Z","level":"info","event":"Dang lay danh sach duong dan file excel trong bucket = bronze, prefix = economic_report_excel_files/","logger":"airflow.task.hooks.airflow.providers.standard.hooks.subprocess.SubprocessHook","filename":"subprocess.py","lineno":99}
{"timestamp":"2026-06-02T16:12:28.337399Z","level":"info","event":"GET FILE EXCEL PATHS SUCCESSFULLY !!!!","logger":"airflow.task.hooks.airflow.providers.standard.hooks.subprocess.SubprocessHook","filename":"subprocess.py","lineno":99}
{"timestamp":"2026-06-02T16:12:28.529629Z","level":"info","event":"duyệt qua từng đường dẫn đọc file và trích xuất dữ liệu","logger":"airflow.task.hooks.airflow.providers.standard.hooks.subprocess.SubprocessHook","filename":"subprocess.py","lineno":99}
{"timestamp":"2026-06-02T16:12:28.529783Z","level":"info","event":"FILE EXCEL: YEAR : 2026, MONTH = 3","logger":"airflow.task.hooks.airflow.providers.standard.hooks.subprocess.SubprocessHook","filename":"subprocess.py","lineno":99}
{"timestamp":"2026-06-02T16:12:28.535151Z","level":"info","event":"Bắt đầu insert dữ liệu vào SILVER layer","logger":"airflow.task.hooks.airflow.providers.standard.hooks.subprocess.SubprocessHook","filename":"subprocess.py","lineno":99}
{"timestamp":"2026-06-02T16:12:28.585667Z","level":"info","event":"26/06/02 16:12:28 INFO SharedState: Setting hive.metastore.warehouse.dir ('null') to the value of spark.sql.warehouse.dir.","logger":"airflow.task.hooks.airflow.providers.standard.hooks.subprocess.SubprocessHook","filename":"subprocess.py","lineno":99}
{"timestamp":"2026-06-02T16:12:28.688128Z","level":"info","event":"26/06/02 16:12:28 WARN MetricsConfig: Cannot locate configuration: tried hadoop-metrics2-s3a-file-system.properties,hadoop-metrics2.properties","logger":"airflow.task.hooks.airflow.providers.standard.hooks.subprocess.SubprocessHook","filename":"subprocess.py","lineno":99}
{"timestamp":"2026-06-02T16:12:28.698607Z","level":"info","event":"26/06/02 16:12:28 INFO MetricsSystemImpl: Scheduled Metric snapshot period at 10 second(s).","logger":"airflow.task.hooks.airflow.providers.standard.hooks.subprocess.SubprocessHook","filename":"subprocess.py","lineno":99}
{"timestamp":"2026-06-02T16:12:28.698938Z","level":"info","event":"26/06/02 16:12:28 INFO MetricsSystemImpl: s3a-file-system metrics system started","logger":"airflow.task.hooks.airflow.providers.standard.hooks.subprocess.SubprocessHook","filename":"subprocess.py","lineno":99}
{"timestamp":"2026-06-02T16:12:29.345388Z","level":"info","event":"26/06/02 16:12:29 INFO SharedState: Warehouse path is 's3a://warehouse/'.","logger":"airflow.task.hooks.airflow.providers.standard.hooks.subprocess.SubprocessHook","filename":"subprocess.py","lineno":99}
{"timestamp":"2026-06-02T16:12:30.952592Z","level":"info","event":"root","logger":"airflow.task.hooks.airflow.providers.standard.hooks.subprocess.SubprocessHook","filename":"subprocess.py","lineno":99}
{"timestamp":"2026-06-02T16:12:30.952825Z","level":"info","event":" |-- investment_name: string (nullable = true)","logger":"airflow.task.hooks.airflow.providers.standard.hooks.subprocess.SubprocessHook","filename":"subprocess.py","lineno":99}
{"timestamp":"2026-06-02T16:12:30.952928Z","level":"info","event":" |-- value: double (nullable = true)","logger":"airflow.task.hooks.airflow.providers.standard.hooks.subprocess.SubprocessHook","filename":"subprocess.py","lineno":99}
{"timestamp":"2026-06-02T16:12:30.953005Z","level":"info","event":" |-- unit: string (nullable = true)","logger":"airflow.task.hooks.airflow.providers.standard.hooks.subprocess.SubprocessHook","filename":"subprocess.py","lineno":99}
{"timestamp":"2026-06-02T16:12:30.953069Z","level":"info","event":" |-- year: integer (nullable = true)","logger":"airflow.task.hooks.airflow.providers.standard.hooks.subprocess.SubprocessHook","filename":"subprocess.py","lineno":99}
{"timestamp":"2026-06-02T16:12:30.953121Z","level":"info","event":" |-- quarter: integer (nullable = true)","logger":"airflow.task.hooks.airflow.providers.standard.hooks.subprocess.SubprocessHook","filename":"subprocess.py","lineno":99}
{"timestamp":"2026-06-02T16:12:30.953169Z","level":"info","event":" |-- ingest_at: timestamp (nullable = true)","logger":"airflow.task.hooks.airflow.providers.standard.hooks.subprocess.SubprocessHook","filename":"subprocess.py","lineno":99}
{"timestamp":"2026-06-02T16:12:30.953216Z","level":"info","event":"","logger":"airflow.task.hooks.airflow.providers.standard.hooks.subprocess.SubprocessHook","filename":"subprocess.py","lineno":99}
{"timestamp":"2026-06-02T16:12:30.953266Z","level":"info","event":"Đang tải dữ liệu vào Silver.INVESTMENT","logger":"airflow.task.hooks.airflow.providers.standard.hooks.subprocess.SubprocessHook","filename":"subprocess.py","lineno":99}
{"timestamp":"2026-06-02T16:12:31.635758Z","level":"info","event":"26/06/02 16:12:31 INFO CodeGenerator: Code generated in 151.423543 ms","logger":"airflow.task.hooks.airflow.providers.standard.hooks.subprocess.SubprocessHook","filename":"subprocess.py","lineno":99}
{"timestamp":"2026-06-02T16:12:31.682805Z","level":"info","event":"26/06/02 16:12:31 INFO SparkContext: Starting job: showString at NativeMethodAccessorImpl.java:0","logger":"airflow.task.hooks.airflow.providers.standard.hooks.subprocess.SubprocessHook","filename":"subprocess.py","lineno":99}
{"timestamp":"2026-06-02T16:12:31.694329Z","level":"info","event":"26/06/02 16:12:31 INFO DAGScheduler: Got job 0 (showString at NativeMethodAccessorImpl.java:0) with 1 output partitions","logger":"airflow.task.hooks.airflow.providers.standard.hooks.subprocess.SubprocessHook","filename":"subprocess.py","lineno":99}
{"timestamp":"2026-06-02T16:12:31.694546Z","level":"info","event":"26/06/02 16:12:31 INFO DAGScheduler: Final stage: ResultStage 0 (showString at NativeMethodAccessorImpl.java:0)","logger":"airflow.task.hooks.airflow.providers.standard.hooks.subprocess.SubprocessHook","filename":"subprocess.py","lineno":99}
{"timestamp":"2026-06-02T16:12:31.694623Z","level":"info","event":"26/06/02 16:12:31 INFO DAGScheduler: Parents of final stage: List()","logger":"airflow.task.hooks.airflow.providers.standard.hooks.subprocess.SubprocessHook","filename":"subprocess.py","lineno":99}
{"timestamp":"2026-06-02T16:12:31.698016Z","level":"info","event":"26/06/02 16:12:31 INFO DAGScheduler: Missing parents: List()","logger":"airflow.task.hooks.airflow.providers.standard.hooks.subprocess.SubprocessHook","filename":"subprocess.py","lineno":99}
{"timestamp":"2026-06-02T16:12:31.700898Z","level":"info","event":"26/06/02 16:12:31 INFO DAGScheduler: Submitting ResultStage 0 (MapPartitionsRDD[6] at showString at NativeMethodAccessorImpl.java:0), which has no missing parents","logger":"airflow.task.hooks.airflow.providers.standard.hooks.subprocess.SubprocessHook","filename":"subprocess.py","lineno":99}
{"timestamp":"2026-06-02T16:12:31.775161Z","level":"info","event":"26/06/02 16:12:31 INFO MemoryStore: Block broadcast_0 stored as values in memory (estimated size 15.3 KiB, free 434.4 MiB)","logger":"airflow.task.hooks.airflow.providers.standard.hooks.subprocess.SubprocessHook","filename":"subprocess.py","lineno":99}
{"timestamp":"2026-06-02T16:12:31.815706Z","level":"info","event":"26/06/02 16:12:31 INFO MemoryStore: Block broadcast_0_piece0 stored as bytes in memory (estimated size 7.6 KiB, free 434.4 MiB)","logger":"airflow.task.hooks.airflow.providers.standard.hooks.subprocess.SubprocessHook","filename":"subprocess.py","lineno":99}
{"timestamp":"2026-06-02T16:12:31.818644Z","level":"info","event":"26/06/02 16:12:31 INFO BlockManagerInfo: Added broadcast_0_piece0 in memory on ac0ccb30c6a7:46873 (size: 7.6 KiB, free: 434.4 MiB)","logger":"airflow.task.hooks.airflow.providers.standard.hooks.subprocess.SubprocessHook","filename":"subprocess.py","lineno":99}
{"timestamp":"2026-06-02T16:12:31.825113Z","level":"info","event":"26/06/02 16:12:31 INFO SparkContext: Created broadcast 0 from broadcast at DAGScheduler.scala:1611","logger":"airflow.task.hooks.airflow.providers.standard.hooks.subprocess.SubprocessHook","filename":"subprocess.py","lineno":99}
{"timestamp":"2026-06-02T16:12:31.843983Z","level":"info","event":"26/06/02 16:12:31 INFO DAGScheduler: Submitting 1 missing tasks from ResultStage 0 (MapPartitionsRDD[6] at showString at NativeMethodAccessorImpl.java:0) (first 15 tasks are for partitions Vector(0))","logger":"airflow.task.hooks.airflow.providers.standard.hooks.subprocess.SubprocessHook","filename":"subprocess.py","lineno":99}
{"timestamp":"2026-06-02T16:12:31.844662Z","level":"info","event":"26/06/02 16:12:31 INFO TaskSchedulerImpl: Adding task set 0.0 with 1 tasks resource profile 0","logger":"airflow.task.hooks.airflow.providers.standard.hooks.subprocess.SubprocessHook","filename":"subprocess.py","lineno":99}
{"timestamp":"2026-06-02T16:12:31.894522Z","level":"info","event":"26/06/02 16:12:31 INFO TaskSetManager: Starting task 0.0 in stage 0.0 (TID 0) (ac0ccb30c6a7, executor driver, partition 0, PROCESS_LOCAL, 8979 bytes)","logger":"airflow.task.hooks.airflow.providers.standard.hooks.subprocess.SubprocessHook","filename":"subprocess.py","lineno":99}
{"timestamp":"2026-06-02T16:12:31.913525Z","level":"info","event":"26/06/02 16:12:31 INFO Executor: Running task 0.0 in stage 0.0 (TID 0)","logger":"airflow.task.hooks.airflow.providers.standard.hooks.subprocess.SubprocessHook","filename":"subprocess.py","lineno":99}
{"timestamp":"2026-06-02T16:12:32.455849Z","level":"info","event":"26/06/02 16:12:32 INFO CodeGenerator: Code generated in 18.53124 ms","logger":"airflow.task.hooks.airflow.providers.standard.hooks.subprocess.SubprocessHook","filename":"subprocess.py","lineno":99}
{"timestamp":"2026-06-02T16:12:32.514037Z","level":"info","event":"26/06/02 16:12:32 INFO PythonRunner: Times: total = 516, boot = 432, init = 84, finish = 0","logger":"airflow.task.hooks.airflow.providers.standard.hooks.subprocess.SubprocessHook","filename":"subprocess.py","lineno":99}
{"timestamp":"2026-06-02T16:12:32.542293Z","level":"info","event":"26/06/02 16:12:32 INFO Executor: Finished task 0.0 in stage 0.0 (TID 0). 1929 bytes result sent to driver","logger":"airflow.task.hooks.airflow.providers.standard.hooks.subprocess.SubprocessHook","filename":"subprocess.py","lineno":99}
{"timestamp":"2026-06-02T16:12:32.550637Z","level":"info","event":"26/06/02 16:12:32 INFO TaskSetManager: Finished task 0.0 in stage 0.0 (TID 0) in 668 ms on ac0ccb30c6a7 (executor driver) (1/1)","logger":"airflow.task.hooks.airflow.providers.standard.hooks.subprocess.SubprocessHook","filename":"subprocess.py","lineno":99}
{"timestamp":"2026-06-02T16:12:32.551763Z","level":"info","event":"26/06/02 16:12:32 INFO TaskSchedulerImpl: Removed TaskSet 0.0, whose tasks have all completed, from pool","logger":"airflow.task.hooks.airflow.providers.standard.hooks.subprocess.SubprocessHook","filename":"subprocess.py","lineno":99}
{"timestamp":"2026-06-02T16:12:32.554209Z","level":"info","event":"26/06/02 16:12:32 INFO PythonAccumulatorV2: Connected to AccumulatorServer at host: 127.0.0.1 port: 54017","logger":"airflow.task.hooks.airflow.providers.standard.hooks.subprocess.SubprocessHook","filename":"subprocess.py","lineno":99}
{"timestamp":"2026-06-02T16:12:32.557442Z","level":"info","event":"26/06/02 16:12:32 INFO DAGScheduler: ResultStage 0 (showString at NativeMethodAccessorImpl.java:0) finished in 0.847 s","logger":"airflow.task.hooks.airflow.providers.standard.hooks.subprocess.SubprocessHook","filename":"subprocess.py","lineno":99}
{"timestamp":"2026-06-02T16:12:32.559887Z","level":"info","event":"26/06/02 16:12:32 INFO DAGScheduler: Job 0 is finished. Cancelling potential speculative or zombie tasks for this job","logger":"airflow.task.hooks.airflow.providers.standard.hooks.subprocess.SubprocessHook","filename":"subprocess.py","lineno":99}
{"timestamp":"2026-06-02T16:12:32.560067Z","level":"info","event":"26/06/02 16:12:32 INFO TaskSchedulerImpl: Killing all running tasks in stage 0: Stage finished","logger":"airflow.task.hooks.airflow.providers.standard.hooks.subprocess.SubprocessHook","filename":"subprocess.py","lineno":99}
{"timestamp":"2026-06-02T16:12:32.562636Z","level":"info","event":"26/06/02 16:12:32 INFO DAGScheduler: Job 0 finished: showString at NativeMethodAccessorImpl.java:0, took 0.879066 s","logger":"airflow.task.hooks.airflow.providers.standard.hooks.subprocess.SubprocessHook","filename":"subprocess.py","lineno":99}
{"timestamp":"2026-06-02T16:12:32.572394Z","level":"info","event":"26/06/02 16:12:32 INFO SparkContext: Starting job: showString at NativeMethodAccessorImpl.java:0","logger":"airflow.task.hooks.airflow.providers.standard.hooks.subprocess.SubprocessHook","filename":"subprocess.py","lineno":99}
{"timestamp":"2026-06-02T16:12:32.574072Z","level":"info","event":"26/06/02 16:12:32 INFO DAGScheduler: Got job 1 (showString at NativeMethodAccessorImpl.java:0) with 4 output partitions","logger":"airflow.task.hooks.airflow.providers.standard.hooks.subprocess.SubprocessHook","filename":"subprocess.py","lineno":99}
{"timestamp":"2026-06-02T16:12:32.574370Z","level":"info","event":"26/06/02 16:12:32 INFO DAGScheduler: Final stage: ResultStage 1 (showString at NativeMethodAccessorImpl.java:0)","logger":"airflow.task.hooks.airflow.providers.standard.hooks.subprocess.SubprocessHook","filename":"subprocess.py","lineno":99}
{"timestamp":"2026-06-02T16:12:32.574468Z","level":"info","event":"26/06/02 16:12:32 INFO DAGScheduler: Parents of final stage: List()","logger":"airflow.task.hooks.airflow.providers.standard.hooks.subprocess.SubprocessHook","filename":"subprocess.py","lineno":99}
{"timestamp":"2026-06-02T16:12:32.574505Z","level":"info","event":"26/06/02 16:12:32 INFO DAGScheduler: Missing parents: List()","logger":"airflow.task.hooks.airflow.providers.standard.hooks.subprocess.SubprocessHook","filename":"subprocess.py","lineno":99}
{"timestamp":"2026-06-02T16:12:32.577658Z","level":"info","event":"26/06/02 16:12:32 INFO DAGScheduler: Submitting ResultStage 1 (MapPartitionsRDD[6] at showString at NativeMethodAccessorImpl.java:0), which has no missing parents","logger":"airflow.task.hooks.airflow.providers.standard.hooks.subprocess.SubprocessHook","filename":"subprocess.py","lineno":99}
{"timestamp":"2026-06-02T16:12:32.582277Z","level":"info","event":"26/06/02 16:12:32 INFO MemoryStore: Block broadcast_1 stored as values in memory (estimated size 15.3 KiB, free 434.4 MiB)","logger":"airflow.task.hooks.airflow.providers.standard.hooks.subprocess.SubprocessHook","filename":"subprocess.py","lineno":99}
{"timestamp":"2026-06-02T16:12:32.591482Z","level":"info","event":"26/06/02 16:12:32 INFO MemoryStore: Block broadcast_1_piece0 stored as bytes in memory (estimated size 7.6 KiB, free 434.4 MiB)","logger":"airflow.task.hooks.airflow.providers.standard.hooks.subprocess.SubprocessHook","filename":"subprocess.py","lineno":99}
{"timestamp":"2026-06-02T16:12:32.592024Z","level":"info","event":"26/06/02 16:12:32 INFO BlockManagerInfo: Added broadcast_1_piece0 in memory on ac0ccb30c6a7:46873 (size: 7.6 KiB, free: 434.4 MiB)","logger":"airflow.task.hooks.airflow.providers.standard.hooks.subprocess.SubprocessHook","filename":"subprocess.py","lineno":99}
{"timestamp":"2026-06-02T16:12:32.593477Z","level":"info","event":"26/06/02 16:12:32 INFO SparkContext: Created broadcast 1 from broadcast at DAGScheduler.scala:1611","logger":"airflow.task.hooks.airflow.providers.standard.hooks.subprocess.SubprocessHook","filename":"subprocess.py","lineno":99}
{"timestamp":"2026-06-02T16:12:32.595833Z","level":"info","event":"26/06/02 16:12:32 INFO DAGScheduler: Submitting 4 missing tasks from ResultStage 1 (MapPartitionsRDD[6] at showString at NativeMethodAccessorImpl.java:0) (first 15 tasks are for partitions Vector(1, 2, 3, 4))","logger":"airflow.task.hooks.airflow.providers.standard.hooks.subprocess.SubprocessHook","filename":"subprocess.py","lineno":99}
{"timestamp":"2026-06-02T16:12:32.596052Z","level":"info","event":"26/06/02 16:12:32 INFO TaskSchedulerImpl: Adding task set 1.0 with 4 tasks resource profile 0","logger":"airflow.task.hooks.airflow.providers.standard.hooks.subprocess.SubprocessHook","filename":"subprocess.py","lineno":99}
{"timestamp":"2026-06-02T16:12:32.599064Z","level":"info","event":"26/06/02 16:12:32 INFO TaskSetManager: Starting task 0.0 in stage 1.0 (TID 1) (ac0ccb30c6a7, executor driver, partition 1, PROCESS_LOCAL, 8979 bytes)","logger":"airflow.task.hooks.airflow.providers.standard.hooks.subprocess.SubprocessHook","filename":"subprocess.py","lineno":99}
{"timestamp":"2026-06-02T16:12:32.599962Z","level":"info","event":"26/06/02 16:12:32 INFO TaskSetManager: Starting task 1.0 in stage 1.0 (TID 2) (ac0ccb30c6a7, executor driver, partition 2, PROCESS_LOCAL, 8979 bytes)","logger":"airflow.task.hooks.airflow.providers.standard.hooks.subprocess.SubprocessHook","filename":"subprocess.py","lineno":99}
{"timestamp":"2026-06-02T16:12:32.600625Z","level":"info","event":"26/06/02 16:12:32 INFO TaskSetManager: Starting task 2.0 in stage 1.0 (TID 3) (ac0ccb30c6a7, executor driver, partition 3, PROCESS_LOCAL, 8979 bytes)","logger":"airflow.task.hooks.airflow.providers.standard.hooks.subprocess.SubprocessHook","filename":"subprocess.py","lineno":99}
{"timestamp":"2026-06-02T16:12:32.601152Z","level":"info","event":"26/06/02 16:12:32 INFO TaskSetManager: Starting task 3.0 in stage 1.0 (TID 4) (ac0ccb30c6a7, executor driver, partition 4, PROCESS_LOCAL, 8979 bytes)","logger":"airflow.task.hooks.airflow.providers.standard.hooks.subprocess.SubprocessHook","filename":"subprocess.py","lineno":99}
{"timestamp":"2026-06-02T16:12:32.603715Z","level":"info","event":"26/06/02 16:12:32 INFO Executor: Running task 0.0 in stage 1.0 (TID 1)","logger":"airflow.task.hooks.airflow.providers.standard.hooks.subprocess.SubprocessHook","filename":"subprocess.py","lineno":99}
{"timestamp":"2026-06-02T16:12:32.606190Z","level":"info","event":"26/06/02 16:12:32 INFO Executor: Running task 1.0 in stage 1.0 (TID 2)","logger":"airflow.task.hooks.airflow.providers.standard.hooks.subprocess.SubprocessHook","filename":"subprocess.py","lineno":99}
{"timestamp":"2026-06-02T16:12:32.607021Z","level":"info","event":"26/06/02 16:12:32 INFO Executor: Running task 2.0 in stage 1.0 (TID 3)","logger":"airflow.task.hooks.airflow.providers.standard.hooks.subprocess.SubprocessHook","filename":"subprocess.py","lineno":99}
{"timestamp":"2026-06-02T16:12:32.614316Z","level":"info","event":"26/06/02 16:12:32 INFO Executor: Running task 3.0 in stage 1.0 (TID 4)","logger":"airflow.task.hooks.airflow.providers.standard.hooks.subprocess.SubprocessHook","filename":"subprocess.py","lineno":99}
{"timestamp":"2026-06-02T16:12:32.657582Z","level":"info","event":"26/06/02 16:12:32 INFO BlockManagerInfo: Removed broadcast_0_piece0 on ac0ccb30c6a7:46873 in memory (size: 7.6 KiB, free: 434.4 MiB)","logger":"airflow.task.hooks.airflow.providers.standard.hooks.subprocess.SubprocessHook","filename":"subprocess.py","lineno":99}
{"timestamp":"2026-06-02T16:12:32.712248Z","level":"info","event":"26/06/02 16:12:32 INFO PythonRunner: Times: total = 81, boot = -110, init = 191, finish = 0","logger":"airflow.task.hooks.airflow.providers.standard.hooks.subprocess.SubprocessHook","filename":"subprocess.py","lineno":99}
{"timestamp":"2026-06-02T16:12:32.722611Z","level":"info","event":"26/06/02 16:12:32 INFO Executor: Finished task 0.0 in stage 1.0 (TID 1). 1886 bytes result sent to driver","logger":"airflow.task.hooks.airflow.providers.standard.hooks.subprocess.SubprocessHook","filename":"subprocess.py","lineno":99}
{"timestamp":"2026-06-02T16:12:32.726710Z","level":"info","event":"26/06/02 16:12:32 INFO TaskSetManager: Finished task 0.0 in stage 1.0 (TID 1) in 128 ms on ac0ccb30c6a7 (executor driver) (1/4)","logger":"airflow.task.hooks.airflow.providers.standard.hooks.subprocess.SubprocessHook","filename":"subprocess.py","lineno":99}
{"timestamp":"2026-06-02T16:12:32.769871Z","level":"info","event":"26/06/02 16:12:32 INFO PythonRunner: Times: total = 131, boot = 7, init = 124, finish = 0","logger":"airflow.task.hooks.airflow.providers.standard.hooks.subprocess.SubprocessHook","filename":"subprocess.py","lineno":99}
{"timestamp":"2026-06-02T16:12:32.777249Z","level":"info","event":"26/06/02 16:12:32 INFO PythonRunner: Times: total = 132, boot = 14, init = 118, finish = 0","logger":"airflow.task.hooks.airflow.providers.standard.hooks.subprocess.SubprocessHook","filename":"subprocess.py","lineno":99}
{"timestamp":"2026-06-02T16:12:32.777521Z","level":"info","event":"26/06/02 16:12:32 INFO PythonRunner: Times: total = 135, boot = 23, init = 112, finish = 0","logger":"airflow.task.hooks.airflow.providers.standard.hooks.subprocess.SubprocessHook","filename":"subprocess.py","lineno":99}
{"timestamp":"2026-06-02T16:12:32.780396Z","level":"info","event":"26/06/02 16:12:32 INFO Executor: Finished task 1.0 in stage 1.0 (TID 2). 1886 bytes result sent to driver","logger":"airflow.task.hooks.airflow.providers.standard.hooks.subprocess.SubprocessHook","filename":"subprocess.py","lineno":99}
{"timestamp":"2026-06-02T16:12:32.780686Z","level":"info","event":"26/06/02 16:12:32 INFO Executor: Finished task 3.0 in stage 1.0 (TID 4). 1886 bytes result sent to driver","logger":"airflow.task.hooks.airflow.providers.standard.hooks.subprocess.SubprocessHook","filename":"subprocess.py","lineno":99}
{"timestamp":"2026-06-02T16:12:32.780778Z","level":"info","event":"26/06/02 16:12:32 INFO Executor: Finished task 2.0 in stage 1.0 (TID 3). 1886 bytes result sent to driver","logger":"airflow.task.hooks.airflow.providers.standard.hooks.subprocess.SubprocessHook","filename":"subprocess.py","lineno":99}
{"timestamp":"2026-06-02T16:12:32.784327Z","level":"info","event":"26/06/02 16:12:32 INFO TaskSetManager: Finished task 1.0 in stage 1.0 (TID 2) in 184 ms on ac0ccb30c6a7 (executor driver) (2/4)","logger":"airflow.task.hooks.airflow.providers.standard.hooks.subprocess.SubprocessHook","filename":"subprocess.py","lineno":99}
{"timestamp":"2026-06-02T16:12:32.784874Z","level":"info","event":"26/06/02 16:12:32 INFO TaskSetManager: Finished task 2.0 in stage 1.0 (TID 3) in 184 ms on ac0ccb30c6a7 (executor driver) (3/4)","logger":"airflow.task.hooks.airflow.providers.standard.hooks.subprocess.SubprocessHook","filename":"subprocess.py","lineno":99}
{"timestamp":"2026-06-02T16:12:32.785346Z","level":"info","event":"26/06/02 16:12:32 INFO TaskSetManager: Finished task 3.0 in stage 1.0 (TID 4) in 184 ms on ac0ccb30c6a7 (executor driver) (4/4)","logger":"airflow.task.hooks.airflow.providers.standard.hooks.subprocess.SubprocessHook","filename":"subprocess.py","lineno":99}
{"timestamp":"2026-06-02T16:12:32.785721Z","level":"info","event":"26/06/02 16:12:32 INFO TaskSchedulerImpl: Removed TaskSet 1.0, whose tasks have all completed, from pool","logger":"airflow.task.hooks.airflow.providers.standard.hooks.subprocess.SubprocessHook","filename":"subprocess.py","lineno":99}
{"timestamp":"2026-06-02T16:12:32.789658Z","level":"info","event":"26/06/02 16:12:32 INFO DAGScheduler: ResultStage 1 (showString at NativeMethodAccessorImpl.java:0) finished in 0.210 s","logger":"airflow.task.hooks.airflow.providers.standard.hooks.subprocess.SubprocessHook","filename":"subprocess.py","lineno":99}
{"timestamp":"2026-06-02T16:12:32.790522Z","level":"info","event":"26/06/02 16:12:32 INFO DAGScheduler: Job 1 is finished. Cancelling potential speculative or zombie tasks for this job","logger":"airflow.task.hooks.airflow.providers.standard.hooks.subprocess.SubprocessHook","filename":"subprocess.py","lineno":99}
{"timestamp":"2026-06-02T16:12:32.790738Z","level":"info","event":"26/06/02 16:12:32 INFO TaskSchedulerImpl: Killing all running tasks in stage 1: Stage finished","logger":"airflow.task.hooks.airflow.providers.standard.hooks.subprocess.SubprocessHook","filename":"subprocess.py","lineno":99}
{"timestamp":"2026-06-02T16:12:32.791322Z","level":"info","event":"26/06/02 16:12:32 INFO DAGScheduler: Job 1 finished: showString at NativeMethodAccessorImpl.java:0, took 0.218675 s","logger":"airflow.task.hooks.airflow.providers.standard.hooks.subprocess.SubprocessHook","filename":"subprocess.py","lineno":99}
{"timestamp":"2026-06-02T16:12:32.804271Z","level":"info","event":"26/06/02 16:12:32 INFO SparkContext: Starting job: showString at NativeMethodAccessorImpl.java:0","logger":"airflow.task.hooks.airflow.providers.standard.hooks.subprocess.SubprocessHook","filename":"subprocess.py","lineno":99}
{"timestamp":"2026-06-02T16:12:32.805628Z","level":"info","event":"26/06/02 16:12:32 INFO DAGScheduler: Got job 2 (showString at NativeMethodAccessorImpl.java:0) with 11 output partitions","logger":"airflow.task.hooks.airflow.providers.standard.hooks.subprocess.SubprocessHook","filename":"subprocess.py","lineno":99}
{"timestamp":"2026-06-02T16:12:32.805842Z","level":"info","event":"26/06/02 16:12:32 INFO DAGScheduler: Final stage: ResultStage 2 (showString at NativeMethodAccessorImpl.java:0)","logger":"airflow.task.hooks.airflow.providers.standard.hooks.subprocess.SubprocessHook","filename":"subprocess.py","lineno":99}
{"timestamp":"2026-06-02T16:12:32.805942Z","level":"info","event":"26/06/02 16:12:32 INFO DAGScheduler: Parents of final stage: List()","logger":"airflow.task.hooks.airflow.providers.standard.hooks.subprocess.SubprocessHook","filename":"subprocess.py","lineno":99}
{"timestamp":"2026-06-02T16:12:32.806418Z","level":"info","event":"26/06/02 16:12:32 INFO DAGScheduler: Missing parents: List()","logger":"airflow.task.hooks.airflow.providers.standard.hooks.subprocess.SubprocessHook","filename":"subprocess.py","lineno":99}
{"timestamp":"2026-06-02T16:12:32.808456Z","level":"info","event":"26/06/02 16:12:32 INFO DAGScheduler: Submitting ResultStage 2 (MapPartitionsRDD[6] at showString at NativeMethodAccessorImpl.java:0), which has no missing parents","logger":"airflow.task.hooks.airflow.providers.standard.hooks.subprocess.SubprocessHook","filename":"subprocess.py","lineno":99}
{"timestamp":"2026-06-02T16:12:32.814436Z","level":"info","event":"26/06/02 16:12:32 INFO MemoryStore: Block broadcast_2 stored as values in memory (estimated size 15.3 KiB, free 434.4 MiB)","logger":"airflow.task.hooks.airflow.providers.standard.hooks.subprocess.SubprocessHook","filename":"subprocess.py","lineno":99}
{"timestamp":"2026-06-02T16:12:32.824673Z","level":"info","event":"26/06/02 16:12:32 INFO MemoryStore: Block broadcast_2_piece0 stored as bytes in memory (estimated size 7.6 KiB, free 434.4 MiB)","logger":"airflow.task.hooks.airflow.providers.standard.hooks.subprocess.SubprocessHook","filename":"subprocess.py","lineno":99}
{"timestamp":"2026-06-02T16:12:32.825509Z","level":"info","event":"26/06/02 16:12:32 INFO BlockManagerInfo: Added broadcast_2_piece0 in memory on ac0ccb30c6a7:46873 (size: 7.6 KiB, free: 434.4 MiB)","logger":"airflow.task.hooks.airflow.providers.standard.hooks.subprocess.SubprocessHook","filename":"subprocess.py","lineno":99}
{"timestamp":"2026-06-02T16:12:32.827008Z","level":"info","event":"26/06/02 16:12:32 INFO SparkContext: Created broadcast 2 from broadcast at DAGScheduler.scala:1611","logger":"airflow.task.hooks.airflow.providers.standard.hooks.subprocess.SubprocessHook","filename":"subprocess.py","lineno":99}
{"timestamp":"2026-06-02T16:12:32.827266Z","level":"info","event":"26/06/02 16:12:32 INFO BlockManagerInfo: Removed broadcast_1_piece0 on ac0ccb30c6a7:46873 in memory (size: 7.6 KiB, free: 434.4 MiB)","logger":"airflow.task.hooks.airflow.providers.standard.hooks.subprocess.SubprocessHook","filename":"subprocess.py","lineno":99}
{"timestamp":"2026-06-02T16:12:32.828398Z","level":"info","event":"26/06/02 16:12:32 INFO DAGScheduler: Submitting 11 missing tasks from ResultStage 2 (MapPartitionsRDD[6] at showString at NativeMethodAccessorImpl.java:0) (first 15 tasks are for partitions Vector(5, 6, 7, 8, 9, 10, 11, 12, 13, 14, 15))","logger":"airflow.task.hooks.airflow.providers.standard.hooks.subprocess.SubprocessHook","filename":"subprocess.py","lineno":99}
{"timestamp":"2026-06-02T16:12:32.828597Z","level":"info","event":"26/06/02 16:12:32 INFO TaskSchedulerImpl: Adding task set 2.0 with 11 tasks resource profile 0","logger":"airflow.task.hooks.airflow.providers.standard.hooks.subprocess.SubprocessHook","filename":"subprocess.py","lineno":99}
{"timestamp":"2026-06-02T16:12:32.830893Z","level":"info","event":"26/06/02 16:12:32 INFO TaskSetManager: Starting task 0.0 in stage 2.0 (TID 5) (ac0ccb30c6a7, executor driver, partition 5, PROCESS_LOCAL, 9100 bytes)","logger":"airflow.task.hooks.airflow.providers.standard.hooks.subprocess.SubprocessHook","filename":"subprocess.py","lineno":99}
{"timestamp":"2026-06-02T16:12:32.831654Z","level":"info","event":"26/06/02 16:12:32 INFO TaskSetManager: Starting task 1.0 in stage 2.0 (TID 6) (ac0ccb30c6a7, executor driver, partition 6, PROCESS_LOCAL, 8979 bytes)","logger":"airflow.task.hooks.airflow.providers.standard.hooks.subprocess.SubprocessHook","filename":"subprocess.py","lineno":99}
{"timestamp":"2026-06-02T16:12:32.832788Z","level":"info","event":"26/06/02 16:12:32 INFO TaskSetManager: Starting task 2.0 in stage 2.0 (TID 7) (ac0ccb30c6a7, executor driver, partition 7, PROCESS_LOCAL, 8979 bytes)","logger":"airflow.task.hooks.airflow.providers.standard.hooks.subprocess.SubprocessHook","filename":"subprocess.py","lineno":99}
{"timestamp":"2026-06-02T16:12:32.833206Z","level":"info","event":"26/06/02 16:12:32 INFO TaskSetManager: Starting task 3.0 in stage 2.0 (TID 8) (ac0ccb30c6a7, executor driver, partition 8, PROCESS_LOCAL, 8979 bytes)","logger":"airflow.task.hooks.airflow.providers.standard.hooks.subprocess.SubprocessHook","filename":"subprocess.py","lineno":99}
{"timestamp":"2026-06-02T16:12:32.833347Z","level":"info","event":"26/06/02 16:12:32 INFO TaskSetManager: Starting task 4.0 in stage 2.0 (TID 9) (ac0ccb30c6a7, executor driver, partition 9, PROCESS_LOCAL, 8979 bytes)","logger":"airflow.task.hooks.airflow.providers.standard.hooks.subprocess.SubprocessHook","filename":"subprocess.py","lineno":99}
{"timestamp":"2026-06-02T16:12:32.834302Z","level":"info","event":"26/06/02 16:12:32 INFO TaskSetManager: Starting task 5.0 in stage 2.0 (TID 10) (ac0ccb30c6a7, executor driver, partition 10, PROCESS_LOCAL, 9100 bytes)","logger":"airflow.task.hooks.airflow.providers.standard.hooks.subprocess.SubprocessHook","filename":"subprocess.py","lineno":99}
{"timestamp":"2026-06-02T16:12:32.834478Z","level":"info","event":"26/06/02 16:12:32 INFO TaskSetManager: Starting task 6.0 in stage 2.0 (TID 11) (ac0ccb30c6a7, executor driver, partition 11, PROCESS_LOCAL, 8979 bytes)","logger":"airflow.task.hooks.airflow.providers.standard.hooks.subprocess.SubprocessHook","filename":"subprocess.py","lineno":99}
{"timestamp":"2026-06-02T16:12:32.834554Z","level":"info","event":"26/06/02 16:12:32 INFO TaskSetManager: Starting task 7.0 in stage 2.0 (TID 12) (ac0ccb30c6a7, executor driver, partition 12, PROCESS_LOCAL, 8979 bytes)","logger":"airflow.task.hooks.airflow.providers.standard.hooks.subprocess.SubprocessHook","filename":"subprocess.py","lineno":99}
{"timestamp":"2026-06-02T16:12:32.835500Z","level":"info","event":"26/06/02 16:12:32 INFO TaskSetManager: Starting task 8.0 in stage 2.0 (TID 13) (ac0ccb30c6a7, executor driver, partition 13, PROCESS_LOCAL, 8979 bytes)","logger":"airflow.task.hooks.airflow.providers.standard.hooks.subprocess.SubprocessHook","filename":"subprocess.py","lineno":99}
{"timestamp":"2026-06-02T16:12:32.837317Z","level":"info","event":"26/06/02 16:12:32 INFO TaskSetManager: Starting task 9.0 in stage 2.0 (TID 14) (ac0ccb30c6a7, executor driver, partition 14, PROCESS_LOCAL, 8979 bytes)","logger":"airflow.task.hooks.airflow.providers.standard.hooks.subprocess.SubprocessHook","filename":"subprocess.py","lineno":99}
{"timestamp":"2026-06-02T16:12:32.838969Z","level":"info","event":"26/06/02 16:12:32 INFO TaskSetManager: Starting task 10.0 in stage 2.0 (TID 15) (ac0ccb30c6a7, executor driver, partition 15, PROCESS_LOCAL, 9078 bytes)","logger":"airflow.task.hooks.airflow.providers.standard.hooks.subprocess.SubprocessHook","filename":"subprocess.py","lineno":99}
{"timestamp":"2026-06-02T16:12:32.840018Z","level":"info","event":"26/06/02 16:12:32 INFO Executor: Running task 1.0 in stage 2.0 (TID 6)","logger":"airflow.task.hooks.airflow.providers.standard.hooks.subprocess.SubprocessHook","filename":"subprocess.py","lineno":99}
{"timestamp":"2026-06-02T16:12:32.840166Z","level":"info","event":"26/06/02 16:12:32 INFO Executor: Running task 0.0 in stage 2.0 (TID 5)","logger":"airflow.task.hooks.airflow.providers.standard.hooks.subprocess.SubprocessHook","filename":"subprocess.py","lineno":99}
{"timestamp":"2026-06-02T16:12:32.840197Z","level":"info","event":"26/06/02 16:12:32 INFO Executor: Running task 2.0 in stage 2.0 (TID 7)","logger":"airflow.task.hooks.airflow.providers.standard.hooks.subprocess.SubprocessHook","filename":"subprocess.py","lineno":99}
{"timestamp":"2026-06-02T16:12:32.840219Z","level":"info","event":"26/06/02 16:12:32 INFO Executor: Running task 3.0 in stage 2.0 (TID 8)","logger":"airflow.task.hooks.airflow.providers.standard.hooks.subprocess.SubprocessHook","filename":"subprocess.py","lineno":99}
{"timestamp":"2026-06-02T16:12:32.848689Z","level":"info","event":"26/06/02 16:12:32 INFO Executor: Running task 5.0 in stage 2.0 (TID 10)","logger":"airflow.task.hooks.airflow.providers.standard.hooks.subprocess.SubprocessHook","filename":"subprocess.py","lineno":99}
{"timestamp":"2026-06-02T16:12:32.850729Z","level":"info","event":"26/06/02 16:12:32 INFO Executor: Running task 4.0 in stage 2.0 (TID 9)","logger":"airflow.task.hooks.airflow.providers.standard.hooks.subprocess.SubprocessHook","filename":"subprocess.py","lineno":99}
{"timestamp":"2026-06-02T16:12:32.850987Z","level":"info","event":"26/06/02 16:12:32 INFO Executor: Running task 6.0 in stage 2.0 (TID 11)","logger":"airflow.task.hooks.airflow.providers.standard.hooks.subprocess.SubprocessHook","filename":"subprocess.py","lineno":99}
{"timestamp":"2026-06-02T16:12:32.853991Z","level":"info","event":"26/06/02 16:12:32 INFO Executor: Running task 7.0 in stage 2.0 (TID 12)","logger":"airflow.task.hooks.airflow.providers.standard.hooks.subprocess.SubprocessHook","filename":"subprocess.py","lineno":99}
{"timestamp":"2026-06-02T16:12:32.858429Z","level":"info","event":"26/06/02 16:12:32 INFO Executor: Running task 10.0 in stage 2.0 (TID 15)","logger":"airflow.task.hooks.airflow.providers.standard.hooks.subprocess.SubprocessHook","filename":"subprocess.py","lineno":99}
{"timestamp":"2026-06-02T16:12:32.858725Z","level":"info","event":"26/06/02 16:12:32 INFO Executor: Running task 8.0 in stage 2.0 (TID 13)","logger":"airflow.task.hooks.airflow.providers.standard.hooks.subprocess.SubprocessHook","filename":"subprocess.py","lineno":99}
{"timestamp":"2026-06-02T16:12:32.860105Z","level":"info","event":"26/06/02 16:12:32 INFO Executor: Running task 9.0 in stage 2.0 (TID 14)","logger":"airflow.task.hooks.airflow.providers.standard.hooks.subprocess.SubprocessHook","filename":"subprocess.py","lineno":99}
{"timestamp":"2026-06-02T16:12:32.965087Z","level":"info","event":"26/06/02 16:12:32 INFO PythonRunner: Times: total = 106, boot = -132, init = 238, finish = 0","logger":"airflow.task.hooks.airflow.providers.standard.hooks.subprocess.SubprocessHook","filename":"subprocess.py","lineno":99}
{"timestamp":"2026-06-02T16:12:32.998733Z","level":"info","event":"26/06/02 16:12:32 INFO PythonRunner: Times: total = 125, boot = -76, init = 201, finish = 0","logger":"airflow.task.hooks.airflow.providers.standard.hooks.subprocess.SubprocessHook","filename":"subprocess.py","lineno":99}
{"timestamp":"2026-06-02T16:12:33.000406Z","level":"info","event":"26/06/02 16:12:32 INFO Executor: Finished task 1.0 in stage 2.0 (TID 6). 1886 bytes result sent to driver","logger":"airflow.task.hooks.airflow.providers.standard.hooks.subprocess.SubprocessHook","filename":"subprocess.py","lineno":99}
{"timestamp":"2026-06-02T16:12:33.000569Z","level":"info","event":"26/06/02 16:12:32 INFO Executor: Finished task 2.0 in stage 2.0 (TID 7). 1886 bytes result sent to driver","logger":"airflow.task.hooks.airflow.providers.standard.hooks.subprocess.SubprocessHook","filename":"subprocess.py","lineno":99}
{"timestamp":"2026-06-02T16:12:33.013511Z","level":"info","event":"26/06/02 16:12:33 INFO TaskSetManager: Finished task 1.0 in stage 2.0 (TID 6) in 180 ms on ac0ccb30c6a7 (executor driver) (1/11)","logger":"airflow.task.hooks.airflow.providers.standard.hooks.subprocess.SubprocessHook","filename":"subprocess.py","lineno":99}
{"timestamp":"2026-06-02T16:12:33.016823Z","level":"info","event":"26/06/02 16:12:33 INFO TaskSetManager: Finished task 2.0 in stage 2.0 (TID 7) in 185 ms on ac0ccb30c6a7 (executor driver) (2/11)","logger":"airflow.task.hooks.airflow.providers.standard.hooks.subprocess.SubprocessHook","filename":"subprocess.py","lineno":99}
{"timestamp":"2026-06-02T16:12:33.059472Z","level":"info","event":"26/06/02 16:12:33 INFO PythonRunner: Times: total = 113, boot = -76, init = 189, finish = 0","logger":"airflow.task.hooks.airflow.providers.standard.hooks.subprocess.SubprocessHook","filename":"subprocess.py","lineno":99}
{"timestamp":"2026-06-02T16:12:33.059803Z","level":"info","event":"26/06/02 16:12:33 INFO PythonRunner: Times: total = 114, boot = -75, init = 189, finish = 0","logger":"airflow.task.hooks.airflow.providers.standard.hooks.subprocess.SubprocessHook","filename":"subprocess.py","lineno":99}
{"timestamp":"2026-06-02T16:12:33.073158Z","level":"info","event":"26/06/02 16:12:33 INFO PythonRunner: Times: total = 200, boot = 10, init = 190, finish = 0","logger":"airflow.task.hooks.airflow.providers.standard.hooks.subprocess.SubprocessHook","filename":"subprocess.py","lineno":99}
{"timestamp":"2026-06-02T16:12:33.081508Z","level":"info","event":"26/06/02 16:12:33 INFO Executor: Finished task 0.0 in stage 2.0 (TID 5). 2059 bytes result sent to driver","logger":"airflow.task.hooks.airflow.providers.standard.hooks.subprocess.SubprocessHook","filename":"subprocess.py","lineno":99}
{"timestamp":"2026-06-02T16:12:33.082679Z","level":"info","event":"26/06/02 16:12:33 INFO Executor: Finished task 5.0 in stage 2.0 (TID 10). 2065 bytes result sent to driver","logger":"airflow.task.hooks.airflow.providers.standard.hooks.subprocess.SubprocessHook","filename":"subprocess.py","lineno":99}
{"timestamp":"2026-06-02T16:12:33.087368Z","level":"info","event":"26/06/02 16:12:33 INFO PythonRunner: Times: total = 216, boot = 21, init = 195, finish = 0","logger":"airflow.task.hooks.airflow.providers.standard.hooks.subprocess.SubprocessHook","filename":"subprocess.py","lineno":99}
{"timestamp":"2026-06-02T16:12:33.088496Z","level":"info","event":"26/06/02 16:12:33 INFO TaskSetManager: Finished task 0.0 in stage 2.0 (TID 5) in 256 ms on ac0ccb30c6a7 (executor driver) (3/11)","logger":"airflow.task.hooks.airflow.providers.standard.hooks.subprocess.SubprocessHook","filename":"subprocess.py","lineno":99}
{"timestamp":"2026-06-02T16:12:33.088823Z","level":"info","event":"26/06/02 16:12:33 INFO PythonRunner: Times: total = 226, boot = 35, init = 191, finish = 0","logger":"airflow.task.hooks.airflow.providers.standard.hooks.subprocess.SubprocessHook","filename":"subprocess.py","lineno":99}
{"timestamp":"2026-06-02T16:12:33.088916Z","level":"info","event":"26/06/02 16:12:33 INFO Executor: Finished task 6.0 in stage 2.0 (TID 11). 1886 bytes result sent to driver","logger":"airflow.task.hooks.airflow.providers.standard.hooks.subprocess.SubprocessHook","filename":"subprocess.py","lineno":99}
{"timestamp":"2026-06-02T16:12:33.098554Z","level":"info","event":"26/06/02 16:12:33 INFO PythonRunner: Times: total = 206, boot = 17, init = 189, finish = 0","logger":"airflow.task.hooks.airflow.providers.standard.hooks.subprocess.SubprocessHook","filename":"subprocess.py","lineno":99}
{"timestamp":"2026-06-02T16:12:33.102528Z","level":"info","event":"26/06/02 16:12:33 INFO Executor: Finished task 3.0 in stage 2.0 (TID 8). 1886 bytes result sent to driver","logger":"airflow.task.hooks.airflow.providers.standard.hooks.subprocess.SubprocessHook","filename":"subprocess.py","lineno":99}
{"timestamp":"2026-06-02T16:12:33.103089Z","level":"info","event":"26/06/02 16:12:33 INFO Executor: Finished task 10.0 in stage 2.0 (TID 15). 2034 bytes result sent to driver","logger":"airflow.task.hooks.airflow.providers.standard.hooks.subprocess.SubprocessHook","filename":"subprocess.py","lineno":99}
{"timestamp":"2026-06-02T16:12:33.107436Z","level":"info","event":"26/06/02 16:12:33 INFO TaskSetManager: Finished task 5.0 in stage 2.0 (TID 10) in 272 ms on ac0ccb30c6a7 (executor driver) (4/11)","logger":"airflow.task.hooks.airflow.providers.standard.hooks.subprocess.SubprocessHook","filename":"subprocess.py","lineno":99}
{"timestamp":"2026-06-02T16:12:33.107719Z","level":"info","event":"26/06/02 16:12:33 INFO Executor: Finished task 4.0 in stage 2.0 (TID 9). 1929 bytes result sent to driver","logger":"airflow.task.hooks.airflow.providers.standard.hooks.subprocess.SubprocessHook","filename":"subprocess.py","lineno":99}
{"timestamp":"2026-06-02T16:12:33.113385Z","level":"info","event":"26/06/02 16:12:33 INFO TaskSetManager: Finished task 6.0 in stage 2.0 (TID 11) in 276 ms on ac0ccb30c6a7 (executor driver) (5/11)","logger":"airflow.task.hooks.airflow.providers.standard.hooks.subprocess.SubprocessHook","filename":"subprocess.py","lineno":99}
{"timestamp":"2026-06-02T16:12:33.125571Z","level":"info","event":"26/06/02 16:12:33 INFO PythonRunner: Times: total = 240, boot = 38, init = 202, finish = 0","logger":"airflow.task.hooks.airflow.providers.standard.hooks.subprocess.SubprocessHook","filename":"subprocess.py","lineno":99}
{"timestamp":"2026-06-02T16:12:33.126186Z","level":"info","event":"26/06/02 16:12:33 INFO TaskSetManager: Finished task 3.0 in stage 2.0 (TID 8) in 292 ms on ac0ccb30c6a7 (executor driver) (6/11)","logger":"airflow.task.hooks.airflow.providers.standard.hooks.subprocess.SubprocessHook","filename":"subprocess.py","lineno":99}
{"timestamp":"2026-06-02T16:12:33.126346Z","level":"info","event":"26/06/02 16:12:33 INFO PythonRunner: Times: total = 244, boot = 53, init = 190, finish = 1","logger":"airflow.task.hooks.airflow.providers.standard.hooks.subprocess.SubprocessHook","filename":"subprocess.py","lineno":99}
{"timestamp":"2026-06-02T16:12:33.126581Z","level":"info","event":"26/06/02 16:12:33 INFO TaskSetManager: Finished task 4.0 in stage 2.0 (TID 9) in 293 ms on ac0ccb30c6a7 (executor driver) (7/11)","logger":"airflow.task.hooks.airflow.providers.standard.hooks.subprocess.SubprocessHook","filename":"subprocess.py","lineno":99}
{"timestamp":"2026-06-02T16:12:33.129208Z","level":"info","event":"26/06/02 16:12:33 INFO TaskSetManager: Finished task 10.0 in stage 2.0 (TID 15) in 290 ms on ac0ccb30c6a7 (executor driver) (8/11)","logger":"airflow.task.hooks.airflow.providers.standard.hooks.subprocess.SubprocessHook","filename":"subprocess.py","lineno":99}
{"timestamp":"2026-06-02T16:12:33.137055Z","level":"info","event":"26/06/02 16:12:33 INFO Executor: Finished task 7.0 in stage 2.0 (TID 12). 1929 bytes result sent to driver","logger":"airflow.task.hooks.airflow.providers.standard.hooks.subprocess.SubprocessHook","filename":"subprocess.py","lineno":99}
{"timestamp":"2026-06-02T16:12:33.137309Z","level":"info","event":"26/06/02 16:12:33 INFO Executor: Finished task 9.0 in stage 2.0 (TID 14). 1886 bytes result sent to driver","logger":"airflow.task.hooks.airflow.providers.standard.hooks.subprocess.SubprocessHook","filename":"subprocess.py","lineno":99}
{"timestamp":"2026-06-02T16:12:33.139769Z","level":"info","event":"26/06/02 16:12:33 INFO TaskSetManager: Finished task 7.0 in stage 2.0 (TID 12) in 304 ms on ac0ccb30c6a7 (executor driver) (9/11)","logger":"airflow.task.hooks.airflow.providers.standard.hooks.subprocess.SubprocessHook","filename":"subprocess.py","lineno":99}
{"timestamp":"2026-06-02T16:12:33.140364Z","level":"info","event":"26/06/02 16:12:33 INFO TaskSetManager: Finished task 9.0 in stage 2.0 (TID 14) in 304 ms on ac0ccb30c6a7 (executor driver) (10/11)","logger":"airflow.task.hooks.airflow.providers.standard.hooks.subprocess.SubprocessHook","filename":"subprocess.py","lineno":99}
{"timestamp":"2026-06-02T16:12:33.143091Z","level":"info","event":"26/06/02 16:12:33 INFO PythonRunner: Times: total = 277, boot = 67, init = 210, finish = 0","logger":"airflow.task.hooks.airflow.providers.standard.hooks.subprocess.SubprocessHook","filename":"subprocess.py","lineno":99}
{"timestamp":"2026-06-02T16:12:33.156723Z","level":"info","event":"26/06/02 16:12:33 INFO Executor: Finished task 8.0 in stage 2.0 (TID 13). 1886 bytes result sent to driver","logger":"airflow.task.hooks.airflow.providers.standard.hooks.subprocess.SubprocessHook","filename":"subprocess.py","lineno":99}
{"timestamp":"2026-06-02T16:12:33.159401Z","level":"info","event":"26/06/02 16:12:33 INFO TaskSetManager: Finished task 8.0 in stage 2.0 (TID 13) in 324 ms on ac0ccb30c6a7 (executor driver) (11/11)","logger":"airflow.task.hooks.airflow.providers.standard.hooks.subprocess.SubprocessHook","filename":"subprocess.py","lineno":99}
{"timestamp":"2026-06-02T16:12:33.159625Z","level":"info","event":"26/06/02 16:12:33 INFO TaskSchedulerImpl: Removed TaskSet 2.0, whose tasks have all completed, from pool","logger":"airflow.task.hooks.airflow.providers.standard.hooks.subprocess.SubprocessHook","filename":"subprocess.py","lineno":99}
{"timestamp":"2026-06-02T16:12:33.162015Z","level":"info","event":"26/06/02 16:12:33 INFO DAGScheduler: ResultStage 2 (showString at NativeMethodAccessorImpl.java:0) finished in 0.351 s","logger":"airflow.task.hooks.airflow.providers.standard.hooks.subprocess.SubprocessHook","filename":"subprocess.py","lineno":99}
{"timestamp":"2026-06-02T16:12:33.162321Z","level":"info","event":"26/06/02 16:12:33 INFO DAGScheduler: Job 2 is finished. Cancelling potential speculative or zombie tasks for this job","logger":"airflow.task.hooks.airflow.providers.standard.hooks.subprocess.SubprocessHook","filename":"subprocess.py","lineno":99}
{"timestamp":"2026-06-02T16:12:33.163322Z","level":"info","event":"26/06/02 16:12:33 INFO TaskSchedulerImpl: Killing all running tasks in stage 2: Stage finished","logger":"airflow.task.hooks.airflow.providers.standard.hooks.subprocess.SubprocessHook","filename":"subprocess.py","lineno":99}
{"timestamp":"2026-06-02T16:12:33.164056Z","level":"info","event":"26/06/02 16:12:33 INFO DAGScheduler: Job 2 finished: showString at NativeMethodAccessorImpl.java:0, took 0.359645 s","logger":"airflow.task.hooks.airflow.providers.standard.hooks.subprocess.SubprocessHook","filename":"subprocess.py","lineno":99}
{"timestamp":"2026-06-02T16:12:33.450073Z","level":"info","event":"26/06/02 16:12:33 INFO BlockManagerInfo: Removed broadcast_2_piece0 on ac0ccb30c6a7:46873 in memory (size: 7.6 KiB, free: 434.4 MiB)","logger":"airflow.task.hooks.airflow.providers.standard.hooks.subprocess.SubprocessHook","filename":"subprocess.py","lineno":99}
{"timestamp":"2026-06-02T16:12:33.799504Z","level":"info","event":"26/06/02 16:12:33 INFO CodeGenerator: Code generated in 18.324041 ms","logger":"airflow.task.hooks.airflow.providers.standard.hooks.subprocess.SubprocessHook","filename":"subprocess.py","lineno":99}
{"timestamp":"2026-06-02T16:12:33.811394Z","level":"info","event":"+--------------------+------+-------------+-------+----+--------------------+","logger":"airflow.task.hooks.airflow.providers.standard.hooks.subprocess.SubprocessHook","filename":"subprocess.py","lineno":99}
{"timestamp":"2026-06-02T16:12:33.811627Z","level":"info","event":"|     investment_name| value|         unit|quarter|year|           ingest_at|","logger":"airflow.task.hooks.airflow.providers.standard.hooks.subprocess.SubprocessHook","filename":"subprocess.py","lineno":99}
{"timestamp":"2026-06-02T16:12:33.811827Z","level":"info","event":"+--------------------+------+-------------+-------+----+--------------------+","logger":"airflow.task.hooks.airflow.providers.standard.hooks.subprocess.SubprocessHook","filename":"subprocess.py","lineno":99}
{"timestamp":"2026-06-02T16:12:33.811899Z","level":"info","event":"|Vốn đầu tư của dâ...| 402.5|Nghìn tỷ đồng|      1|2026|2026-06-02 16:12:...|","logger":"airflow.task.hooks.airflow.providers.standard.hooks.subprocess.SubprocessHook","filename":"subprocess.py","lineno":99}
{"timestamp":"2026-06-02T16:12:33.811938Z","level":"info","event":"|Vốn đầu tư trực t...|135.05|Nghìn tỷ đồng|      1|2026|2026-06-02 16:12:...|","logger":"airflow.task.hooks.airflow.providers.standard.hooks.subprocess.SubprocessHook","filename":"subprocess.py","lineno":99}
{"timestamp":"2026-06-02T16:12:33.811971Z","level":"info","event":"|   Vốn huy động khác| 22.48|Nghìn tỷ đồng|      1|2026|2026-06-02 16:12:...|","logger":"airflow.task.hooks.airflow.providers.standard.hooks.subprocess.SubprocessHook","filename":"subprocess.py","lineno":99}
{"timestamp":"2026-06-02T16:12:33.811989Z","level":"info","event":"+--------------------+------+-------------+-------+----+--------------------+","logger":"airflow.task.hooks.airflow.providers.standard.hooks.subprocess.SubprocessHook","filename":"subprocess.py","lineno":99}
{"timestamp":"2026-06-02T16:12:33.812009Z","level":"info","event":"","logger":"airflow.task.hooks.airflow.providers.standard.hooks.subprocess.SubprocessHook","filename":"subprocess.py","lineno":99}
{"timestamp":"2026-06-02T16:12:34.018361Z","level":"info","event":"26/06/02 16:12:34 INFO HiveConf: Found configuration file null","logger":"airflow.task.hooks.airflow.providers.standard.hooks.subprocess.SubprocessHook","filename":"subprocess.py","lineno":99}
{"timestamp":"2026-06-02T16:12:34.028154Z","level":"info","event":"26/06/02 16:12:34 INFO HiveUtils: Initializing HiveMetastoreConnection version 2.3.9 using Spark classes.","logger":"airflow.task.hooks.airflow.providers.standard.hooks.subprocess.SubprocessHook","filename":"subprocess.py","lineno":99}
{"timestamp":"2026-06-02T16:12:34.212375Z","level":"info","event":"26/06/02 16:12:34 INFO HiveClientImpl: Warehouse location for Hive client (version 2.3.9) is s3a://warehouse/","logger":"airflow.task.hooks.airflow.providers.standard.hooks.subprocess.SubprocessHook","filename":"subprocess.py","lineno":99}
{"timestamp":"2026-06-02T16:12:34.240559Z","level":"info","event":"26/06/02 16:12:34 INFO metastore: Trying to connect to metastore with URI thrift://hive:9083","logger":"airflow.task.hooks.airflow.providers.standard.hooks.subprocess.SubprocessHook","filename":"subprocess.py","lineno":99}
{"timestamp":"2026-06-02T16:12:34.254986Z","level":"info","event":"26/06/02 16:12:34 INFO metastore: Opened a connection to metastore, current connections: 1","logger":"airflow.task.hooks.airflow.providers.standard.hooks.subprocess.SubprocessHook","filename":"subprocess.py","lineno":99}
{"timestamp":"2026-06-02T16:12:34.277459Z","level":"info","event":"26/06/02 16:12:34 INFO metastore: Connected to metastore.","logger":"airflow.task.hooks.airflow.providers.standard.hooks.subprocess.SubprocessHook","filename":"subprocess.py","lineno":99}
{"timestamp":"2026-06-02T16:12:34.514144Z","level":"info","event":"26/06/02 16:12:34 INFO DelegatingLogStore: LogStore `LogStoreAdapter(io.delta.storage.S3SingleDriverLogStore)` is used for scheme `s3a`","logger":"airflow.task.hooks.airflow.providers.standard.hooks.subprocess.SubprocessHook","filename":"subprocess.py","lineno":99}
{"timestamp":"2026-06-02T16:12:34.723828Z","level":"info","event":"26/06/02 16:12:34 INFO DeltaLog: Loading version 0.","logger":"airflow.task.hooks.airflow.providers.standard.hooks.subprocess.SubprocessHook","filename":"subprocess.py","lineno":99}
{"timestamp":"2026-06-02T16:12:35.234498Z","level":"info","event":"26/06/02 16:12:35 INFO DeltaLogFileIndex: Created DeltaLogFileIndex(JSON, numFilesInSegment: 1, totalFileSize: 1111)","logger":"airflow.task.hooks.airflow.providers.standard.hooks.subprocess.SubprocessHook","filename":"subprocess.py","lineno":99}
{"timestamp":"2026-06-02T16:12:35.534396Z","level":"info","event":"26/06/02 16:12:35 INFO DataSourceStrategy: Pruning directories with:","logger":"airflow.task.hooks.airflow.providers.standard.hooks.subprocess.SubprocessHook","filename":"subprocess.py","lineno":99}
{"timestamp":"2026-06-02T16:12:35.549095Z","level":"info","event":"26/06/02 16:12:35 INFO FileSourceStrategy: Pushed Filters:","logger":"airflow.task.hooks.airflow.providers.standard.hooks.subprocess.SubprocessHook","filename":"subprocess.py","lineno":99}
{"timestamp":"2026-06-02T16:12:35.550585Z","level":"info","event":"26/06/02 16:12:35 INFO FileSourceStrategy: Post-Scan Filters: ((isnotnull(protocol#74.minReaderVersion) OR isnotnull(metaData#73.id)) OR (isnotnull(commitInfo#75.inCommitTimestamp) AND (version#76L = 0)))","logger":"airflow.task.hooks.airflow.providers.standard.hooks.subprocess.SubprocessHook","filename":"subprocess.py","lineno":99}
{"timestamp":"2026-06-02T16:12:35.701356Z","level":"info","event":"26/06/02 16:12:35 INFO CodeGenerator: Code generated in 91.008237 ms","logger":"airflow.task.hooks.airflow.providers.standard.hooks.subprocess.SubprocessHook","filename":"subprocess.py","lineno":99}
{"timestamp":"2026-06-02T16:12:35.716531Z","level":"info","event":"26/06/02 16:12:35 INFO MemoryStore: Block broadcast_3 stored as values in memory (estimated size 202.2 KiB, free 434.2 MiB)","logger":"airflow.task.hooks.airflow.providers.standard.hooks.subprocess.SubprocessHook","filename":"subprocess.py","lineno":99}
{"timestamp":"2026-06-02T16:12:35.743107Z","level":"info","event":"26/06/02 16:12:35 INFO MemoryStore: Block broadcast_3_piece0 stored as bytes in memory (estimated size 34.9 KiB, free 434.2 MiB)","logger":"airflow.task.hooks.airflow.providers.standard.hooks.subprocess.SubprocessHook","filename":"subprocess.py","lineno":99}
{"timestamp":"2026-06-02T16:12:35.743858Z","level":"info","event":"26/06/02 16:12:35 INFO BlockManagerInfo: Added broadcast_3_piece0 in memory on ac0ccb30c6a7:46873 (size: 34.9 KiB, free: 434.4 MiB)","logger":"airflow.task.hooks.airflow.providers.standard.hooks.subprocess.SubprocessHook","filename":"subprocess.py","lineno":99}
{"timestamp":"2026-06-02T16:12:35.744492Z","level":"info","event":"26/06/02 16:12:35 INFO SparkContext: Created broadcast 3 from $anonfun$recordDeltaOperationInternal$1 at DatabricksLogging.scala:128","logger":"airflow.task.hooks.airflow.providers.standard.hooks.subprocess.SubprocessHook","filename":"subprocess.py","lineno":99}
{"timestamp":"2026-06-02T16:12:35.762266Z","level":"info","event":"26/06/02 16:12:35 INFO FileSourceScanExec: Planning scan with bin packing, max size: 4194304 bytes, open cost is considered as scanning 4194304 bytes.","logger":"airflow.task.hooks.airflow.providers.standard.hooks.subprocess.SubprocessHook","filename":"subprocess.py","lineno":99}
{"timestamp":"2026-06-02T16:12:35.805702Z","level":"info","event":"26/06/02 16:12:35 INFO SparkContext: Starting job: $anonfun$recordDeltaOperationInternal$1 at DatabricksLogging.scala:128","logger":"airflow.task.hooks.airflow.providers.standard.hooks.subprocess.SubprocessHook","filename":"subprocess.py","lineno":99}
{"timestamp":"2026-06-02T16:12:35.806581Z","level":"info","event":"26/06/02 16:12:35 INFO DAGScheduler: Got job 3 ($anonfun$recordDeltaOperationInternal$1 at DatabricksLogging.scala:128) with 1 output partitions","logger":"airflow.task.hooks.airflow.providers.standard.hooks.subprocess.SubprocessHook","filename":"subprocess.py","lineno":99}
{"timestamp":"2026-06-02T16:12:35.806699Z","level":"info","event":"26/06/02 16:12:35 INFO DAGScheduler: Final stage: ResultStage 3 ($anonfun$recordDeltaOperationInternal$1 at DatabricksLogging.scala:128)","logger":"airflow.task.hooks.airflow.providers.standard.hooks.subprocess.SubprocessHook","filename":"subprocess.py","lineno":99}
{"timestamp":"2026-06-02T16:12:35.806730Z","level":"info","event":"26/06/02 16:12:35 INFO DAGScheduler: Parents of final stage: List()","logger":"airflow.task.hooks.airflow.providers.standard.hooks.subprocess.SubprocessHook","filename":"subprocess.py","lineno":99}
{"timestamp":"2026-06-02T16:12:35.806762Z","level":"info","event":"26/06/02 16:12:35 INFO DAGScheduler: Missing parents: List()","logger":"airflow.task.hooks.airflow.providers.standard.hooks.subprocess.SubprocessHook","filename":"subprocess.py","lineno":99}
{"timestamp":"2026-06-02T16:12:35.809092Z","level":"info","event":"26/06/02 16:12:35 INFO DAGScheduler: Submitting ResultStage 3 (MapPartitionsRDD[10] at $anonfun$recordDeltaOperationInternal$1 at DatabricksLogging.scala:128), which has no missing parents","logger":"airflow.task.hooks.airflow.providers.standard.hooks.subprocess.SubprocessHook","filename":"subprocess.py","lineno":99}
{"timestamp":"2026-06-02T16:12:35.813041Z","level":"info","event":"26/06/02 16:12:35 INFO MemoryStore: Block broadcast_4 stored as values in memory (estimated size 55.2 KiB, free 434.1 MiB)","logger":"airflow.task.hooks.airflow.providers.standard.hooks.subprocess.SubprocessHook","filename":"subprocess.py","lineno":99}
{"timestamp":"2026-06-02T16:12:35.821051Z","level":"info","event":"26/06/02 16:12:35 INFO MemoryStore: Block broadcast_4_piece0 stored as bytes in memory (estimated size 17.1 KiB, free 434.1 MiB)","logger":"airflow.task.hooks.airflow.providers.standard.hooks.subprocess.SubprocessHook","filename":"subprocess.py","lineno":99}
{"timestamp":"2026-06-02T16:12:35.822507Z","level":"info","event":"26/06/02 16:12:35 INFO BlockManagerInfo: Added broadcast_4_piece0 in memory on ac0ccb30c6a7:46873 (size: 17.1 KiB, free: 434.3 MiB)","logger":"airflow.task.hooks.airflow.providers.standard.hooks.subprocess.SubprocessHook","filename":"subprocess.py","lineno":99}
{"timestamp":"2026-06-02T16:12:35.822920Z","level":"info","event":"26/06/02 16:12:35 INFO SparkContext: Created broadcast 4 from broadcast at DAGScheduler.scala:1611","logger":"airflow.task.hooks.airflow.providers.standard.hooks.subprocess.SubprocessHook","filename":"subprocess.py","lineno":99}
{"timestamp":"2026-06-02T16:12:35.825068Z","level":"info","event":"26/06/02 16:12:35 INFO DAGScheduler: Submitting 1 missing tasks from ResultStage 3 (MapPartitionsRDD[10] at $anonfun$recordDeltaOperationInternal$1 at DatabricksLogging.scala:128) (first 15 tasks are for partitions Vector(0))","logger":"airflow.task.hooks.airflow.providers.standard.hooks.subprocess.SubprocessHook","filename":"subprocess.py","lineno":99}
{"timestamp":"2026-06-02T16:12:35.825245Z","level":"info","event":"26/06/02 16:12:35 INFO TaskSchedulerImpl: Adding task set 3.0 with 1 tasks resource profile 0","logger":"airflow.task.hooks.airflow.providers.standard.hooks.subprocess.SubprocessHook","filename":"subprocess.py","lineno":99}
{"timestamp":"2026-06-02T16:12:35.830654Z","level":"info","event":"26/06/02 16:12:35 INFO TaskSetManager: Starting task 0.0 in stage 3.0 (TID 16) (ac0ccb30c6a7, executor driver, partition 0, PROCESS_LOCAL, 9673 bytes)","logger":"airflow.task.hooks.airflow.providers.standard.hooks.subprocess.SubprocessHook","filename":"subprocess.py","lineno":99}
{"timestamp":"2026-06-02T16:12:35.831135Z","level":"info","event":"26/06/02 16:12:35 INFO Executor: Running task 0.0 in stage 3.0 (TID 16)","logger":"airflow.task.hooks.airflow.providers.standard.hooks.subprocess.SubprocessHook","filename":"subprocess.py","lineno":99}
{"timestamp":"2026-06-02T16:12:35.923899Z","level":"info","event":"26/06/02 16:12:35 INFO CodeGenerator: Code generated in 37.839241 ms","logger":"airflow.task.hooks.airflow.providers.standard.hooks.subprocess.SubprocessHook","filename":"subprocess.py","lineno":99}
{"timestamp":"2026-06-02T16:12:35.925627Z","level":"info","event":"26/06/02 16:12:35 INFO FileScanRDD: Reading File path: s3a://silver/investment/_delta_log/00000000000000000000.json, range: 0-1111, partition values: [0]","logger":"airflow.task.hooks.airflow.providers.standard.hooks.subprocess.SubprocessHook","filename":"subprocess.py","lineno":99}
{"timestamp":"2026-06-02T16:12:35.961758Z","level":"info","event":"26/06/02 16:12:35 INFO CodeGenerator: Code generated in 22.092387 ms","logger":"airflow.task.hooks.airflow.providers.standard.hooks.subprocess.SubprocessHook","filename":"subprocess.py","lineno":99}
{"timestamp":"2026-06-02T16:12:36.078261Z","level":"info","event":"26/06/02 16:12:36 INFO Executor: Finished task 0.0 in stage 3.0 (TID 16). 2038 bytes result sent to driver","logger":"airflow.task.hooks.airflow.providers.standard.hooks.subprocess.SubprocessHook","filename":"subprocess.py","lineno":99}
{"timestamp":"2026-06-02T16:12:36.079922Z","level":"info","event":"26/06/02 16:12:36 INFO TaskSetManager: Finished task 0.0 in stage 3.0 (TID 16) in 253 ms on ac0ccb30c6a7 (executor driver) (1/1)","logger":"airflow.task.hooks.airflow.providers.standard.hooks.subprocess.SubprocessHook","filename":"subprocess.py","lineno":99}
{"timestamp":"2026-06-02T16:12:36.080129Z","level":"info","event":"26/06/02 16:12:36 INFO TaskSchedulerImpl: Removed TaskSet 3.0, whose tasks have all completed, from pool","logger":"airflow.task.hooks.airflow.providers.standard.hooks.subprocess.SubprocessHook","filename":"subprocess.py","lineno":99}
{"timestamp":"2026-06-02T16:12:36.080801Z","level":"info","event":"26/06/02 16:12:36 INFO DAGScheduler: ResultStage 3 ($anonfun$recordDeltaOperationInternal$1 at DatabricksLogging.scala:128) finished in 0.270 s","logger":"airflow.task.hooks.airflow.providers.standard.hooks.subprocess.SubprocessHook","filename":"subprocess.py","lineno":99}
{"timestamp":"2026-06-02T16:12:36.080946Z","level":"info","event":"26/06/02 16:12:36 INFO DAGScheduler: Job 3 is finished. Cancelling potential speculative or zombie tasks for this job","logger":"airflow.task.hooks.airflow.providers.standard.hooks.subprocess.SubprocessHook","filename":"subprocess.py","lineno":99}
{"timestamp":"2026-06-02T16:12:36.080996Z","level":"info","event":"26/06/02 16:12:36 INFO TaskSchedulerImpl: Killing all running tasks in stage 3: Stage finished","logger":"airflow.task.hooks.airflow.providers.standard.hooks.subprocess.SubprocessHook","filename":"subprocess.py","lineno":99}
{"timestamp":"2026-06-02T16:12:36.081563Z","level":"info","event":"26/06/02 16:12:36 INFO DAGScheduler: Job 3 finished: $anonfun$recordDeltaOperationInternal$1 at DatabricksLogging.scala:128, took 0.276364 s","logger":"airflow.task.hooks.airflow.providers.standard.hooks.subprocess.SubprocessHook","filename":"subprocess.py","lineno":99}
{"timestamp":"2026-06-02T16:12:36.141941Z","level":"info","event":"26/06/02 16:12:36 INFO CodeGenerator: Code generated in 27.937226 ms","logger":"airflow.task.hooks.airflow.providers.standard.hooks.subprocess.SubprocessHook","filename":"subprocess.py","lineno":99}
{"timestamp":"2026-06-02T16:12:36.218015Z","level":"info","event":"26/06/02 16:12:36 INFO Snapshot: [tableId=7bc98e3d-e93e-4bf0-9199-282b6c897d00] Created snapshot Snapshot(path=s3a://silver/investment/_delta_log, version=0, metadata=Metadata(7c8d3137-9007-4ba2-9535-5d9686faa1ad,null,null,Format(parquet,Map()),{\"type\":\"struct\",\"fields\":[{\"name\":\"investment_name\",\"type\":\"string\",\"nullable\":true,\"metadata\":{}},{\"name\":\"value\",\"type\":\"double\",\"nullable\":true,\"metadata\":{}},{\"name\":\"unit\",\"type\":\"string\",\"nullable\":true,\"metadata\":{}},{\"name\":\"quarter\",\"type\":\"integer\",\"nullable\":true,\"metadata\":{}},{\"name\":\"year\",\"type\":\"integer\",\"nullable\":true,\"metadata\":{}},{\"name\":\"ingest_at\",\"type\":\"timestamp\",\"nullable\":true,\"metadata\":{}}]},List(),Map(),Some(1780409953966)), logSegment=LogSegment(s3a://silver/investment/_delta_log,0,WrappedArray(S3AFileStatus{path=s3a://silver/investment/_delta_log/00000000000000000000.json; isDirectory=false; length=1111; replication=1; blocksize=33554432; modification_time=1780409954037; access_time=0; owner=spark; group=spark; permission=rw-rw-rw-; isSymlink=false; hasAcl=false; isEncrypted=true; isErasureCoded=false} isEmptyDirectory=FALSE eTag=53e6adffc19ce91da1b6b34eaa5ee401 versionId=null),org.apache.spark.sql.delta.EmptyCheckpointProvider$@4cd44115,1780409954037), checksumOpt=None)","logger":"airflow.task.hooks.airflow.providers.standard.hooks.subprocess.SubprocessHook","filename":"subprocess.py","lineno":99}
{"timestamp":"2026-06-02T16:12:36.230694Z","level":"info","event":"26/06/02 16:12:36 INFO DeltaLog: Updated snapshot to Snapshot(path=s3a://silver/investment/_delta_log, version=0, metadata=Metadata(7c8d3137-9007-4ba2-9535-5d9686faa1ad,null,null,Format(parquet,Map()),{\"type\":\"struct\",\"fields\":[{\"name\":\"investment_name\",\"type\":\"string\",\"nullable\":true,\"metadata\":{}},{\"name\":\"value\",\"type\":\"double\",\"nullable\":true,\"metadata\":{}},{\"name\":\"unit\",\"type\":\"string\",\"nullable\":true,\"metadata\":{}},{\"name\":\"quarter\",\"type\":\"integer\",\"nullable\":true,\"metadata\":{}},{\"name\":\"year\",\"type\":\"integer\",\"nullable\":true,\"metadata\":{}},{\"name\":\"ingest_at\",\"type\":\"timestamp\",\"nullable\":true,\"metadata\":{}}]},List(),Map(),Some(1780409953966)), logSegment=LogSegment(s3a://silver/investment/_delta_log,0,WrappedArray(S3AFileStatus{path=s3a://silver/investment/_delta_log/00000000000000000000.json; isDirectory=false; length=1111; replication=1; blocksize=33554432; modification_time=1780409954037; access_time=0; owner=spark; group=spark; permission=rw-rw-rw-; isSymlink=false; hasAcl=false; isEncrypted=true; isErasureCoded=false} isEmptyDirectory=FALSE eTag=53e6adffc19ce91da1b6b34eaa5ee401 versionId=null),org.apache.spark.sql.delta.EmptyCheckpointProvider$@4cd44115,1780409954037), checksumOpt=None)","logger":"airflow.task.hooks.airflow.providers.standard.hooks.subprocess.SubprocessHook","filename":"subprocess.py","lineno":99}
{"timestamp":"2026-06-02T16:12:36.586467Z","level":"info","event":"26/06/02 16:12:36 INFO ParquetUtils: Using default output committer for Parquet: org.apache.parquet.hadoop.ParquetOutputCommitter","logger":"airflow.task.hooks.airflow.providers.standard.hooks.subprocess.SubprocessHook","filename":"subprocess.py","lineno":99}
{"timestamp":"2026-06-02T16:12:36.621969Z","level":"info","event":"26/06/02 16:12:36 INFO CodeGenerator: Code generated in 5.696362 ms","logger":"airflow.task.hooks.airflow.providers.standard.hooks.subprocess.SubprocessHook","filename":"subprocess.py","lineno":99}
{"timestamp":"2026-06-02T16:12:36.636043Z","level":"info","event":"26/06/02 16:12:36 INFO BlockManagerInfo: Removed broadcast_3_piece0 on ac0ccb30c6a7:46873 in memory (size: 34.9 KiB, free: 434.4 MiB)","logger":"airflow.task.hooks.airflow.providers.standard.hooks.subprocess.SubprocessHook","filename":"subprocess.py","lineno":99}
{"timestamp":"2026-06-02T16:12:36.643099Z","level":"info","event":"26/06/02 16:12:36 INFO BlockManagerInfo: Removed broadcast_4_piece0 on ac0ccb30c6a7:46873 in memory (size: 17.1 KiB, free: 434.4 MiB)","logger":"airflow.task.hooks.airflow.providers.standard.hooks.subprocess.SubprocessHook","filename":"subprocess.py","lineno":99}
{"timestamp":"2026-06-02T16:12:36.709999Z","level":"info","event":"26/06/02 16:12:36 INFO SparkContext: Starting job: saveAsTable at NativeMethodAccessorImpl.java:0","logger":"airflow.task.hooks.airflow.providers.standard.hooks.subprocess.SubprocessHook","filename":"subprocess.py","lineno":99}
{"timestamp":"2026-06-02T16:12:36.710824Z","level":"info","event":"26/06/02 16:12:36 INFO DAGScheduler: Got job 4 (saveAsTable at NativeMethodAccessorImpl.java:0) with 16 output partitions","logger":"airflow.task.hooks.airflow.providers.standard.hooks.subprocess.SubprocessHook","filename":"subprocess.py","lineno":99}
{"timestamp":"2026-06-02T16:12:36.710935Z","level":"info","event":"26/06/02 16:12:36 INFO DAGScheduler: Final stage: ResultStage 4 (saveAsTable at NativeMethodAccessorImpl.java:0)","logger":"airflow.task.hooks.airflow.providers.standard.hooks.subprocess.SubprocessHook","filename":"subprocess.py","lineno":99}
{"timestamp":"2026-06-02T16:12:36.710965Z","level":"info","event":"26/06/02 16:12:36 INFO DAGScheduler: Parents of final stage: List()","logger":"airflow.task.hooks.airflow.providers.standard.hooks.subprocess.SubprocessHook","filename":"subprocess.py","lineno":99}
{"timestamp":"2026-06-02T16:12:36.712052Z","level":"info","event":"26/06/02 16:12:36 INFO DAGScheduler: Missing parents: List()","logger":"airflow.task.hooks.airflow.providers.standard.hooks.subprocess.SubprocessHook","filename":"subprocess.py","lineno":99}
{"timestamp":"2026-06-02T16:12:36.713595Z","level":"info","event":"26/06/02 16:12:36 INFO DAGScheduler: Submitting ResultStage 4 (MapPartitionsRDD[11] at saveAsTable at NativeMethodAccessorImpl.java:0), which has no missing parents","logger":"airflow.task.hooks.airflow.providers.standard.hooks.subprocess.SubprocessHook","filename":"subprocess.py","lineno":99}
{"timestamp":"2026-06-02T16:12:36.735858Z","level":"info","event":"26/06/02 16:12:36 INFO MemoryStore: Block broadcast_5 stored as values in memory (estimated size 340.0 KiB, free 434.1 MiB)","logger":"airflow.task.hooks.airflow.providers.standard.hooks.subprocess.SubprocessHook","filename":"subprocess.py","lineno":99}
{"timestamp":"2026-06-02T16:12:36.745174Z","level":"info","event":"26/06/02 16:12:36 INFO MemoryStore: Block broadcast_5_piece0 stored as bytes in memory (estimated size 124.1 KiB, free 433.9 MiB)","logger":"airflow.task.hooks.airflow.providers.standard.hooks.subprocess.SubprocessHook","filename":"subprocess.py","lineno":99}
{"timestamp":"2026-06-02T16:12:36.746899Z","level":"info","event":"26/06/02 16:12:36 INFO BlockManagerInfo: Added broadcast_5_piece0 in memory on ac0ccb30c6a7:46873 (size: 124.1 KiB, free: 434.3 MiB)","logger":"airflow.task.hooks.airflow.providers.standard.hooks.subprocess.SubprocessHook","filename":"subprocess.py","lineno":99}
{"timestamp":"2026-06-02T16:12:36.747572Z","level":"info","event":"26/06/02 16:12:36 INFO SparkContext: Created broadcast 5 from broadcast at DAGScheduler.scala:1611","logger":"airflow.task.hooks.airflow.providers.standard.hooks.subprocess.SubprocessHook","filename":"subprocess.py","lineno":99}
{"timestamp":"2026-06-02T16:12:36.749426Z","level":"info","event":"26/06/02 16:12:36 INFO DAGScheduler: Submitting 16 missing tasks from ResultStage 4 (MapPartitionsRDD[11] at saveAsTable at NativeMethodAccessorImpl.java:0) (first 15 tasks are for partitions Vector(0, 1, 2, 3, 4, 5, 6, 7, 8, 9, 10, 11, 12, 13, 14))","logger":"airflow.task.hooks.airflow.providers.standard.hooks.subprocess.SubprocessHook","filename":"subprocess.py","lineno":99}
{"timestamp":"2026-06-02T16:12:36.749662Z","level":"info","event":"26/06/02 16:12:36 INFO TaskSchedulerImpl: Adding task set 4.0 with 16 tasks resource profile 0","logger":"airflow.task.hooks.airflow.providers.standard.hooks.subprocess.SubprocessHook","filename":"subprocess.py","lineno":99}
{"timestamp":"2026-06-02T16:12:36.752073Z","level":"info","event":"26/06/02 16:12:36 INFO TaskSetManager: Starting task 0.0 in stage 4.0 (TID 17) (ac0ccb30c6a7, executor driver, partition 0, PROCESS_LOCAL, 8979 bytes)","logger":"airflow.task.hooks.airflow.providers.standard.hooks.subprocess.SubprocessHook","filename":"subprocess.py","lineno":99}
{"timestamp":"2026-06-02T16:12:36.752768Z","level":"info","event":"26/06/02 16:12:36 INFO TaskSetManager: Starting task 1.0 in stage 4.0 (TID 18) (ac0ccb30c6a7, executor driver, partition 1, PROCESS_LOCAL, 8979 bytes)","logger":"airflow.task.hooks.airflow.providers.standard.hooks.subprocess.SubprocessHook","filename":"subprocess.py","lineno":99}
{"timestamp":"2026-06-02T16:12:36.753035Z","level":"info","event":"26/06/02 16:12:36 INFO TaskSetManager: Starting task 2.0 in stage 4.0 (TID 19) (ac0ccb30c6a7, executor driver, partition 2, PROCESS_LOCAL, 8979 bytes)","logger":"airflow.task.hooks.airflow.providers.standard.hooks.subprocess.SubprocessHook","filename":"subprocess.py","lineno":99}
{"timestamp":"2026-06-02T16:12:36.753261Z","level":"info","event":"26/06/02 16:12:36 INFO TaskSetManager: Starting task 3.0 in stage 4.0 (TID 20) (ac0ccb30c6a7, executor driver, partition 3, PROCESS_LOCAL, 8979 bytes)","logger":"airflow.task.hooks.airflow.providers.standard.hooks.subprocess.SubprocessHook","filename":"subprocess.py","lineno":99}
{"timestamp":"2026-06-02T16:12:36.754227Z","level":"info","event":"26/06/02 16:12:36 INFO TaskSetManager: Starting task 4.0 in stage 4.0 (TID 21) (ac0ccb30c6a7, executor driver, partition 4, PROCESS_LOCAL, 8979 bytes)","logger":"airflow.task.hooks.airflow.providers.standard.hooks.subprocess.SubprocessHook","filename":"subprocess.py","lineno":99}
{"timestamp":"2026-06-02T16:12:36.754766Z","level":"info","event":"26/06/02 16:12:36 INFO TaskSetManager: Starting task 5.0 in stage 4.0 (TID 22) (ac0ccb30c6a7, executor driver, partition 5, PROCESS_LOCAL, 9100 bytes)","logger":"airflow.task.hooks.airflow.providers.standard.hooks.subprocess.SubprocessHook","filename":"subprocess.py","lineno":99}
{"timestamp":"2026-06-02T16:12:36.755249Z","level":"info","event":"26/06/02 16:12:36 INFO TaskSetManager: Starting task 6.0 in stage 4.0 (TID 23) (ac0ccb30c6a7, executor driver, partition 6, PROCESS_LOCAL, 8979 bytes)","logger":"airflow.task.hooks.airflow.providers.standard.hooks.subprocess.SubprocessHook","filename":"subprocess.py","lineno":99}
{"timestamp":"2026-06-02T16:12:36.755819Z","level":"info","event":"26/06/02 16:12:36 INFO TaskSetManager: Starting task 7.0 in stage 4.0 (TID 24) (ac0ccb30c6a7, executor driver, partition 7, PROCESS_LOCAL, 8979 bytes)","logger":"airflow.task.hooks.airflow.providers.standard.hooks.subprocess.SubprocessHook","filename":"subprocess.py","lineno":99}
{"timestamp":"2026-06-02T16:12:36.757523Z","level":"info","event":"26/06/02 16:12:36 INFO TaskSetManager: Starting task 8.0 in stage 4.0 (TID 25) (ac0ccb30c6a7, executor driver, partition 8, PROCESS_LOCAL, 8979 bytes)","logger":"airflow.task.hooks.airflow.providers.standard.hooks.subprocess.SubprocessHook","filename":"subprocess.py","lineno":99}
{"timestamp":"2026-06-02T16:12:36.758203Z","level":"info","event":"26/06/02 16:12:36 INFO TaskSetManager: Starting task 9.0 in stage 4.0 (TID 26) (ac0ccb30c6a7, executor driver, partition 9, PROCESS_LOCAL, 8979 bytes)","logger":"airflow.task.hooks.airflow.providers.standard.hooks.subprocess.SubprocessHook","filename":"subprocess.py","lineno":99}
{"timestamp":"2026-06-02T16:12:36.760435Z","level":"info","event":"26/06/02 16:12:36 INFO TaskSetManager: Starting task 10.0 in stage 4.0 (TID 27) (ac0ccb30c6a7, executor driver, partition 10, PROCESS_LOCAL, 9100 bytes)","logger":"airflow.task.hooks.airflow.providers.standard.hooks.subprocess.SubprocessHook","filename":"subprocess.py","lineno":99}
{"timestamp":"2026-06-02T16:12:36.761330Z","level":"info","event":"26/06/02 16:12:36 INFO TaskSetManager: Starting task 11.0 in stage 4.0 (TID 28) (ac0ccb30c6a7, executor driver, partition 11, PROCESS_LOCAL, 8979 bytes)","logger":"airflow.task.hooks.airflow.providers.standard.hooks.subprocess.SubprocessHook","filename":"subprocess.py","lineno":99}
{"timestamp":"2026-06-02T16:12:36.763532Z","level":"info","event":"26/06/02 16:12:36 INFO TaskSetManager: Starting task 12.0 in stage 4.0 (TID 29) (ac0ccb30c6a7, executor driver, partition 12, PROCESS_LOCAL, 8979 bytes)","logger":"airflow.task.hooks.airflow.providers.standard.hooks.subprocess.SubprocessHook","filename":"subprocess.py","lineno":99}
{"timestamp":"2026-06-02T16:12:36.763869Z","level":"info","event":"26/06/02 16:12:36 INFO TaskSetManager: Starting task 13.0 in stage 4.0 (TID 30) (ac0ccb30c6a7, executor driver, partition 13, PROCESS_LOCAL, 8979 bytes)","logger":"airflow.task.hooks.airflow.providers.standard.hooks.subprocess.SubprocessHook","filename":"subprocess.py","lineno":99}
{"timestamp":"2026-06-02T16:12:36.765185Z","level":"info","event":"26/06/02 16:12:36 INFO TaskSetManager: Starting task 14.0 in stage 4.0 (TID 31) (ac0ccb30c6a7, executor driver, partition 14, PROCESS_LOCAL, 8979 bytes)","logger":"airflow.task.hooks.airflow.providers.standard.hooks.subprocess.SubprocessHook","filename":"subprocess.py","lineno":99}
{"timestamp":"2026-06-02T16:12:36.766622Z","level":"info","event":"26/06/02 16:12:36 INFO TaskSetManager: Starting task 15.0 in stage 4.0 (TID 32) (ac0ccb30c6a7, executor driver, partition 15, PROCESS_LOCAL, 9078 bytes)","logger":"airflow.task.hooks.airflow.providers.standard.hooks.subprocess.SubprocessHook","filename":"subprocess.py","lineno":99}
{"timestamp":"2026-06-02T16:12:36.767507Z","level":"info","event":"26/06/02 16:12:36 INFO Executor: Running task 2.0 in stage 4.0 (TID 19)","logger":"airflow.task.hooks.airflow.providers.standard.hooks.subprocess.SubprocessHook","filename":"subprocess.py","lineno":99}
{"timestamp":"2026-06-02T16:12:36.767786Z","level":"info","event":"26/06/02 16:12:36 INFO Executor: Running task 9.0 in stage 4.0 (TID 26)","logger":"airflow.task.hooks.airflow.providers.standard.hooks.subprocess.SubprocessHook","filename":"subprocess.py","lineno":99}
{"timestamp":"2026-06-02T16:12:36.767898Z","level":"info","event":"26/06/02 16:12:36 INFO Executor: Running task 8.0 in stage 4.0 (TID 25)","logger":"airflow.task.hooks.airflow.providers.standard.hooks.subprocess.SubprocessHook","filename":"subprocess.py","lineno":99}
{"timestamp":"2026-06-02T16:12:36.767979Z","level":"info","event":"26/06/02 16:12:36 INFO Executor: Running task 7.0 in stage 4.0 (TID 24)","logger":"airflow.task.hooks.airflow.providers.standard.hooks.subprocess.SubprocessHook","filename":"subprocess.py","lineno":99}
{"timestamp":"2026-06-02T16:12:36.768047Z","level":"info","event":"26/06/02 16:12:36 INFO Executor: Running task 3.0 in stage 4.0 (TID 20)","logger":"airflow.task.hooks.airflow.providers.standard.hooks.subprocess.SubprocessHook","filename":"subprocess.py","lineno":99}
{"timestamp":"2026-06-02T16:12:36.768112Z","level":"info","event":"26/06/02 16:12:36 INFO Executor: Running task 4.0 in stage 4.0 (TID 21)","logger":"airflow.task.hooks.airflow.providers.standard.hooks.subprocess.SubprocessHook","filename":"subprocess.py","lineno":99}
{"timestamp":"2026-06-02T16:12:36.768177Z","level":"info","event":"26/06/02 16:12:36 INFO Executor: Running task 1.0 in stage 4.0 (TID 18)","logger":"airflow.task.hooks.airflow.providers.standard.hooks.subprocess.SubprocessHook","filename":"subprocess.py","lineno":99}
{"timestamp":"2026-06-02T16:12:36.769016Z","level":"info","event":"26/06/02 16:12:36 INFO Executor: Running task 6.0 in stage 4.0 (TID 23)","logger":"airflow.task.hooks.airflow.providers.standard.hooks.subprocess.SubprocessHook","filename":"subprocess.py","lineno":99}
{"timestamp":"2026-06-02T16:12:36.769272Z","level":"info","event":"26/06/02 16:12:36 INFO Executor: Running task 10.0 in stage 4.0 (TID 27)","logger":"airflow.task.hooks.airflow.providers.standard.hooks.subprocess.SubprocessHook","filename":"subprocess.py","lineno":99}
{"timestamp":"2026-06-02T16:12:36.773600Z","level":"info","event":"26/06/02 16:12:36 INFO Executor: Running task 5.0 in stage 4.0 (TID 22)","logger":"airflow.task.hooks.airflow.providers.standard.hooks.subprocess.SubprocessHook","filename":"subprocess.py","lineno":99}
{"timestamp":"2026-06-02T16:12:36.773771Z","level":"info","event":"26/06/02 16:12:36 INFO Executor: Running task 0.0 in stage 4.0 (TID 17)","logger":"airflow.task.hooks.airflow.providers.standard.hooks.subprocess.SubprocessHook","filename":"subprocess.py","lineno":99}
{"timestamp":"2026-06-02T16:12:36.785185Z","level":"info","event":"26/06/02 16:12:36 INFO Executor: Running task 12.0 in stage 4.0 (TID 29)","logger":"airflow.task.hooks.airflow.providers.standard.hooks.subprocess.SubprocessHook","filename":"subprocess.py","lineno":99}
{"timestamp":"2026-06-02T16:12:36.785524Z","level":"info","event":"26/06/02 16:12:36 INFO Executor: Running task 11.0 in stage 4.0 (TID 28)","logger":"airflow.task.hooks.airflow.providers.standard.hooks.subprocess.SubprocessHook","filename":"subprocess.py","lineno":99}
{"timestamp":"2026-06-02T16:12:36.791943Z","level":"info","event":"26/06/02 16:12:36 INFO Executor: Running task 13.0 in stage 4.0 (TID 30)","logger":"airflow.task.hooks.airflow.providers.standard.hooks.subprocess.SubprocessHook","filename":"subprocess.py","lineno":99}
{"timestamp":"2026-06-02T16:12:36.792220Z","level":"info","event":"26/06/02 16:12:36 INFO Executor: Running task 14.0 in stage 4.0 (TID 31)","logger":"airflow.task.hooks.airflow.providers.standard.hooks.subprocess.SubprocessHook","filename":"subprocess.py","lineno":99}
{"timestamp":"2026-06-02T16:12:36.794724Z","level":"info","event":"26/06/02 16:12:36 INFO Executor: Running task 15.0 in stage 4.0 (TID 32)","logger":"airflow.task.hooks.airflow.providers.standard.hooks.subprocess.SubprocessHook","filename":"subprocess.py","lineno":99}
{"timestamp":"2026-06-02T16:12:37.041814Z","level":"info","event":"26/06/02 16:12:37 INFO CodeGenerator: Code generated in 21.748218 ms","logger":"airflow.task.hooks.airflow.providers.standard.hooks.subprocess.SubprocessHook","filename":"subprocess.py","lineno":99}
{"timestamp":"2026-06-02T16:12:37.146506Z","level":"info","event":"26/06/02 16:12:37 INFO PythonRunner: Times: total = 124, boot = -3905, init = 4029, finish = 0","logger":"airflow.task.hooks.airflow.providers.standard.hooks.subprocess.SubprocessHook","filename":"subprocess.py","lineno":99}
{"timestamp":"2026-06-02T16:12:37.147020Z","level":"info","event":"26/06/02 16:12:37 INFO PythonRunner: Times: total = 133, boot = -3998, init = 4131, finish = 0","logger":"airflow.task.hooks.airflow.providers.standard.hooks.subprocess.SubprocessHook","filename":"subprocess.py","lineno":99}
{"timestamp":"2026-06-02T16:12:37.147468Z","level":"info","event":"26/06/02 16:12:37 INFO PythonRunner: Times: total = 120, boot = -4010, init = 4130, finish = 0","logger":"airflow.task.hooks.airflow.providers.standard.hooks.subprocess.SubprocessHook","filename":"subprocess.py","lineno":99}
{"timestamp":"2026-06-02T16:12:37.148258Z","level":"info","event":"26/06/02 16:12:37 INFO PythonRunner: Times: total = 122, boot = -4023, init = 4145, finish = 0","logger":"airflow.task.hooks.airflow.providers.standard.hooks.subprocess.SubprocessHook","filename":"subprocess.py","lineno":99}
{"timestamp":"2026-06-02T16:12:37.161742Z","level":"info","event":"26/06/02 16:12:37 INFO PythonRunner: Times: total = 121, boot = -3915, init = 4036, finish = 0","logger":"airflow.task.hooks.airflow.providers.standard.hooks.subprocess.SubprocessHook","filename":"subprocess.py","lineno":99}
{"timestamp":"2026-06-02T16:12:37.162006Z","level":"info","event":"26/06/02 16:12:37 INFO PythonRunner: Times: total = 141, boot = -3874, init = 4015, finish = 0","logger":"airflow.task.hooks.airflow.providers.standard.hooks.subprocess.SubprocessHook","filename":"subprocess.py","lineno":99}
{"timestamp":"2026-06-02T16:12:37.171252Z","level":"info","event":"26/06/02 16:12:37 INFO PythonRunner: Times: total = 159, boot = -3894, init = 4052, finish = 1","logger":"airflow.task.hooks.airflow.providers.standard.hooks.subprocess.SubprocessHook","filename":"subprocess.py","lineno":99}
{"timestamp":"2026-06-02T16:12:37.173762Z","level":"info","event":"26/06/02 16:12:37 INFO PythonRunner: Times: total = 159, boot = -3850, init = 4009, finish = 0","logger":"airflow.task.hooks.airflow.providers.standard.hooks.subprocess.SubprocessHook","filename":"subprocess.py","lineno":99}
{"timestamp":"2026-06-02T16:12:37.180026Z","level":"info","event":"26/06/02 16:12:37 INFO PythonRunner: Times: total = 168, boot = -4019, init = 4187, finish = 0","logger":"airflow.task.hooks.airflow.providers.standard.hooks.subprocess.SubprocessHook","filename":"subprocess.py","lineno":99}
{"timestamp":"2026-06-02T16:12:37.233592Z","level":"info","event":"26/06/02 16:12:37 INFO CodeGenerator: Code generated in 15.395255 ms","logger":"airflow.task.hooks.airflow.providers.standard.hooks.subprocess.SubprocessHook","filename":"subprocess.py","lineno":99}
{"timestamp":"2026-06-02T16:12:37.321651Z","level":"info","event":"26/06/02 16:12:37 INFO PythonRunner: Times: total = 302, boot = 7, init = 295, finish = 0","logger":"airflow.task.hooks.airflow.providers.standard.hooks.subprocess.SubprocessHook","filename":"subprocess.py","lineno":99}
{"timestamp":"2026-06-02T16:12:37.321901Z","level":"info","event":"26/06/02 16:12:37 INFO PythonRunner: Times: total = 310, boot = 33, init = 277, finish = 0","logger":"airflow.task.hooks.airflow.providers.standard.hooks.subprocess.SubprocessHook","filename":"subprocess.py","lineno":99}
{"timestamp":"2026-06-02T16:12:37.337417Z","level":"info","event":"26/06/02 16:12:37 INFO PythonRunner: Times: total = 320, boot = 47, init = 273, finish = 0","logger":"airflow.task.hooks.airflow.providers.standard.hooks.subprocess.SubprocessHook","filename":"subprocess.py","lineno":99}
{"timestamp":"2026-06-02T16:12:37.383526Z","level":"info","event":"26/06/02 16:12:37 INFO CodeGenerator: Code generated in 45.283432 ms","logger":"airflow.task.hooks.airflow.providers.standard.hooks.subprocess.SubprocessHook","filename":"subprocess.py","lineno":99}
{"timestamp":"2026-06-02T16:12:37.426718Z","level":"info","event":"26/06/02 16:12:37 INFO CodeGenerator: Code generated in 24.839713 ms","logger":"airflow.task.hooks.airflow.providers.standard.hooks.subprocess.SubprocessHook","filename":"subprocess.py","lineno":99}
{"timestamp":"2026-06-02T16:12:37.438069Z","level":"info","event":"26/06/02 16:12:37 INFO CodecConfig: Compression: SNAPPY","logger":"airflow.task.hooks.airflow.providers.standard.hooks.subprocess.SubprocessHook","filename":"subprocess.py","lineno":99}
{"timestamp":"2026-06-02T16:12:37.439321Z","level":"info","event":"26/06/02 16:12:37 INFO CodecConfig: Compression: SNAPPY","logger":"airflow.task.hooks.airflow.providers.standard.hooks.subprocess.SubprocessHook","filename":"subprocess.py","lineno":99}
{"timestamp":"2026-06-02T16:12:37.439466Z","level":"info","event":"26/06/02 16:12:37 INFO CodecConfig: Compression: SNAPPY","logger":"airflow.task.hooks.airflow.providers.standard.hooks.subprocess.SubprocessHook","filename":"subprocess.py","lineno":99}
{"timestamp":"2026-06-02T16:12:37.442643Z","level":"info","event":"26/06/02 16:12:37 INFO CodecConfig: Compression: SNAPPY","logger":"airflow.task.hooks.airflow.providers.standard.hooks.subprocess.SubprocessHook","filename":"subprocess.py","lineno":99}
{"timestamp":"2026-06-02T16:12:37.447705Z","level":"info","event":"26/06/02 16:12:37 INFO CodecConfig: Compression: SNAPPY","logger":"airflow.task.hooks.airflow.providers.standard.hooks.subprocess.SubprocessHook","filename":"subprocess.py","lineno":99}
{"timestamp":"2026-06-02T16:12:37.447878Z","level":"info","event":"26/06/02 16:12:37 INFO CodecConfig: Compression: SNAPPY","logger":"airflow.task.hooks.airflow.providers.standard.hooks.subprocess.SubprocessHook","filename":"subprocess.py","lineno":99}
{"timestamp":"2026-06-02T16:12:37.447912Z","level":"info","event":"26/06/02 16:12:37 INFO CodecConfig: Compression: SNAPPY","logger":"airflow.task.hooks.airflow.providers.standard.hooks.subprocess.SubprocessHook","filename":"subprocess.py","lineno":99}
{"timestamp":"2026-06-02T16:12:37.448416Z","level":"info","event":"26/06/02 16:12:37 INFO Executor: Finished task 12.0 in stage 4.0 (TID 29). 2945 bytes result sent to driver","logger":"airflow.task.hooks.airflow.providers.standard.hooks.subprocess.SubprocessHook","filename":"subprocess.py","lineno":99}
{"timestamp":"2026-06-02T16:12:37.448521Z","level":"info","event":"26/06/02 16:12:37 INFO Executor: Finished task 1.0 in stage 4.0 (TID 18). 2945 bytes result sent to driver","logger":"airflow.task.hooks.airflow.providers.standard.hooks.subprocess.SubprocessHook","filename":"subprocess.py","lineno":99}
{"timestamp":"2026-06-02T16:12:37.448552Z","level":"info","event":"26/06/02 16:12:37 INFO Executor: Finished task 7.0 in stage 4.0 (TID 24). 2945 bytes result sent to driver","logger":"airflow.task.hooks.airflow.providers.standard.hooks.subprocess.SubprocessHook","filename":"subprocess.py","lineno":99}
{"timestamp":"2026-06-02T16:12:37.448577Z","level":"info","event":"26/06/02 16:12:37 INFO Executor: Finished task 8.0 in stage 4.0 (TID 25). 2945 bytes result sent to driver","logger":"airflow.task.hooks.airflow.providers.standard.hooks.subprocess.SubprocessHook","filename":"subprocess.py","lineno":99}
{"timestamp":"2026-06-02T16:12:37.452418Z","level":"info","event":"26/06/02 16:12:37 INFO Executor: Finished task 2.0 in stage 4.0 (TID 19). 2945 bytes result sent to driver","logger":"airflow.task.hooks.airflow.providers.standard.hooks.subprocess.SubprocessHook","filename":"subprocess.py","lineno":99}
{"timestamp":"2026-06-02T16:12:37.452745Z","level":"info","event":"26/06/02 16:12:37 INFO CodecConfig: Compression: SNAPPY","logger":"airflow.task.hooks.airflow.providers.standard.hooks.subprocess.SubprocessHook","filename":"subprocess.py","lineno":99}
{"timestamp":"2026-06-02T16:12:37.453056Z","level":"info","event":"26/06/02 16:12:37 INFO Executor: Finished task 11.0 in stage 4.0 (TID 28). 2945 bytes result sent to driver","logger":"airflow.task.hooks.airflow.providers.standard.hooks.subprocess.SubprocessHook","filename":"subprocess.py","lineno":99}
{"timestamp":"2026-06-02T16:12:37.453127Z","level":"info","event":"26/06/02 16:12:37 INFO Executor: Finished task 14.0 in stage 4.0 (TID 31). 2945 bytes result sent to driver","logger":"airflow.task.hooks.airflow.providers.standard.hooks.subprocess.SubprocessHook","filename":"subprocess.py","lineno":99}
{"timestamp":"2026-06-02T16:12:37.453164Z","level":"info","event":"26/06/02 16:12:37 INFO Executor: Finished task 9.0 in stage 4.0 (TID 26). 2945 bytes result sent to driver","logger":"airflow.task.hooks.airflow.providers.standard.hooks.subprocess.SubprocessHook","filename":"subprocess.py","lineno":99}
{"timestamp":"2026-06-02T16:12:37.453186Z","level":"info","event":"26/06/02 16:12:37 INFO Executor: Finished task 6.0 in stage 4.0 (TID 23). 2945 bytes result sent to driver","logger":"airflow.task.hooks.airflow.providers.standard.hooks.subprocess.SubprocessHook","filename":"subprocess.py","lineno":99}
{"timestamp":"2026-06-02T16:12:37.453204Z","level":"info","event":"26/06/02 16:12:37 INFO Executor: Finished task 4.0 in stage 4.0 (TID 21). 2945 bytes result sent to driver","logger":"airflow.task.hooks.airflow.providers.standard.hooks.subprocess.SubprocessHook","filename":"subprocess.py","lineno":99}
{"timestamp":"2026-06-02T16:12:37.453908Z","level":"info","event":"26/06/02 16:12:37 INFO Executor: Finished task 3.0 in stage 4.0 (TID 20). 2945 bytes result sent to driver","logger":"airflow.task.hooks.airflow.providers.standard.hooks.subprocess.SubprocessHook","filename":"subprocess.py","lineno":99}
{"timestamp":"2026-06-02T16:12:37.454045Z","level":"info","event":"26/06/02 16:12:37 INFO Executor: Finished task 13.0 in stage 4.0 (TID 30). 2945 bytes result sent to driver","logger":"airflow.task.hooks.airflow.providers.standard.hooks.subprocess.SubprocessHook","filename":"subprocess.py","lineno":99}
{"timestamp":"2026-06-02T16:12:37.457701Z","level":"info","event":"26/06/02 16:12:37 INFO TaskSetManager: Finished task 12.0 in stage 4.0 (TID 29) in 696 ms on ac0ccb30c6a7 (executor driver) (1/16)","logger":"airflow.task.hooks.airflow.providers.standard.hooks.subprocess.SubprocessHook","filename":"subprocess.py","lineno":99}
{"timestamp":"2026-06-02T16:12:37.458333Z","level":"info","event":"26/06/02 16:12:37 INFO TaskSetManager: Finished task 1.0 in stage 4.0 (TID 18) in 706 ms on ac0ccb30c6a7 (executor driver) (2/16)","logger":"airflow.task.hooks.airflow.providers.standard.hooks.subprocess.SubprocessHook","filename":"subprocess.py","lineno":99}
{"timestamp":"2026-06-02T16:12:37.458640Z","level":"info","event":"26/06/02 16:12:37 INFO TaskSetManager: Finished task 7.0 in stage 4.0 (TID 24) in 704 ms on ac0ccb30c6a7 (executor driver) (3/16)","logger":"airflow.task.hooks.airflow.providers.standard.hooks.subprocess.SubprocessHook","filename":"subprocess.py","lineno":99}
{"timestamp":"2026-06-02T16:12:37.459326Z","level":"info","event":"26/06/02 16:12:37 INFO TaskSetManager: Finished task 8.0 in stage 4.0 (TID 25) in 703 ms on ac0ccb30c6a7 (executor driver) (4/16)","logger":"airflow.task.hooks.airflow.providers.standard.hooks.subprocess.SubprocessHook","filename":"subprocess.py","lineno":99}
{"timestamp":"2026-06-02T16:12:37.461174Z","level":"info","event":"26/06/02 16:12:37 INFO TaskSetManager: Finished task 2.0 in stage 4.0 (TID 19) in 708 ms on ac0ccb30c6a7 (executor driver) (5/16)","logger":"airflow.task.hooks.airflow.providers.standard.hooks.subprocess.SubprocessHook","filename":"subprocess.py","lineno":99}
{"timestamp":"2026-06-02T16:12:37.463177Z","level":"info","event":"26/06/02 16:12:37 INFO TaskSetManager: Finished task 11.0 in stage 4.0 (TID 28) in 703 ms on ac0ccb30c6a7 (executor driver) (6/16)","logger":"airflow.task.hooks.airflow.providers.standard.hooks.subprocess.SubprocessHook","filename":"subprocess.py","lineno":99}
{"timestamp":"2026-06-02T16:12:37.464283Z","level":"info","event":"26/06/02 16:12:37 INFO TaskSetManager: Finished task 14.0 in stage 4.0 (TID 31) in 699 ms on ac0ccb30c6a7 (executor driver) (7/16)","logger":"airflow.task.hooks.airflow.providers.standard.hooks.subprocess.SubprocessHook","filename":"subprocess.py","lineno":99}
{"timestamp":"2026-06-02T16:12:37.465084Z","level":"info","event":"26/06/02 16:12:37 INFO TaskSetManager: Finished task 6.0 in stage 4.0 (TID 23) in 710 ms on ac0ccb30c6a7 (executor driver) (8/16)","logger":"airflow.task.hooks.airflow.providers.standard.hooks.subprocess.SubprocessHook","filename":"subprocess.py","lineno":99}
{"timestamp":"2026-06-02T16:12:37.466400Z","level":"info","event":"26/06/02 16:12:37 INFO TaskSetManager: Finished task 4.0 in stage 4.0 (TID 21) in 711 ms on ac0ccb30c6a7 (executor driver) (9/16)","logger":"airflow.task.hooks.airflow.providers.standard.hooks.subprocess.SubprocessHook","filename":"subprocess.py","lineno":99}
{"timestamp":"2026-06-02T16:12:37.469317Z","level":"info","event":"26/06/02 16:12:37 INFO TaskSetManager: Finished task 9.0 in stage 4.0 (TID 26) in 712 ms on ac0ccb30c6a7 (executor driver) (10/16)","logger":"airflow.task.hooks.airflow.providers.standard.hooks.subprocess.SubprocessHook","filename":"subprocess.py","lineno":99}
{"timestamp":"2026-06-02T16:12:37.471486Z","level":"info","event":"26/06/02 16:12:37 INFO TaskSetManager: Finished task 3.0 in stage 4.0 (TID 20) in 717 ms on ac0ccb30c6a7 (executor driver) (11/16)","logger":"airflow.task.hooks.airflow.providers.standard.hooks.subprocess.SubprocessHook","filename":"subprocess.py","lineno":99}
{"timestamp":"2026-06-02T16:12:37.472096Z","level":"info","event":"26/06/02 16:12:37 INFO TaskSetManager: Finished task 13.0 in stage 4.0 (TID 30) in 708 ms on ac0ccb30c6a7 (executor driver) (12/16)","logger":"airflow.task.hooks.airflow.providers.standard.hooks.subprocess.SubprocessHook","filename":"subprocess.py","lineno":99}
{"timestamp":"2026-06-02T16:12:37.487488Z","level":"info","event":"26/06/02 16:12:37 INFO ParquetOutputFormat: ParquetRecordWriter [block size: 134217728b, row group padding size: 8388608b, validating: false]","logger":"airflow.task.hooks.airflow.providers.standard.hooks.subprocess.SubprocessHook","filename":"subprocess.py","lineno":99}
{"timestamp":"2026-06-02T16:12:37.487724Z","level":"info","event":"26/06/02 16:12:37 INFO ParquetOutputFormat: ParquetRecordWriter [block size: 134217728b, row group padding size: 8388608b, validating: false]","logger":"airflow.task.hooks.airflow.providers.standard.hooks.subprocess.SubprocessHook","filename":"subprocess.py","lineno":99}
{"timestamp":"2026-06-02T16:12:37.487793Z","level":"info","event":"26/06/02 16:12:37 INFO ParquetOutputFormat: ParquetRecordWriter [block size: 134217728b, row group padding size: 8388608b, validating: false]","logger":"airflow.task.hooks.airflow.providers.standard.hooks.subprocess.SubprocessHook","filename":"subprocess.py","lineno":99}
{"timestamp":"2026-06-02T16:12:37.487829Z","level":"info","event":"26/06/02 16:12:37 INFO ParquetOutputFormat: ParquetRecordWriter [block size: 134217728b, row group padding size: 8388608b, validating: false]","logger":"airflow.task.hooks.airflow.providers.standard.hooks.subprocess.SubprocessHook","filename":"subprocess.py","lineno":99}
{"timestamp":"2026-06-02T16:12:37.515658Z","level":"info","event":"26/06/02 16:12:37 INFO ParquetWriteSupport: Initialized Parquet WriteSupport with Catalyst schema:","logger":"airflow.task.hooks.airflow.providers.standard.hooks.subprocess.SubprocessHook","filename":"subprocess.py","lineno":99}
{"timestamp":"2026-06-02T16:12:37.515861Z","level":"info","event":"{","logger":"airflow.task.hooks.airflow.providers.standard.hooks.subprocess.SubprocessHook","filename":"subprocess.py","lineno":99}
{"timestamp":"2026-06-02T16:12:37.515945Z","level":"info","event":"  \"type\" : \"struct\",","logger":"airflow.task.hooks.airflow.providers.standard.hooks.subprocess.SubprocessHook","filename":"subprocess.py","lineno":99}
{"timestamp":"2026-06-02T16:12:37.516016Z","level":"info","event":"  \"fields\" : [ {","logger":"airflow.task.hooks.airflow.providers.standard.hooks.subprocess.SubprocessHook","filename":"subprocess.py","lineno":99}
{"timestamp":"2026-06-02T16:12:37.516082Z","level":"info","event":"    \"name\" : \"investment_name\",","logger":"airflow.task.hooks.airflow.providers.standard.hooks.subprocess.SubprocessHook","filename":"subprocess.py","lineno":99}
{"timestamp":"2026-06-02T16:12:37.516140Z","level":"info","event":"    \"type\" : \"string\",","logger":"airflow.task.hooks.airflow.providers.standard.hooks.subprocess.SubprocessHook","filename":"subprocess.py","lineno":99}
{"timestamp":"2026-06-02T16:12:37.516196Z","level":"info","event":"    \"nullable\" : true,","logger":"airflow.task.hooks.airflow.providers.standard.hooks.subprocess.SubprocessHook","filename":"subprocess.py","lineno":99}
{"timestamp":"2026-06-02T16:12:37.516251Z","level":"info","event":"    \"metadata\" : { }","logger":"airflow.task.hooks.airflow.providers.standard.hooks.subprocess.SubprocessHook","filename":"subprocess.py","lineno":99}
{"timestamp":"2026-06-02T16:12:37.516302Z","level":"info","event":"  }, {","logger":"airflow.task.hooks.airflow.providers.standard.hooks.subprocess.SubprocessHook","filename":"subprocess.py","lineno":99}
{"timestamp":"2026-06-02T16:12:37.516353Z","level":"info","event":"    \"name\" : \"value\",","logger":"airflow.task.hooks.airflow.providers.standard.hooks.subprocess.SubprocessHook","filename":"subprocess.py","lineno":99}
{"timestamp":"2026-06-02T16:12:37.516405Z","level":"info","event":"    \"type\" : \"double\",","logger":"airflow.task.hooks.airflow.providers.standard.hooks.subprocess.SubprocessHook","filename":"subprocess.py","lineno":99}
{"timestamp":"2026-06-02T16:12:37.516456Z","level":"info","event":"    \"nullable\" : true,","logger":"airflow.task.hooks.airflow.providers.standard.hooks.subprocess.SubprocessHook","filename":"subprocess.py","lineno":99}
{"timestamp":"2026-06-02T16:12:37.516507Z","level":"info","event":"    \"metadata\" : { }","logger":"airflow.task.hooks.airflow.providers.standard.hooks.subprocess.SubprocessHook","filename":"subprocess.py","lineno":99}
{"timestamp":"2026-06-02T16:12:37.516557Z","level":"info","event":"  }, {","logger":"airflow.task.hooks.airflow.providers.standard.hooks.subprocess.SubprocessHook","filename":"subprocess.py","lineno":99}
{"timestamp":"2026-06-02T16:12:37.516607Z","level":"info","event":"    \"name\" : \"unit\",","logger":"airflow.task.hooks.airflow.providers.standard.hooks.subprocess.SubprocessHook","filename":"subprocess.py","lineno":99}
{"timestamp":"2026-06-02T16:12:37.516658Z","level":"info","event":"    \"type\" : \"string\",","logger":"airflow.task.hooks.airflow.providers.standard.hooks.subprocess.SubprocessHook","filename":"subprocess.py","lineno":99}
{"timestamp":"2026-06-02T16:12:37.516708Z","level":"info","event":"    \"nullable\" : true,","logger":"airflow.task.hooks.airflow.providers.standard.hooks.subprocess.SubprocessHook","filename":"subprocess.py","lineno":99}
{"timestamp":"2026-06-02T16:12:37.516759Z","level":"info","event":"    \"metadata\" : { }","logger":"airflow.task.hooks.airflow.providers.standard.hooks.subprocess.SubprocessHook","filename":"subprocess.py","lineno":99}
{"timestamp":"2026-06-02T16:12:37.516810Z","level":"info","event":"  }, {","logger":"airflow.task.hooks.airflow.providers.standard.hooks.subprocess.SubprocessHook","filename":"subprocess.py","lineno":99}
{"timestamp":"2026-06-02T16:12:37.516862Z","level":"info","event":"    \"name\" : \"quarter\",","logger":"airflow.task.hooks.airflow.providers.standard.hooks.subprocess.SubprocessHook","filename":"subprocess.py","lineno":99}
{"timestamp":"2026-06-02T16:12:37.516914Z","level":"info","event":"    \"type\" : \"integer\",","logger":"airflow.task.hooks.airflow.providers.standard.hooks.subprocess.SubprocessHook","filename":"subprocess.py","lineno":99}
{"timestamp":"2026-06-02T16:12:37.516966Z","level":"info","event":"    \"nullable\" : true,","logger":"airflow.task.hooks.airflow.providers.standard.hooks.subprocess.SubprocessHook","filename":"subprocess.py","lineno":99}
{"timestamp":"2026-06-02T16:12:37.517017Z","level":"info","event":"    \"metadata\" : { }","logger":"airflow.task.hooks.airflow.providers.standard.hooks.subprocess.SubprocessHook","filename":"subprocess.py","lineno":99}
{"timestamp":"2026-06-02T16:12:37.517069Z","level":"info","event":"  }, {","logger":"airflow.task.hooks.airflow.providers.standard.hooks.subprocess.SubprocessHook","filename":"subprocess.py","lineno":99}
{"timestamp":"2026-06-02T16:12:37.517119Z","level":"info","event":"    \"name\" : \"year\",","logger":"airflow.task.hooks.airflow.providers.standard.hooks.subprocess.SubprocessHook","filename":"subprocess.py","lineno":99}
{"timestamp":"2026-06-02T16:12:37.517304Z","level":"info","event":"    \"type\" : \"integer\",","logger":"airflow.task.hooks.airflow.providers.standard.hooks.subprocess.SubprocessHook","filename":"subprocess.py","lineno":99}
{"timestamp":"2026-06-02T16:12:37.517500Z","level":"info","event":"    \"nullable\" : true,","logger":"airflow.task.hooks.airflow.providers.standard.hooks.subprocess.SubprocessHook","filename":"subprocess.py","lineno":99}
{"timestamp":"2026-06-02T16:12:37.517543Z","level":"info","event":"    \"metadata\" : { }","logger":"airflow.task.hooks.airflow.providers.standard.hooks.subprocess.SubprocessHook","filename":"subprocess.py","lineno":99}
{"timestamp":"2026-06-02T16:12:37.517569Z","level":"info","event":"  }, {","logger":"airflow.task.hooks.airflow.providers.standard.hooks.subprocess.SubprocessHook","filename":"subprocess.py","lineno":99}
{"timestamp":"2026-06-02T16:12:37.517590Z","level":"info","event":"    \"name\" : \"ingest_at\",","logger":"airflow.task.hooks.airflow.providers.standard.hooks.subprocess.SubprocessHook","filename":"subprocess.py","lineno":99}
{"timestamp":"2026-06-02T16:12:37.517609Z","level":"info","event":"    \"type\" : \"timestamp\",","logger":"airflow.task.hooks.airflow.providers.standard.hooks.subprocess.SubprocessHook","filename":"subprocess.py","lineno":99}
{"timestamp":"2026-06-02T16:12:37.517627Z","level":"info","event":"    \"nullable\" : true,","logger":"airflow.task.hooks.airflow.providers.standard.hooks.subprocess.SubprocessHook","filename":"subprocess.py","lineno":99}
{"timestamp":"2026-06-02T16:12:37.517645Z","level":"info","event":"    \"metadata\" : { }","logger":"airflow.task.hooks.airflow.providers.standard.hooks.subprocess.SubprocessHook","filename":"subprocess.py","lineno":99}
{"timestamp":"2026-06-02T16:12:37.517663Z","level":"info","event":"  } ]","logger":"airflow.task.hooks.airflow.providers.standard.hooks.subprocess.SubprocessHook","filename":"subprocess.py","lineno":99}
{"timestamp":"2026-06-02T16:12:37.517682Z","level":"info","event":"}","logger":"airflow.task.hooks.airflow.providers.standard.hooks.subprocess.SubprocessHook","filename":"subprocess.py","lineno":99}
{"timestamp":"2026-06-02T16:12:37.517703Z","level":"info","event":"and corresponding Parquet message type:","logger":"airflow.task.hooks.airflow.providers.standard.hooks.subprocess.SubprocessHook","filename":"subprocess.py","lineno":99}
{"timestamp":"2026-06-02T16:12:37.517721Z","level":"info","event":"message spark_schema {","logger":"airflow.task.hooks.airflow.providers.standard.hooks.subprocess.SubprocessHook","filename":"subprocess.py","lineno":99}
{"timestamp":"2026-06-02T16:12:37.517738Z","level":"info","event":"  optional binary investment_name (STRING);","logger":"airflow.task.hooks.airflow.providers.standard.hooks.subprocess.SubprocessHook","filename":"subprocess.py","lineno":99}
{"timestamp":"2026-06-02T16:12:37.517756Z","level":"info","event":"  optional double value;","logger":"airflow.task.hooks.airflow.providers.standard.hooks.subprocess.SubprocessHook","filename":"subprocess.py","lineno":99}
{"timestamp":"2026-06-02T16:12:37.517773Z","level":"info","event":"  optional binary unit (STRING);","logger":"airflow.task.hooks.airflow.providers.standard.hooks.subprocess.SubprocessHook","filename":"subprocess.py","lineno":99}
{"timestamp":"2026-06-02T16:12:37.517791Z","level":"info","event":"  optional int32 quarter;","logger":"airflow.task.hooks.airflow.providers.standard.hooks.subprocess.SubprocessHook","filename":"subprocess.py","lineno":99}
{"timestamp":"2026-06-02T16:12:37.517808Z","level":"info","event":"  optional int32 year;","logger":"airflow.task.hooks.airflow.providers.standard.hooks.subprocess.SubprocessHook","filename":"subprocess.py","lineno":99}
{"timestamp":"2026-06-02T16:12:37.517949Z","level":"info","event":"  optional int96 ingest_at;","logger":"airflow.task.hooks.airflow.providers.standard.hooks.subprocess.SubprocessHook","filename":"subprocess.py","lineno":99}
{"timestamp":"2026-06-02T16:12:37.518017Z","level":"info","event":"}","logger":"airflow.task.hooks.airflow.providers.standard.hooks.subprocess.SubprocessHook","filename":"subprocess.py","lineno":99}
{"timestamp":"2026-06-02T16:12:37.518074Z","level":"info","event":"","logger":"airflow.task.hooks.airflow.providers.standard.hooks.subprocess.SubprocessHook","filename":"subprocess.py","lineno":99}
{"timestamp":"2026-06-02T16:12:37.518128Z","level":"info","event":"","logger":"airflow.task.hooks.airflow.providers.standard.hooks.subprocess.SubprocessHook","filename":"subprocess.py","lineno":99}
{"timestamp":"2026-06-02T16:12:37.518163Z","level":"info","event":"26/06/02 16:12:37 INFO ParquetWriteSupport: Initialized Parquet WriteSupport with Catalyst schema:","logger":"airflow.task.hooks.airflow.providers.standard.hooks.subprocess.SubprocessHook","filename":"subprocess.py","lineno":99}
{"timestamp":"2026-06-02T16:12:37.518209Z","level":"info","event":"{","logger":"airflow.task.hooks.airflow.providers.standard.hooks.subprocess.SubprocessHook","filename":"subprocess.py","lineno":99}
{"timestamp":"2026-06-02T16:12:37.518260Z","level":"info","event":"  \"type\" : \"struct\",","logger":"airflow.task.hooks.airflow.providers.standard.hooks.subprocess.SubprocessHook","filename":"subprocess.py","lineno":99}
{"timestamp":"2026-06-02T16:12:37.518293Z","level":"info","event":"  \"fields\" : [ {","logger":"airflow.task.hooks.airflow.providers.standard.hooks.subprocess.SubprocessHook","filename":"subprocess.py","lineno":99}
{"timestamp":"2026-06-02T16:12:37.518314Z","level":"info","event":"    \"name\" : \"investment_name\",","logger":"airflow.task.hooks.airflow.providers.standard.hooks.subprocess.SubprocessHook","filename":"subprocess.py","lineno":99}
{"timestamp":"2026-06-02T16:12:37.518357Z","level":"info","event":"    \"type\" : \"string\",","logger":"airflow.task.hooks.airflow.providers.standard.hooks.subprocess.SubprocessHook","filename":"subprocess.py","lineno":99}
{"timestamp":"2026-06-02T16:12:37.518388Z","level":"info","event":"    \"nullable\" : true,","logger":"airflow.task.hooks.airflow.providers.standard.hooks.subprocess.SubprocessHook","filename":"subprocess.py","lineno":99}
{"timestamp":"2026-06-02T16:12:37.518409Z","level":"info","event":"    \"metadata\" : { }","logger":"airflow.task.hooks.airflow.providers.standard.hooks.subprocess.SubprocessHook","filename":"subprocess.py","lineno":99}
{"timestamp":"2026-06-02T16:12:37.518429Z","level":"info","event":"  }, {","logger":"airflow.task.hooks.airflow.providers.standard.hooks.subprocess.SubprocessHook","filename":"subprocess.py","lineno":99}
{"timestamp":"2026-06-02T16:12:37.518471Z","level":"info","event":"    \"name\" : \"value\",","logger":"airflow.task.hooks.airflow.providers.standard.hooks.subprocess.SubprocessHook","filename":"subprocess.py","lineno":99}
{"timestamp":"2026-06-02T16:12:37.518526Z","level":"info","event":"    \"type\" : \"double\",","logger":"airflow.task.hooks.airflow.providers.standard.hooks.subprocess.SubprocessHook","filename":"subprocess.py","lineno":99}
{"timestamp":"2026-06-02T16:12:37.518561Z","level":"info","event":"    \"nullable\" : true,","logger":"airflow.task.hooks.airflow.providers.standard.hooks.subprocess.SubprocessHook","filename":"subprocess.py","lineno":99}
{"timestamp":"2026-06-02T16:12:37.518585Z","level":"info","event":"    \"metadata\" : { }","logger":"airflow.task.hooks.airflow.providers.standard.hooks.subprocess.SubprocessHook","filename":"subprocess.py","lineno":99}
{"timestamp":"2026-06-02T16:12:37.518606Z","level":"info","event":"  }, {","logger":"airflow.task.hooks.airflow.providers.standard.hooks.subprocess.SubprocessHook","filename":"subprocess.py","lineno":99}
{"timestamp":"2026-06-02T16:12:37.518626Z","level":"info","event":"    \"name\" : \"unit\",","logger":"airflow.task.hooks.airflow.providers.standard.hooks.subprocess.SubprocessHook","filename":"subprocess.py","lineno":99}
{"timestamp":"2026-06-02T16:12:37.518645Z","level":"info","event":"    \"type\" : \"string\",","logger":"airflow.task.hooks.airflow.providers.standard.hooks.subprocess.SubprocessHook","filename":"subprocess.py","lineno":99}
{"timestamp":"2026-06-02T16:12:37.518664Z","level":"info","event":"    \"nullable\" : true,","logger":"airflow.task.hooks.airflow.providers.standard.hooks.subprocess.SubprocessHook","filename":"subprocess.py","lineno":99}
{"timestamp":"2026-06-02T16:12:37.518682Z","level":"info","event":"    \"metadata\" : { }","logger":"airflow.task.hooks.airflow.providers.standard.hooks.subprocess.SubprocessHook","filename":"subprocess.py","lineno":99}
{"timestamp":"2026-06-02T16:12:37.518701Z","level":"info","event":"  }, {","logger":"airflow.task.hooks.airflow.providers.standard.hooks.subprocess.SubprocessHook","filename":"subprocess.py","lineno":99}
{"timestamp":"2026-06-02T16:12:37.518720Z","level":"info","event":"    \"name\" : \"quarter\",","logger":"airflow.task.hooks.airflow.providers.standard.hooks.subprocess.SubprocessHook","filename":"subprocess.py","lineno":99}
{"timestamp":"2026-06-02T16:12:37.518738Z","level":"info","event":"    \"type\" : \"integer\",","logger":"airflow.task.hooks.airflow.providers.standard.hooks.subprocess.SubprocessHook","filename":"subprocess.py","lineno":99}
{"timestamp":"2026-06-02T16:12:37.518756Z","level":"info","event":"    \"nullable\" : true,","logger":"airflow.task.hooks.airflow.providers.standard.hooks.subprocess.SubprocessHook","filename":"subprocess.py","lineno":99}
{"timestamp":"2026-06-02T16:12:37.518774Z","level":"info","event":"    \"metadata\" : { }","logger":"airflow.task.hooks.airflow.providers.standard.hooks.subprocess.SubprocessHook","filename":"subprocess.py","lineno":99}
{"timestamp":"2026-06-02T16:12:37.518794Z","level":"info","event":"  }, {","logger":"airflow.task.hooks.airflow.providers.standard.hooks.subprocess.SubprocessHook","filename":"subprocess.py","lineno":99}
{"timestamp":"2026-06-02T16:12:37.518812Z","level":"info","event":"    \"name\" : \"year\",","logger":"airflow.task.hooks.airflow.providers.standard.hooks.subprocess.SubprocessHook","filename":"subprocess.py","lineno":99}
{"timestamp":"2026-06-02T16:12:37.518829Z","level":"info","event":"    \"type\" : \"integer\",","logger":"airflow.task.hooks.airflow.providers.standard.hooks.subprocess.SubprocessHook","filename":"subprocess.py","lineno":99}
{"timestamp":"2026-06-02T16:12:37.518847Z","level":"info","event":"    \"nullable\" : true,","logger":"airflow.task.hooks.airflow.providers.standard.hooks.subprocess.SubprocessHook","filename":"subprocess.py","lineno":99}
{"timestamp":"2026-06-02T16:12:37.518864Z","level":"info","event":"    \"metadata\" : { }","logger":"airflow.task.hooks.airflow.providers.standard.hooks.subprocess.SubprocessHook","filename":"subprocess.py","lineno":99}
{"timestamp":"2026-06-02T16:12:37.518883Z","level":"info","event":"  }, {","logger":"airflow.task.hooks.airflow.providers.standard.hooks.subprocess.SubprocessHook","filename":"subprocess.py","lineno":99}
{"timestamp":"2026-06-02T16:12:37.518901Z","level":"info","event":"    \"name\" : \"ingest_at\",","logger":"airflow.task.hooks.airflow.providers.standard.hooks.subprocess.SubprocessHook","filename":"subprocess.py","lineno":99}
{"timestamp":"2026-06-02T16:12:37.518920Z","level":"info","event":"    \"type\" : \"timestamp\",","logger":"airflow.task.hooks.airflow.providers.standard.hooks.subprocess.SubprocessHook","filename":"subprocess.py","lineno":99}
{"timestamp":"2026-06-02T16:12:37.518938Z","level":"info","event":"    \"nullable\" : true,","logger":"airflow.task.hooks.airflow.providers.standard.hooks.subprocess.SubprocessHook","filename":"subprocess.py","lineno":99}
{"timestamp":"2026-06-02T16:12:37.518955Z","level":"info","event":"    \"metadata\" : { }","logger":"airflow.task.hooks.airflow.providers.standard.hooks.subprocess.SubprocessHook","filename":"subprocess.py","lineno":99}
{"timestamp":"2026-06-02T16:12:37.518972Z","level":"info","event":"  } ]","logger":"airflow.task.hooks.airflow.providers.standard.hooks.subprocess.SubprocessHook","filename":"subprocess.py","lineno":99}
{"timestamp":"2026-06-02T16:12:37.518991Z","level":"info","event":"}","logger":"airflow.task.hooks.airflow.providers.standard.hooks.subprocess.SubprocessHook","filename":"subprocess.py","lineno":99}
{"timestamp":"2026-06-02T16:12:37.519009Z","level":"info","event":"and corresponding Parquet message type:","logger":"airflow.task.hooks.airflow.providers.standard.hooks.subprocess.SubprocessHook","filename":"subprocess.py","lineno":99}
{"timestamp":"2026-06-02T16:12:37.519028Z","level":"info","event":"message spark_schema {","logger":"airflow.task.hooks.airflow.providers.standard.hooks.subprocess.SubprocessHook","filename":"subprocess.py","lineno":99}
{"timestamp":"2026-06-02T16:12:37.519045Z","level":"info","event":"  optional binary investment_name (STRING);","logger":"airflow.task.hooks.airflow.providers.standard.hooks.subprocess.SubprocessHook","filename":"subprocess.py","lineno":99}
{"timestamp":"2026-06-02T16:12:37.519064Z","level":"info","event":"  optional double value;","logger":"airflow.task.hooks.airflow.providers.standard.hooks.subprocess.SubprocessHook","filename":"subprocess.py","lineno":99}
{"timestamp":"2026-06-02T16:12:37.519082Z","level":"info","event":"  optional binary unit (STRING);","logger":"airflow.task.hooks.airflow.providers.standard.hooks.subprocess.SubprocessHook","filename":"subprocess.py","lineno":99}
{"timestamp":"2026-06-02T16:12:37.519100Z","level":"info","event":"  optional int32 quarter;","logger":"airflow.task.hooks.airflow.providers.standard.hooks.subprocess.SubprocessHook","filename":"subprocess.py","lineno":99}
{"timestamp":"2026-06-02T16:12:37.519117Z","level":"info","event":"  optional int32 year;","logger":"airflow.task.hooks.airflow.providers.standard.hooks.subprocess.SubprocessHook","filename":"subprocess.py","lineno":99}
{"timestamp":"2026-06-02T16:12:37.519134Z","level":"info","event":"  optional int96 ingest_at;","logger":"airflow.task.hooks.airflow.providers.standard.hooks.subprocess.SubprocessHook","filename":"subprocess.py","lineno":99}
{"timestamp":"2026-06-02T16:12:37.519152Z","level":"info","event":"}","logger":"airflow.task.hooks.airflow.providers.standard.hooks.subprocess.SubprocessHook","filename":"subprocess.py","lineno":99}
{"timestamp":"2026-06-02T16:12:37.519169Z","level":"info","event":"","logger":"airflow.task.hooks.airflow.providers.standard.hooks.subprocess.SubprocessHook","filename":"subprocess.py","lineno":99}
{"timestamp":"2026-06-02T16:12:37.519186Z","level":"info","event":"","logger":"airflow.task.hooks.airflow.providers.standard.hooks.subprocess.SubprocessHook","filename":"subprocess.py","lineno":99}
{"timestamp":"2026-06-02T16:12:37.519204Z","level":"info","event":"26/06/02 16:12:37 INFO ParquetWriteSupport: Initialized Parquet WriteSupport with Catalyst schema:","logger":"airflow.task.hooks.airflow.providers.standard.hooks.subprocess.SubprocessHook","filename":"subprocess.py","lineno":99}
{"timestamp":"2026-06-02T16:12:37.519222Z","level":"info","event":"{","logger":"airflow.task.hooks.airflow.providers.standard.hooks.subprocess.SubprocessHook","filename":"subprocess.py","lineno":99}
{"timestamp":"2026-06-02T16:12:37.519239Z","level":"info","event":"  \"type\" : \"struct\",","logger":"airflow.task.hooks.airflow.providers.standard.hooks.subprocess.SubprocessHook","filename":"subprocess.py","lineno":99}
{"timestamp":"2026-06-02T16:12:37.519257Z","level":"info","event":"  \"fields\" : [ {","logger":"airflow.task.hooks.airflow.providers.standard.hooks.subprocess.SubprocessHook","filename":"subprocess.py","lineno":99}
{"timestamp":"2026-06-02T16:12:37.519316Z","level":"info","event":"    \"name\" : \"investment_name\",","logger":"airflow.task.hooks.airflow.providers.standard.hooks.subprocess.SubprocessHook","filename":"subprocess.py","lineno":99}
{"timestamp":"2026-06-02T16:12:37.519349Z","level":"info","event":"    \"type\" : \"string\",","logger":"airflow.task.hooks.airflow.providers.standard.hooks.subprocess.SubprocessHook","filename":"subprocess.py","lineno":99}
{"timestamp":"2026-06-02T16:12:37.519371Z","level":"info","event":"    \"nullable\" : true,","logger":"airflow.task.hooks.airflow.providers.standard.hooks.subprocess.SubprocessHook","filename":"subprocess.py","lineno":99}
{"timestamp":"2026-06-02T16:12:37.519390Z","level":"info","event":"    \"metadata\" : { }","logger":"airflow.task.hooks.airflow.providers.standard.hooks.subprocess.SubprocessHook","filename":"subprocess.py","lineno":99}
{"timestamp":"2026-06-02T16:12:37.519408Z","level":"info","event":"  }, {","logger":"airflow.task.hooks.airflow.providers.standard.hooks.subprocess.SubprocessHook","filename":"subprocess.py","lineno":99}
{"timestamp":"2026-06-02T16:12:37.519427Z","level":"info","event":"    \"name\" : \"value\",","logger":"airflow.task.hooks.airflow.providers.standard.hooks.subprocess.SubprocessHook","filename":"subprocess.py","lineno":99}
{"timestamp":"2026-06-02T16:12:37.519444Z","level":"info","event":"    \"type\" : \"double\",","logger":"airflow.task.hooks.airflow.providers.standard.hooks.subprocess.SubprocessHook","filename":"subprocess.py","lineno":99}
{"timestamp":"2026-06-02T16:12:37.519477Z","level":"info","event":"    \"nullable\" : true,","logger":"airflow.task.hooks.airflow.providers.standard.hooks.subprocess.SubprocessHook","filename":"subprocess.py","lineno":99}
{"timestamp":"2026-06-02T16:12:37.519506Z","level":"info","event":"    \"metadata\" : { }","logger":"airflow.task.hooks.airflow.providers.standard.hooks.subprocess.SubprocessHook","filename":"subprocess.py","lineno":99}
{"timestamp":"2026-06-02T16:12:37.519527Z","level":"info","event":"  }, {","logger":"airflow.task.hooks.airflow.providers.standard.hooks.subprocess.SubprocessHook","filename":"subprocess.py","lineno":99}
{"timestamp":"2026-06-02T16:12:37.519546Z","level":"info","event":"    \"name\" : \"unit\",","logger":"airflow.task.hooks.airflow.providers.standard.hooks.subprocess.SubprocessHook","filename":"subprocess.py","lineno":99}
{"timestamp":"2026-06-02T16:12:37.519564Z","level":"info","event":"    \"type\" : \"string\",","logger":"airflow.task.hooks.airflow.providers.standard.hooks.subprocess.SubprocessHook","filename":"subprocess.py","lineno":99}
{"timestamp":"2026-06-02T16:12:37.519582Z","level":"info","event":"    \"nullable\" : true,","logger":"airflow.task.hooks.airflow.providers.standard.hooks.subprocess.SubprocessHook","filename":"subprocess.py","lineno":99}
{"timestamp":"2026-06-02T16:12:37.519599Z","level":"info","event":"    \"metadata\" : { }","logger":"airflow.task.hooks.airflow.providers.standard.hooks.subprocess.SubprocessHook","filename":"subprocess.py","lineno":99}
{"timestamp":"2026-06-02T16:12:37.519618Z","level":"info","event":"  }, {","logger":"airflow.task.hooks.airflow.providers.standard.hooks.subprocess.SubprocessHook","filename":"subprocess.py","lineno":99}
{"timestamp":"2026-06-02T16:12:37.519636Z","level":"info","event":"    \"name\" : \"quarter\",","logger":"airflow.task.hooks.airflow.providers.standard.hooks.subprocess.SubprocessHook","filename":"subprocess.py","lineno":99}
{"timestamp":"2026-06-02T16:12:37.519654Z","level":"info","event":"    \"type\" : \"integer\",","logger":"airflow.task.hooks.airflow.providers.standard.hooks.subprocess.SubprocessHook","filename":"subprocess.py","lineno":99}
{"timestamp":"2026-06-02T16:12:37.519672Z","level":"info","event":"    \"nullable\" : true,","logger":"airflow.task.hooks.airflow.providers.standard.hooks.subprocess.SubprocessHook","filename":"subprocess.py","lineno":99}
{"timestamp":"2026-06-02T16:12:37.519690Z","level":"info","event":"    \"metadata\" : { }","logger":"airflow.task.hooks.airflow.providers.standard.hooks.subprocess.SubprocessHook","filename":"subprocess.py","lineno":99}
{"timestamp":"2026-06-02T16:12:37.519709Z","level":"info","event":"  }, {","logger":"airflow.task.hooks.airflow.providers.standard.hooks.subprocess.SubprocessHook","filename":"subprocess.py","lineno":99}
{"timestamp":"2026-06-02T16:12:37.519726Z","level":"info","event":"    \"name\" : \"year\",","logger":"airflow.task.hooks.airflow.providers.standard.hooks.subprocess.SubprocessHook","filename":"subprocess.py","lineno":99}
{"timestamp":"2026-06-02T16:12:37.519743Z","level":"info","event":"    \"type\" : \"integer\",","logger":"airflow.task.hooks.airflow.providers.standard.hooks.subprocess.SubprocessHook","filename":"subprocess.py","lineno":99}
{"timestamp":"2026-06-02T16:12:37.519761Z","level":"info","event":"    \"nullable\" : true,","logger":"airflow.task.hooks.airflow.providers.standard.hooks.subprocess.SubprocessHook","filename":"subprocess.py","lineno":99}
{"timestamp":"2026-06-02T16:12:37.519779Z","level":"info","event":"    \"metadata\" : { }","logger":"airflow.task.hooks.airflow.providers.standard.hooks.subprocess.SubprocessHook","filename":"subprocess.py","lineno":99}
{"timestamp":"2026-06-02T16:12:37.519796Z","level":"info","event":"  }, {","logger":"airflow.task.hooks.airflow.providers.standard.hooks.subprocess.SubprocessHook","filename":"subprocess.py","lineno":99}
{"timestamp":"2026-06-02T16:12:37.519813Z","level":"info","event":"    \"name\" : \"ingest_at\",","logger":"airflow.task.hooks.airflow.providers.standard.hooks.subprocess.SubprocessHook","filename":"subprocess.py","lineno":99}
{"timestamp":"2026-06-02T16:12:37.519830Z","level":"info","event":"    \"type\" : \"timestamp\",","logger":"airflow.task.hooks.airflow.providers.standard.hooks.subprocess.SubprocessHook","filename":"subprocess.py","lineno":99}
{"timestamp":"2026-06-02T16:12:37.519847Z","level":"info","event":"    \"nullable\" : true,","logger":"airflow.task.hooks.airflow.providers.standard.hooks.subprocess.SubprocessHook","filename":"subprocess.py","lineno":99}
{"timestamp":"2026-06-02T16:12:37.519865Z","level":"info","event":"    \"metadata\" : { }","logger":"airflow.task.hooks.airflow.providers.standard.hooks.subprocess.SubprocessHook","filename":"subprocess.py","lineno":99}
{"timestamp":"2026-06-02T16:12:37.519882Z","level":"info","event":"  } ]","logger":"airflow.task.hooks.airflow.providers.standard.hooks.subprocess.SubprocessHook","filename":"subprocess.py","lineno":99}
{"timestamp":"2026-06-02T16:12:37.519900Z","level":"info","event":"}","logger":"airflow.task.hooks.airflow.providers.standard.hooks.subprocess.SubprocessHook","filename":"subprocess.py","lineno":99}
{"timestamp":"2026-06-02T16:12:37.519918Z","level":"info","event":"and corresponding Parquet message type:","logger":"airflow.task.hooks.airflow.providers.standard.hooks.subprocess.SubprocessHook","filename":"subprocess.py","lineno":99}
{"timestamp":"2026-06-02T16:12:37.519993Z","level":"info","event":"message spark_schema {","logger":"airflow.task.hooks.airflow.providers.standard.hooks.subprocess.SubprocessHook","filename":"subprocess.py","lineno":99}
{"timestamp":"2026-06-02T16:12:37.520026Z","level":"info","event":"  optional binary investment_name (STRING);","logger":"airflow.task.hooks.airflow.providers.standard.hooks.subprocess.SubprocessHook","filename":"subprocess.py","lineno":99}
{"timestamp":"2026-06-02T16:12:37.520047Z","level":"info","event":"  optional double value;","logger":"airflow.task.hooks.airflow.providers.standard.hooks.subprocess.SubprocessHook","filename":"subprocess.py","lineno":99}
{"timestamp":"2026-06-02T16:12:37.520065Z","level":"info","event":"  optional binary unit (STRING);","logger":"airflow.task.hooks.airflow.providers.standard.hooks.subprocess.SubprocessHook","filename":"subprocess.py","lineno":99}
{"timestamp":"2026-06-02T16:12:37.520082Z","level":"info","event":"  optional int32 quarter;","logger":"airflow.task.hooks.airflow.providers.standard.hooks.subprocess.SubprocessHook","filename":"subprocess.py","lineno":99}
{"timestamp":"2026-06-02T16:12:37.520100Z","level":"info","event":"  optional int32 year;","logger":"airflow.task.hooks.airflow.providers.standard.hooks.subprocess.SubprocessHook","filename":"subprocess.py","lineno":99}
{"timestamp":"2026-06-02T16:12:37.520133Z","level":"info","event":"  optional int96 ingest_at;","logger":"airflow.task.hooks.airflow.providers.standard.hooks.subprocess.SubprocessHook","filename":"subprocess.py","lineno":99}
{"timestamp":"2026-06-02T16:12:37.520164Z","level":"info","event":"}","logger":"airflow.task.hooks.airflow.providers.standard.hooks.subprocess.SubprocessHook","filename":"subprocess.py","lineno":99}
{"timestamp":"2026-06-02T16:12:37.520187Z","level":"info","event":"","logger":"airflow.task.hooks.airflow.providers.standard.hooks.subprocess.SubprocessHook","filename":"subprocess.py","lineno":99}
{"timestamp":"2026-06-02T16:12:37.520207Z","level":"info","event":"","logger":"airflow.task.hooks.airflow.providers.standard.hooks.subprocess.SubprocessHook","filename":"subprocess.py","lineno":99}
{"timestamp":"2026-06-02T16:12:37.520224Z","level":"info","event":"26/06/02 16:12:37 INFO ParquetWriteSupport: Initialized Parquet WriteSupport with Catalyst schema:","logger":"airflow.task.hooks.airflow.providers.standard.hooks.subprocess.SubprocessHook","filename":"subprocess.py","lineno":99}
{"timestamp":"2026-06-02T16:12:37.520244Z","level":"info","event":"{","logger":"airflow.task.hooks.airflow.providers.standard.hooks.subprocess.SubprocessHook","filename":"subprocess.py","lineno":99}
{"timestamp":"2026-06-02T16:12:37.520262Z","level":"info","event":"  \"type\" : \"struct\",","logger":"airflow.task.hooks.airflow.providers.standard.hooks.subprocess.SubprocessHook","filename":"subprocess.py","lineno":99}
{"timestamp":"2026-06-02T16:12:37.520279Z","level":"info","event":"  \"fields\" : [ {","logger":"airflow.task.hooks.airflow.providers.standard.hooks.subprocess.SubprocessHook","filename":"subprocess.py","lineno":99}
{"timestamp":"2026-06-02T16:12:37.520296Z","level":"info","event":"    \"name\" : \"investment_name\",","logger":"airflow.task.hooks.airflow.providers.standard.hooks.subprocess.SubprocessHook","filename":"subprocess.py","lineno":99}
{"timestamp":"2026-06-02T16:12:37.520313Z","level":"info","event":"    \"type\" : \"string\",","logger":"airflow.task.hooks.airflow.providers.standard.hooks.subprocess.SubprocessHook","filename":"subprocess.py","lineno":99}
{"timestamp":"2026-06-02T16:12:37.520369Z","level":"info","event":"    \"nullable\" : true,","logger":"airflow.task.hooks.airflow.providers.standard.hooks.subprocess.SubprocessHook","filename":"subprocess.py","lineno":99}
{"timestamp":"2026-06-02T16:12:37.520403Z","level":"info","event":"    \"metadata\" : { }","logger":"airflow.task.hooks.airflow.providers.standard.hooks.subprocess.SubprocessHook","filename":"subprocess.py","lineno":99}
{"timestamp":"2026-06-02T16:12:37.520466Z","level":"info","event":"  }, {","logger":"airflow.task.hooks.airflow.providers.standard.hooks.subprocess.SubprocessHook","filename":"subprocess.py","lineno":99}
{"timestamp":"2026-06-02T16:12:37.520534Z","level":"info","event":"    \"name\" : \"value\",","logger":"airflow.task.hooks.airflow.providers.standard.hooks.subprocess.SubprocessHook","filename":"subprocess.py","lineno":99}
{"timestamp":"2026-06-02T16:12:37.520590Z","level":"info","event":"    \"type\" : \"double\",","logger":"airflow.task.hooks.airflow.providers.standard.hooks.subprocess.SubprocessHook","filename":"subprocess.py","lineno":99}
{"timestamp":"2026-06-02T16:12:37.520644Z","level":"info","event":"    \"nullable\" : true,","logger":"airflow.task.hooks.airflow.providers.standard.hooks.subprocess.SubprocessHook","filename":"subprocess.py","lineno":99}
{"timestamp":"2026-06-02T16:12:37.520676Z","level":"info","event":"    \"metadata\" : { }","logger":"airflow.task.hooks.airflow.providers.standard.hooks.subprocess.SubprocessHook","filename":"subprocess.py","lineno":99}
{"timestamp":"2026-06-02T16:12:37.520718Z","level":"info","event":"  }, {","logger":"airflow.task.hooks.airflow.providers.standard.hooks.subprocess.SubprocessHook","filename":"subprocess.py","lineno":99}
{"timestamp":"2026-06-02T16:12:37.520749Z","level":"info","event":"    \"name\" : \"unit\",","logger":"airflow.task.hooks.airflow.providers.standard.hooks.subprocess.SubprocessHook","filename":"subprocess.py","lineno":99}
{"timestamp":"2026-06-02T16:12:37.520770Z","level":"info","event":"    \"type\" : \"string\",","logger":"airflow.task.hooks.airflow.providers.standard.hooks.subprocess.SubprocessHook","filename":"subprocess.py","lineno":99}
{"timestamp":"2026-06-02T16:12:37.520789Z","level":"info","event":"    \"nullable\" : true,","logger":"airflow.task.hooks.airflow.providers.standard.hooks.subprocess.SubprocessHook","filename":"subprocess.py","lineno":99}
{"timestamp":"2026-06-02T16:12:37.520921Z","level":"info","event":"    \"metadata\" : { }","logger":"airflow.task.hooks.airflow.providers.standard.hooks.subprocess.SubprocessHook","filename":"subprocess.py","lineno":99}
{"timestamp":"2026-06-02T16:12:37.520955Z","level":"info","event":"  }, {","logger":"airflow.task.hooks.airflow.providers.standard.hooks.subprocess.SubprocessHook","filename":"subprocess.py","lineno":99}
{"timestamp":"2026-06-02T16:12:37.520976Z","level":"info","event":"    \"name\" : \"quarter\",","logger":"airflow.task.hooks.airflow.providers.standard.hooks.subprocess.SubprocessHook","filename":"subprocess.py","lineno":99}
{"timestamp":"2026-06-02T16:12:37.520995Z","level":"info","event":"    \"type\" : \"integer\",","logger":"airflow.task.hooks.airflow.providers.standard.hooks.subprocess.SubprocessHook","filename":"subprocess.py","lineno":99}
{"timestamp":"2026-06-02T16:12:37.521013Z","level":"info","event":"    \"nullable\" : true,","logger":"airflow.task.hooks.airflow.providers.standard.hooks.subprocess.SubprocessHook","filename":"subprocess.py","lineno":99}
{"timestamp":"2026-06-02T16:12:37.521074Z","level":"info","event":"    \"metadata\" : { }","logger":"airflow.task.hooks.airflow.providers.standard.hooks.subprocess.SubprocessHook","filename":"subprocess.py","lineno":99}
{"timestamp":"2026-06-02T16:12:37.521105Z","level":"info","event":"  }, {","logger":"airflow.task.hooks.airflow.providers.standard.hooks.subprocess.SubprocessHook","filename":"subprocess.py","lineno":99}
{"timestamp":"2026-06-02T16:12:37.521125Z","level":"info","event":"    \"name\" : \"year\",","logger":"airflow.task.hooks.airflow.providers.standard.hooks.subprocess.SubprocessHook","filename":"subprocess.py","lineno":99}
{"timestamp":"2026-06-02T16:12:37.521144Z","level":"info","event":"    \"type\" : \"integer\",","logger":"airflow.task.hooks.airflow.providers.standard.hooks.subprocess.SubprocessHook","filename":"subprocess.py","lineno":99}
{"timestamp":"2026-06-02T16:12:37.521162Z","level":"info","event":"    \"nullable\" : true,","logger":"airflow.task.hooks.airflow.providers.standard.hooks.subprocess.SubprocessHook","filename":"subprocess.py","lineno":99}
{"timestamp":"2026-06-02T16:12:37.521180Z","level":"info","event":"    \"metadata\" : { }","logger":"airflow.task.hooks.airflow.providers.standard.hooks.subprocess.SubprocessHook","filename":"subprocess.py","lineno":99}
{"timestamp":"2026-06-02T16:12:37.521197Z","level":"info","event":"  }, {","logger":"airflow.task.hooks.airflow.providers.standard.hooks.subprocess.SubprocessHook","filename":"subprocess.py","lineno":99}
{"timestamp":"2026-06-02T16:12:37.521214Z","level":"info","event":"    \"name\" : \"ingest_at\",","logger":"airflow.task.hooks.airflow.providers.standard.hooks.subprocess.SubprocessHook","filename":"subprocess.py","lineno":99}
{"timestamp":"2026-06-02T16:12:37.521231Z","level":"info","event":"    \"type\" : \"timestamp\",","logger":"airflow.task.hooks.airflow.providers.standard.hooks.subprocess.SubprocessHook","filename":"subprocess.py","lineno":99}
{"timestamp":"2026-06-02T16:12:37.521248Z","level":"info","event":"    \"nullable\" : true,","logger":"airflow.task.hooks.airflow.providers.standard.hooks.subprocess.SubprocessHook","filename":"subprocess.py","lineno":99}
{"timestamp":"2026-06-02T16:12:37.521265Z","level":"info","event":"    \"metadata\" : { }","logger":"airflow.task.hooks.airflow.providers.standard.hooks.subprocess.SubprocessHook","filename":"subprocess.py","lineno":99}
{"timestamp":"2026-06-02T16:12:37.521282Z","level":"info","event":"  } ]","logger":"airflow.task.hooks.airflow.providers.standard.hooks.subprocess.SubprocessHook","filename":"subprocess.py","lineno":99}
{"timestamp":"2026-06-02T16:12:37.521300Z","level":"info","event":"}","logger":"airflow.task.hooks.airflow.providers.standard.hooks.subprocess.SubprocessHook","filename":"subprocess.py","lineno":99}
{"timestamp":"2026-06-02T16:12:37.521317Z","level":"info","event":"and corresponding Parquet message type:","logger":"airflow.task.hooks.airflow.providers.standard.hooks.subprocess.SubprocessHook","filename":"subprocess.py","lineno":99}
{"timestamp":"2026-06-02T16:12:37.521335Z","level":"info","event":"message spark_schema {","logger":"airflow.task.hooks.airflow.providers.standard.hooks.subprocess.SubprocessHook","filename":"subprocess.py","lineno":99}
{"timestamp":"2026-06-02T16:12:37.521351Z","level":"info","event":"  optional binary investment_name (STRING);","logger":"airflow.task.hooks.airflow.providers.standard.hooks.subprocess.SubprocessHook","filename":"subprocess.py","lineno":99}
{"timestamp":"2026-06-02T16:12:37.521368Z","level":"info","event":"  optional double value;","logger":"airflow.task.hooks.airflow.providers.standard.hooks.subprocess.SubprocessHook","filename":"subprocess.py","lineno":99}
{"timestamp":"2026-06-02T16:12:37.521386Z","level":"info","event":"  optional binary unit (STRING);","logger":"airflow.task.hooks.airflow.providers.standard.hooks.subprocess.SubprocessHook","filename":"subprocess.py","lineno":99}
{"timestamp":"2026-06-02T16:12:37.521403Z","level":"info","event":"  optional int32 quarter;","logger":"airflow.task.hooks.airflow.providers.standard.hooks.subprocess.SubprocessHook","filename":"subprocess.py","lineno":99}
{"timestamp":"2026-06-02T16:12:37.521420Z","level":"info","event":"  optional int32 year;","logger":"airflow.task.hooks.airflow.providers.standard.hooks.subprocess.SubprocessHook","filename":"subprocess.py","lineno":99}
{"timestamp":"2026-06-02T16:12:37.521437Z","level":"info","event":"  optional int96 ingest_at;","logger":"airflow.task.hooks.airflow.providers.standard.hooks.subprocess.SubprocessHook","filename":"subprocess.py","lineno":99}
{"timestamp":"2026-06-02T16:12:37.521454Z","level":"info","event":"}","logger":"airflow.task.hooks.airflow.providers.standard.hooks.subprocess.SubprocessHook","filename":"subprocess.py","lineno":99}
{"timestamp":"2026-06-02T16:12:37.572290Z","level":"info","event":"","logger":"airflow.task.hooks.airflow.providers.standard.hooks.subprocess.SubprocessHook","filename":"subprocess.py","lineno":99}
{"timestamp":"2026-06-02T16:12:37.572465Z","level":"info","event":"","logger":"airflow.task.hooks.airflow.providers.standard.hooks.subprocess.SubprocessHook","filename":"subprocess.py","lineno":99}
{"timestamp":"2026-06-02T16:12:37.593213Z","level":"info","event":"26/06/02 16:12:37 INFO CodecPool: Got brand-new compressor [.snappy]","logger":"airflow.task.hooks.airflow.providers.standard.hooks.subprocess.SubprocessHook","filename":"subprocess.py","lineno":99}
{"timestamp":"2026-06-02T16:12:37.593409Z","level":"info","event":"26/06/02 16:12:37 INFO CodecPool: Got brand-new compressor [.snappy]","logger":"airflow.task.hooks.airflow.providers.standard.hooks.subprocess.SubprocessHook","filename":"subprocess.py","lineno":99}
{"timestamp":"2026-06-02T16:12:37.593517Z","level":"info","event":"26/06/02 16:12:37 INFO CodecPool: Got brand-new compressor [.snappy]","logger":"airflow.task.hooks.airflow.providers.standard.hooks.subprocess.SubprocessHook","filename":"subprocess.py","lineno":99}
{"timestamp":"2026-06-02T16:12:37.593587Z","level":"info","event":"26/06/02 16:12:37 INFO CodecPool: Got brand-new compressor [.snappy]","logger":"airflow.task.hooks.airflow.providers.standard.hooks.subprocess.SubprocessHook","filename":"subprocess.py","lineno":99}
{"timestamp":"2026-06-02T16:12:37.806101Z","level":"info","event":"26/06/02 16:12:37 INFO PythonRunner: Times: total = 217, boot = 10, init = 207, finish = 0","logger":"airflow.task.hooks.airflow.providers.standard.hooks.subprocess.SubprocessHook","filename":"subprocess.py","lineno":99}
{"timestamp":"2026-06-02T16:12:37.869284Z","level":"info","event":"26/06/02 16:12:37 INFO PythonRunner: Times: total = 119, boot = -3893, init = 4012, finish = 0","logger":"airflow.task.hooks.airflow.providers.standard.hooks.subprocess.SubprocessHook","filename":"subprocess.py","lineno":99}
{"timestamp":"2026-06-02T16:12:37.869555Z","level":"info","event":"26/06/02 16:12:37 INFO PythonRunner: Times: total = 301, boot = 21, init = 280, finish = 0","logger":"airflow.task.hooks.airflow.providers.standard.hooks.subprocess.SubprocessHook","filename":"subprocess.py","lineno":99}
{"timestamp":"2026-06-02T16:12:37.869652Z","level":"info","event":"26/06/02 16:12:37 INFO PythonRunner: Times: total = 157, boot = -3872, init = 4029, finish = 0","logger":"airflow.task.hooks.airflow.providers.standard.hooks.subprocess.SubprocessHook","filename":"subprocess.py","lineno":99}
{"timestamp":"2026-06-02T16:12:38.111287Z","level":"info","event":"26/06/02 16:12:38 INFO CodeGenerator: Code generated in 4.1647 ms","logger":"airflow.task.hooks.airflow.providers.standard.hooks.subprocess.SubprocessHook","filename":"subprocess.py","lineno":99}
{"timestamp":"2026-06-02T16:12:38.120220Z","level":"info","event":"26/06/02 16:12:38 INFO CodeGenerator: Code generated in 5.463827 ms","logger":"airflow.task.hooks.airflow.providers.standard.hooks.subprocess.SubprocessHook","filename":"subprocess.py","lineno":99}
{"timestamp":"2026-06-02T16:12:38.170428Z","level":"info","event":"26/06/02 16:12:38 INFO Executor: Finished task 10.0 in stage 4.0 (TID 27). 4242 bytes result sent to driver","logger":"airflow.task.hooks.airflow.providers.standard.hooks.subprocess.SubprocessHook","filename":"subprocess.py","lineno":99}
{"timestamp":"2026-06-02T16:12:38.170664Z","level":"info","event":"26/06/02 16:12:38 INFO Executor: Finished task 15.0 in stage 4.0 (TID 32). 4196 bytes result sent to driver","logger":"airflow.task.hooks.airflow.providers.standard.hooks.subprocess.SubprocessHook","filename":"subprocess.py","lineno":99}
{"timestamp":"2026-06-02T16:12:38.170766Z","level":"info","event":"26/06/02 16:12:38 INFO Executor: Finished task 5.0 in stage 4.0 (TID 22). 4240 bytes result sent to driver","logger":"airflow.task.hooks.airflow.providers.standard.hooks.subprocess.SubprocessHook","filename":"subprocess.py","lineno":99}
{"timestamp":"2026-06-02T16:12:38.172345Z","level":"info","event":"26/06/02 16:12:38 INFO TaskSetManager: Finished task 5.0 in stage 4.0 (TID 22) in 1417 ms on ac0ccb30c6a7 (executor driver) (13/16)","logger":"airflow.task.hooks.airflow.providers.standard.hooks.subprocess.SubprocessHook","filename":"subprocess.py","lineno":99}
{"timestamp":"2026-06-02T16:12:38.172527Z","level":"info","event":"26/06/02 16:12:38 INFO TaskSetManager: Finished task 10.0 in stage 4.0 (TID 27) in 1414 ms on ac0ccb30c6a7 (executor driver) (14/16)","logger":"airflow.task.hooks.airflow.providers.standard.hooks.subprocess.SubprocessHook","filename":"subprocess.py","lineno":99}
{"timestamp":"2026-06-02T16:12:38.175167Z","level":"info","event":"26/06/02 16:12:38 INFO TaskSetManager: Finished task 15.0 in stage 4.0 (TID 32) in 1408 ms on ac0ccb30c6a7 (executor driver) (15/16)","logger":"airflow.task.hooks.airflow.providers.standard.hooks.subprocess.SubprocessHook","filename":"subprocess.py","lineno":99}
{"timestamp":"2026-06-02T16:12:38.176965Z","level":"info","event":"26/06/02 16:12:38 INFO Executor: Finished task 0.0 in stage 4.0 (TID 17). 3777 bytes result sent to driver","logger":"airflow.task.hooks.airflow.providers.standard.hooks.subprocess.SubprocessHook","filename":"subprocess.py","lineno":99}
{"timestamp":"2026-06-02T16:12:38.181063Z","level":"info","event":"26/06/02 16:12:38 INFO TaskSetManager: Finished task 0.0 in stage 4.0 (TID 17) in 1429 ms on ac0ccb30c6a7 (executor driver) (16/16)","logger":"airflow.task.hooks.airflow.providers.standard.hooks.subprocess.SubprocessHook","filename":"subprocess.py","lineno":99}
{"timestamp":"2026-06-02T16:12:38.181234Z","level":"info","event":"26/06/02 16:12:38 INFO TaskSchedulerImpl: Removed TaskSet 4.0, whose tasks have all completed, from pool","logger":"airflow.task.hooks.airflow.providers.standard.hooks.subprocess.SubprocessHook","filename":"subprocess.py","lineno":99}
{"timestamp":"2026-06-02T16:12:38.182786Z","level":"info","event":"26/06/02 16:12:38 INFO DAGScheduler: ResultStage 4 (saveAsTable at NativeMethodAccessorImpl.java:0) finished in 1.467 s","logger":"airflow.task.hooks.airflow.providers.standard.hooks.subprocess.SubprocessHook","filename":"subprocess.py","lineno":99}
{"timestamp":"2026-06-02T16:12:38.183077Z","level":"info","event":"26/06/02 16:12:38 INFO DAGScheduler: Job 4 is finished. Cancelling potential speculative or zombie tasks for this job","logger":"airflow.task.hooks.airflow.providers.standard.hooks.subprocess.SubprocessHook","filename":"subprocess.py","lineno":99}
{"timestamp":"2026-06-02T16:12:38.183260Z","level":"info","event":"26/06/02 16:12:38 INFO TaskSchedulerImpl: Killing all running tasks in stage 4: Stage finished","logger":"airflow.task.hooks.airflow.providers.standard.hooks.subprocess.SubprocessHook","filename":"subprocess.py","lineno":99}
{"timestamp":"2026-06-02T16:12:38.183338Z","level":"info","event":"26/06/02 16:12:38 INFO DAGScheduler: Job 4 finished: saveAsTable at NativeMethodAccessorImpl.java:0, took 1.474420 s","logger":"airflow.task.hooks.airflow.providers.standard.hooks.subprocess.SubprocessHook","filename":"subprocess.py","lineno":99}
{"timestamp":"2026-06-02T16:12:38.186291Z","level":"info","event":"26/06/02 16:12:38 INFO DeltaFileFormatWriter: Start to commit write Job 6897ca28-f3df-4b7e-afe4-3beb12e71620.","logger":"airflow.task.hooks.airflow.providers.standard.hooks.subprocess.SubprocessHook","filename":"subprocess.py","lineno":99}
{"timestamp":"2026-06-02T16:12:38.189110Z","level":"info","event":"26/06/02 16:12:38 INFO DeltaFileFormatWriter: Write Job 6897ca28-f3df-4b7e-afe4-3beb12e71620 committed. Elapsed time: 1 ms.","logger":"airflow.task.hooks.airflow.providers.standard.hooks.subprocess.SubprocessHook","filename":"subprocess.py","lineno":99}
{"timestamp":"2026-06-02T16:12:38.193638Z","level":"info","event":"26/06/02 16:12:38 INFO DeltaFileFormatWriter: Finished processing stats for write job 6897ca28-f3df-4b7e-afe4-3beb12e71620.","logger":"airflow.task.hooks.airflow.providers.standard.hooks.subprocess.SubprocessHook","filename":"subprocess.py","lineno":99}
{"timestamp":"2026-06-02T16:12:38.272882Z","level":"info","event":"26/06/02 16:12:38 INFO OptimisticTransaction: [tableId=7c8d3137,txnId=8424cd47] Attempting to commit version 1 with 4 actions with Serializable isolation level","logger":"airflow.task.hooks.airflow.providers.standard.hooks.subprocess.SubprocessHook","filename":"subprocess.py","lineno":99}
{"timestamp":"2026-06-02T16:12:38.419148Z","level":"info","event":"26/06/02 16:12:38 INFO DeltaLog: Creating a new snapshot v1 for commit version 1","logger":"airflow.task.hooks.airflow.providers.standard.hooks.subprocess.SubprocessHook","filename":"subprocess.py","lineno":99}
{"timestamp":"2026-06-02T16:12:38.419434Z","level":"info","event":"26/06/02 16:12:38 INFO DeltaLog: Loading version 1.","logger":"airflow.task.hooks.airflow.providers.standard.hooks.subprocess.SubprocessHook","filename":"subprocess.py","lineno":99}
{"timestamp":"2026-06-02T16:12:38.424664Z","level":"info","event":"26/06/02 16:12:38 INFO DeltaLogFileIndex: Created DeltaLogFileIndex(JSON, numFilesInSegment: 2, totalFileSize: 3580)","logger":"airflow.task.hooks.airflow.providers.standard.hooks.subprocess.SubprocessHook","filename":"subprocess.py","lineno":99}
{"timestamp":"2026-06-02T16:12:38.497011Z","level":"info","event":"26/06/02 16:12:38 INFO DataSourceStrategy: Pruning directories with:","logger":"airflow.task.hooks.airflow.providers.standard.hooks.subprocess.SubprocessHook","filename":"subprocess.py","lineno":99}
{"timestamp":"2026-06-02T16:12:38.497403Z","level":"info","event":"26/06/02 16:12:38 INFO FileSourceStrategy: Pushed Filters:","logger":"airflow.task.hooks.airflow.providers.standard.hooks.subprocess.SubprocessHook","filename":"subprocess.py","lineno":99}
{"timestamp":"2026-06-02T16:12:38.497902Z","level":"info","event":"26/06/02 16:12:38 INFO FileSourceStrategy: Post-Scan Filters: ((isnotnull(protocol#514.minReaderVersion) OR isnotnull(metaData#513.id)) OR (isnotnull(commitInfo#515.inCommitTimestamp) AND (version#516L = 1)))","logger":"airflow.task.hooks.airflow.providers.standard.hooks.subprocess.SubprocessHook","filename":"subprocess.py","lineno":99}
{"timestamp":"2026-06-02T16:12:38.554043Z","level":"info","event":"26/06/02 16:12:38 INFO CodeGenerator: Code generated in 31.877091 ms","logger":"airflow.task.hooks.airflow.providers.standard.hooks.subprocess.SubprocessHook","filename":"subprocess.py","lineno":99}
{"timestamp":"2026-06-02T16:12:38.557683Z","level":"info","event":"26/06/02 16:12:38 INFO MemoryStore: Block broadcast_6 stored as values in memory (estimated size 202.4 KiB, free 433.7 MiB)","logger":"airflow.task.hooks.airflow.providers.standard.hooks.subprocess.SubprocessHook","filename":"subprocess.py","lineno":99}
{"timestamp":"2026-06-02T16:12:38.564173Z","level":"info","event":"26/06/02 16:12:38 INFO MemoryStore: Block broadcast_6_piece0 stored as bytes in memory (estimated size 35.0 KiB, free 433.7 MiB)","logger":"airflow.task.hooks.airflow.providers.standard.hooks.subprocess.SubprocessHook","filename":"subprocess.py","lineno":99}
{"timestamp":"2026-06-02T16:12:38.564986Z","level":"info","event":"26/06/02 16:12:38 INFO BlockManagerInfo: Added broadcast_6_piece0 in memory on ac0ccb30c6a7:46873 (size: 35.0 KiB, free: 434.2 MiB)","logger":"airflow.task.hooks.airflow.providers.standard.hooks.subprocess.SubprocessHook","filename":"subprocess.py","lineno":99}
{"timestamp":"2026-06-02T16:12:38.566244Z","level":"info","event":"26/06/02 16:12:38 INFO SparkContext: Created broadcast 6 from $anonfun$recordDeltaOperationInternal$1 at DatabricksLogging.scala:128","logger":"airflow.task.hooks.airflow.providers.standard.hooks.subprocess.SubprocessHook","filename":"subprocess.py","lineno":99}
{"timestamp":"2026-06-02T16:12:38.567945Z","level":"info","event":"26/06/02 16:12:38 INFO FileSourceScanExec: Planning scan with bin packing, max size: 4194304 bytes, open cost is considered as scanning 4194304 bytes.","logger":"airflow.task.hooks.airflow.providers.standard.hooks.subprocess.SubprocessHook","filename":"subprocess.py","lineno":99}
{"timestamp":"2026-06-02T16:12:38.585256Z","level":"info","event":"26/06/02 16:12:38 INFO SparkContext: Starting job: $anonfun$recordDeltaOperationInternal$1 at DatabricksLogging.scala:128","logger":"airflow.task.hooks.airflow.providers.standard.hooks.subprocess.SubprocessHook","filename":"subprocess.py","lineno":99}
{"timestamp":"2026-06-02T16:12:38.585430Z","level":"info","event":"26/06/02 16:12:38 INFO DAGScheduler: Got job 5 ($anonfun$recordDeltaOperationInternal$1 at DatabricksLogging.scala:128) with 2 output partitions","logger":"airflow.task.hooks.airflow.providers.standard.hooks.subprocess.SubprocessHook","filename":"subprocess.py","lineno":99}
{"timestamp":"2026-06-02T16:12:38.585487Z","level":"info","event":"26/06/02 16:12:38 INFO DAGScheduler: Final stage: ResultStage 5 ($anonfun$recordDeltaOperationInternal$1 at DatabricksLogging.scala:128)","logger":"airflow.task.hooks.airflow.providers.standard.hooks.subprocess.SubprocessHook","filename":"subprocess.py","lineno":99}
{"timestamp":"2026-06-02T16:12:38.585514Z","level":"info","event":"26/06/02 16:12:38 INFO DAGScheduler: Parents of final stage: List()","logger":"airflow.task.hooks.airflow.providers.standard.hooks.subprocess.SubprocessHook","filename":"subprocess.py","lineno":99}
{"timestamp":"2026-06-02T16:12:38.585542Z","level":"info","event":"26/06/02 16:12:38 INFO DAGScheduler: Missing parents: List()","logger":"airflow.task.hooks.airflow.providers.standard.hooks.subprocess.SubprocessHook","filename":"subprocess.py","lineno":99}
{"timestamp":"2026-06-02T16:12:38.587606Z","level":"info","event":"26/06/02 16:12:38 INFO DAGScheduler: Submitting ResultStage 5 (MapPartitionsRDD[15] at $anonfun$recordDeltaOperationInternal$1 at DatabricksLogging.scala:128), which has no missing parents","logger":"airflow.task.hooks.airflow.providers.standard.hooks.subprocess.SubprocessHook","filename":"subprocess.py","lineno":99}
{"timestamp":"2026-06-02T16:12:38.590248Z","level":"info","event":"26/06/02 16:12:38 INFO MemoryStore: Block broadcast_7 stored as values in memory (estimated size 55.2 KiB, free 433.7 MiB)","logger":"airflow.task.hooks.airflow.providers.standard.hooks.subprocess.SubprocessHook","filename":"subprocess.py","lineno":99}
{"timestamp":"2026-06-02T16:12:38.591786Z","level":"info","event":"26/06/02 16:12:38 INFO MemoryStore: Block broadcast_7_piece0 stored as bytes in memory (estimated size 17.2 KiB, free 433.6 MiB)","logger":"airflow.task.hooks.airflow.providers.standard.hooks.subprocess.SubprocessHook","filename":"subprocess.py","lineno":99}
{"timestamp":"2026-06-02T16:12:38.593299Z","level":"info","event":"26/06/02 16:12:38 INFO BlockManagerInfo: Added broadcast_7_piece0 in memory on ac0ccb30c6a7:46873 (size: 17.2 KiB, free: 434.2 MiB)","logger":"airflow.task.hooks.airflow.providers.standard.hooks.subprocess.SubprocessHook","filename":"subprocess.py","lineno":99}
{"timestamp":"2026-06-02T16:12:38.593770Z","level":"info","event":"26/06/02 16:12:38 INFO SparkContext: Created broadcast 7 from broadcast at DAGScheduler.scala:1611","logger":"airflow.task.hooks.airflow.providers.standard.hooks.subprocess.SubprocessHook","filename":"subprocess.py","lineno":99}
{"timestamp":"2026-06-02T16:12:38.595054Z","level":"info","event":"26/06/02 16:12:38 INFO DAGScheduler: Submitting 2 missing tasks from ResultStage 5 (MapPartitionsRDD[15] at $anonfun$recordDeltaOperationInternal$1 at DatabricksLogging.scala:128) (first 15 tasks are for partitions Vector(0, 1))","logger":"airflow.task.hooks.airflow.providers.standard.hooks.subprocess.SubprocessHook","filename":"subprocess.py","lineno":99}
{"timestamp":"2026-06-02T16:12:38.595257Z","level":"info","event":"26/06/02 16:12:38 INFO TaskSchedulerImpl: Adding task set 5.0 with 2 tasks resource profile 0","logger":"airflow.task.hooks.airflow.providers.standard.hooks.subprocess.SubprocessHook","filename":"subprocess.py","lineno":99}
{"timestamp":"2026-06-02T16:12:38.597055Z","level":"info","event":"26/06/02 16:12:38 INFO TaskSetManager: Starting task 0.0 in stage 5.0 (TID 33) (ac0ccb30c6a7, executor driver, partition 0, PROCESS_LOCAL, 9673 bytes)","logger":"airflow.task.hooks.airflow.providers.standard.hooks.subprocess.SubprocessHook","filename":"subprocess.py","lineno":99}
{"timestamp":"2026-06-02T16:12:38.597275Z","level":"info","event":"26/06/02 16:12:38 INFO TaskSetManager: Starting task 1.0 in stage 5.0 (TID 34) (ac0ccb30c6a7, executor driver, partition 1, PROCESS_LOCAL, 9673 bytes)","logger":"airflow.task.hooks.airflow.providers.standard.hooks.subprocess.SubprocessHook","filename":"subprocess.py","lineno":99}
{"timestamp":"2026-06-02T16:12:38.598174Z","level":"info","event":"26/06/02 16:12:38 INFO Executor: Running task 1.0 in stage 5.0 (TID 34)","logger":"airflow.task.hooks.airflow.providers.standard.hooks.subprocess.SubprocessHook","filename":"subprocess.py","lineno":99}
{"timestamp":"2026-06-02T16:12:38.598417Z","level":"info","event":"26/06/02 16:12:38 INFO Executor: Running task 0.0 in stage 5.0 (TID 33)","logger":"airflow.task.hooks.airflow.providers.standard.hooks.subprocess.SubprocessHook","filename":"subprocess.py","lineno":99}
{"timestamp":"2026-06-02T16:12:38.647888Z","level":"info","event":"26/06/02 16:12:38 INFO CodeGenerator: Code generated in 41.835103 ms","logger":"airflow.task.hooks.airflow.providers.standard.hooks.subprocess.SubprocessHook","filename":"subprocess.py","lineno":99}
{"timestamp":"2026-06-02T16:12:38.651067Z","level":"info","event":"26/06/02 16:12:38 INFO FileScanRDD: Reading File path: s3a://silver/investment/_delta_log/00000000000000000001.json, range: 0-2469, partition values: [1]","logger":"airflow.task.hooks.airflow.providers.standard.hooks.subprocess.SubprocessHook","filename":"subprocess.py","lineno":99}
{"timestamp":"2026-06-02T16:12:38.651369Z","level":"info","event":"26/06/02 16:12:38 INFO FileScanRDD: Reading File path: s3a://silver/investment/_delta_log/00000000000000000000.json, range: 0-1111, partition values: [0]","logger":"airflow.task.hooks.airflow.providers.standard.hooks.subprocess.SubprocessHook","filename":"subprocess.py","lineno":99}
{"timestamp":"2026-06-02T16:12:38.693973Z","level":"info","event":"26/06/02 16:12:38 INFO Executor: Finished task 0.0 in stage 5.0 (TID 33). 1630 bytes result sent to driver","logger":"airflow.task.hooks.airflow.providers.standard.hooks.subprocess.SubprocessHook","filename":"subprocess.py","lineno":99}
{"timestamp":"2026-06-02T16:12:38.695558Z","level":"info","event":"26/06/02 16:12:38 INFO TaskSetManager: Finished task 0.0 in stage 5.0 (TID 33) in 98 ms on ac0ccb30c6a7 (executor driver) (1/2)","logger":"airflow.task.hooks.airflow.providers.standard.hooks.subprocess.SubprocessHook","filename":"subprocess.py","lineno":99}
{"timestamp":"2026-06-02T16:12:38.696035Z","level":"info","event":"26/06/02 16:12:38 INFO Executor: Finished task 1.0 in stage 5.0 (TID 34). 1995 bytes result sent to driver","logger":"airflow.task.hooks.airflow.providers.standard.hooks.subprocess.SubprocessHook","filename":"subprocess.py","lineno":99}
{"timestamp":"2026-06-02T16:12:38.698538Z","level":"info","event":"26/06/02 16:12:38 INFO TaskSetManager: Finished task 1.0 in stage 5.0 (TID 34) in 100 ms on ac0ccb30c6a7 (executor driver) (2/2)","logger":"airflow.task.hooks.airflow.providers.standard.hooks.subprocess.SubprocessHook","filename":"subprocess.py","lineno":99}
{"timestamp":"2026-06-02T16:12:38.698767Z","level":"info","event":"26/06/02 16:12:38 INFO TaskSchedulerImpl: Removed TaskSet 5.0, whose tasks have all completed, from pool","logger":"airflow.task.hooks.airflow.providers.standard.hooks.subprocess.SubprocessHook","filename":"subprocess.py","lineno":99}
{"timestamp":"2026-06-02T16:12:38.698850Z","level":"info","event":"26/06/02 16:12:38 INFO DAGScheduler: ResultStage 5 ($anonfun$recordDeltaOperationInternal$1 at DatabricksLogging.scala:128) finished in 0.110 s","logger":"airflow.task.hooks.airflow.providers.standard.hooks.subprocess.SubprocessHook","filename":"subprocess.py","lineno":99}
{"timestamp":"2026-06-02T16:12:38.699326Z","level":"info","event":"26/06/02 16:12:38 INFO DAGScheduler: Job 5 is finished. Cancelling potential speculative or zombie tasks for this job","logger":"airflow.task.hooks.airflow.providers.standard.hooks.subprocess.SubprocessHook","filename":"subprocess.py","lineno":99}
{"timestamp":"2026-06-02T16:12:38.699482Z","level":"info","event":"26/06/02 16:12:38 INFO TaskSchedulerImpl: Killing all running tasks in stage 5: Stage finished","logger":"airflow.task.hooks.airflow.providers.standard.hooks.subprocess.SubprocessHook","filename":"subprocess.py","lineno":99}
{"timestamp":"2026-06-02T16:12:38.699562Z","level":"info","event":"26/06/02 16:12:38 INFO DAGScheduler: Job 5 finished: $anonfun$recordDeltaOperationInternal$1 at DatabricksLogging.scala:128, took 0.115136 s","logger":"airflow.task.hooks.airflow.providers.standard.hooks.subprocess.SubprocessHook","filename":"subprocess.py","lineno":99}
{"timestamp":"2026-06-02T16:12:38.710381Z","level":"info","event":"26/06/02 16:12:38 INFO Snapshot: [tableId=7c8d3137-9007-4ba2-9535-5d9686faa1ad] Created snapshot Snapshot(path=s3a://silver/investment/_delta_log, version=1, metadata=Metadata(7c8d3137-9007-4ba2-9535-5d9686faa1ad,null,null,Format(parquet,Map()),{\"type\":\"struct\",\"fields\":[{\"name\":\"investment_name\",\"type\":\"string\",\"nullable\":true,\"metadata\":{}},{\"name\":\"value\",\"type\":\"double\",\"nullable\":true,\"metadata\":{}},{\"name\":\"unit\",\"type\":\"string\",\"nullable\":true,\"metadata\":{}},{\"name\":\"quarter\",\"type\":\"integer\",\"nullable\":true,\"metadata\":{}},{\"name\":\"year\",\"type\":\"integer\",\"nullable\":true,\"metadata\":{}},{\"name\":\"ingest_at\",\"type\":\"timestamp\",\"nullable\":true,\"metadata\":{}}]},List(),Map(),Some(1780409953966)), logSegment=LogSegment(s3a://silver/investment/_delta_log,1,ArrayBuffer(S3AFileStatus{path=s3a://silver/investment/_delta_log/00000000000000000000.json; isDirectory=false; length=1111; replication=1; blocksize=33554432; modification_time=1780409954037; access_time=0; owner=spark; group=spark; permission=rw-rw-rw-; isSymlink=false; hasAcl=false; isEncrypted=true; isErasureCoded=false} isEmptyDirectory=FALSE eTag=53e6adffc19ce91da1b6b34eaa5ee401 versionId=null, S3AFileStatus{path=s3a://silver/investment/_delta_log/00000000000000000001.json; isDirectory=false; length=2469; replication=1; blocksize=33554432; modification_time=1780416758000; access_time=0; owner=spark; group=spark; permission=rw-rw-rw-; isSymlink=false; hasAcl=false; isEncrypted=true; isErasureCoded=false} isEmptyDirectory=FALSE eTag=6b4d0ba59bc57ac4d4edeab7c32cdf23 versionId=null),org.apache.spark.sql.delta.EmptyCheckpointProvider$@4cd44115,1780416758000), checksumOpt=None)","logger":"airflow.task.hooks.airflow.providers.standard.hooks.subprocess.SubprocessHook","filename":"subprocess.py","lineno":99}
{"timestamp":"2026-06-02T16:12:38.713116Z","level":"info","event":"26/06/02 16:12:38 INFO DeltaLog: Updated snapshot to Snapshot(path=s3a://silver/investment/_delta_log, version=1, metadata=Metadata(7c8d3137-9007-4ba2-9535-5d9686faa1ad,null,null,Format(parquet,Map()),{\"type\":\"struct\",\"fields\":[{\"name\":\"investment_name\",\"type\":\"string\",\"nullable\":true,\"metadata\":{}},{\"name\":\"value\",\"type\":\"double\",\"nullable\":true,\"metadata\":{}},{\"name\":\"unit\",\"type\":\"string\",\"nullable\":true,\"metadata\":{}},{\"name\":\"quarter\",\"type\":\"integer\",\"nullable\":true,\"metadata\":{}},{\"name\":\"year\",\"type\":\"integer\",\"nullable\":true,\"metadata\":{}},{\"name\":\"ingest_at\",\"type\":\"timestamp\",\"nullable\":true,\"metadata\":{}}]},List(),Map(),Some(1780409953966)), logSegment=LogSegment(s3a://silver/investment/_delta_log,1,ArrayBuffer(S3AFileStatus{path=s3a://silver/investment/_delta_log/00000000000000000000.json; isDirectory=false; length=1111; replication=1; blocksize=33554432; modification_time=1780409954037; access_time=0; owner=spark; group=spark; permission=rw-rw-rw-; isSymlink=false; hasAcl=false; isEncrypted=true; isErasureCoded=false} isEmptyDirectory=FALSE eTag=53e6adffc19ce91da1b6b34eaa5ee401 versionId=null, S3AFileStatus{path=s3a://silver/investment/_delta_log/00000000000000000001.json; isDirectory=false; length=2469; replication=1; blocksize=33554432; modification_time=1780416758000; access_time=0; owner=spark; group=spark; permission=rw-rw-rw-; isSymlink=false; hasAcl=false; isEncrypted=true; isErasureCoded=false} isEmptyDirectory=FALSE eTag=6b4d0ba59bc57ac4d4edeab7c32cdf23 versionId=null),org.apache.spark.sql.delta.EmptyCheckpointProvider$@4cd44115,1780416758000), checksumOpt=None)","logger":"airflow.task.hooks.airflow.providers.standard.hooks.subprocess.SubprocessHook","filename":"subprocess.py","lineno":99}
{"timestamp":"2026-06-02T16:12:38.746518Z","level":"info","event":"26/06/02 16:12:38 INFO BlockManagerInfo: Removed broadcast_5_piece0 on ac0ccb30c6a7:46873 in memory (size: 124.1 KiB, free: 434.3 MiB)","logger":"airflow.task.hooks.airflow.providers.standard.hooks.subprocess.SubprocessHook","filename":"subprocess.py","lineno":99}
{"timestamp":"2026-06-02T16:12:38.781924Z","level":"info","event":"26/06/02 16:12:38 INFO OptimisticTransaction: [tableId=7c8d3137,txnId=8424cd47] Committed delta #1 to s3a://silver/investment/_delta_log","logger":"airflow.task.hooks.airflow.providers.standard.hooks.subprocess.SubprocessHook","filename":"subprocess.py","lineno":99}
{"timestamp":"2026-06-02T16:12:38.784641Z","level":"info","event":"Tải dữ liệu vào table: investment hoàn tất !!!!!!!! 2026 1","logger":"airflow.task.hooks.airflow.providers.standard.hooks.subprocess.SubprocessHook","filename":"subprocess.py","lineno":99}
{"timestamp":"2026-06-02T16:12:38.784955Z","level":"info","event":"Tải thành công dữ liệu từ file: tháng: 3 - năm: 2026 lên SILVER LAYER","logger":"airflow.task.hooks.airflow.providers.standard.hooks.subprocess.SubprocessHook","filename":"subprocess.py","lineno":99}
{"timestamp":"2026-06-02T16:12:38.935159Z","level":"info","event":"26/06/02 16:12:38 INFO SparkContext: Invoking stop() from shutdown hook","logger":"airflow.task.hooks.airflow.providers.standard.hooks.subprocess.SubprocessHook","filename":"subprocess.py","lineno":99}
{"timestamp":"2026-06-02T16:12:38.935318Z","level":"info","event":"26/06/02 16:12:38 INFO SparkContext: SparkContext is stopping with exitCode 0.","logger":"airflow.task.hooks.airflow.providers.standard.hooks.subprocess.SubprocessHook","filename":"subprocess.py","lineno":99}
{"timestamp":"2026-06-02T16:12:38.944351Z","level":"info","event":"26/06/02 16:12:38 INFO SparkUI: Stopped Spark web UI at http://ac0ccb30c6a7:4040","logger":"airflow.task.hooks.airflow.providers.standard.hooks.subprocess.SubprocessHook","filename":"subprocess.py","lineno":99}
{"timestamp":"2026-06-02T16:12:38.966360Z","level":"info","event":"26/06/02 16:12:38 INFO MapOutputTrackerMasterEndpoint: MapOutputTrackerMasterEndpoint stopped!","logger":"airflow.task.hooks.airflow.providers.standard.hooks.subprocess.SubprocessHook","filename":"subprocess.py","lineno":99}
{"timestamp":"2026-06-02T16:12:38.988209Z","level":"info","event":"26/06/02 16:12:38 INFO MemoryStore: MemoryStore cleared","logger":"airflow.task.hooks.airflow.providers.standard.hooks.subprocess.SubprocessHook","filename":"subprocess.py","lineno":99}
{"timestamp":"2026-06-02T16:12:38.988464Z","level":"info","event":"26/06/02 16:12:38 INFO BlockManager: BlockManager stopped","logger":"airflow.task.hooks.airflow.providers.standard.hooks.subprocess.SubprocessHook","filename":"subprocess.py","lineno":99}
{"timestamp":"2026-06-02T16:12:38.993222Z","level":"info","event":"26/06/02 16:12:38 INFO BlockManagerMaster: BlockManagerMaster stopped","logger":"airflow.task.hooks.airflow.providers.standard.hooks.subprocess.SubprocessHook","filename":"subprocess.py","lineno":99}
{"timestamp":"2026-06-02T16:12:38.996816Z","level":"info","event":"26/06/02 16:12:38 INFO OutputCommitCoordinator$OutputCommitCoordinatorEndpoint: OutputCommitCoordinator stopped!","logger":"airflow.task.hooks.airflow.providers.standard.hooks.subprocess.SubprocessHook","filename":"subprocess.py","lineno":99}
{"timestamp":"2026-06-02T16:12:39.008837Z","level":"info","event":"26/06/02 16:12:39 INFO SparkContext: Successfully stopped SparkContext","logger":"airflow.task.hooks.airflow.providers.standard.hooks.subprocess.SubprocessHook","filename":"subprocess.py","lineno":99}
{"timestamp":"2026-06-02T16:12:39.009137Z","level":"info","event":"26/06/02 16:12:39 INFO ShutdownHookManager: Shutdown hook called","logger":"airflow.task.hooks.airflow.providers.standard.hooks.subprocess.SubprocessHook","filename":"subprocess.py","lineno":99}
{"timestamp":"2026-06-02T16:12:39.009271Z","level":"info","event":"26/06/02 16:12:39 INFO ShutdownHookManager: Deleting directory /tmp/spark-a8d037f9-f5c5-440b-ad14-534b80e370af","logger":"airflow.task.hooks.airflow.providers.standard.hooks.subprocess.SubprocessHook","filename":"subprocess.py","lineno":99}
{"timestamp":"2026-06-02T16:12:39.013762Z","level":"info","event":"26/06/02 16:12:39 INFO ShutdownHookManager: Deleting directory /tmp/spark-c4e8359c-9987-42ae-82c7-e1a625d6508f","logger":"airflow.task.hooks.airflow.providers.standard.hooks.subprocess.SubprocessHook","filename":"subprocess.py","lineno":99}
{"timestamp":"2026-06-02T16:12:39.020899Z","level":"info","event":"26/06/02 16:12:39 INFO ShutdownHookManager: Deleting directory /tmp/spark-c4e8359c-9987-42ae-82c7-e1a625d6508f/pyspark-c741657b-a212-4530-ac62-a34af9919e26","logger":"airflow.task.hooks.airflow.providers.standard.hooks.subprocess.SubprocessHook","filename":"subprocess.py","lineno":99}
{"timestamp":"2026-06-02T16:12:39.033478Z","level":"info","event":"26/06/02 16:12:39 INFO MetricsSystemImpl: Stopping s3a-file-system metrics system...","logger":"airflow.task.hooks.airflow.providers.standard.hooks.subprocess.SubprocessHook","filename":"subprocess.py","lineno":99}
{"timestamp":"2026-06-02T16:12:39.033811Z","level":"info","event":"26/06/02 16:12:39 INFO MetricsSystemImpl: s3a-file-system metrics system stopped.","logger":"airflow.task.hooks.airflow.providers.standard.hooks.subprocess.SubprocessHook","filename":"subprocess.py","lineno":99}
{"timestamp":"2026-06-02T16:12:39.033939Z","level":"info","event":"26/06/02 16:12:39 INFO MetricsSystemImpl: s3a-file-system metrics system shutdown complete.","logger":"airflow.task.hooks.airflow.providers.standard.hooks.subprocess.SubprocessHook","filename":"subprocess.py","lineno":99}
{"timestamp":"2026-06-02T16:12:39.170231Z","level":"info","event":"Command exited with return code 0","logger":"airflow.task.hooks.airflow.providers.standard.hooks.subprocess.SubprocessHook","filename":"subprocess.py","lineno":103}
{"timestamp":"2026-06-02T16:12:39.170786Z","level":"info","event":"Pushing xcom","ti":"RuntimeTaskInstance(id=UUID('019e891b-892d-749c-bb66-e9a31285c597'), task_id='transform_and_load_data_to_silver', dag_id='Initiation_Report_Data_Dag', run_id='manual__2026-06-02T16:12:23.717271+00:00', try_number=1, dag_version_id=UUID('019e88e4-f1d1-702e-a409-f135b5a87310'), map_index=-1, hostname='8c3647331b72', context_carrier={'traceparent': '00-f6c1b42fe10ae2d37da49014812fa041-c6f51c87e498a298-01'}, task=<Task(BashOperator): transform_and_load_data_to_silver>, bundle_instance=LocalDagBundle(name=dags-folder), max_tries=0, start_date=datetime.datetime(2026, 6, 2, 16, 12, 24, 101714, tzinfo=datetime.timezone.utc), end_date=None, state=<TaskInstanceState.RUNNING: 'running'>, is_mapped=False, rendered_map_index=None, sentry_integration='')","logger":"task","filename":"task_runner.py","lineno":1724}
