{"timestamp":"2026-06-02T14:19:20.032606Z","level":"info","event":"DAG bundles loaded: dags-folder","logger":"airflow.dag_processing.bundles.manager.DagBundlesManager","filename":"manager.py","lineno":209}
{"timestamp":"2026-06-02T14:19:20.035770Z","level":"info","event":"Filling up the DagBag from /opt/airflow/dags/init_report_data_dag.py","logger":"airflow.dag_processing.dagbag.BundleDagBag","filename":"dagbag.py","lineno":469}
{"timestamp":"2026-06-02T14:19:20.048265Z","level":"warning","event":"The `airflow.operators.python.PythonOperator` attribute is deprecated. Please use `'airflow.providers.standard.operators.python.PythonOperator'`.","category":"UserWarning","filename":"/opt/airflow/dags/init_report_data_dag.py","lineno":2,"logger":"py.warnings"}
{"timestamp":"2026-06-02T14:19:20.048413Z","level":"warning","event":"The `airflow.operators.bash.BashOperator` attribute is deprecated. Please use `'airflow.providers.standard.operators.bash.BashOperator'`.","category":"UserWarning","filename":"/opt/airflow/dags/init_report_data_dag.py","lineno":3,"logger":"py.warnings"}
{"timestamp":"2026-06-02T14:19:20.070782Z","level":"info","event":"Tmp dir root location: /tmp","logger":"airflow.task.hooks.airflow.providers.standard.hooks.subprocess.SubprocessHook","filename":"subprocess.py","lineno":78}
{"timestamp":"2026-06-02T14:19:20.071342Z","level":"info","event":"Running command: ['/usr/bin/bash', '-c', 'docker exec spark-master /opt/spark/bin/spark-submit silver/Extract_Data_From_Excel_Reports.py']","logger":"airflow.task.hooks.airflow.providers.standard.hooks.subprocess.SubprocessHook","filename":"subprocess.py","lineno":80}
{"timestamp":"2026-06-02T14:19:20.072137Z","level":"info","event":"Output:","logger":"airflow.task.hooks.airflow.providers.standard.hooks.subprocess.SubprocessHook","filename":"subprocess.py","lineno":92}
{"timestamp":"2026-06-02T14:19:22.667725Z","level":"info","event":"/opt/spark/python/lib/pyspark.zip/pyspark/pandas/__init__.py:50: UserWarning: 'PYARROW_IGNORE_TIMEZONE' environment variable was not set. It is required to set this environment variable to '1' in both driver and executor sides if you use pyarrow>=2.0.0. pandas-on-Spark will set it for you but it does not work if there is a Spark context already launched.","logger":"airflow.task.hooks.airflow.providers.standard.hooks.subprocess.SubprocessHook","filename":"subprocess.py","lineno":99}
{"timestamp":"2026-06-02T14:19:23.545881Z","level":"info","event":"26/06/02 14:19:23 INFO SparkContext: Running Spark version 3.5.8","logger":"airflow.task.hooks.airflow.providers.standard.hooks.subprocess.SubprocessHook","filename":"subprocess.py","lineno":99}
{"timestamp":"2026-06-02T14:19:23.547782Z","level":"info","event":"26/06/02 14:19:23 INFO SparkContext: OS info Linux, 6.6.87.2-microsoft-standard-WSL2, amd64","logger":"airflow.task.hooks.airflow.providers.standard.hooks.subprocess.SubprocessHook","filename":"subprocess.py","lineno":99}
{"timestamp":"2026-06-02T14:19:23.547895Z","level":"info","event":"26/06/02 14:19:23 INFO SparkContext: Java version 11.0.29","logger":"airflow.task.hooks.airflow.providers.standard.hooks.subprocess.SubprocessHook","filename":"subprocess.py","lineno":99}
{"timestamp":"2026-06-02T14:19:23.607188Z","level":"info","event":"26/06/02 14:19:23 WARN NativeCodeLoader: Unable to load native-hadoop library for your platform... using builtin-java classes where applicable","logger":"airflow.task.hooks.airflow.providers.standard.hooks.subprocess.SubprocessHook","filename":"subprocess.py","lineno":99}
{"timestamp":"2026-06-02T14:19:23.678801Z","level":"info","event":"26/06/02 14:19:23 INFO ResourceUtils: ==============================================================","logger":"airflow.task.hooks.airflow.providers.standard.hooks.subprocess.SubprocessHook","filename":"subprocess.py","lineno":99}
{"timestamp":"2026-06-02T14:19:23.679107Z","level":"info","event":"26/06/02 14:19:23 INFO ResourceUtils: No custom resources configured for spark.driver.","logger":"airflow.task.hooks.airflow.providers.standard.hooks.subprocess.SubprocessHook","filename":"subprocess.py","lineno":99}
{"timestamp":"2026-06-02T14:19:23.679319Z","level":"info","event":"26/06/02 14:19:23 INFO ResourceUtils: ==============================================================","logger":"airflow.task.hooks.airflow.providers.standard.hooks.subprocess.SubprocessHook","filename":"subprocess.py","lineno":99}
{"timestamp":"2026-06-02T14:19:23.679395Z","level":"info","event":"26/06/02 14:19:23 INFO SparkContext: Submitted application: Delta-MinIO","logger":"airflow.task.hooks.airflow.providers.standard.hooks.subprocess.SubprocessHook","filename":"subprocess.py","lineno":99}
{"timestamp":"2026-06-02T14:19:23.696782Z","level":"info","event":"26/06/02 14:19:23 INFO ResourceProfile: Default ResourceProfile created, executor resources: Map(cores -> name: cores, amount: 1, script: , vendor: , memory -> name: memory, amount: 1024, script: , vendor: , offHeap -> name: offHeap, amount: 0, script: , vendor: ), task resources: Map(cpus -> name: cpus, amount: 1.0)","logger":"airflow.task.hooks.airflow.providers.standard.hooks.subprocess.SubprocessHook","filename":"subprocess.py","lineno":99}
{"timestamp":"2026-06-02T14:19:23.705383Z","level":"info","event":"26/06/02 14:19:23 INFO ResourceProfile: Limiting resource is cpu","logger":"airflow.task.hooks.airflow.providers.standard.hooks.subprocess.SubprocessHook","filename":"subprocess.py","lineno":99}
{"timestamp":"2026-06-02T14:19:23.705850Z","level":"info","event":"26/06/02 14:19:23 INFO ResourceProfileManager: Added ResourceProfile id: 0","logger":"airflow.task.hooks.airflow.providers.standard.hooks.subprocess.SubprocessHook","filename":"subprocess.py","lineno":99}
{"timestamp":"2026-06-02T14:19:23.749570Z","level":"info","event":"26/06/02 14:19:23 INFO SecurityManager: Changing view acls to: spark","logger":"airflow.task.hooks.airflow.providers.standard.hooks.subprocess.SubprocessHook","filename":"subprocess.py","lineno":99}
{"timestamp":"2026-06-02T14:19:23.749787Z","level":"info","event":"26/06/02 14:19:23 INFO SecurityManager: Changing modify acls to: spark","logger":"airflow.task.hooks.airflow.providers.standard.hooks.subprocess.SubprocessHook","filename":"subprocess.py","lineno":99}
{"timestamp":"2026-06-02T14:19:23.749857Z","level":"info","event":"26/06/02 14:19:23 INFO SecurityManager: Changing view acls groups to:","logger":"airflow.task.hooks.airflow.providers.standard.hooks.subprocess.SubprocessHook","filename":"subprocess.py","lineno":99}
{"timestamp":"2026-06-02T14:19:23.750264Z","level":"info","event":"26/06/02 14:19:23 INFO SecurityManager: Changing modify acls groups to:","logger":"airflow.task.hooks.airflow.providers.standard.hooks.subprocess.SubprocessHook","filename":"subprocess.py","lineno":99}
{"timestamp":"2026-06-02T14:19:23.750349Z","level":"info","event":"26/06/02 14:19:23 INFO SecurityManager: SecurityManager: authentication disabled; ui acls disabled; users with view permissions: spark; groups with view permissions: EMPTY; users with modify permissions: spark; groups with modify permissions: EMPTY","logger":"airflow.task.hooks.airflow.providers.standard.hooks.subprocess.SubprocessHook","filename":"subprocess.py","lineno":99}
{"timestamp":"2026-06-02T14:19:23.936890Z","level":"info","event":"26/06/02 14:19:23 INFO Utils: Successfully started service 'sparkDriver' on port 33037.","logger":"airflow.task.hooks.airflow.providers.standard.hooks.subprocess.SubprocessHook","filename":"subprocess.py","lineno":99}
{"timestamp":"2026-06-02T14:19:23.966825Z","level":"info","event":"26/06/02 14:19:23 INFO SparkEnv: Registering MapOutputTracker","logger":"airflow.task.hooks.airflow.providers.standard.hooks.subprocess.SubprocessHook","filename":"subprocess.py","lineno":99}
{"timestamp":"2026-06-02T14:19:23.997864Z","level":"info","event":"26/06/02 14:19:23 INFO SparkEnv: Registering BlockManagerMaster","logger":"airflow.task.hooks.airflow.providers.standard.hooks.subprocess.SubprocessHook","filename":"subprocess.py","lineno":99}
{"timestamp":"2026-06-02T14:19:24.013720Z","level":"info","event":"26/06/02 14:19:24 INFO BlockManagerMasterEndpoint: Using org.apache.spark.storage.DefaultTopologyMapper for getting topology information","logger":"airflow.task.hooks.airflow.providers.standard.hooks.subprocess.SubprocessHook","filename":"subprocess.py","lineno":99}
{"timestamp":"2026-06-02T14:19:24.013901Z","level":"info","event":"26/06/02 14:19:24 INFO BlockManagerMasterEndpoint: BlockManagerMasterEndpoint up","logger":"airflow.task.hooks.airflow.providers.standard.hooks.subprocess.SubprocessHook","filename":"subprocess.py","lineno":99}
{"timestamp":"2026-06-02T14:19:24.018204Z","level":"info","event":"26/06/02 14:19:24 INFO SparkEnv: Registering BlockManagerMasterHeartbeat","logger":"airflow.task.hooks.airflow.providers.standard.hooks.subprocess.SubprocessHook","filename":"subprocess.py","lineno":99}
{"timestamp":"2026-06-02T14:19:24.034275Z","level":"info","event":"26/06/02 14:19:24 INFO DiskBlockManager: Created local directory at /tmp/blockmgr-583f8495-3648-4ba8-82f2-4de4c06fc2fa","logger":"airflow.task.hooks.airflow.providers.standard.hooks.subprocess.SubprocessHook","filename":"subprocess.py","lineno":99}
{"timestamp":"2026-06-02T14:19:24.044678Z","level":"info","event":"26/06/02 14:19:24 INFO MemoryStore: MemoryStore started with capacity 434.4 MiB","logger":"airflow.task.hooks.airflow.providers.standard.hooks.subprocess.SubprocessHook","filename":"subprocess.py","lineno":99}
{"timestamp":"2026-06-02T14:19:24.055283Z","level":"info","event":"26/06/02 14:19:24 INFO SparkEnv: Registering OutputCommitCoordinator","logger":"airflow.task.hooks.airflow.providers.standard.hooks.subprocess.SubprocessHook","filename":"subprocess.py","lineno":99}
{"timestamp":"2026-06-02T14:19:24.158274Z","level":"info","event":"26/06/02 14:19:24 INFO JettyUtils: Start Jetty 0.0.0.0:4040 for SparkUI","logger":"airflow.task.hooks.airflow.providers.standard.hooks.subprocess.SubprocessHook","filename":"subprocess.py","lineno":99}
{"timestamp":"2026-06-02T14:19:24.210771Z","level":"info","event":"26/06/02 14:19:24 INFO Utils: Successfully started service 'SparkUI' on port 4040.","logger":"airflow.task.hooks.airflow.providers.standard.hooks.subprocess.SubprocessHook","filename":"subprocess.py","lineno":99}
{"timestamp":"2026-06-02T14:19:24.298367Z","level":"info","event":"26/06/02 14:19:24 INFO Executor: Starting executor ID driver on host ac0ccb30c6a7","logger":"airflow.task.hooks.airflow.providers.standard.hooks.subprocess.SubprocessHook","filename":"subprocess.py","lineno":99}
{"timestamp":"2026-06-02T14:19:24.298534Z","level":"info","event":"26/06/02 14:19:24 INFO Executor: OS info Linux, 6.6.87.2-microsoft-standard-WSL2, amd64","logger":"airflow.task.hooks.airflow.providers.standard.hooks.subprocess.SubprocessHook","filename":"subprocess.py","lineno":99}
{"timestamp":"2026-06-02T14:19:24.298573Z","level":"info","event":"26/06/02 14:19:24 INFO Executor: Java version 11.0.29","logger":"airflow.task.hooks.airflow.providers.standard.hooks.subprocess.SubprocessHook","filename":"subprocess.py","lineno":99}
{"timestamp":"2026-06-02T14:19:24.304920Z","level":"info","event":"26/06/02 14:19:24 INFO Executor: Starting executor with user classpath (userClassPathFirst = false): ''","logger":"airflow.task.hooks.airflow.providers.standard.hooks.subprocess.SubprocessHook","filename":"subprocess.py","lineno":99}
{"timestamp":"2026-06-02T14:19:24.305109Z","level":"info","event":"26/06/02 14:19:24 INFO Executor: Created or updated repl class loader org.apache.spark.util.MutableURLClassLoader@74dcef2c for default.","logger":"airflow.task.hooks.airflow.providers.standard.hooks.subprocess.SubprocessHook","filename":"subprocess.py","lineno":99}
{"timestamp":"2026-06-02T14:19:24.331104Z","level":"info","event":"26/06/02 14:19:24 INFO Utils: Successfully started service 'org.apache.spark.network.netty.NettyBlockTransferService' on port 35159.","logger":"airflow.task.hooks.airflow.providers.standard.hooks.subprocess.SubprocessHook","filename":"subprocess.py","lineno":99}
{"timestamp":"2026-06-02T14:19:24.331279Z","level":"info","event":"26/06/02 14:19:24 INFO NettyBlockTransferService: Server created on ac0ccb30c6a7:35159","logger":"airflow.task.hooks.airflow.providers.standard.hooks.subprocess.SubprocessHook","filename":"subprocess.py","lineno":99}
{"timestamp":"2026-06-02T14:19:24.332588Z","level":"info","event":"26/06/02 14:19:24 INFO BlockManager: Using org.apache.spark.storage.RandomBlockReplicationPolicy for block replication policy","logger":"airflow.task.hooks.airflow.providers.standard.hooks.subprocess.SubprocessHook","filename":"subprocess.py","lineno":99}
{"timestamp":"2026-06-02T14:19:24.338767Z","level":"info","event":"26/06/02 14:19:24 INFO BlockManagerMaster: Registering BlockManager BlockManagerId(driver, ac0ccb30c6a7, 35159, None)","logger":"airflow.task.hooks.airflow.providers.standard.hooks.subprocess.SubprocessHook","filename":"subprocess.py","lineno":99}
{"timestamp":"2026-06-02T14:19:24.341684Z","level":"info","event":"26/06/02 14:19:24 INFO BlockManagerMasterEndpoint: Registering block manager ac0ccb30c6a7:35159 with 434.4 MiB RAM, BlockManagerId(driver, ac0ccb30c6a7, 35159, None)","logger":"airflow.task.hooks.airflow.providers.standard.hooks.subprocess.SubprocessHook","filename":"subprocess.py","lineno":99}
{"timestamp":"2026-06-02T14:19:24.343962Z","level":"info","event":"26/06/02 14:19:24 INFO BlockManagerMaster: Registered BlockManager BlockManagerId(driver, ac0ccb30c6a7, 35159, None)","logger":"airflow.task.hooks.airflow.providers.standard.hooks.subprocess.SubprocessHook","filename":"subprocess.py","lineno":99}
{"timestamp":"2026-06-02T14:19:24.344994Z","level":"info","event":"26/06/02 14:19:24 INFO BlockManager: Initialized BlockManager: BlockManagerId(driver, ac0ccb30c6a7, 35159, None)","logger":"airflow.task.hooks.airflow.providers.standard.hooks.subprocess.SubprocessHook","filename":"subprocess.py","lineno":99}
{"timestamp":"2026-06-02T14:19:24.666267Z","level":"info","event":"Dang lay danh sach duong dan file excel trong bucket = bronze, prefix = economic_report_excel_files/","logger":"airflow.task.hooks.airflow.providers.standard.hooks.subprocess.SubprocessHook","filename":"subprocess.py","lineno":99}
{"timestamp":"2026-06-02T14:19:24.666420Z","level":"info","event":"GET FILE EXCEL PATHS SUCCESSFULLY !!!!","logger":"airflow.task.hooks.airflow.providers.standard.hooks.subprocess.SubprocessHook","filename":"subprocess.py","lineno":99}
{"timestamp":"2026-06-02T14:19:24.955239Z","level":"info","event":"duyệt qua từng đường dẫn đọc file và trích xuất dữ liệu","logger":"airflow.task.hooks.airflow.providers.standard.hooks.subprocess.SubprocessHook","filename":"subprocess.py","lineno":99}
{"timestamp":"2026-06-02T14:19:24.955392Z","level":"info","event":"FILE EXCEL: YEAR : 2025, MONTH = 12","logger":"airflow.task.hooks.airflow.providers.standard.hooks.subprocess.SubprocessHook","filename":"subprocess.py","lineno":99}
{"timestamp":"2026-06-02T14:19:24.962457Z","level":"info","event":"-1","logger":"airflow.task.hooks.airflow.providers.standard.hooks.subprocess.SubprocessHook","filename":"subprocess.py","lineno":99}
{"timestamp":"2026-06-02T14:19:24.965328Z","level":"info","event":"-1","logger":"airflow.task.hooks.airflow.providers.standard.hooks.subprocess.SubprocessHook","filename":"subprocess.py","lineno":99}
{"timestamp":"2026-06-02T14:19:24.971626Z","level":"info","event":"-1","logger":"airflow.task.hooks.airflow.providers.standard.hooks.subprocess.SubprocessHook","filename":"subprocess.py","lineno":99}
{"timestamp":"2026-06-02T14:19:24.974322Z","level":"info","event":"-1","logger":"airflow.task.hooks.airflow.providers.standard.hooks.subprocess.SubprocessHook","filename":"subprocess.py","lineno":99}
{"timestamp":"2026-06-02T14:19:24.977246Z","level":"info","event":"-1","logger":"airflow.task.hooks.airflow.providers.standard.hooks.subprocess.SubprocessHook","filename":"subprocess.py","lineno":99}
{"timestamp":"2026-06-02T14:19:24.979382Z","level":"info","event":"-1","logger":"airflow.task.hooks.airflow.providers.standard.hooks.subprocess.SubprocessHook","filename":"subprocess.py","lineno":99}
{"timestamp":"2026-06-02T14:19:24.981234Z","level":"info","event":"-1","logger":"airflow.task.hooks.airflow.providers.standard.hooks.subprocess.SubprocessHook","filename":"subprocess.py","lineno":99}
{"timestamp":"2026-06-02T14:19:24.982936Z","level":"info","event":"-1","logger":"airflow.task.hooks.airflow.providers.standard.hooks.subprocess.SubprocessHook","filename":"subprocess.py","lineno":99}
{"timestamp":"2026-06-02T14:19:24.985769Z","level":"info","event":"-1","logger":"airflow.task.hooks.airflow.providers.standard.hooks.subprocess.SubprocessHook","filename":"subprocess.py","lineno":99}
{"timestamp":"2026-06-02T14:19:24.989286Z","level":"info","event":"-1","logger":"airflow.task.hooks.airflow.providers.standard.hooks.subprocess.SubprocessHook","filename":"subprocess.py","lineno":99}
{"timestamp":"2026-06-02T14:19:24.992333Z","level":"info","event":"-1","logger":"airflow.task.hooks.airflow.providers.standard.hooks.subprocess.SubprocessHook","filename":"subprocess.py","lineno":99}
{"timestamp":"2026-06-02T14:19:24.995425Z","level":"info","event":"11","logger":"airflow.task.hooks.airflow.providers.standard.hooks.subprocess.SubprocessHook","filename":"subprocess.py","lineno":99}
{"timestamp":"2026-06-02T14:19:25.026739Z","level":"info","event":"Bắt đầu insert dữ liệu vào SILVER layer","logger":"airflow.task.hooks.airflow.providers.standard.hooks.subprocess.SubprocessHook","filename":"subprocess.py","lineno":99}
{"timestamp":"2026-06-02T14:19:25.071136Z","level":"info","event":"26/06/02 14:19:25 INFO SharedState: Setting hive.metastore.warehouse.dir ('null') to the value of spark.sql.warehouse.dir.","logger":"airflow.task.hooks.airflow.providers.standard.hooks.subprocess.SubprocessHook","filename":"subprocess.py","lineno":99}
{"timestamp":"2026-06-02T14:19:25.199948Z","level":"info","event":"26/06/02 14:19:25 WARN MetricsConfig: Cannot locate configuration: tried hadoop-metrics2-s3a-file-system.properties,hadoop-metrics2.properties","logger":"airflow.task.hooks.airflow.providers.standard.hooks.subprocess.SubprocessHook","filename":"subprocess.py","lineno":99}
{"timestamp":"2026-06-02T14:19:25.210722Z","level":"info","event":"26/06/02 14:19:25 INFO MetricsSystemImpl: Scheduled Metric snapshot period at 10 second(s).","logger":"airflow.task.hooks.airflow.providers.standard.hooks.subprocess.SubprocessHook","filename":"subprocess.py","lineno":99}
{"timestamp":"2026-06-02T14:19:25.210878Z","level":"info","event":"26/06/02 14:19:25 INFO MetricsSystemImpl: s3a-file-system metrics system started","logger":"airflow.task.hooks.airflow.providers.standard.hooks.subprocess.SubprocessHook","filename":"subprocess.py","lineno":99}
{"timestamp":"2026-06-02T14:19:25.758776Z","level":"info","event":"26/06/02 14:19:25 INFO SharedState: Warehouse path is 's3a://warehouse/'.","logger":"airflow.task.hooks.airflow.providers.standard.hooks.subprocess.SubprocessHook","filename":"subprocess.py","lineno":99}
{"timestamp":"2026-06-02T14:19:27.279686Z","level":"info","event":"root","logger":"airflow.task.hooks.airflow.providers.standard.hooks.subprocess.SubprocessHook","filename":"subprocess.py","lineno":99}
{"timestamp":"2026-06-02T14:19:27.279922Z","level":"info","event":" |-- product_name: string (nullable = true)","logger":"airflow.task.hooks.airflow.providers.standard.hooks.subprocess.SubprocessHook","filename":"subprocess.py","lineno":99}
{"timestamp":"2026-06-02T14:19:27.280002Z","level":"info","event":" |-- unit: string (nullable = true)","logger":"airflow.task.hooks.airflow.providers.standard.hooks.subprocess.SubprocessHook","filename":"subprocess.py","lineno":99}
{"timestamp":"2026-06-02T14:19:27.280150Z","level":"info","event":" |-- value: double (nullable = true)","logger":"airflow.task.hooks.airflow.providers.standard.hooks.subprocess.SubprocessHook","filename":"subprocess.py","lineno":99}
{"timestamp":"2026-06-02T14:19:27.280215Z","level":"info","event":" |-- month: long (nullable = true)","logger":"airflow.task.hooks.airflow.providers.standard.hooks.subprocess.SubprocessHook","filename":"subprocess.py","lineno":99}
{"timestamp":"2026-06-02T14:19:27.280240Z","level":"info","event":" |-- quarter: integer (nullable = true)","logger":"airflow.task.hooks.airflow.providers.standard.hooks.subprocess.SubprocessHook","filename":"subprocess.py","lineno":99}
{"timestamp":"2026-06-02T14:19:27.280259Z","level":"info","event":" |-- year: integer (nullable = true)","logger":"airflow.task.hooks.airflow.providers.standard.hooks.subprocess.SubprocessHook","filename":"subprocess.py","lineno":99}
{"timestamp":"2026-06-02T14:19:27.280276Z","level":"info","event":" |-- ingest_at: timestamp (nullable = true)","logger":"airflow.task.hooks.airflow.providers.standard.hooks.subprocess.SubprocessHook","filename":"subprocess.py","lineno":99}
{"timestamp":"2026-06-02T14:19:27.280294Z","level":"info","event":"","logger":"airflow.task.hooks.airflow.providers.standard.hooks.subprocess.SubprocessHook","filename":"subprocess.py","lineno":99}
{"timestamp":"2026-06-02T14:19:27.280314Z","level":"info","event":"Đang tải dữ liệu vào SILVER.Industry_product !!!!!","logger":"airflow.task.hooks.airflow.providers.standard.hooks.subprocess.SubprocessHook","filename":"subprocess.py","lineno":99}
{"timestamp":"2026-06-02T14:19:28.063094Z","level":"info","event":"26/06/02 14:19:28 INFO CodeGenerator: Code generated in 154.095887 ms","logger":"airflow.task.hooks.airflow.providers.standard.hooks.subprocess.SubprocessHook","filename":"subprocess.py","lineno":99}
{"timestamp":"2026-06-02T14:19:28.111969Z","level":"info","event":"26/06/02 14:19:28 INFO SparkContext: Starting job: showString at NativeMethodAccessorImpl.java:0","logger":"airflow.task.hooks.airflow.providers.standard.hooks.subprocess.SubprocessHook","filename":"subprocess.py","lineno":99}
{"timestamp":"2026-06-02T14:19:28.124664Z","level":"info","event":"26/06/02 14:19:28 INFO DAGScheduler: Got job 0 (showString at NativeMethodAccessorImpl.java:0) with 1 output partitions","logger":"airflow.task.hooks.airflow.providers.standard.hooks.subprocess.SubprocessHook","filename":"subprocess.py","lineno":99}
{"timestamp":"2026-06-02T14:19:28.124841Z","level":"info","event":"26/06/02 14:19:28 INFO DAGScheduler: Final stage: ResultStage 0 (showString at NativeMethodAccessorImpl.java:0)","logger":"airflow.task.hooks.airflow.providers.standard.hooks.subprocess.SubprocessHook","filename":"subprocess.py","lineno":99}
{"timestamp":"2026-06-02T14:19:28.124882Z","level":"info","event":"26/06/02 14:19:28 INFO DAGScheduler: Parents of final stage: List()","logger":"airflow.task.hooks.airflow.providers.standard.hooks.subprocess.SubprocessHook","filename":"subprocess.py","lineno":99}
{"timestamp":"2026-06-02T14:19:28.128986Z","level":"info","event":"26/06/02 14:19:28 INFO DAGScheduler: Missing parents: List()","logger":"airflow.task.hooks.airflow.providers.standard.hooks.subprocess.SubprocessHook","filename":"subprocess.py","lineno":99}
{"timestamp":"2026-06-02T14:19:28.132102Z","level":"info","event":"26/06/02 14:19:28 INFO DAGScheduler: Submitting ResultStage 0 (MapPartitionsRDD[6] at showString at NativeMethodAccessorImpl.java:0), which has no missing parents","logger":"airflow.task.hooks.airflow.providers.standard.hooks.subprocess.SubprocessHook","filename":"subprocess.py","lineno":99}
{"timestamp":"2026-06-02T14:19:28.223051Z","level":"info","event":"26/06/02 14:19:28 INFO MemoryStore: Block broadcast_0 stored as values in memory (estimated size 15.8 KiB, free 434.4 MiB)","logger":"airflow.task.hooks.airflow.providers.standard.hooks.subprocess.SubprocessHook","filename":"subprocess.py","lineno":99}
{"timestamp":"2026-06-02T14:19:28.257925Z","level":"info","event":"26/06/02 14:19:28 INFO MemoryStore: Block broadcast_0_piece0 stored as bytes in memory (estimated size 7.7 KiB, free 434.4 MiB)","logger":"airflow.task.hooks.airflow.providers.standard.hooks.subprocess.SubprocessHook","filename":"subprocess.py","lineno":99}
{"timestamp":"2026-06-02T14:19:28.261274Z","level":"info","event":"26/06/02 14:19:28 INFO BlockManagerInfo: Added broadcast_0_piece0 in memory on ac0ccb30c6a7:35159 (size: 7.7 KiB, free: 434.4 MiB)","logger":"airflow.task.hooks.airflow.providers.standard.hooks.subprocess.SubprocessHook","filename":"subprocess.py","lineno":99}
{"timestamp":"2026-06-02T14:19:28.264765Z","level":"info","event":"26/06/02 14:19:28 INFO SparkContext: Created broadcast 0 from broadcast at DAGScheduler.scala:1611","logger":"airflow.task.hooks.airflow.providers.standard.hooks.subprocess.SubprocessHook","filename":"subprocess.py","lineno":99}
{"timestamp":"2026-06-02T14:19:28.276815Z","level":"info","event":"26/06/02 14:19:28 INFO DAGScheduler: Submitting 1 missing tasks from ResultStage 0 (MapPartitionsRDD[6] at showString at NativeMethodAccessorImpl.java:0) (first 15 tasks are for partitions Vector(0))","logger":"airflow.task.hooks.airflow.providers.standard.hooks.subprocess.SubprocessHook","filename":"subprocess.py","lineno":99}
{"timestamp":"2026-06-02T14:19:28.277534Z","level":"info","event":"26/06/02 14:19:28 INFO TaskSchedulerImpl: Adding task set 0.0 with 1 tasks resource profile 0","logger":"airflow.task.hooks.airflow.providers.standard.hooks.subprocess.SubprocessHook","filename":"subprocess.py","lineno":99}
{"timestamp":"2026-06-02T14:19:28.314243Z","level":"info","event":"26/06/02 14:19:28 INFO TaskSetManager: Starting task 0.0 in stage 0.0 (TID 0) (ac0ccb30c6a7, executor driver, partition 0, PROCESS_LOCAL, 9133 bytes)","logger":"airflow.task.hooks.airflow.providers.standard.hooks.subprocess.SubprocessHook","filename":"subprocess.py","lineno":99}
{"timestamp":"2026-06-02T14:19:28.327197Z","level":"info","event":"26/06/02 14:19:28 INFO Executor: Running task 0.0 in stage 0.0 (TID 0)","logger":"airflow.task.hooks.airflow.providers.standard.hooks.subprocess.SubprocessHook","filename":"subprocess.py","lineno":99}
{"timestamp":"2026-06-02T14:19:28.858833Z","level":"info","event":"26/06/02 14:19:28 INFO CodeGenerator: Code generated in 23.376667 ms","logger":"airflow.task.hooks.airflow.providers.standard.hooks.subprocess.SubprocessHook","filename":"subprocess.py","lineno":99}
{"timestamp":"2026-06-02T14:19:28.944428Z","level":"info","event":"26/06/02 14:19:28 INFO PythonRunner: Times: total = 523, boot = 426, init = 97, finish = 0","logger":"airflow.task.hooks.airflow.providers.standard.hooks.subprocess.SubprocessHook","filename":"subprocess.py","lineno":99}
{"timestamp":"2026-06-02T14:19:28.977106Z","level":"info","event":"26/06/02 14:19:28 INFO Executor: Finished task 0.0 in stage 0.0 (TID 0). 2202 bytes result sent to driver","logger":"airflow.task.hooks.airflow.providers.standard.hooks.subprocess.SubprocessHook","filename":"subprocess.py","lineno":99}
{"timestamp":"2026-06-02T14:19:28.988401Z","level":"info","event":"26/06/02 14:19:28 INFO TaskSetManager: Finished task 0.0 in stage 0.0 (TID 0) in 685 ms on ac0ccb30c6a7 (executor driver) (1/1)","logger":"airflow.task.hooks.airflow.providers.standard.hooks.subprocess.SubprocessHook","filename":"subprocess.py","lineno":99}
{"timestamp":"2026-06-02T14:19:28.990060Z","level":"info","event":"26/06/02 14:19:28 INFO TaskSchedulerImpl: Removed TaskSet 0.0, whose tasks have all completed, from pool","logger":"airflow.task.hooks.airflow.providers.standard.hooks.subprocess.SubprocessHook","filename":"subprocess.py","lineno":99}
{"timestamp":"2026-06-02T14:19:28.992807Z","level":"info","event":"26/06/02 14:19:28 INFO PythonAccumulatorV2: Connected to AccumulatorServer at host: 127.0.0.1 port: 55079","logger":"airflow.task.hooks.airflow.providers.standard.hooks.subprocess.SubprocessHook","filename":"subprocess.py","lineno":99}
{"timestamp":"2026-06-02T14:19:28.997134Z","level":"info","event":"26/06/02 14:19:28 INFO DAGScheduler: ResultStage 0 (showString at NativeMethodAccessorImpl.java:0) finished in 0.854 s","logger":"airflow.task.hooks.airflow.providers.standard.hooks.subprocess.SubprocessHook","filename":"subprocess.py","lineno":99}
{"timestamp":"2026-06-02T14:19:28.999670Z","level":"info","event":"26/06/02 14:19:28 INFO DAGScheduler: Job 0 is finished. Cancelling potential speculative or zombie tasks for this job","logger":"airflow.task.hooks.airflow.providers.standard.hooks.subprocess.SubprocessHook","filename":"subprocess.py","lineno":99}
{"timestamp":"2026-06-02T14:19:28.999865Z","level":"info","event":"26/06/02 14:19:28 INFO TaskSchedulerImpl: Killing all running tasks in stage 0: Stage finished","logger":"airflow.task.hooks.airflow.providers.standard.hooks.subprocess.SubprocessHook","filename":"subprocess.py","lineno":99}
{"timestamp":"2026-06-02T14:19:29.002277Z","level":"info","event":"26/06/02 14:19:29 INFO DAGScheduler: Job 0 finished: showString at NativeMethodAccessorImpl.java:0, took 0.889775 s","logger":"airflow.task.hooks.airflow.providers.standard.hooks.subprocess.SubprocessHook","filename":"subprocess.py","lineno":99}
{"timestamp":"2026-06-02T14:19:29.012662Z","level":"info","event":"26/06/02 14:19:29 INFO SparkContext: Starting job: showString at NativeMethodAccessorImpl.java:0","logger":"airflow.task.hooks.airflow.providers.standard.hooks.subprocess.SubprocessHook","filename":"subprocess.py","lineno":99}
{"timestamp":"2026-06-02T14:19:29.013540Z","level":"info","event":"26/06/02 14:19:29 INFO DAGScheduler: Got job 1 (showString at NativeMethodAccessorImpl.java:0) with 4 output partitions","logger":"airflow.task.hooks.airflow.providers.standard.hooks.subprocess.SubprocessHook","filename":"subprocess.py","lineno":99}
{"timestamp":"2026-06-02T14:19:29.013684Z","level":"info","event":"26/06/02 14:19:29 INFO DAGScheduler: Final stage: ResultStage 1 (showString at NativeMethodAccessorImpl.java:0)","logger":"airflow.task.hooks.airflow.providers.standard.hooks.subprocess.SubprocessHook","filename":"subprocess.py","lineno":99}
{"timestamp":"2026-06-02T14:19:29.013718Z","level":"info","event":"26/06/02 14:19:29 INFO DAGScheduler: Parents of final stage: List()","logger":"airflow.task.hooks.airflow.providers.standard.hooks.subprocess.SubprocessHook","filename":"subprocess.py","lineno":99}
{"timestamp":"2026-06-02T14:19:29.014049Z","level":"info","event":"26/06/02 14:19:29 INFO DAGScheduler: Missing parents: List()","logger":"airflow.task.hooks.airflow.providers.standard.hooks.subprocess.SubprocessHook","filename":"subprocess.py","lineno":99}
{"timestamp":"2026-06-02T14:19:29.016532Z","level":"info","event":"26/06/02 14:19:29 INFO DAGScheduler: Submitting ResultStage 1 (MapPartitionsRDD[6] at showString at NativeMethodAccessorImpl.java:0), which has no missing parents","logger":"airflow.task.hooks.airflow.providers.standard.hooks.subprocess.SubprocessHook","filename":"subprocess.py","lineno":99}
{"timestamp":"2026-06-02T14:19:29.021357Z","level":"info","event":"26/06/02 14:19:29 INFO MemoryStore: Block broadcast_1 stored as values in memory (estimated size 15.8 KiB, free 434.4 MiB)","logger":"airflow.task.hooks.airflow.providers.standard.hooks.subprocess.SubprocessHook","filename":"subprocess.py","lineno":99}
{"timestamp":"2026-06-02T14:19:29.029177Z","level":"info","event":"26/06/02 14:19:29 INFO MemoryStore: Block broadcast_1_piece0 stored as bytes in memory (estimated size 7.7 KiB, free 434.4 MiB)","logger":"airflow.task.hooks.airflow.providers.standard.hooks.subprocess.SubprocessHook","filename":"subprocess.py","lineno":99}
{"timestamp":"2026-06-02T14:19:29.030155Z","level":"info","event":"26/06/02 14:19:29 INFO BlockManagerInfo: Added broadcast_1_piece0 in memory on ac0ccb30c6a7:35159 (size: 7.7 KiB, free: 434.4 MiB)","logger":"airflow.task.hooks.airflow.providers.standard.hooks.subprocess.SubprocessHook","filename":"subprocess.py","lineno":99}
{"timestamp":"2026-06-02T14:19:29.030974Z","level":"info","event":"26/06/02 14:19:29 INFO SparkContext: Created broadcast 1 from broadcast at DAGScheduler.scala:1611","logger":"airflow.task.hooks.airflow.providers.standard.hooks.subprocess.SubprocessHook","filename":"subprocess.py","lineno":99}
{"timestamp":"2026-06-02T14:19:29.033696Z","level":"info","event":"26/06/02 14:19:29 INFO DAGScheduler: Submitting 4 missing tasks from ResultStage 1 (MapPartitionsRDD[6] at showString at NativeMethodAccessorImpl.java:0) (first 15 tasks are for partitions Vector(1, 2, 3, 4))","logger":"airflow.task.hooks.airflow.providers.standard.hooks.subprocess.SubprocessHook","filename":"subprocess.py","lineno":99}
{"timestamp":"2026-06-02T14:19:29.034049Z","level":"info","event":"26/06/02 14:19:29 INFO TaskSchedulerImpl: Adding task set 1.0 with 4 tasks resource profile 0","logger":"airflow.task.hooks.airflow.providers.standard.hooks.subprocess.SubprocessHook","filename":"subprocess.py","lineno":99}
{"timestamp":"2026-06-02T14:19:29.036752Z","level":"info","event":"26/06/02 14:19:29 INFO TaskSetManager: Starting task 0.0 in stage 1.0 (TID 1) (ac0ccb30c6a7, executor driver, partition 1, PROCESS_LOCAL, 9154 bytes)","logger":"airflow.task.hooks.airflow.providers.standard.hooks.subprocess.SubprocessHook","filename":"subprocess.py","lineno":99}
{"timestamp":"2026-06-02T14:19:29.038105Z","level":"info","event":"26/06/02 14:19:29 INFO TaskSetManager: Starting task 1.0 in stage 1.0 (TID 2) (ac0ccb30c6a7, executor driver, partition 2, PROCESS_LOCAL, 9102 bytes)","logger":"airflow.task.hooks.airflow.providers.standard.hooks.subprocess.SubprocessHook","filename":"subprocess.py","lineno":99}
{"timestamp":"2026-06-02T14:19:29.039649Z","level":"info","event":"26/06/02 14:19:29 INFO TaskSetManager: Starting task 2.0 in stage 1.0 (TID 3) (ac0ccb30c6a7, executor driver, partition 3, PROCESS_LOCAL, 9140 bytes)","logger":"airflow.task.hooks.airflow.providers.standard.hooks.subprocess.SubprocessHook","filename":"subprocess.py","lineno":99}
{"timestamp":"2026-06-02T14:19:29.040567Z","level":"info","event":"26/06/02 14:19:29 INFO TaskSetManager: Starting task 3.0 in stage 1.0 (TID 4) (ac0ccb30c6a7, executor driver, partition 4, PROCESS_LOCAL, 9110 bytes)","logger":"airflow.task.hooks.airflow.providers.standard.hooks.subprocess.SubprocessHook","filename":"subprocess.py","lineno":99}
{"timestamp":"2026-06-02T14:19:29.042166Z","level":"info","event":"26/06/02 14:19:29 INFO Executor: Running task 0.0 in stage 1.0 (TID 1)","logger":"airflow.task.hooks.airflow.providers.standard.hooks.subprocess.SubprocessHook","filename":"subprocess.py","lineno":99}
{"timestamp":"2026-06-02T14:19:29.045311Z","level":"info","event":"26/06/02 14:19:29 INFO Executor: Running task 1.0 in stage 1.0 (TID 2)","logger":"airflow.task.hooks.airflow.providers.standard.hooks.subprocess.SubprocessHook","filename":"subprocess.py","lineno":99}
{"timestamp":"2026-06-02T14:19:29.045564Z","level":"info","event":"26/06/02 14:19:29 INFO Executor: Running task 2.0 in stage 1.0 (TID 3)","logger":"airflow.task.hooks.airflow.providers.standard.hooks.subprocess.SubprocessHook","filename":"subprocess.py","lineno":99}
{"timestamp":"2026-06-02T14:19:29.048761Z","level":"info","event":"26/06/02 14:19:29 INFO Executor: Running task 3.0 in stage 1.0 (TID 4)","logger":"airflow.task.hooks.airflow.providers.standard.hooks.subprocess.SubprocessHook","filename":"subprocess.py","lineno":99}
{"timestamp":"2026-06-02T14:19:29.083228Z","level":"info","event":"26/06/02 14:19:29 INFO BlockManagerInfo: Removed broadcast_0_piece0 on ac0ccb30c6a7:35159 in memory (size: 7.7 KiB, free: 434.4 MiB)","logger":"airflow.task.hooks.airflow.providers.standard.hooks.subprocess.SubprocessHook","filename":"subprocess.py","lineno":99}
{"timestamp":"2026-06-02T14:19:29.150685Z","level":"info","event":"26/06/02 14:19:29 INFO PythonRunner: Times: total = 85, boot = -134, init = 219, finish = 0","logger":"airflow.task.hooks.airflow.providers.standard.hooks.subprocess.SubprocessHook","filename":"subprocess.py","lineno":99}
{"timestamp":"2026-06-02T14:19:29.160479Z","level":"info","event":"26/06/02 14:19:29 INFO Executor: Finished task 0.0 in stage 1.0 (TID 1). 2142 bytes result sent to driver","logger":"airflow.task.hooks.airflow.providers.standard.hooks.subprocess.SubprocessHook","filename":"subprocess.py","lineno":99}
{"timestamp":"2026-06-02T14:19:29.164291Z","level":"info","event":"26/06/02 14:19:29 INFO TaskSetManager: Finished task 0.0 in stage 1.0 (TID 1) in 129 ms on ac0ccb30c6a7 (executor driver) (1/4)","logger":"airflow.task.hooks.airflow.providers.standard.hooks.subprocess.SubprocessHook","filename":"subprocess.py","lineno":99}
{"timestamp":"2026-06-02T14:19:29.199525Z","level":"info","event":"26/06/02 14:19:29 INFO PythonRunner: Times: total = 128, boot = 8, init = 119, finish = 1","logger":"airflow.task.hooks.airflow.providers.standard.hooks.subprocess.SubprocessHook","filename":"subprocess.py","lineno":99}
{"timestamp":"2026-06-02T14:19:29.210794Z","level":"info","event":"26/06/02 14:19:29 INFO Executor: Finished task 2.0 in stage 1.0 (TID 3). 2173 bytes result sent to driver","logger":"airflow.task.hooks.airflow.providers.standard.hooks.subprocess.SubprocessHook","filename":"subprocess.py","lineno":99}
{"timestamp":"2026-06-02T14:19:29.213923Z","level":"info","event":"26/06/02 14:19:29 INFO PythonRunner: Times: total = 140, boot = 13, init = 127, finish = 0","logger":"airflow.task.hooks.airflow.providers.standard.hooks.subprocess.SubprocessHook","filename":"subprocess.py","lineno":99}
{"timestamp":"2026-06-02T14:19:29.214654Z","level":"info","event":"26/06/02 14:19:29 INFO TaskSetManager: Finished task 2.0 in stage 1.0 (TID 3) in 175 ms on ac0ccb30c6a7 (executor driver) (2/4)","logger":"airflow.task.hooks.airflow.providers.standard.hooks.subprocess.SubprocessHook","filename":"subprocess.py","lineno":99}
{"timestamp":"2026-06-02T14:19:29.219082Z","level":"info","event":"26/06/02 14:19:29 INFO Executor: Finished task 3.0 in stage 1.0 (TID 4). 2130 bytes result sent to driver","logger":"airflow.task.hooks.airflow.providers.standard.hooks.subprocess.SubprocessHook","filename":"subprocess.py","lineno":99}
{"timestamp":"2026-06-02T14:19:29.223246Z","level":"info","event":"26/06/02 14:19:29 INFO TaskSetManager: Finished task 3.0 in stage 1.0 (TID 4) in 183 ms on ac0ccb30c6a7 (executor driver) (3/4)","logger":"airflow.task.hooks.airflow.providers.standard.hooks.subprocess.SubprocessHook","filename":"subprocess.py","lineno":99}
{"timestamp":"2026-06-02T14:19:29.239424Z","level":"info","event":"26/06/02 14:19:29 INFO PythonRunner: Times: total = 161, boot = 19, init = 142, finish = 0","logger":"airflow.task.hooks.airflow.providers.standard.hooks.subprocess.SubprocessHook","filename":"subprocess.py","lineno":99}
{"timestamp":"2026-06-02T14:19:29.242884Z","level":"info","event":"26/06/02 14:19:29 INFO Executor: Finished task 1.0 in stage 1.0 (TID 2). 2120 bytes result sent to driver","logger":"airflow.task.hooks.airflow.providers.standard.hooks.subprocess.SubprocessHook","filename":"subprocess.py","lineno":99}
{"timestamp":"2026-06-02T14:19:29.245075Z","level":"info","event":"26/06/02 14:19:29 INFO TaskSetManager: Finished task 1.0 in stage 1.0 (TID 2) in 208 ms on ac0ccb30c6a7 (executor driver) (4/4)","logger":"airflow.task.hooks.airflow.providers.standard.hooks.subprocess.SubprocessHook","filename":"subprocess.py","lineno":99}
{"timestamp":"2026-06-02T14:19:29.245371Z","level":"info","event":"26/06/02 14:19:29 INFO TaskSchedulerImpl: Removed TaskSet 1.0, whose tasks have all completed, from pool","logger":"airflow.task.hooks.airflow.providers.standard.hooks.subprocess.SubprocessHook","filename":"subprocess.py","lineno":99}
{"timestamp":"2026-06-02T14:19:29.246946Z","level":"info","event":"26/06/02 14:19:29 INFO DAGScheduler: ResultStage 1 (showString at NativeMethodAccessorImpl.java:0) finished in 0.229 s","logger":"airflow.task.hooks.airflow.providers.standard.hooks.subprocess.SubprocessHook","filename":"subprocess.py","lineno":99}
{"timestamp":"2026-06-02T14:19:29.247183Z","level":"info","event":"26/06/02 14:19:29 INFO DAGScheduler: Job 1 is finished. Cancelling potential speculative or zombie tasks for this job","logger":"airflow.task.hooks.airflow.providers.standard.hooks.subprocess.SubprocessHook","filename":"subprocess.py","lineno":99}
{"timestamp":"2026-06-02T14:19:29.247299Z","level":"info","event":"26/06/02 14:19:29 INFO TaskSchedulerImpl: Killing all running tasks in stage 1: Stage finished","logger":"airflow.task.hooks.airflow.providers.standard.hooks.subprocess.SubprocessHook","filename":"subprocess.py","lineno":99}
{"timestamp":"2026-06-02T14:19:29.248974Z","level":"info","event":"26/06/02 14:19:29 INFO DAGScheduler: Job 1 finished: showString at NativeMethodAccessorImpl.java:0, took 0.236203 s","logger":"airflow.task.hooks.airflow.providers.standard.hooks.subprocess.SubprocessHook","filename":"subprocess.py","lineno":99}
{"timestamp":"2026-06-02T14:19:29.257132Z","level":"info","event":"26/06/02 14:19:29 INFO SparkContext: Starting job: showString at NativeMethodAccessorImpl.java:0","logger":"airflow.task.hooks.airflow.providers.standard.hooks.subprocess.SubprocessHook","filename":"subprocess.py","lineno":99}
{"timestamp":"2026-06-02T14:19:29.258005Z","level":"info","event":"26/06/02 14:19:29 INFO DAGScheduler: Got job 2 (showString at NativeMethodAccessorImpl.java:0) with 9 output partitions","logger":"airflow.task.hooks.airflow.providers.standard.hooks.subprocess.SubprocessHook","filename":"subprocess.py","lineno":99}
{"timestamp":"2026-06-02T14:19:29.258151Z","level":"info","event":"26/06/02 14:19:29 INFO DAGScheduler: Final stage: ResultStage 2 (showString at NativeMethodAccessorImpl.java:0)","logger":"airflow.task.hooks.airflow.providers.standard.hooks.subprocess.SubprocessHook","filename":"subprocess.py","lineno":99}
{"timestamp":"2026-06-02T14:19:29.258199Z","level":"info","event":"26/06/02 14:19:29 INFO DAGScheduler: Parents of final stage: List()","logger":"airflow.task.hooks.airflow.providers.standard.hooks.subprocess.SubprocessHook","filename":"subprocess.py","lineno":99}
{"timestamp":"2026-06-02T14:19:29.258397Z","level":"info","event":"26/06/02 14:19:29 INFO DAGScheduler: Missing parents: List()","logger":"airflow.task.hooks.airflow.providers.standard.hooks.subprocess.SubprocessHook","filename":"subprocess.py","lineno":99}
{"timestamp":"2026-06-02T14:19:29.260361Z","level":"info","event":"26/06/02 14:19:29 INFO DAGScheduler: Submitting ResultStage 2 (MapPartitionsRDD[6] at showString at NativeMethodAccessorImpl.java:0), which has no missing parents","logger":"airflow.task.hooks.airflow.providers.standard.hooks.subprocess.SubprocessHook","filename":"subprocess.py","lineno":99}
{"timestamp":"2026-06-02T14:19:29.265547Z","level":"info","event":"26/06/02 14:19:29 INFO MemoryStore: Block broadcast_2 stored as values in memory (estimated size 15.8 KiB, free 434.4 MiB)","logger":"airflow.task.hooks.airflow.providers.standard.hooks.subprocess.SubprocessHook","filename":"subprocess.py","lineno":99}
{"timestamp":"2026-06-02T14:19:29.275952Z","level":"info","event":"26/06/02 14:19:29 INFO MemoryStore: Block broadcast_2_piece0 stored as bytes in memory (estimated size 7.7 KiB, free 434.4 MiB)","logger":"airflow.task.hooks.airflow.providers.standard.hooks.subprocess.SubprocessHook","filename":"subprocess.py","lineno":99}
{"timestamp":"2026-06-02T14:19:29.277044Z","level":"info","event":"26/06/02 14:19:29 INFO BlockManagerInfo: Added broadcast_2_piece0 in memory on ac0ccb30c6a7:35159 (size: 7.7 KiB, free: 434.4 MiB)","logger":"airflow.task.hooks.airflow.providers.standard.hooks.subprocess.SubprocessHook","filename":"subprocess.py","lineno":99}
{"timestamp":"2026-06-02T14:19:29.279179Z","level":"info","event":"26/06/02 14:19:29 INFO SparkContext: Created broadcast 2 from broadcast at DAGScheduler.scala:1611","logger":"airflow.task.hooks.airflow.providers.standard.hooks.subprocess.SubprocessHook","filename":"subprocess.py","lineno":99}
{"timestamp":"2026-06-02T14:19:29.280041Z","level":"info","event":"26/06/02 14:19:29 INFO BlockManagerInfo: Removed broadcast_1_piece0 on ac0ccb30c6a7:35159 in memory (size: 7.7 KiB, free: 434.4 MiB)","logger":"airflow.task.hooks.airflow.providers.standard.hooks.subprocess.SubprocessHook","filename":"subprocess.py","lineno":99}
{"timestamp":"2026-06-02T14:19:29.280272Z","level":"info","event":"26/06/02 14:19:29 INFO DAGScheduler: Submitting 9 missing tasks from ResultStage 2 (MapPartitionsRDD[6] at showString at NativeMethodAccessorImpl.java:0) (first 15 tasks are for partitions Vector(5, 6, 7, 8, 9, 10, 11, 12, 13))","logger":"airflow.task.hooks.airflow.providers.standard.hooks.subprocess.SubprocessHook","filename":"subprocess.py","lineno":99}
{"timestamp":"2026-06-02T14:19:29.280527Z","level":"info","event":"26/06/02 14:19:29 INFO TaskSchedulerImpl: Adding task set 2.0 with 9 tasks resource profile 0","logger":"airflow.task.hooks.airflow.providers.standard.hooks.subprocess.SubprocessHook","filename":"subprocess.py","lineno":99}
{"timestamp":"2026-06-02T14:19:29.284772Z","level":"info","event":"26/06/02 14:19:29 INFO TaskSetManager: Starting task 0.0 in stage 2.0 (TID 5) (ac0ccb30c6a7, executor driver, partition 5, PROCESS_LOCAL, 9119 bytes)","logger":"airflow.task.hooks.airflow.providers.standard.hooks.subprocess.SubprocessHook","filename":"subprocess.py","lineno":99}
{"timestamp":"2026-06-02T14:19:29.286177Z","level":"info","event":"26/06/02 14:19:29 INFO TaskSetManager: Starting task 1.0 in stage 2.0 (TID 6) (ac0ccb30c6a7, executor driver, partition 6, PROCESS_LOCAL, 9127 bytes)","logger":"airflow.task.hooks.airflow.providers.standard.hooks.subprocess.SubprocessHook","filename":"subprocess.py","lineno":99}
{"timestamp":"2026-06-02T14:19:29.286769Z","level":"info","event":"26/06/02 14:19:29 INFO TaskSetManager: Starting task 2.0 in stage 2.0 (TID 7) (ac0ccb30c6a7, executor driver, partition 7, PROCESS_LOCAL, 9147 bytes)","logger":"airflow.task.hooks.airflow.providers.standard.hooks.subprocess.SubprocessHook","filename":"subprocess.py","lineno":99}
{"timestamp":"2026-06-02T14:19:29.287474Z","level":"info","event":"26/06/02 14:19:29 INFO TaskSetManager: Starting task 3.0 in stage 2.0 (TID 8) (ac0ccb30c6a7, executor driver, partition 8, PROCESS_LOCAL, 9182 bytes)","logger":"airflow.task.hooks.airflow.providers.standard.hooks.subprocess.SubprocessHook","filename":"subprocess.py","lineno":99}
{"timestamp":"2026-06-02T14:19:29.288159Z","level":"info","event":"26/06/02 14:19:29 INFO TaskSetManager: Starting task 4.0 in stage 2.0 (TID 9) (ac0ccb30c6a7, executor driver, partition 9, PROCESS_LOCAL, 9123 bytes)","logger":"airflow.task.hooks.airflow.providers.standard.hooks.subprocess.SubprocessHook","filename":"subprocess.py","lineno":99}
{"timestamp":"2026-06-02T14:19:29.289026Z","level":"info","event":"26/06/02 14:19:29 INFO TaskSetManager: Starting task 5.0 in stage 2.0 (TID 10) (ac0ccb30c6a7, executor driver, partition 10, PROCESS_LOCAL, 9122 bytes)","logger":"airflow.task.hooks.airflow.providers.standard.hooks.subprocess.SubprocessHook","filename":"subprocess.py","lineno":99}
{"timestamp":"2026-06-02T14:19:29.290071Z","level":"info","event":"26/06/02 14:19:29 INFO TaskSetManager: Starting task 6.0 in stage 2.0 (TID 11) (ac0ccb30c6a7, executor driver, partition 11, PROCESS_LOCAL, 9123 bytes)","logger":"airflow.task.hooks.airflow.providers.standard.hooks.subprocess.SubprocessHook","filename":"subprocess.py","lineno":99}
{"timestamp":"2026-06-02T14:19:29.290661Z","level":"info","event":"26/06/02 14:19:29 INFO TaskSetManager: Starting task 7.0 in stage 2.0 (TID 12) (ac0ccb30c6a7, executor driver, partition 12, PROCESS_LOCAL, 9117 bytes)","logger":"airflow.task.hooks.airflow.providers.standard.hooks.subprocess.SubprocessHook","filename":"subprocess.py","lineno":99}
{"timestamp":"2026-06-02T14:19:29.291278Z","level":"info","event":"26/06/02 14:19:29 INFO TaskSetManager: Starting task 8.0 in stage 2.0 (TID 13) (ac0ccb30c6a7, executor driver, partition 13, PROCESS_LOCAL, 9157 bytes)","logger":"airflow.task.hooks.airflow.providers.standard.hooks.subprocess.SubprocessHook","filename":"subprocess.py","lineno":99}
{"timestamp":"2026-06-02T14:19:29.293930Z","level":"info","event":"26/06/02 14:19:29 INFO Executor: Running task 2.0 in stage 2.0 (TID 7)","logger":"airflow.task.hooks.airflow.providers.standard.hooks.subprocess.SubprocessHook","filename":"subprocess.py","lineno":99}
{"timestamp":"2026-06-02T14:19:29.294271Z","level":"info","event":"26/06/02 14:19:29 INFO Executor: Running task 1.0 in stage 2.0 (TID 6)","logger":"airflow.task.hooks.airflow.providers.standard.hooks.subprocess.SubprocessHook","filename":"subprocess.py","lineno":99}
{"timestamp":"2026-06-02T14:19:29.294418Z","level":"info","event":"26/06/02 14:19:29 INFO Executor: Running task 3.0 in stage 2.0 (TID 8)","logger":"airflow.task.hooks.airflow.providers.standard.hooks.subprocess.SubprocessHook","filename":"subprocess.py","lineno":99}
{"timestamp":"2026-06-02T14:19:29.294577Z","level":"info","event":"26/06/02 14:19:29 INFO Executor: Running task 0.0 in stage 2.0 (TID 5)","logger":"airflow.task.hooks.airflow.providers.standard.hooks.subprocess.SubprocessHook","filename":"subprocess.py","lineno":99}
{"timestamp":"2026-06-02T14:19:29.297076Z","level":"info","event":"26/06/02 14:19:29 INFO Executor: Running task 4.0 in stage 2.0 (TID 9)","logger":"airflow.task.hooks.airflow.providers.standard.hooks.subprocess.SubprocessHook","filename":"subprocess.py","lineno":99}
{"timestamp":"2026-06-02T14:19:29.297219Z","level":"info","event":"26/06/02 14:19:29 INFO Executor: Running task 5.0 in stage 2.0 (TID 10)","logger":"airflow.task.hooks.airflow.providers.standard.hooks.subprocess.SubprocessHook","filename":"subprocess.py","lineno":99}
{"timestamp":"2026-06-02T14:19:29.302030Z","level":"info","event":"26/06/02 14:19:29 INFO Executor: Running task 7.0 in stage 2.0 (TID 12)","logger":"airflow.task.hooks.airflow.providers.standard.hooks.subprocess.SubprocessHook","filename":"subprocess.py","lineno":99}
{"timestamp":"2026-06-02T14:19:29.302273Z","level":"info","event":"26/06/02 14:19:29 INFO Executor: Running task 6.0 in stage 2.0 (TID 11)","logger":"airflow.task.hooks.airflow.providers.standard.hooks.subprocess.SubprocessHook","filename":"subprocess.py","lineno":99}
{"timestamp":"2026-06-02T14:19:29.313948Z","level":"info","event":"26/06/02 14:19:29 INFO Executor: Running task 8.0 in stage 2.0 (TID 13)","logger":"airflow.task.hooks.airflow.providers.standard.hooks.subprocess.SubprocessHook","filename":"subprocess.py","lineno":99}
{"timestamp":"2026-06-02T14:19:29.430892Z","level":"info","event":"26/06/02 14:19:29 INFO PythonRunner: Times: total = 114, boot = -149, init = 262, finish = 1","logger":"airflow.task.hooks.airflow.providers.standard.hooks.subprocess.SubprocessHook","filename":"subprocess.py","lineno":99}
{"timestamp":"2026-06-02T14:19:29.449922Z","level":"info","event":"26/06/02 14:19:29 INFO PythonRunner: Times: total = 125, boot = -72, init = 197, finish = 0","logger":"airflow.task.hooks.airflow.providers.standard.hooks.subprocess.SubprocessHook","filename":"subprocess.py","lineno":99}
{"timestamp":"2026-06-02T14:19:29.451258Z","level":"info","event":"26/06/02 14:19:29 INFO PythonRunner: Times: total = 132, boot = -87, init = 219, finish = 0","logger":"airflow.task.hooks.airflow.providers.standard.hooks.subprocess.SubprocessHook","filename":"subprocess.py","lineno":99}
{"timestamp":"2026-06-02T14:19:29.451615Z","level":"info","event":"26/06/02 14:19:29 INFO Executor: Finished task 1.0 in stage 2.0 (TID 6). 2161 bytes result sent to driver","logger":"airflow.task.hooks.airflow.providers.standard.hooks.subprocess.SubprocessHook","filename":"subprocess.py","lineno":99}
{"timestamp":"2026-06-02T14:19:29.454298Z","level":"info","event":"26/06/02 14:19:29 INFO PythonRunner: Times: total = 126, boot = -96, init = 222, finish = 0","logger":"airflow.task.hooks.airflow.providers.standard.hooks.subprocess.SubprocessHook","filename":"subprocess.py","lineno":99}
{"timestamp":"2026-06-02T14:19:29.454718Z","level":"info","event":"26/06/02 14:19:29 INFO Executor: Finished task 4.0 in stage 2.0 (TID 9). 2152 bytes result sent to driver","logger":"airflow.task.hooks.airflow.providers.standard.hooks.subprocess.SubprocessHook","filename":"subprocess.py","lineno":99}
{"timestamp":"2026-06-02T14:19:29.454848Z","level":"info","event":"26/06/02 14:19:29 INFO Executor: Finished task 3.0 in stage 2.0 (TID 8). 2212 bytes result sent to driver","logger":"airflow.task.hooks.airflow.providers.standard.hooks.subprocess.SubprocessHook","filename":"subprocess.py","lineno":99}
{"timestamp":"2026-06-02T14:19:29.454921Z","level":"info","event":"26/06/02 14:19:29 INFO Executor: Finished task 0.0 in stage 2.0 (TID 5). 2150 bytes result sent to driver","logger":"airflow.task.hooks.airflow.providers.standard.hooks.subprocess.SubprocessHook","filename":"subprocess.py","lineno":99}
{"timestamp":"2026-06-02T14:19:29.458968Z","level":"info","event":"26/06/02 14:19:29 INFO TaskSetManager: Finished task 1.0 in stage 2.0 (TID 6) in 172 ms on ac0ccb30c6a7 (executor driver) (1/9)","logger":"airflow.task.hooks.airflow.providers.standard.hooks.subprocess.SubprocessHook","filename":"subprocess.py","lineno":99}
{"timestamp":"2026-06-02T14:19:29.459679Z","level":"info","event":"26/06/02 14:19:29 INFO TaskSetManager: Finished task 4.0 in stage 2.0 (TID 9) in 171 ms on ac0ccb30c6a7 (executor driver) (2/9)","logger":"airflow.task.hooks.airflow.providers.standard.hooks.subprocess.SubprocessHook","filename":"subprocess.py","lineno":99}
{"timestamp":"2026-06-02T14:19:29.459895Z","level":"info","event":"26/06/02 14:19:29 INFO TaskSetManager: Finished task 3.0 in stage 2.0 (TID 8) in 173 ms on ac0ccb30c6a7 (executor driver) (3/9)","logger":"airflow.task.hooks.airflow.providers.standard.hooks.subprocess.SubprocessHook","filename":"subprocess.py","lineno":99}
{"timestamp":"2026-06-02T14:19:29.466319Z","level":"info","event":"26/06/02 14:19:29 INFO TaskSetManager: Finished task 0.0 in stage 2.0 (TID 5) in 181 ms on ac0ccb30c6a7 (executor driver) (4/9)","logger":"airflow.task.hooks.airflow.providers.standard.hooks.subprocess.SubprocessHook","filename":"subprocess.py","lineno":99}
{"timestamp":"2026-06-02T14:19:29.517743Z","level":"info","event":"26/06/02 14:19:29 INFO PythonRunner: Times: total = 198, boot = 8, init = 189, finish = 1","logger":"airflow.task.hooks.airflow.providers.standard.hooks.subprocess.SubprocessHook","filename":"subprocess.py","lineno":99}
{"timestamp":"2026-06-02T14:19:29.518096Z","level":"info","event":"26/06/02 14:19:29 INFO PythonRunner: Times: total = 195, boot = 12, init = 183, finish = 0","logger":"airflow.task.hooks.airflow.providers.standard.hooks.subprocess.SubprocessHook","filename":"subprocess.py","lineno":99}
{"timestamp":"2026-06-02T14:19:29.536849Z","level":"info","event":"26/06/02 14:19:29 INFO PythonRunner: Times: total = 210, boot = 32, init = 177, finish = 1","logger":"airflow.task.hooks.airflow.providers.standard.hooks.subprocess.SubprocessHook","filename":"subprocess.py","lineno":99}
{"timestamp":"2026-06-02T14:19:29.538260Z","level":"info","event":"26/06/02 14:19:29 INFO PythonRunner: Times: total = 208, boot = 21, init = 186, finish = 1","logger":"airflow.task.hooks.airflow.providers.standard.hooks.subprocess.SubprocessHook","filename":"subprocess.py","lineno":99}
{"timestamp":"2026-06-02T14:19:29.538420Z","level":"info","event":"26/06/02 14:19:29 INFO Executor: Finished task 2.0 in stage 2.0 (TID 7). 2178 bytes result sent to driver","logger":"airflow.task.hooks.airflow.providers.standard.hooks.subprocess.SubprocessHook","filename":"subprocess.py","lineno":99}
{"timestamp":"2026-06-02T14:19:29.538486Z","level":"info","event":"26/06/02 14:19:29 INFO Executor: Finished task 5.0 in stage 2.0 (TID 10). 2144 bytes result sent to driver","logger":"airflow.task.hooks.airflow.providers.standard.hooks.subprocess.SubprocessHook","filename":"subprocess.py","lineno":99}
{"timestamp":"2026-06-02T14:19:29.538538Z","level":"info","event":"26/06/02 14:19:29 INFO Executor: Finished task 6.0 in stage 2.0 (TID 11). 2151 bytes result sent to driver","logger":"airflow.task.hooks.airflow.providers.standard.hooks.subprocess.SubprocessHook","filename":"subprocess.py","lineno":99}
{"timestamp":"2026-06-02T14:19:29.538597Z","level":"info","event":"26/06/02 14:19:29 INFO TaskSetManager: Finished task 2.0 in stage 2.0 (TID 7) in 250 ms on ac0ccb30c6a7 (executor driver) (5/9)","logger":"airflow.task.hooks.airflow.providers.standard.hooks.subprocess.SubprocessHook","filename":"subprocess.py","lineno":99}
{"timestamp":"2026-06-02T14:19:29.540255Z","level":"info","event":"26/06/02 14:19:29 INFO Executor: Finished task 7.0 in stage 2.0 (TID 12). 2181 bytes result sent to driver","logger":"airflow.task.hooks.airflow.providers.standard.hooks.subprocess.SubprocessHook","filename":"subprocess.py","lineno":99}
{"timestamp":"2026-06-02T14:19:29.540558Z","level":"info","event":"26/06/02 14:19:29 INFO TaskSetManager: Finished task 6.0 in stage 2.0 (TID 11) in 249 ms on ac0ccb30c6a7 (executor driver) (6/9)","logger":"airflow.task.hooks.airflow.providers.standard.hooks.subprocess.SubprocessHook","filename":"subprocess.py","lineno":99}
{"timestamp":"2026-06-02T14:19:29.541682Z","level":"info","event":"26/06/02 14:19:29 INFO TaskSetManager: Finished task 5.0 in stage 2.0 (TID 10) in 250 ms on ac0ccb30c6a7 (executor driver) (7/9)","logger":"airflow.task.hooks.airflow.providers.standard.hooks.subprocess.SubprocessHook","filename":"subprocess.py","lineno":99}
{"timestamp":"2026-06-02T14:19:29.546923Z","level":"info","event":"26/06/02 14:19:29 INFO TaskSetManager: Finished task 7.0 in stage 2.0 (TID 12) in 256 ms on ac0ccb30c6a7 (executor driver) (8/9)","logger":"airflow.task.hooks.airflow.providers.standard.hooks.subprocess.SubprocessHook","filename":"subprocess.py","lineno":99}
{"timestamp":"2026-06-02T14:19:29.547227Z","level":"info","event":"26/06/02 14:19:29 INFO PythonRunner: Times: total = 210, boot = 28, init = 182, finish = 0","logger":"airflow.task.hooks.airflow.providers.standard.hooks.subprocess.SubprocessHook","filename":"subprocess.py","lineno":99}
{"timestamp":"2026-06-02T14:19:29.552526Z","level":"info","event":"26/06/02 14:19:29 INFO Executor: Finished task 8.0 in stage 2.0 (TID 13). 2216 bytes result sent to driver","logger":"airflow.task.hooks.airflow.providers.standard.hooks.subprocess.SubprocessHook","filename":"subprocess.py","lineno":99}
{"timestamp":"2026-06-02T14:19:29.554861Z","level":"info","event":"26/06/02 14:19:29 INFO TaskSetManager: Finished task 8.0 in stage 2.0 (TID 13) in 263 ms on ac0ccb30c6a7 (executor driver) (9/9)","logger":"airflow.task.hooks.airflow.providers.standard.hooks.subprocess.SubprocessHook","filename":"subprocess.py","lineno":99}
{"timestamp":"2026-06-02T14:19:29.555155Z","level":"info","event":"26/06/02 14:19:29 INFO TaskSchedulerImpl: Removed TaskSet 2.0, whose tasks have all completed, from pool","logger":"airflow.task.hooks.airflow.providers.standard.hooks.subprocess.SubprocessHook","filename":"subprocess.py","lineno":99}
{"timestamp":"2026-06-02T14:19:29.556292Z","level":"info","event":"26/06/02 14:19:29 INFO DAGScheduler: ResultStage 2 (showString at NativeMethodAccessorImpl.java:0) finished in 0.293 s","logger":"airflow.task.hooks.airflow.providers.standard.hooks.subprocess.SubprocessHook","filename":"subprocess.py","lineno":99}
{"timestamp":"2026-06-02T14:19:29.557543Z","level":"info","event":"26/06/02 14:19:29 INFO DAGScheduler: Job 2 is finished. Cancelling potential speculative or zombie tasks for this job","logger":"airflow.task.hooks.airflow.providers.standard.hooks.subprocess.SubprocessHook","filename":"subprocess.py","lineno":99}
{"timestamp":"2026-06-02T14:19:29.558279Z","level":"info","event":"26/06/02 14:19:29 INFO TaskSchedulerImpl: Killing all running tasks in stage 2: Stage finished","logger":"airflow.task.hooks.airflow.providers.standard.hooks.subprocess.SubprocessHook","filename":"subprocess.py","lineno":99}
{"timestamp":"2026-06-02T14:19:29.558453Z","level":"info","event":"26/06/02 14:19:29 INFO DAGScheduler: Job 2 finished: showString at NativeMethodAccessorImpl.java:0, took 0.301271 s","logger":"airflow.task.hooks.airflow.providers.standard.hooks.subprocess.SubprocessHook","filename":"subprocess.py","lineno":99}
{"timestamp":"2026-06-02T14:19:29.856369Z","level":"info","event":"26/06/02 14:19:29 INFO BlockManagerInfo: Removed broadcast_2_piece0 on ac0ccb30c6a7:35159 in memory (size: 7.7 KiB, free: 434.4 MiB)","logger":"airflow.task.hooks.airflow.providers.standard.hooks.subprocess.SubprocessHook","filename":"subprocess.py","lineno":99}
{"timestamp":"2026-06-02T14:19:30.312186Z","level":"info","event":"26/06/02 14:19:30 INFO CodeGenerator: Code generated in 17.403936 ms","logger":"airflow.task.hooks.airflow.providers.standard.hooks.subprocess.SubprocessHook","filename":"subprocess.py","lineno":99}
{"timestamp":"2026-06-02T14:19:30.335852Z","level":"info","event":"+--------------------+------------------+---------+-----+-------+----+--------------------+","logger":"airflow.task.hooks.airflow.providers.standard.hooks.subprocess.SubprocessHook","filename":"subprocess.py","lineno":99}
{"timestamp":"2026-06-02T14:19:30.336095Z","level":"info","event":"|        product_name|             value|     unit|month|quarter|year|           ingest_at|","logger":"airflow.task.hooks.airflow.providers.standard.hooks.subprocess.SubprocessHook","filename":"subprocess.py","lineno":99}
{"timestamp":"2026-06-02T14:19:30.336157Z","level":"info","event":"+--------------------+------------------+---------+-----+-------+----+--------------------+","logger":"airflow.task.hooks.airflow.providers.standard.hooks.subprocess.SubprocessHook","filename":"subprocess.py","lineno":99}
{"timestamp":"2026-06-02T14:19:30.336187Z","level":"info","event":"| Than đá (than sạch)|3987.8979530985202|Nghìn tấn|   12|      4|2025|2026-06-02 14:19:...|","logger":"airflow.task.hooks.airflow.providers.standard.hooks.subprocess.SubprocessHook","filename":"subprocess.py","lineno":99}
{"timestamp":"2026-06-02T14:19:30.336210Z","level":"info","event":"|Dầu mỏ thô khai thác| 703.8100000000001|Nghìn tấn|   12|      4|2025|2026-06-02 14:19:...|","logger":"airflow.task.hooks.airflow.providers.standard.hooks.subprocess.SubprocessHook","filename":"subprocess.py","lineno":99}
{"timestamp":"2026-06-02T14:19:30.336233Z","level":"info","event":"|Khí đốt thiên nhi...|            570.38| Triệu m3|   12|      4|2025|2026-06-02 14:19:...|","logger":"airflow.task.hooks.airflow.providers.standard.hooks.subprocess.SubprocessHook","filename":"subprocess.py","lineno":99}
{"timestamp":"2026-06-02T14:19:30.336263Z","level":"info","event":"|  Khí hoá lỏng (LPG)| 82.94279399999994|Nghìn tấn|   12|      4|2025|2026-06-02 14:19:...|","logger":"airflow.task.hooks.airflow.providers.standard.hooks.subprocess.SubprocessHook","filename":"subprocess.py","lineno":99}
{"timestamp":"2026-06-02T14:19:30.336291Z","level":"info","event":"|           Xăng, dầu| 855.0262350915921|Nghìn tấn|   12|      4|2025|2026-06-02 14:19:...|","logger":"airflow.task.hooks.airflow.providers.standard.hooks.subprocess.SubprocessHook","filename":"subprocess.py","lineno":99}
{"timestamp":"2026-06-02T14:19:30.336312Z","level":"info","event":"|              Alumin|             127.8|Nghìn tấn|   12|      4|2025|2026-06-02 14:19:...|","logger":"airflow.task.hooks.airflow.providers.standard.hooks.subprocess.SubprocessHook","filename":"subprocess.py","lineno":99}
{"timestamp":"2026-06-02T14:19:30.336345Z","level":"info","event":"|Thuỷ hải sản chế ...| 736.5760723972177|Nghìn tấn|   12|      4|2025|2026-06-02 14:19:...|","logger":"airflow.task.hooks.airflow.providers.standard.hooks.subprocess.SubprocessHook","filename":"subprocess.py","lineno":99}
{"timestamp":"2026-06-02T14:19:30.336381Z","level":"info","event":"|            Sữa tươi|161.30530473259148|Triệu lít|   12|      4|2025|2026-06-02 14:19:...|","logger":"airflow.task.hooks.airflow.providers.standard.hooks.subprocess.SubprocessHook","filename":"subprocess.py","lineno":99}
{"timestamp":"2026-06-02T14:19:30.336418Z","level":"info","event":"|             Sữa bột| 14.35901101619859|Nghìn tấn|   12|      4|2025|2026-06-02 14:19:...|","logger":"airflow.task.hooks.airflow.providers.standard.hooks.subprocess.SubprocessHook","filename":"subprocess.py","lineno":99}
{"timestamp":"2026-06-02T14:19:30.336553Z","level":"info","event":"|          Đường kính|           162.458|Nghìn tấn|   12|      4|2025|2026-06-02 14:19:...|","logger":"airflow.task.hooks.airflow.providers.standard.hooks.subprocess.SubprocessHook","filename":"subprocess.py","lineno":99}
{"timestamp":"2026-06-02T14:19:30.336617Z","level":"info","event":"|            Bột ngọt|26.167465264973202|Nghìn tấn|   12|      4|2025|2026-06-02 14:19:...|","logger":"airflow.task.hooks.airflow.providers.standard.hooks.subprocess.SubprocessHook","filename":"subprocess.py","lineno":99}
{"timestamp":"2026-06-02T14:19:30.336663Z","level":"info","event":"| Thức ăn cho gia súc| 1364.606504286354|Nghìn tấn|   12|      4|2025|2026-06-02 14:19:...|","logger":"airflow.task.hooks.airflow.providers.standard.hooks.subprocess.SubprocessHook","filename":"subprocess.py","lineno":99}
{"timestamp":"2026-06-02T14:19:30.336741Z","level":"info","event":"|Thức ăn cho thủy sản| 809.2936358850659|Nghìn tấn|   12|      4|2025|2026-06-02 14:19:...|","logger":"airflow.task.hooks.airflow.providers.standard.hooks.subprocess.SubprocessHook","filename":"subprocess.py","lineno":99}
{"timestamp":"2026-06-02T14:19:30.336816Z","level":"info","event":"|                 Bia| 447.1363270573856|Triệu lít|   12|      4|2025|2026-06-02 14:19:...|","logger":"airflow.task.hooks.airflow.providers.standard.hooks.subprocess.SubprocessHook","filename":"subprocess.py","lineno":99}
{"timestamp":"2026-06-02T14:19:30.336884Z","level":"info","event":"|       Thuốc lá điếu| 684.4661585612539|Triệu bao|   12|      4|2025|2026-06-02 14:19:...|","logger":"airflow.task.hooks.airflow.providers.standard.hooks.subprocess.SubprocessHook","filename":"subprocess.py","lineno":99}
{"timestamp":"2026-06-02T14:19:30.336932Z","level":"info","event":"|Vải dệt từ sợi tự...| 97.12398580869623| Triệu m2|   12|      4|2025|2026-06-02 14:19:...|","logger":"airflow.task.hooks.airflow.providers.standard.hooks.subprocess.SubprocessHook","filename":"subprocess.py","lineno":99}
{"timestamp":"2026-06-02T14:19:30.336969Z","level":"info","event":"|Vải dệt từ sợi tổ...|109.12001734829161| Triệu m2|   12|      4|2025|2026-06-02 14:19:...|","logger":"airflow.task.hooks.airflow.providers.standard.hooks.subprocess.SubprocessHook","filename":"subprocess.py","lineno":99}
{"timestamp":"2026-06-02T14:19:30.337004Z","level":"info","event":"|  Quần áo mặc thường| 584.1408017378748|Triệu cái|   12|      4|2025|2026-06-02 14:19:...|","logger":"airflow.task.hooks.airflow.providers.standard.hooks.subprocess.SubprocessHook","filename":"subprocess.py","lineno":99}
{"timestamp":"2026-06-02T14:19:30.337060Z","level":"info","event":"|        Giày, dép da|35.321339767307975|Triệu đôi|   12|      4|2025|2026-06-02 14:19:...|","logger":"airflow.task.hooks.airflow.providers.standard.hooks.subprocess.SubprocessHook","filename":"subprocess.py","lineno":99}
{"timestamp":"2026-06-02T14:19:30.337094Z","level":"info","event":"|           Phân U rê|  229.328846422535|Nghìn tấn|   12|      4|2025|2026-06-02 14:19:...|","logger":"airflow.task.hooks.airflow.providers.standard.hooks.subprocess.SubprocessHook","filename":"subprocess.py","lineno":99}
{"timestamp":"2026-06-02T14:19:30.337125Z","level":"info","event":"+--------------------+------------------+---------+-----+-------+----+--------------------+","logger":"airflow.task.hooks.airflow.providers.standard.hooks.subprocess.SubprocessHook","filename":"subprocess.py","lineno":99}
{"timestamp":"2026-06-02T14:19:30.337145Z","level":"info","event":"only showing top 20 rows","logger":"airflow.task.hooks.airflow.providers.standard.hooks.subprocess.SubprocessHook","filename":"subprocess.py","lineno":99}
{"timestamp":"2026-06-02T14:19:30.337168Z","level":"info","event":"","logger":"airflow.task.hooks.airflow.providers.standard.hooks.subprocess.SubprocessHook","filename":"subprocess.py","lineno":99}
{"timestamp":"2026-06-02T14:19:30.540039Z","level":"info","event":"26/06/02 14:19:30 INFO HiveConf: Found configuration file null","logger":"airflow.task.hooks.airflow.providers.standard.hooks.subprocess.SubprocessHook","filename":"subprocess.py","lineno":99}
{"timestamp":"2026-06-02T14:19:30.550207Z","level":"info","event":"26/06/02 14:19:30 INFO HiveUtils: Initializing HiveMetastoreConnection version 2.3.9 using Spark classes.","logger":"airflow.task.hooks.airflow.providers.standard.hooks.subprocess.SubprocessHook","filename":"subprocess.py","lineno":99}
{"timestamp":"2026-06-02T14:19:30.714222Z","level":"info","event":"26/06/02 14:19:30 INFO HiveClientImpl: Warehouse location for Hive client (version 2.3.9) is s3a://warehouse/","logger":"airflow.task.hooks.airflow.providers.standard.hooks.subprocess.SubprocessHook","filename":"subprocess.py","lineno":99}
{"timestamp":"2026-06-02T14:19:30.755432Z","level":"info","event":"26/06/02 14:19:30 INFO metastore: Trying to connect to metastore with URI thrift://hive:9083","logger":"airflow.task.hooks.airflow.providers.standard.hooks.subprocess.SubprocessHook","filename":"subprocess.py","lineno":99}
{"timestamp":"2026-06-02T14:19:30.771039Z","level":"info","event":"26/06/02 14:19:30 INFO metastore: Opened a connection to metastore, current connections: 1","logger":"airflow.task.hooks.airflow.providers.standard.hooks.subprocess.SubprocessHook","filename":"subprocess.py","lineno":99}
{"timestamp":"2026-06-02T14:19:30.791591Z","level":"info","event":"26/06/02 14:19:30 INFO metastore: Connected to metastore.","logger":"airflow.task.hooks.airflow.providers.standard.hooks.subprocess.SubprocessHook","filename":"subprocess.py","lineno":99}
{"timestamp":"2026-06-02T14:19:31.046969Z","level":"info","event":"26/06/02 14:19:31 INFO DelegatingLogStore: LogStore `LogStoreAdapter(io.delta.storage.S3SingleDriverLogStore)` is used for scheme `s3a`","logger":"airflow.task.hooks.airflow.providers.standard.hooks.subprocess.SubprocessHook","filename":"subprocess.py","lineno":99}
{"timestamp":"2026-06-02T14:19:31.398896Z","level":"info","event":"26/06/02 14:19:31 INFO DeltaLog: Loading version 0.","logger":"airflow.task.hooks.airflow.providers.standard.hooks.subprocess.SubprocessHook","filename":"subprocess.py","lineno":99}
{"timestamp":"2026-06-02T14:19:31.987722Z","level":"info","event":"26/06/02 14:19:31 INFO DeltaLogFileIndex: Created DeltaLogFileIndex(JSON, numFilesInSegment: 1, totalFileSize: 1184)","logger":"airflow.task.hooks.airflow.providers.standard.hooks.subprocess.SubprocessHook","filename":"subprocess.py","lineno":99}
{"timestamp":"2026-06-02T14:19:32.244563Z","level":"info","event":"26/06/02 14:19:32 INFO DataSourceStrategy: Pruning directories with:","logger":"airflow.task.hooks.airflow.providers.standard.hooks.subprocess.SubprocessHook","filename":"subprocess.py","lineno":99}
{"timestamp":"2026-06-02T14:19:32.259940Z","level":"info","event":"26/06/02 14:19:32 INFO FileSourceStrategy: Pushed Filters:","logger":"airflow.task.hooks.airflow.providers.standard.hooks.subprocess.SubprocessHook","filename":"subprocess.py","lineno":99}
{"timestamp":"2026-06-02T14:19:32.261016Z","level":"info","event":"26/06/02 14:19:32 INFO FileSourceStrategy: Post-Scan Filters: ((isnotnull(protocol#140.minReaderVersion) OR isnotnull(metaData#139.id)) OR (isnotnull(commitInfo#141.inCommitTimestamp) AND (version#142L = 0)))","logger":"airflow.task.hooks.airflow.providers.standard.hooks.subprocess.SubprocessHook","filename":"subprocess.py","lineno":99}
{"timestamp":"2026-06-02T14:19:32.400038Z","level":"info","event":"26/06/02 14:19:32 INFO CodeGenerator: Code generated in 87.679064 ms","logger":"airflow.task.hooks.airflow.providers.standard.hooks.subprocess.SubprocessHook","filename":"subprocess.py","lineno":99}
{"timestamp":"2026-06-02T14:19:32.415893Z","level":"info","event":"26/06/02 14:19:32 INFO MemoryStore: Block broadcast_3 stored as values in memory (estimated size 202.2 KiB, free 434.2 MiB)","logger":"airflow.task.hooks.airflow.providers.standard.hooks.subprocess.SubprocessHook","filename":"subprocess.py","lineno":99}
{"timestamp":"2026-06-02T14:19:32.445432Z","level":"info","event":"26/06/02 14:19:32 INFO MemoryStore: Block broadcast_3_piece0 stored as bytes in memory (estimated size 35.0 KiB, free 434.2 MiB)","logger":"airflow.task.hooks.airflow.providers.standard.hooks.subprocess.SubprocessHook","filename":"subprocess.py","lineno":99}
{"timestamp":"2026-06-02T14:19:32.446263Z","level":"info","event":"26/06/02 14:19:32 INFO BlockManagerInfo: Added broadcast_3_piece0 in memory on ac0ccb30c6a7:35159 (size: 35.0 KiB, free: 434.4 MiB)","logger":"airflow.task.hooks.airflow.providers.standard.hooks.subprocess.SubprocessHook","filename":"subprocess.py","lineno":99}
{"timestamp":"2026-06-02T14:19:32.447188Z","level":"info","event":"26/06/02 14:19:32 INFO SparkContext: Created broadcast 3 from $anonfun$recordDeltaOperationInternal$1 at DatabricksLogging.scala:128","logger":"airflow.task.hooks.airflow.providers.standard.hooks.subprocess.SubprocessHook","filename":"subprocess.py","lineno":99}
{"timestamp":"2026-06-02T14:19:32.490805Z","level":"info","event":"26/06/02 14:19:32 INFO FileSourceScanExec: Planning scan with bin packing, max size: 4194304 bytes, open cost is considered as scanning 4194304 bytes.","logger":"airflow.task.hooks.airflow.providers.standard.hooks.subprocess.SubprocessHook","filename":"subprocess.py","lineno":99}
{"timestamp":"2026-06-02T14:19:32.548009Z","level":"info","event":"26/06/02 14:19:32 INFO SparkContext: Starting job: $anonfun$recordDeltaOperationInternal$1 at DatabricksLogging.scala:128","logger":"airflow.task.hooks.airflow.providers.standard.hooks.subprocess.SubprocessHook","filename":"subprocess.py","lineno":99}
{"timestamp":"2026-06-02T14:19:32.548510Z","level":"info","event":"26/06/02 14:19:32 INFO DAGScheduler: Got job 3 ($anonfun$recordDeltaOperationInternal$1 at DatabricksLogging.scala:128) with 1 output partitions","logger":"airflow.task.hooks.airflow.providers.standard.hooks.subprocess.SubprocessHook","filename":"subprocess.py","lineno":99}
{"timestamp":"2026-06-02T14:19:32.548628Z","level":"info","event":"26/06/02 14:19:32 INFO DAGScheduler: Final stage: ResultStage 3 ($anonfun$recordDeltaOperationInternal$1 at DatabricksLogging.scala:128)","logger":"airflow.task.hooks.airflow.providers.standard.hooks.subprocess.SubprocessHook","filename":"subprocess.py","lineno":99}
{"timestamp":"2026-06-02T14:19:32.548665Z","level":"info","event":"26/06/02 14:19:32 INFO DAGScheduler: Parents of final stage: List()","logger":"airflow.task.hooks.airflow.providers.standard.hooks.subprocess.SubprocessHook","filename":"subprocess.py","lineno":99}
{"timestamp":"2026-06-02T14:19:32.549818Z","level":"info","event":"26/06/02 14:19:32 INFO DAGScheduler: Missing parents: List()","logger":"airflow.task.hooks.airflow.providers.standard.hooks.subprocess.SubprocessHook","filename":"subprocess.py","lineno":99}
{"timestamp":"2026-06-02T14:19:32.551051Z","level":"info","event":"26/06/02 14:19:32 INFO DAGScheduler: Submitting ResultStage 3 (MapPartitionsRDD[10] at $anonfun$recordDeltaOperationInternal$1 at DatabricksLogging.scala:128), which has no missing parents","logger":"airflow.task.hooks.airflow.providers.standard.hooks.subprocess.SubprocessHook","filename":"subprocess.py","lineno":99}
{"timestamp":"2026-06-02T14:19:32.555872Z","level":"info","event":"26/06/02 14:19:32 INFO MemoryStore: Block broadcast_4 stored as values in memory (estimated size 55.2 KiB, free 434.1 MiB)","logger":"airflow.task.hooks.airflow.providers.standard.hooks.subprocess.SubprocessHook","filename":"subprocess.py","lineno":99}
{"timestamp":"2026-06-02T14:19:32.564513Z","level":"info","event":"26/06/02 14:19:32 INFO MemoryStore: Block broadcast_4_piece0 stored as bytes in memory (estimated size 17.1 KiB, free 434.1 MiB)","logger":"airflow.task.hooks.airflow.providers.standard.hooks.subprocess.SubprocessHook","filename":"subprocess.py","lineno":99}
{"timestamp":"2026-06-02T14:19:32.565488Z","level":"info","event":"26/06/02 14:19:32 INFO BlockManagerInfo: Added broadcast_4_piece0 in memory on ac0ccb30c6a7:35159 (size: 17.1 KiB, free: 434.3 MiB)","logger":"airflow.task.hooks.airflow.providers.standard.hooks.subprocess.SubprocessHook","filename":"subprocess.py","lineno":99}
{"timestamp":"2026-06-02T14:19:32.566089Z","level":"info","event":"26/06/02 14:19:32 INFO SparkContext: Created broadcast 4 from broadcast at DAGScheduler.scala:1611","logger":"airflow.task.hooks.airflow.providers.standard.hooks.subprocess.SubprocessHook","filename":"subprocess.py","lineno":99}
{"timestamp":"2026-06-02T14:19:32.566995Z","level":"info","event":"26/06/02 14:19:32 INFO DAGScheduler: Submitting 1 missing tasks from ResultStage 3 (MapPartitionsRDD[10] at $anonfun$recordDeltaOperationInternal$1 at DatabricksLogging.scala:128) (first 15 tasks are for partitions Vector(0))","logger":"airflow.task.hooks.airflow.providers.standard.hooks.subprocess.SubprocessHook","filename":"subprocess.py","lineno":99}
{"timestamp":"2026-06-02T14:19:32.567187Z","level":"info","event":"26/06/02 14:19:32 INFO TaskSchedulerImpl: Adding task set 3.0 with 1 tasks resource profile 0","logger":"airflow.task.hooks.airflow.providers.standard.hooks.subprocess.SubprocessHook","filename":"subprocess.py","lineno":99}
{"timestamp":"2026-06-02T14:19:32.573620Z","level":"info","event":"26/06/02 14:19:32 INFO TaskSetManager: Starting task 0.0 in stage 3.0 (TID 14) (ac0ccb30c6a7, executor driver, partition 0, PROCESS_LOCAL, 9679 bytes)","logger":"airflow.task.hooks.airflow.providers.standard.hooks.subprocess.SubprocessHook","filename":"subprocess.py","lineno":99}
{"timestamp":"2026-06-02T14:19:32.574265Z","level":"info","event":"26/06/02 14:19:32 INFO Executor: Running task 0.0 in stage 3.0 (TID 14)","logger":"airflow.task.hooks.airflow.providers.standard.hooks.subprocess.SubprocessHook","filename":"subprocess.py","lineno":99}
{"timestamp":"2026-06-02T14:19:32.652874Z","level":"info","event":"26/06/02 14:19:32 INFO CodeGenerator: Code generated in 32.048348 ms","logger":"airflow.task.hooks.airflow.providers.standard.hooks.subprocess.SubprocessHook","filename":"subprocess.py","lineno":99}
{"timestamp":"2026-06-02T14:19:32.654463Z","level":"info","event":"26/06/02 14:19:32 INFO FileScanRDD: Reading File path: s3a://silver/industry_product/_delta_log/00000000000000000000.json, range: 0-1184, partition values: [0]","logger":"airflow.task.hooks.airflow.providers.standard.hooks.subprocess.SubprocessHook","filename":"subprocess.py","lineno":99}
{"timestamp":"2026-06-02T14:19:32.691827Z","level":"info","event":"26/06/02 14:19:32 INFO CodeGenerator: Code generated in 22.796077 ms","logger":"airflow.task.hooks.airflow.providers.standard.hooks.subprocess.SubprocessHook","filename":"subprocess.py","lineno":99}
{"timestamp":"2026-06-02T14:19:32.809524Z","level":"info","event":"26/06/02 14:19:32 INFO Executor: Finished task 0.0 in stage 3.0 (TID 14). 2050 bytes result sent to driver","logger":"airflow.task.hooks.airflow.providers.standard.hooks.subprocess.SubprocessHook","filename":"subprocess.py","lineno":99}
{"timestamp":"2026-06-02T14:19:32.810943Z","level":"info","event":"26/06/02 14:19:32 INFO TaskSetManager: Finished task 0.0 in stage 3.0 (TID 14) in 241 ms on ac0ccb30c6a7 (executor driver) (1/1)","logger":"airflow.task.hooks.airflow.providers.standard.hooks.subprocess.SubprocessHook","filename":"subprocess.py","lineno":99}
{"timestamp":"2026-06-02T14:19:32.811231Z","level":"info","event":"26/06/02 14:19:32 INFO TaskSchedulerImpl: Removed TaskSet 3.0, whose tasks have all completed, from pool","logger":"airflow.task.hooks.airflow.providers.standard.hooks.subprocess.SubprocessHook","filename":"subprocess.py","lineno":99}
{"timestamp":"2026-06-02T14:19:32.812562Z","level":"info","event":"26/06/02 14:19:32 INFO DAGScheduler: ResultStage 3 ($anonfun$recordDeltaOperationInternal$1 at DatabricksLogging.scala:128) finished in 0.258 s","logger":"airflow.task.hooks.airflow.providers.standard.hooks.subprocess.SubprocessHook","filename":"subprocess.py","lineno":99}
{"timestamp":"2026-06-02T14:19:32.812770Z","level":"info","event":"26/06/02 14:19:32 INFO DAGScheduler: Job 3 is finished. Cancelling potential speculative or zombie tasks for this job","logger":"airflow.task.hooks.airflow.providers.standard.hooks.subprocess.SubprocessHook","filename":"subprocess.py","lineno":99}
{"timestamp":"2026-06-02T14:19:32.812860Z","level":"info","event":"26/06/02 14:19:32 INFO TaskSchedulerImpl: Killing all running tasks in stage 3: Stage finished","logger":"airflow.task.hooks.airflow.providers.standard.hooks.subprocess.SubprocessHook","filename":"subprocess.py","lineno":99}
{"timestamp":"2026-06-02T14:19:32.813707Z","level":"info","event":"26/06/02 14:19:32 INFO DAGScheduler: Job 3 finished: $anonfun$recordDeltaOperationInternal$1 at DatabricksLogging.scala:128, took 0.265579 s","logger":"airflow.task.hooks.airflow.providers.standard.hooks.subprocess.SubprocessHook","filename":"subprocess.py","lineno":99}
{"timestamp":"2026-06-02T14:19:32.866349Z","level":"info","event":"26/06/02 14:19:32 INFO CodeGenerator: Code generated in 20.2417 ms","logger":"airflow.task.hooks.airflow.providers.standard.hooks.subprocess.SubprocessHook","filename":"subprocess.py","lineno":99}
{"timestamp":"2026-06-02T14:19:32.955585Z","level":"info","event":"26/06/02 14:19:32 INFO Snapshot: [tableId=31fc4a55-ce18-4734-b425-538348e55450] Created snapshot Snapshot(path=s3a://silver/industry_product/_delta_log, version=0, metadata=Metadata(deca9866-c8fe-4359-a609-1676ffd1d0b8,null,null,Format(parquet,Map()),{\"type\":\"struct\",\"fields\":[{\"name\":\"product_name\",\"type\":\"string\",\"nullable\":true,\"metadata\":{}},{\"name\":\"value\",\"type\":\"double\",\"nullable\":true,\"metadata\":{}},{\"name\":\"unit\",\"type\":\"string\",\"nullable\":true,\"metadata\":{}},{\"name\":\"month\",\"type\":\"integer\",\"nullable\":true,\"metadata\":{}},{\"name\":\"quarter\",\"type\":\"integer\",\"nullable\":true,\"metadata\":{}},{\"name\":\"year\",\"type\":\"integer\",\"nullable\":true,\"metadata\":{}},{\"name\":\"ingest_at\",\"type\":\"timestamp\",\"nullable\":true,\"metadata\":{}}]},List(),Map(),Some(1780409957465)), logSegment=LogSegment(s3a://silver/industry_product/_delta_log,0,WrappedArray(S3AFileStatus{path=s3a://silver/industry_product/_delta_log/00000000000000000000.json; isDirectory=false; length=1184; replication=1; blocksize=33554432; modification_time=1780409957533; access_time=0; owner=spark; group=spark; permission=rw-rw-rw-; isSymlink=false; hasAcl=false; isEncrypted=true; isErasureCoded=false} isEmptyDirectory=FALSE eTag=472f23d30ab336ff68b7d2ef92347a15 versionId=null),org.apache.spark.sql.delta.EmptyCheckpointProvider$@5d464a10,1780409957533), checksumOpt=None)","logger":"airflow.task.hooks.airflow.providers.standard.hooks.subprocess.SubprocessHook","filename":"subprocess.py","lineno":99}
{"timestamp":"2026-06-02T14:19:32.967069Z","level":"info","event":"26/06/02 14:19:32 INFO DeltaLog: Updated snapshot to Snapshot(path=s3a://silver/industry_product/_delta_log, version=0, metadata=Metadata(deca9866-c8fe-4359-a609-1676ffd1d0b8,null,null,Format(parquet,Map()),{\"type\":\"struct\",\"fields\":[{\"name\":\"product_name\",\"type\":\"string\",\"nullable\":true,\"metadata\":{}},{\"name\":\"value\",\"type\":\"double\",\"nullable\":true,\"metadata\":{}},{\"name\":\"unit\",\"type\":\"string\",\"nullable\":true,\"metadata\":{}},{\"name\":\"month\",\"type\":\"integer\",\"nullable\":true,\"metadata\":{}},{\"name\":\"quarter\",\"type\":\"integer\",\"nullable\":true,\"metadata\":{}},{\"name\":\"year\",\"type\":\"integer\",\"nullable\":true,\"metadata\":{}},{\"name\":\"ingest_at\",\"type\":\"timestamp\",\"nullable\":true,\"metadata\":{}}]},List(),Map(),Some(1780409957465)), logSegment=LogSegment(s3a://silver/industry_product/_delta_log,0,WrappedArray(S3AFileStatus{path=s3a://silver/industry_product/_delta_log/00000000000000000000.json; isDirectory=false; length=1184; replication=1; blocksize=33554432; modification_time=1780409957533; access_time=0; owner=spark; group=spark; permission=rw-rw-rw-; isSymlink=false; hasAcl=false; isEncrypted=true; isErasureCoded=false} isEmptyDirectory=FALSE eTag=472f23d30ab336ff68b7d2ef92347a15 versionId=null),org.apache.spark.sql.delta.EmptyCheckpointProvider$@5d464a10,1780409957533), checksumOpt=None)","logger":"airflow.task.hooks.airflow.providers.standard.hooks.subprocess.SubprocessHook","filename":"subprocess.py","lineno":99}
{"timestamp":"2026-06-02T14:19:33.353571Z","level":"info","event":"26/06/02 14:19:33 INFO BlockManagerInfo: Removed broadcast_3_piece0 on ac0ccb30c6a7:35159 in memory (size: 35.0 KiB, free: 434.4 MiB)","logger":"airflow.task.hooks.airflow.providers.standard.hooks.subprocess.SubprocessHook","filename":"subprocess.py","lineno":99}
{"timestamp":"2026-06-02T14:19:33.361311Z","level":"info","event":"26/06/02 14:19:33 INFO BlockManagerInfo: Removed broadcast_4_piece0 on ac0ccb30c6a7:35159 in memory (size: 17.1 KiB, free: 434.4 MiB)","logger":"airflow.task.hooks.airflow.providers.standard.hooks.subprocess.SubprocessHook","filename":"subprocess.py","lineno":99}
{"timestamp":"2026-06-02T14:19:33.392654Z","level":"info","event":"26/06/02 14:19:33 INFO ParquetUtils: Using default output committer for Parquet: org.apache.parquet.hadoop.ParquetOutputCommitter","logger":"airflow.task.hooks.airflow.providers.standard.hooks.subprocess.SubprocessHook","filename":"subprocess.py","lineno":99}
{"timestamp":"2026-06-02T14:19:33.477891Z","level":"info","event":"26/06/02 14:19:33 INFO CodeGenerator: Code generated in 9.20561 ms","logger":"airflow.task.hooks.airflow.providers.standard.hooks.subprocess.SubprocessHook","filename":"subprocess.py","lineno":99}
{"timestamp":"2026-06-02T14:19:33.562605Z","level":"info","event":"26/06/02 14:19:33 INFO SparkContext: Starting job: saveAsTable at NativeMethodAccessorImpl.java:0","logger":"airflow.task.hooks.airflow.providers.standard.hooks.subprocess.SubprocessHook","filename":"subprocess.py","lineno":99}
{"timestamp":"2026-06-02T14:19:33.563626Z","level":"info","event":"26/06/02 14:19:33 INFO DAGScheduler: Got job 4 (saveAsTable at NativeMethodAccessorImpl.java:0) with 16 output partitions","logger":"airflow.task.hooks.airflow.providers.standard.hooks.subprocess.SubprocessHook","filename":"subprocess.py","lineno":99}
{"timestamp":"2026-06-02T14:19:33.563786Z","level":"info","event":"26/06/02 14:19:33 INFO DAGScheduler: Final stage: ResultStage 4 (saveAsTable at NativeMethodAccessorImpl.java:0)","logger":"airflow.task.hooks.airflow.providers.standard.hooks.subprocess.SubprocessHook","filename":"subprocess.py","lineno":99}
{"timestamp":"2026-06-02T14:19:33.563833Z","level":"info","event":"26/06/02 14:19:33 INFO DAGScheduler: Parents of final stage: List()","logger":"airflow.task.hooks.airflow.providers.standard.hooks.subprocess.SubprocessHook","filename":"subprocess.py","lineno":99}
{"timestamp":"2026-06-02T14:19:33.564656Z","level":"info","event":"26/06/02 14:19:33 INFO DAGScheduler: Missing parents: List()","logger":"airflow.task.hooks.airflow.providers.standard.hooks.subprocess.SubprocessHook","filename":"subprocess.py","lineno":99}
{"timestamp":"2026-06-02T14:19:33.565200Z","level":"info","event":"26/06/02 14:19:33 INFO DAGScheduler: Submitting ResultStage 4 (MapPartitionsRDD[11] at saveAsTable at NativeMethodAccessorImpl.java:0), which has no missing parents","logger":"airflow.task.hooks.airflow.providers.standard.hooks.subprocess.SubprocessHook","filename":"subprocess.py","lineno":99}
{"timestamp":"2026-06-02T14:19:33.594021Z","level":"info","event":"26/06/02 14:19:33 INFO MemoryStore: Block broadcast_5 stored as values in memory (estimated size 341.3 KiB, free 434.1 MiB)","logger":"airflow.task.hooks.airflow.providers.standard.hooks.subprocess.SubprocessHook","filename":"subprocess.py","lineno":99}
{"timestamp":"2026-06-02T14:19:33.597592Z","level":"info","event":"26/06/02 14:19:33 INFO MemoryStore: Block broadcast_5_piece0 stored as bytes in memory (estimated size 124.4 KiB, free 433.9 MiB)","logger":"airflow.task.hooks.airflow.providers.standard.hooks.subprocess.SubprocessHook","filename":"subprocess.py","lineno":99}
{"timestamp":"2026-06-02T14:19:33.598531Z","level":"info","event":"26/06/02 14:19:33 INFO BlockManagerInfo: Added broadcast_5_piece0 in memory on ac0ccb30c6a7:35159 (size: 124.4 KiB, free: 434.3 MiB)","logger":"airflow.task.hooks.airflow.providers.standard.hooks.subprocess.SubprocessHook","filename":"subprocess.py","lineno":99}
{"timestamp":"2026-06-02T14:19:33.600256Z","level":"info","event":"26/06/02 14:19:33 INFO SparkContext: Created broadcast 5 from broadcast at DAGScheduler.scala:1611","logger":"airflow.task.hooks.airflow.providers.standard.hooks.subprocess.SubprocessHook","filename":"subprocess.py","lineno":99}
{"timestamp":"2026-06-02T14:19:33.602629Z","level":"info","event":"26/06/02 14:19:33 INFO DAGScheduler: Submitting 16 missing tasks from ResultStage 4 (MapPartitionsRDD[11] at saveAsTable at NativeMethodAccessorImpl.java:0) (first 15 tasks are for partitions Vector(0, 1, 2, 3, 4, 5, 6, 7, 8, 9, 10, 11, 12, 13, 14))","logger":"airflow.task.hooks.airflow.providers.standard.hooks.subprocess.SubprocessHook","filename":"subprocess.py","lineno":99}
{"timestamp":"2026-06-02T14:19:33.602959Z","level":"info","event":"26/06/02 14:19:33 INFO TaskSchedulerImpl: Adding task set 4.0 with 16 tasks resource profile 0","logger":"airflow.task.hooks.airflow.providers.standard.hooks.subprocess.SubprocessHook","filename":"subprocess.py","lineno":99}
{"timestamp":"2026-06-02T14:19:33.604929Z","level":"info","event":"26/06/02 14:19:33 INFO TaskSetManager: Starting task 0.0 in stage 4.0 (TID 15) (ac0ccb30c6a7, executor driver, partition 0, PROCESS_LOCAL, 9133 bytes)","logger":"airflow.task.hooks.airflow.providers.standard.hooks.subprocess.SubprocessHook","filename":"subprocess.py","lineno":99}
{"timestamp":"2026-06-02T14:19:33.606317Z","level":"info","event":"26/06/02 14:19:33 INFO TaskSetManager: Starting task 1.0 in stage 4.0 (TID 16) (ac0ccb30c6a7, executor driver, partition 1, PROCESS_LOCAL, 9154 bytes)","logger":"airflow.task.hooks.airflow.providers.standard.hooks.subprocess.SubprocessHook","filename":"subprocess.py","lineno":99}
{"timestamp":"2026-06-02T14:19:33.607036Z","level":"info","event":"26/06/02 14:19:33 INFO TaskSetManager: Starting task 2.0 in stage 4.0 (TID 17) (ac0ccb30c6a7, executor driver, partition 2, PROCESS_LOCAL, 9102 bytes)","logger":"airflow.task.hooks.airflow.providers.standard.hooks.subprocess.SubprocessHook","filename":"subprocess.py","lineno":99}
{"timestamp":"2026-06-02T14:19:33.607298Z","level":"info","event":"26/06/02 14:19:33 INFO TaskSetManager: Starting task 3.0 in stage 4.0 (TID 18) (ac0ccb30c6a7, executor driver, partition 3, PROCESS_LOCAL, 9140 bytes)","logger":"airflow.task.hooks.airflow.providers.standard.hooks.subprocess.SubprocessHook","filename":"subprocess.py","lineno":99}
{"timestamp":"2026-06-02T14:19:33.608476Z","level":"info","event":"26/06/02 14:19:33 INFO TaskSetManager: Starting task 4.0 in stage 4.0 (TID 19) (ac0ccb30c6a7, executor driver, partition 4, PROCESS_LOCAL, 9110 bytes)","logger":"airflow.task.hooks.airflow.providers.standard.hooks.subprocess.SubprocessHook","filename":"subprocess.py","lineno":99}
{"timestamp":"2026-06-02T14:19:33.609704Z","level":"info","event":"26/06/02 14:19:33 INFO TaskSetManager: Starting task 5.0 in stage 4.0 (TID 20) (ac0ccb30c6a7, executor driver, partition 5, PROCESS_LOCAL, 9119 bytes)","logger":"airflow.task.hooks.airflow.providers.standard.hooks.subprocess.SubprocessHook","filename":"subprocess.py","lineno":99}
{"timestamp":"2026-06-02T14:19:33.609897Z","level":"info","event":"26/06/02 14:19:33 INFO TaskSetManager: Starting task 6.0 in stage 4.0 (TID 21) (ac0ccb30c6a7, executor driver, partition 6, PROCESS_LOCAL, 9127 bytes)","logger":"airflow.task.hooks.airflow.providers.standard.hooks.subprocess.SubprocessHook","filename":"subprocess.py","lineno":99}
{"timestamp":"2026-06-02T14:19:33.611439Z","level":"info","event":"26/06/02 14:19:33 INFO TaskSetManager: Starting task 7.0 in stage 4.0 (TID 22) (ac0ccb30c6a7, executor driver, partition 7, PROCESS_LOCAL, 9147 bytes)","logger":"airflow.task.hooks.airflow.providers.standard.hooks.subprocess.SubprocessHook","filename":"subprocess.py","lineno":99}
{"timestamp":"2026-06-02T14:19:33.612121Z","level":"info","event":"26/06/02 14:19:33 INFO TaskSetManager: Starting task 8.0 in stage 4.0 (TID 23) (ac0ccb30c6a7, executor driver, partition 8, PROCESS_LOCAL, 9182 bytes)","logger":"airflow.task.hooks.airflow.providers.standard.hooks.subprocess.SubprocessHook","filename":"subprocess.py","lineno":99}
{"timestamp":"2026-06-02T14:19:33.613211Z","level":"info","event":"26/06/02 14:19:33 INFO TaskSetManager: Starting task 9.0 in stage 4.0 (TID 24) (ac0ccb30c6a7, executor driver, partition 9, PROCESS_LOCAL, 9123 bytes)","logger":"airflow.task.hooks.airflow.providers.standard.hooks.subprocess.SubprocessHook","filename":"subprocess.py","lineno":99}
{"timestamp":"2026-06-02T14:19:33.613412Z","level":"info","event":"26/06/02 14:19:33 INFO TaskSetManager: Starting task 10.0 in stage 4.0 (TID 25) (ac0ccb30c6a7, executor driver, partition 10, PROCESS_LOCAL, 9122 bytes)","logger":"airflow.task.hooks.airflow.providers.standard.hooks.subprocess.SubprocessHook","filename":"subprocess.py","lineno":99}
{"timestamp":"2026-06-02T14:19:33.614144Z","level":"info","event":"26/06/02 14:19:33 INFO TaskSetManager: Starting task 11.0 in stage 4.0 (TID 26) (ac0ccb30c6a7, executor driver, partition 11, PROCESS_LOCAL, 9123 bytes)","logger":"airflow.task.hooks.airflow.providers.standard.hooks.subprocess.SubprocessHook","filename":"subprocess.py","lineno":99}
{"timestamp":"2026-06-02T14:19:33.614963Z","level":"info","event":"26/06/02 14:19:33 INFO TaskSetManager: Starting task 12.0 in stage 4.0 (TID 27) (ac0ccb30c6a7, executor driver, partition 12, PROCESS_LOCAL, 9117 bytes)","logger":"airflow.task.hooks.airflow.providers.standard.hooks.subprocess.SubprocessHook","filename":"subprocess.py","lineno":99}
{"timestamp":"2026-06-02T14:19:33.616237Z","level":"info","event":"26/06/02 14:19:33 INFO TaskSetManager: Starting task 13.0 in stage 4.0 (TID 28) (ac0ccb30c6a7, executor driver, partition 13, PROCESS_LOCAL, 9157 bytes)","logger":"airflow.task.hooks.airflow.providers.standard.hooks.subprocess.SubprocessHook","filename":"subprocess.py","lineno":99}
{"timestamp":"2026-06-02T14:19:33.617958Z","level":"info","event":"26/06/02 14:19:33 INFO TaskSetManager: Starting task 14.0 in stage 4.0 (TID 29) (ac0ccb30c6a7, executor driver, partition 14, PROCESS_LOCAL, 9108 bytes)","logger":"airflow.task.hooks.airflow.providers.standard.hooks.subprocess.SubprocessHook","filename":"subprocess.py","lineno":99}
{"timestamp":"2026-06-02T14:19:33.619673Z","level":"info","event":"26/06/02 14:19:33 INFO TaskSetManager: Starting task 15.0 in stage 4.0 (TID 30) (ac0ccb30c6a7, executor driver, partition 15, PROCESS_LOCAL, 9219 bytes)","logger":"airflow.task.hooks.airflow.providers.standard.hooks.subprocess.SubprocessHook","filename":"subprocess.py","lineno":99}
{"timestamp":"2026-06-02T14:19:33.629266Z","level":"info","event":"26/06/02 14:19:33 INFO Executor: Running task 1.0 in stage 4.0 (TID 16)","logger":"airflow.task.hooks.airflow.providers.standard.hooks.subprocess.SubprocessHook","filename":"subprocess.py","lineno":99}
{"timestamp":"2026-06-02T14:19:33.629581Z","level":"info","event":"26/06/02 14:19:33 INFO Executor: Running task 7.0 in stage 4.0 (TID 22)","logger":"airflow.task.hooks.airflow.providers.standard.hooks.subprocess.SubprocessHook","filename":"subprocess.py","lineno":99}
{"timestamp":"2026-06-02T14:19:33.629672Z","level":"info","event":"26/06/02 14:19:33 INFO Executor: Running task 8.0 in stage 4.0 (TID 23)","logger":"airflow.task.hooks.airflow.providers.standard.hooks.subprocess.SubprocessHook","filename":"subprocess.py","lineno":99}
{"timestamp":"2026-06-02T14:19:33.629891Z","level":"info","event":"26/06/02 14:19:33 INFO Executor: Running task 5.0 in stage 4.0 (TID 20)","logger":"airflow.task.hooks.airflow.providers.standard.hooks.subprocess.SubprocessHook","filename":"subprocess.py","lineno":99}
{"timestamp":"2026-06-02T14:19:33.629986Z","level":"info","event":"26/06/02 14:19:33 INFO Executor: Running task 3.0 in stage 4.0 (TID 18)","logger":"airflow.task.hooks.airflow.providers.standard.hooks.subprocess.SubprocessHook","filename":"subprocess.py","lineno":99}
{"timestamp":"2026-06-02T14:19:33.630058Z","level":"info","event":"26/06/02 14:19:33 INFO Executor: Running task 4.0 in stage 4.0 (TID 19)","logger":"airflow.task.hooks.airflow.providers.standard.hooks.subprocess.SubprocessHook","filename":"subprocess.py","lineno":99}
{"timestamp":"2026-06-02T14:19:33.632131Z","level":"info","event":"26/06/02 14:19:33 INFO Executor: Running task 2.0 in stage 4.0 (TID 17)","logger":"airflow.task.hooks.airflow.providers.standard.hooks.subprocess.SubprocessHook","filename":"subprocess.py","lineno":99}
{"timestamp":"2026-06-02T14:19:33.632418Z","level":"info","event":"26/06/02 14:19:33 INFO Executor: Running task 0.0 in stage 4.0 (TID 15)","logger":"airflow.task.hooks.airflow.providers.standard.hooks.subprocess.SubprocessHook","filename":"subprocess.py","lineno":99}
{"timestamp":"2026-06-02T14:19:33.636816Z","level":"info","event":"26/06/02 14:19:33 INFO Executor: Running task 6.0 in stage 4.0 (TID 21)","logger":"airflow.task.hooks.airflow.providers.standard.hooks.subprocess.SubprocessHook","filename":"subprocess.py","lineno":99}
{"timestamp":"2026-06-02T14:19:33.645829Z","level":"info","event":"26/06/02 14:19:33 INFO Executor: Running task 11.0 in stage 4.0 (TID 26)","logger":"airflow.task.hooks.airflow.providers.standard.hooks.subprocess.SubprocessHook","filename":"subprocess.py","lineno":99}
{"timestamp":"2026-06-02T14:19:33.645987Z","level":"info","event":"26/06/02 14:19:33 INFO Executor: Running task 9.0 in stage 4.0 (TID 24)","logger":"airflow.task.hooks.airflow.providers.standard.hooks.subprocess.SubprocessHook","filename":"subprocess.py","lineno":99}
{"timestamp":"2026-06-02T14:19:33.646031Z","level":"info","event":"26/06/02 14:19:33 INFO Executor: Running task 10.0 in stage 4.0 (TID 25)","logger":"airflow.task.hooks.airflow.providers.standard.hooks.subprocess.SubprocessHook","filename":"subprocess.py","lineno":99}
{"timestamp":"2026-06-02T14:19:33.646606Z","level":"info","event":"26/06/02 14:19:33 INFO Executor: Running task 13.0 in stage 4.0 (TID 28)","logger":"airflow.task.hooks.airflow.providers.standard.hooks.subprocess.SubprocessHook","filename":"subprocess.py","lineno":99}
{"timestamp":"2026-06-02T14:19:33.646812Z","level":"info","event":"26/06/02 14:19:33 INFO Executor: Running task 12.0 in stage 4.0 (TID 27)","logger":"airflow.task.hooks.airflow.providers.standard.hooks.subprocess.SubprocessHook","filename":"subprocess.py","lineno":99}
{"timestamp":"2026-06-02T14:19:33.649349Z","level":"info","event":"26/06/02 14:19:33 INFO Executor: Running task 14.0 in stage 4.0 (TID 29)","logger":"airflow.task.hooks.airflow.providers.standard.hooks.subprocess.SubprocessHook","filename":"subprocess.py","lineno":99}
{"timestamp":"2026-06-02T14:19:33.649571Z","level":"info","event":"26/06/02 14:19:33 INFO Executor: Running task 15.0 in stage 4.0 (TID 30)","logger":"airflow.task.hooks.airflow.providers.standard.hooks.subprocess.SubprocessHook","filename":"subprocess.py","lineno":99}
{"timestamp":"2026-06-02T14:19:34.023076Z","level":"info","event":"26/06/02 14:19:34 INFO CodeGenerator: Code generated in 73.303154 ms","logger":"airflow.task.hooks.airflow.providers.standard.hooks.subprocess.SubprocessHook","filename":"subprocess.py","lineno":99}
{"timestamp":"2026-06-02T14:19:34.137561Z","level":"info","event":"26/06/02 14:19:34 INFO CodeGenerator: Code generated in 36.363283 ms","logger":"airflow.task.hooks.airflow.providers.standard.hooks.subprocess.SubprocessHook","filename":"subprocess.py","lineno":99}
{"timestamp":"2026-06-02T14:19:34.391219Z","level":"info","event":"26/06/02 14:19:34 INFO CodeGenerator: Code generated in 58.428372 ms","logger":"airflow.task.hooks.airflow.providers.standard.hooks.subprocess.SubprocessHook","filename":"subprocess.py","lineno":99}
{"timestamp":"2026-06-02T14:19:34.423281Z","level":"info","event":"26/06/02 14:19:34 INFO CodeGenerator: Code generated in 14.52182 ms","logger":"airflow.task.hooks.airflow.providers.standard.hooks.subprocess.SubprocessHook","filename":"subprocess.py","lineno":99}
{"timestamp":"2026-06-02T14:19:34.483717Z","level":"info","event":"26/06/02 14:19:34 INFO CodecConfig: Compression: SNAPPY","logger":"airflow.task.hooks.airflow.providers.standard.hooks.subprocess.SubprocessHook","filename":"subprocess.py","lineno":99}
{"timestamp":"2026-06-02T14:19:34.484111Z","level":"info","event":"26/06/02 14:19:34 INFO CodecConfig: Compression: SNAPPY","logger":"airflow.task.hooks.airflow.providers.standard.hooks.subprocess.SubprocessHook","filename":"subprocess.py","lineno":99}
{"timestamp":"2026-06-02T14:19:34.484186Z","level":"info","event":"26/06/02 14:19:34 INFO CodecConfig: Compression: SNAPPY","logger":"airflow.task.hooks.airflow.providers.standard.hooks.subprocess.SubprocessHook","filename":"subprocess.py","lineno":99}
{"timestamp":"2026-06-02T14:19:34.484406Z","level":"info","event":"26/06/02 14:19:34 INFO CodecConfig: Compression: SNAPPY","logger":"airflow.task.hooks.airflow.providers.standard.hooks.subprocess.SubprocessHook","filename":"subprocess.py","lineno":99}
{"timestamp":"2026-06-02T14:19:34.486059Z","level":"info","event":"26/06/02 14:19:34 INFO CodecConfig: Compression: SNAPPY","logger":"airflow.task.hooks.airflow.providers.standard.hooks.subprocess.SubprocessHook","filename":"subprocess.py","lineno":99}
{"timestamp":"2026-06-02T14:19:34.486225Z","level":"info","event":"26/06/02 14:19:34 INFO CodecConfig: Compression: SNAPPY","logger":"airflow.task.hooks.airflow.providers.standard.hooks.subprocess.SubprocessHook","filename":"subprocess.py","lineno":99}
{"timestamp":"2026-06-02T14:19:34.486280Z","level":"info","event":"26/06/02 14:19:34 INFO CodecConfig: Compression: SNAPPY","logger":"airflow.task.hooks.airflow.providers.standard.hooks.subprocess.SubprocessHook","filename":"subprocess.py","lineno":99}
{"timestamp":"2026-06-02T14:19:34.486324Z","level":"info","event":"26/06/02 14:19:34 INFO CodecConfig: Compression: SNAPPY","logger":"airflow.task.hooks.airflow.providers.standard.hooks.subprocess.SubprocessHook","filename":"subprocess.py","lineno":99}
{"timestamp":"2026-06-02T14:19:34.486362Z","level":"info","event":"26/06/02 14:19:34 INFO CodecConfig: Compression: SNAPPY","logger":"airflow.task.hooks.airflow.providers.standard.hooks.subprocess.SubprocessHook","filename":"subprocess.py","lineno":99}
{"timestamp":"2026-06-02T14:19:34.494413Z","level":"info","event":"26/06/02 14:19:34 INFO CodecConfig: Compression: SNAPPY","logger":"airflow.task.hooks.airflow.providers.standard.hooks.subprocess.SubprocessHook","filename":"subprocess.py","lineno":99}
{"timestamp":"2026-06-02T14:19:34.495237Z","level":"info","event":"26/06/02 14:19:34 INFO CodecConfig: Compression: SNAPPY","logger":"airflow.task.hooks.airflow.providers.standard.hooks.subprocess.SubprocessHook","filename":"subprocess.py","lineno":99}
{"timestamp":"2026-06-02T14:19:34.495381Z","level":"info","event":"26/06/02 14:19:34 INFO CodecConfig: Compression: SNAPPY","logger":"airflow.task.hooks.airflow.providers.standard.hooks.subprocess.SubprocessHook","filename":"subprocess.py","lineno":99}
{"timestamp":"2026-06-02T14:19:34.495442Z","level":"info","event":"26/06/02 14:19:34 INFO CodecConfig: Compression: SNAPPY","logger":"airflow.task.hooks.airflow.providers.standard.hooks.subprocess.SubprocessHook","filename":"subprocess.py","lineno":99}
{"timestamp":"2026-06-02T14:19:34.495486Z","level":"info","event":"26/06/02 14:19:34 INFO CodecConfig: Compression: SNAPPY","logger":"airflow.task.hooks.airflow.providers.standard.hooks.subprocess.SubprocessHook","filename":"subprocess.py","lineno":99}
{"timestamp":"2026-06-02T14:19:34.495523Z","level":"info","event":"26/06/02 14:19:34 INFO CodecConfig: Compression: SNAPPY","logger":"airflow.task.hooks.airflow.providers.standard.hooks.subprocess.SubprocessHook","filename":"subprocess.py","lineno":99}
{"timestamp":"2026-06-02T14:19:34.495731Z","level":"info","event":"26/06/02 14:19:34 INFO CodecConfig: Compression: SNAPPY","logger":"airflow.task.hooks.airflow.providers.standard.hooks.subprocess.SubprocessHook","filename":"subprocess.py","lineno":99}
{"timestamp":"2026-06-02T14:19:34.496142Z","level":"info","event":"26/06/02 14:19:34 INFO CodecConfig: Compression: SNAPPY","logger":"airflow.task.hooks.airflow.providers.standard.hooks.subprocess.SubprocessHook","filename":"subprocess.py","lineno":99}
{"timestamp":"2026-06-02T14:19:34.497056Z","level":"info","event":"26/06/02 14:19:34 INFO CodecConfig: Compression: SNAPPY","logger":"airflow.task.hooks.airflow.providers.standard.hooks.subprocess.SubprocessHook","filename":"subprocess.py","lineno":99}
{"timestamp":"2026-06-02T14:19:34.578873Z","level":"info","event":"26/06/02 14:19:34 INFO ParquetOutputFormat: ParquetRecordWriter [block size: 134217728b, row group padding size: 8388608b, validating: false]","logger":"airflow.task.hooks.airflow.providers.standard.hooks.subprocess.SubprocessHook","filename":"subprocess.py","lineno":99}
{"timestamp":"2026-06-02T14:19:34.579198Z","level":"info","event":"26/06/02 14:19:34 INFO ParquetOutputFormat: ParquetRecordWriter [block size: 134217728b, row group padding size: 8388608b, validating: false]","logger":"airflow.task.hooks.airflow.providers.standard.hooks.subprocess.SubprocessHook","filename":"subprocess.py","lineno":99}
{"timestamp":"2026-06-02T14:19:34.579300Z","level":"info","event":"26/06/02 14:19:34 INFO ParquetOutputFormat: ParquetRecordWriter [block size: 134217728b, row group padding size: 8388608b, validating: false]","logger":"airflow.task.hooks.airflow.providers.standard.hooks.subprocess.SubprocessHook","filename":"subprocess.py","lineno":99}
{"timestamp":"2026-06-02T14:19:34.579356Z","level":"info","event":"26/06/02 14:19:34 INFO ParquetOutputFormat: ParquetRecordWriter [block size: 134217728b, row group padding size: 8388608b, validating: false]","logger":"airflow.task.hooks.airflow.providers.standard.hooks.subprocess.SubprocessHook","filename":"subprocess.py","lineno":99}
{"timestamp":"2026-06-02T14:19:34.579401Z","level":"info","event":"26/06/02 14:19:34 INFO ParquetOutputFormat: ParquetRecordWriter [block size: 134217728b, row group padding size: 8388608b, validating: false]","logger":"airflow.task.hooks.airflow.providers.standard.hooks.subprocess.SubprocessHook","filename":"subprocess.py","lineno":99}
{"timestamp":"2026-06-02T14:19:34.579447Z","level":"info","event":"26/06/02 14:19:34 INFO ParquetOutputFormat: ParquetRecordWriter [block size: 134217728b, row group padding size: 8388608b, validating: false]","logger":"airflow.task.hooks.airflow.providers.standard.hooks.subprocess.SubprocessHook","filename":"subprocess.py","lineno":99}
{"timestamp":"2026-06-02T14:19:34.579488Z","level":"info","event":"26/06/02 14:19:34 INFO ParquetOutputFormat: ParquetRecordWriter [block size: 134217728b, row group padding size: 8388608b, validating: false]","logger":"airflow.task.hooks.airflow.providers.standard.hooks.subprocess.SubprocessHook","filename":"subprocess.py","lineno":99}
{"timestamp":"2026-06-02T14:19:34.579528Z","level":"info","event":"26/06/02 14:19:34 INFO ParquetOutputFormat: ParquetRecordWriter [block size: 134217728b, row group padding size: 8388608b, validating: false]","logger":"airflow.task.hooks.airflow.providers.standard.hooks.subprocess.SubprocessHook","filename":"subprocess.py","lineno":99}
{"timestamp":"2026-06-02T14:19:34.579567Z","level":"info","event":"26/06/02 14:19:34 INFO ParquetOutputFormat: ParquetRecordWriter [block size: 134217728b, row group padding size: 8388608b, validating: false]","logger":"airflow.task.hooks.airflow.providers.standard.hooks.subprocess.SubprocessHook","filename":"subprocess.py","lineno":99}
{"timestamp":"2026-06-02T14:19:34.584458Z","level":"info","event":"26/06/02 14:19:34 INFO CodecConfig: Compression: SNAPPY","logger":"airflow.task.hooks.airflow.providers.standard.hooks.subprocess.SubprocessHook","filename":"subprocess.py","lineno":99}
{"timestamp":"2026-06-02T14:19:34.585034Z","level":"info","event":"26/06/02 14:19:34 INFO CodecConfig: Compression: SNAPPY","logger":"airflow.task.hooks.airflow.providers.standard.hooks.subprocess.SubprocessHook","filename":"subprocess.py","lineno":99}
{"timestamp":"2026-06-02T14:19:34.592407Z","level":"info","event":"26/06/02 14:19:34 INFO ParquetOutputFormat: ParquetRecordWriter [block size: 134217728b, row group padding size: 8388608b, validating: false]","logger":"airflow.task.hooks.airflow.providers.standard.hooks.subprocess.SubprocessHook","filename":"subprocess.py","lineno":99}
{"timestamp":"2026-06-02T14:19:34.677174Z","level":"info","event":"26/06/02 14:19:34 INFO CodecConfig: Compression: SNAPPY","logger":"airflow.task.hooks.airflow.providers.standard.hooks.subprocess.SubprocessHook","filename":"subprocess.py","lineno":99}
{"timestamp":"2026-06-02T14:19:34.677517Z","level":"info","event":"26/06/02 14:19:34 INFO CodecConfig: Compression: SNAPPY","logger":"airflow.task.hooks.airflow.providers.standard.hooks.subprocess.SubprocessHook","filename":"subprocess.py","lineno":99}
{"timestamp":"2026-06-02T14:19:34.677655Z","level":"info","event":"26/06/02 14:19:34 INFO ParquetOutputFormat: ParquetRecordWriter [block size: 134217728b, row group padding size: 8388608b, validating: false]","logger":"airflow.task.hooks.airflow.providers.standard.hooks.subprocess.SubprocessHook","filename":"subprocess.py","lineno":99}
{"timestamp":"2026-06-02T14:19:34.709340Z","level":"info","event":"26/06/02 14:19:34 INFO ParquetWriteSupport: Initialized Parquet WriteSupport with Catalyst schema:","logger":"airflow.task.hooks.airflow.providers.standard.hooks.subprocess.SubprocessHook","filename":"subprocess.py","lineno":99}
{"timestamp":"2026-06-02T14:19:34.709720Z","level":"info","event":"{","logger":"airflow.task.hooks.airflow.providers.standard.hooks.subprocess.SubprocessHook","filename":"subprocess.py","lineno":99}
{"timestamp":"2026-06-02T14:19:34.709853Z","level":"info","event":"  \"type\" : \"struct\",","logger":"airflow.task.hooks.airflow.providers.standard.hooks.subprocess.SubprocessHook","filename":"subprocess.py","lineno":99}
{"timestamp":"2026-06-02T14:19:34.709919Z","level":"info","event":"  \"fields\" : [ {","logger":"airflow.task.hooks.airflow.providers.standard.hooks.subprocess.SubprocessHook","filename":"subprocess.py","lineno":99}
{"timestamp":"2026-06-02T14:19:34.709960Z","level":"info","event":"    \"name\" : \"product_name\",","logger":"airflow.task.hooks.airflow.providers.standard.hooks.subprocess.SubprocessHook","filename":"subprocess.py","lineno":99}
{"timestamp":"2026-06-02T14:19:34.709997Z","level":"info","event":"    \"type\" : \"string\",","logger":"airflow.task.hooks.airflow.providers.standard.hooks.subprocess.SubprocessHook","filename":"subprocess.py","lineno":99}
{"timestamp":"2026-06-02T14:19:34.710028Z","level":"info","event":"    \"nullable\" : true,","logger":"airflow.task.hooks.airflow.providers.standard.hooks.subprocess.SubprocessHook","filename":"subprocess.py","lineno":99}
{"timestamp":"2026-06-02T14:19:34.710057Z","level":"info","event":"    \"metadata\" : { }","logger":"airflow.task.hooks.airflow.providers.standard.hooks.subprocess.SubprocessHook","filename":"subprocess.py","lineno":99}
{"timestamp":"2026-06-02T14:19:34.710089Z","level":"info","event":"  }, {","logger":"airflow.task.hooks.airflow.providers.standard.hooks.subprocess.SubprocessHook","filename":"subprocess.py","lineno":99}
{"timestamp":"2026-06-02T14:19:34.710124Z","level":"info","event":"    \"name\" : \"value\",","logger":"airflow.task.hooks.airflow.providers.standard.hooks.subprocess.SubprocessHook","filename":"subprocess.py","lineno":99}
{"timestamp":"2026-06-02T14:19:34.710174Z","level":"info","event":"    \"type\" : \"double\",","logger":"airflow.task.hooks.airflow.providers.standard.hooks.subprocess.SubprocessHook","filename":"subprocess.py","lineno":99}
{"timestamp":"2026-06-02T14:19:34.710249Z","level":"info","event":"    \"nullable\" : true,","logger":"airflow.task.hooks.airflow.providers.standard.hooks.subprocess.SubprocessHook","filename":"subprocess.py","lineno":99}
{"timestamp":"2026-06-02T14:19:34.710318Z","level":"info","event":"    \"metadata\" : { }","logger":"airflow.task.hooks.airflow.providers.standard.hooks.subprocess.SubprocessHook","filename":"subprocess.py","lineno":99}
{"timestamp":"2026-06-02T14:19:34.710371Z","level":"info","event":"  }, {","logger":"airflow.task.hooks.airflow.providers.standard.hooks.subprocess.SubprocessHook","filename":"subprocess.py","lineno":99}
{"timestamp":"2026-06-02T14:19:34.710410Z","level":"info","event":"    \"name\" : \"unit\",","logger":"airflow.task.hooks.airflow.providers.standard.hooks.subprocess.SubprocessHook","filename":"subprocess.py","lineno":99}
{"timestamp":"2026-06-02T14:19:34.710497Z","level":"info","event":"    \"type\" : \"string\",","logger":"airflow.task.hooks.airflow.providers.standard.hooks.subprocess.SubprocessHook","filename":"subprocess.py","lineno":99}
{"timestamp":"2026-06-02T14:19:34.710570Z","level":"info","event":"    \"nullable\" : true,","logger":"airflow.task.hooks.airflow.providers.standard.hooks.subprocess.SubprocessHook","filename":"subprocess.py","lineno":99}
{"timestamp":"2026-06-02T14:19:34.710609Z","level":"info","event":"    \"metadata\" : { }","logger":"airflow.task.hooks.airflow.providers.standard.hooks.subprocess.SubprocessHook","filename":"subprocess.py","lineno":99}
{"timestamp":"2026-06-02T14:19:34.710661Z","level":"info","event":"  }, {","logger":"airflow.task.hooks.airflow.providers.standard.hooks.subprocess.SubprocessHook","filename":"subprocess.py","lineno":99}
{"timestamp":"2026-06-02T14:19:34.710722Z","level":"info","event":"    \"name\" : \"month\",","logger":"airflow.task.hooks.airflow.providers.standard.hooks.subprocess.SubprocessHook","filename":"subprocess.py","lineno":99}
{"timestamp":"2026-06-02T14:19:34.710808Z","level":"info","event":"    \"type\" : \"integer\",","logger":"airflow.task.hooks.airflow.providers.standard.hooks.subprocess.SubprocessHook","filename":"subprocess.py","lineno":99}
{"timestamp":"2026-06-02T14:19:34.710946Z","level":"info","event":"    \"nullable\" : true,","logger":"airflow.task.hooks.airflow.providers.standard.hooks.subprocess.SubprocessHook","filename":"subprocess.py","lineno":99}
{"timestamp":"2026-06-02T14:19:34.710998Z","level":"info","event":"    \"metadata\" : { }","logger":"airflow.task.hooks.airflow.providers.standard.hooks.subprocess.SubprocessHook","filename":"subprocess.py","lineno":99}
{"timestamp":"2026-06-02T14:19:34.711037Z","level":"info","event":"  }, {","logger":"airflow.task.hooks.airflow.providers.standard.hooks.subprocess.SubprocessHook","filename":"subprocess.py","lineno":99}
{"timestamp":"2026-06-02T14:19:34.711072Z","level":"info","event":"    \"name\" : \"quarter\",","logger":"airflow.task.hooks.airflow.providers.standard.hooks.subprocess.SubprocessHook","filename":"subprocess.py","lineno":99}
{"timestamp":"2026-06-02T14:19:34.711133Z","level":"info","event":"    \"type\" : \"integer\",","logger":"airflow.task.hooks.airflow.providers.standard.hooks.subprocess.SubprocessHook","filename":"subprocess.py","lineno":99}
{"timestamp":"2026-06-02T14:19:34.711178Z","level":"info","event":"    \"nullable\" : true,","logger":"airflow.task.hooks.airflow.providers.standard.hooks.subprocess.SubprocessHook","filename":"subprocess.py","lineno":99}
{"timestamp":"2026-06-02T14:19:34.711214Z","level":"info","event":"    \"metadata\" : { }","logger":"airflow.task.hooks.airflow.providers.standard.hooks.subprocess.SubprocessHook","filename":"subprocess.py","lineno":99}
{"timestamp":"2026-06-02T14:19:34.711252Z","level":"info","event":"  }, {","logger":"airflow.task.hooks.airflow.providers.standard.hooks.subprocess.SubprocessHook","filename":"subprocess.py","lineno":99}
{"timestamp":"2026-06-02T14:19:34.711307Z","level":"info","event":"    \"name\" : \"year\",","logger":"airflow.task.hooks.airflow.providers.standard.hooks.subprocess.SubprocessHook","filename":"subprocess.py","lineno":99}
{"timestamp":"2026-06-02T14:19:34.711374Z","level":"info","event":"    \"type\" : \"integer\",","logger":"airflow.task.hooks.airflow.providers.standard.hooks.subprocess.SubprocessHook","filename":"subprocess.py","lineno":99}
{"timestamp":"2026-06-02T14:19:34.711428Z","level":"info","event":"    \"nullable\" : true,","logger":"airflow.task.hooks.airflow.providers.standard.hooks.subprocess.SubprocessHook","filename":"subprocess.py","lineno":99}
{"timestamp":"2026-06-02T14:19:34.711469Z","level":"info","event":"    \"metadata\" : { }","logger":"airflow.task.hooks.airflow.providers.standard.hooks.subprocess.SubprocessHook","filename":"subprocess.py","lineno":99}
{"timestamp":"2026-06-02T14:19:34.711505Z","level":"info","event":"  }, {","logger":"airflow.task.hooks.airflow.providers.standard.hooks.subprocess.SubprocessHook","filename":"subprocess.py","lineno":99}
{"timestamp":"2026-06-02T14:19:34.711540Z","level":"info","event":"    \"name\" : \"ingest_at\",","logger":"airflow.task.hooks.airflow.providers.standard.hooks.subprocess.SubprocessHook","filename":"subprocess.py","lineno":99}
{"timestamp":"2026-06-02T14:19:34.711677Z","level":"info","event":"    \"type\" : \"timestamp\",","logger":"airflow.task.hooks.airflow.providers.standard.hooks.subprocess.SubprocessHook","filename":"subprocess.py","lineno":99}
{"timestamp":"2026-06-02T14:19:34.711731Z","level":"info","event":"    \"nullable\" : true,","logger":"airflow.task.hooks.airflow.providers.standard.hooks.subprocess.SubprocessHook","filename":"subprocess.py","lineno":99}
{"timestamp":"2026-06-02T14:19:34.711772Z","level":"info","event":"    \"metadata\" : { }","logger":"airflow.task.hooks.airflow.providers.standard.hooks.subprocess.SubprocessHook","filename":"subprocess.py","lineno":99}
{"timestamp":"2026-06-02T14:19:34.711860Z","level":"info","event":"  } ]","logger":"airflow.task.hooks.airflow.providers.standard.hooks.subprocess.SubprocessHook","filename":"subprocess.py","lineno":99}
{"timestamp":"2026-06-02T14:19:34.711930Z","level":"info","event":"}","logger":"airflow.task.hooks.airflow.providers.standard.hooks.subprocess.SubprocessHook","filename":"subprocess.py","lineno":99}
{"timestamp":"2026-06-02T14:19:34.711969Z","level":"info","event":"and corresponding Parquet message type:","logger":"airflow.task.hooks.airflow.providers.standard.hooks.subprocess.SubprocessHook","filename":"subprocess.py","lineno":99}
{"timestamp":"2026-06-02T14:19:34.712043Z","level":"info","event":"message spark_schema {","logger":"airflow.task.hooks.airflow.providers.standard.hooks.subprocess.SubprocessHook","filename":"subprocess.py","lineno":99}
{"timestamp":"2026-06-02T14:19:34.712112Z","level":"info","event":"  optional binary product_name (STRING);","logger":"airflow.task.hooks.airflow.providers.standard.hooks.subprocess.SubprocessHook","filename":"subprocess.py","lineno":99}
{"timestamp":"2026-06-02T14:19:34.712180Z","level":"info","event":"  optional double value;","logger":"airflow.task.hooks.airflow.providers.standard.hooks.subprocess.SubprocessHook","filename":"subprocess.py","lineno":99}
{"timestamp":"2026-06-02T14:19:34.712254Z","level":"info","event":"  optional binary unit (STRING);","logger":"airflow.task.hooks.airflow.providers.standard.hooks.subprocess.SubprocessHook","filename":"subprocess.py","lineno":99}
{"timestamp":"2026-06-02T14:19:34.712316Z","level":"info","event":"  optional int32 month;","logger":"airflow.task.hooks.airflow.providers.standard.hooks.subprocess.SubprocessHook","filename":"subprocess.py","lineno":99}
{"timestamp":"2026-06-02T14:19:34.712363Z","level":"info","event":"  optional int32 quarter;","logger":"airflow.task.hooks.airflow.providers.standard.hooks.subprocess.SubprocessHook","filename":"subprocess.py","lineno":99}
{"timestamp":"2026-06-02T14:19:34.712415Z","level":"info","event":"  optional int32 year;","logger":"airflow.task.hooks.airflow.providers.standard.hooks.subprocess.SubprocessHook","filename":"subprocess.py","lineno":99}
{"timestamp":"2026-06-02T14:19:34.712485Z","level":"info","event":"  optional int96 ingest_at;","logger":"airflow.task.hooks.airflow.providers.standard.hooks.subprocess.SubprocessHook","filename":"subprocess.py","lineno":99}
{"timestamp":"2026-06-02T14:19:34.712528Z","level":"info","event":"}","logger":"airflow.task.hooks.airflow.providers.standard.hooks.subprocess.SubprocessHook","filename":"subprocess.py","lineno":99}
{"timestamp":"2026-06-02T14:19:34.712567Z","level":"info","event":"","logger":"airflow.task.hooks.airflow.providers.standard.hooks.subprocess.SubprocessHook","filename":"subprocess.py","lineno":99}
{"timestamp":"2026-06-02T14:19:34.712604Z","level":"info","event":"","logger":"airflow.task.hooks.airflow.providers.standard.hooks.subprocess.SubprocessHook","filename":"subprocess.py","lineno":99}
{"timestamp":"2026-06-02T14:19:34.712665Z","level":"info","event":"26/06/02 14:19:34 INFO ParquetWriteSupport: Initialized Parquet WriteSupport with Catalyst schema:","logger":"airflow.task.hooks.airflow.providers.standard.hooks.subprocess.SubprocessHook","filename":"subprocess.py","lineno":99}
{"timestamp":"2026-06-02T14:19:34.712733Z","level":"info","event":"{","logger":"airflow.task.hooks.airflow.providers.standard.hooks.subprocess.SubprocessHook","filename":"subprocess.py","lineno":99}
{"timestamp":"2026-06-02T14:19:34.712804Z","level":"info","event":"  \"type\" : \"struct\",","logger":"airflow.task.hooks.airflow.providers.standard.hooks.subprocess.SubprocessHook","filename":"subprocess.py","lineno":99}
{"timestamp":"2026-06-02T14:19:34.712863Z","level":"info","event":"  \"fields\" : [ {","logger":"airflow.task.hooks.airflow.providers.standard.hooks.subprocess.SubprocessHook","filename":"subprocess.py","lineno":99}
{"timestamp":"2026-06-02T14:19:34.712982Z","level":"info","event":"    \"name\" : \"product_name\",","logger":"airflow.task.hooks.airflow.providers.standard.hooks.subprocess.SubprocessHook","filename":"subprocess.py","lineno":99}
{"timestamp":"2026-06-02T14:19:34.713041Z","level":"info","event":"    \"type\" : \"string\",","logger":"airflow.task.hooks.airflow.providers.standard.hooks.subprocess.SubprocessHook","filename":"subprocess.py","lineno":99}
{"timestamp":"2026-06-02T14:19:34.713105Z","level":"info","event":"    \"nullable\" : true,","logger":"airflow.task.hooks.airflow.providers.standard.hooks.subprocess.SubprocessHook","filename":"subprocess.py","lineno":99}
{"timestamp":"2026-06-02T14:19:34.713145Z","level":"info","event":"    \"metadata\" : { }","logger":"airflow.task.hooks.airflow.providers.standard.hooks.subprocess.SubprocessHook","filename":"subprocess.py","lineno":99}
{"timestamp":"2026-06-02T14:19:34.713181Z","level":"info","event":"  }, {","logger":"airflow.task.hooks.airflow.providers.standard.hooks.subprocess.SubprocessHook","filename":"subprocess.py","lineno":99}
{"timestamp":"2026-06-02T14:19:34.713213Z","level":"info","event":"    \"name\" : \"value\",","logger":"airflow.task.hooks.airflow.providers.standard.hooks.subprocess.SubprocessHook","filename":"subprocess.py","lineno":99}
{"timestamp":"2026-06-02T14:19:34.713328Z","level":"info","event":"    \"type\" : \"double\",","logger":"airflow.task.hooks.airflow.providers.standard.hooks.subprocess.SubprocessHook","filename":"subprocess.py","lineno":99}
{"timestamp":"2026-06-02T14:19:34.713399Z","level":"info","event":"    \"nullable\" : true,","logger":"airflow.task.hooks.airflow.providers.standard.hooks.subprocess.SubprocessHook","filename":"subprocess.py","lineno":99}
{"timestamp":"2026-06-02T14:19:34.713492Z","level":"info","event":"    \"metadata\" : { }","logger":"airflow.task.hooks.airflow.providers.standard.hooks.subprocess.SubprocessHook","filename":"subprocess.py","lineno":99}
{"timestamp":"2026-06-02T14:19:34.713681Z","level":"info","event":"  }, {","logger":"airflow.task.hooks.airflow.providers.standard.hooks.subprocess.SubprocessHook","filename":"subprocess.py","lineno":99}
{"timestamp":"2026-06-02T14:19:34.713780Z","level":"info","event":"    \"name\" : \"unit\",","logger":"airflow.task.hooks.airflow.providers.standard.hooks.subprocess.SubprocessHook","filename":"subprocess.py","lineno":99}
{"timestamp":"2026-06-02T14:19:34.713828Z","level":"info","event":"    \"type\" : \"string\",","logger":"airflow.task.hooks.airflow.providers.standard.hooks.subprocess.SubprocessHook","filename":"subprocess.py","lineno":99}
{"timestamp":"2026-06-02T14:19:34.713865Z","level":"info","event":"    \"nullable\" : true,","logger":"airflow.task.hooks.airflow.providers.standard.hooks.subprocess.SubprocessHook","filename":"subprocess.py","lineno":99}
{"timestamp":"2026-06-02T14:19:34.713902Z","level":"info","event":"    \"metadata\" : { }","logger":"airflow.task.hooks.airflow.providers.standard.hooks.subprocess.SubprocessHook","filename":"subprocess.py","lineno":99}
{"timestamp":"2026-06-02T14:19:34.714106Z","level":"info","event":"  }, {","logger":"airflow.task.hooks.airflow.providers.standard.hooks.subprocess.SubprocessHook","filename":"subprocess.py","lineno":99}
{"timestamp":"2026-06-02T14:19:34.714207Z","level":"info","event":"    \"name\" : \"month\",","logger":"airflow.task.hooks.airflow.providers.standard.hooks.subprocess.SubprocessHook","filename":"subprocess.py","lineno":99}
{"timestamp":"2026-06-02T14:19:34.714280Z","level":"info","event":"    \"type\" : \"integer\",","logger":"airflow.task.hooks.airflow.providers.standard.hooks.subprocess.SubprocessHook","filename":"subprocess.py","lineno":99}
{"timestamp":"2026-06-02T14:19:34.714371Z","level":"info","event":"    \"nullable\" : true,","logger":"airflow.task.hooks.airflow.providers.standard.hooks.subprocess.SubprocessHook","filename":"subprocess.py","lineno":99}
{"timestamp":"2026-06-02T14:19:34.714438Z","level":"info","event":"    \"metadata\" : { }","logger":"airflow.task.hooks.airflow.providers.standard.hooks.subprocess.SubprocessHook","filename":"subprocess.py","lineno":99}
{"timestamp":"2026-06-02T14:19:34.714484Z","level":"info","event":"  }, {","logger":"airflow.task.hooks.airflow.providers.standard.hooks.subprocess.SubprocessHook","filename":"subprocess.py","lineno":99}
{"timestamp":"2026-06-02T14:19:34.714548Z","level":"info","event":"    \"name\" : \"quarter\",","logger":"airflow.task.hooks.airflow.providers.standard.hooks.subprocess.SubprocessHook","filename":"subprocess.py","lineno":99}
{"timestamp":"2026-06-02T14:19:34.714628Z","level":"info","event":"    \"type\" : \"integer\",","logger":"airflow.task.hooks.airflow.providers.standard.hooks.subprocess.SubprocessHook","filename":"subprocess.py","lineno":99}
{"timestamp":"2026-06-02T14:19:34.714694Z","level":"info","event":"    \"nullable\" : true,","logger":"airflow.task.hooks.airflow.providers.standard.hooks.subprocess.SubprocessHook","filename":"subprocess.py","lineno":99}
{"timestamp":"2026-06-02T14:19:34.714755Z","level":"info","event":"    \"metadata\" : { }","logger":"airflow.task.hooks.airflow.providers.standard.hooks.subprocess.SubprocessHook","filename":"subprocess.py","lineno":99}
{"timestamp":"2026-06-02T14:19:34.714803Z","level":"info","event":"  }, {","logger":"airflow.task.hooks.airflow.providers.standard.hooks.subprocess.SubprocessHook","filename":"subprocess.py","lineno":99}
{"timestamp":"2026-06-02T14:19:34.714852Z","level":"info","event":"    \"name\" : \"year\",","logger":"airflow.task.hooks.airflow.providers.standard.hooks.subprocess.SubprocessHook","filename":"subprocess.py","lineno":99}
{"timestamp":"2026-06-02T14:19:34.714917Z","level":"info","event":"    \"type\" : \"integer\",","logger":"airflow.task.hooks.airflow.providers.standard.hooks.subprocess.SubprocessHook","filename":"subprocess.py","lineno":99}
{"timestamp":"2026-06-02T14:19:34.714962Z","level":"info","event":"    \"nullable\" : true,","logger":"airflow.task.hooks.airflow.providers.standard.hooks.subprocess.SubprocessHook","filename":"subprocess.py","lineno":99}
{"timestamp":"2026-06-02T14:19:34.714999Z","level":"info","event":"    \"metadata\" : { }","logger":"airflow.task.hooks.airflow.providers.standard.hooks.subprocess.SubprocessHook","filename":"subprocess.py","lineno":99}
{"timestamp":"2026-06-02T14:19:34.715097Z","level":"info","event":"  }, {","logger":"airflow.task.hooks.airflow.providers.standard.hooks.subprocess.SubprocessHook","filename":"subprocess.py","lineno":99}
{"timestamp":"2026-06-02T14:19:34.715172Z","level":"info","event":"    \"name\" : \"ingest_at\",","logger":"airflow.task.hooks.airflow.providers.standard.hooks.subprocess.SubprocessHook","filename":"subprocess.py","lineno":99}
{"timestamp":"2026-06-02T14:19:34.715238Z","level":"info","event":"    \"type\" : \"timestamp\",","logger":"airflow.task.hooks.airflow.providers.standard.hooks.subprocess.SubprocessHook","filename":"subprocess.py","lineno":99}
{"timestamp":"2026-06-02T14:19:34.715286Z","level":"info","event":"    \"nullable\" : true,","logger":"airflow.task.hooks.airflow.providers.standard.hooks.subprocess.SubprocessHook","filename":"subprocess.py","lineno":99}
{"timestamp":"2026-06-02T14:19:34.715374Z","level":"info","event":"    \"metadata\" : { }","logger":"airflow.task.hooks.airflow.providers.standard.hooks.subprocess.SubprocessHook","filename":"subprocess.py","lineno":99}
{"timestamp":"2026-06-02T14:19:34.715472Z","level":"info","event":"  } ]","logger":"airflow.task.hooks.airflow.providers.standard.hooks.subprocess.SubprocessHook","filename":"subprocess.py","lineno":99}
{"timestamp":"2026-06-02T14:19:34.715533Z","level":"info","event":"}","logger":"airflow.task.hooks.airflow.providers.standard.hooks.subprocess.SubprocessHook","filename":"subprocess.py","lineno":99}
{"timestamp":"2026-06-02T14:19:34.715572Z","level":"info","event":"and corresponding Parquet message type:","logger":"airflow.task.hooks.airflow.providers.standard.hooks.subprocess.SubprocessHook","filename":"subprocess.py","lineno":99}
{"timestamp":"2026-06-02T14:19:34.715608Z","level":"info","event":"message spark_schema {","logger":"airflow.task.hooks.airflow.providers.standard.hooks.subprocess.SubprocessHook","filename":"subprocess.py","lineno":99}
{"timestamp":"2026-06-02T14:19:34.715642Z","level":"info","event":"  optional binary product_name (STRING);","logger":"airflow.task.hooks.airflow.providers.standard.hooks.subprocess.SubprocessHook","filename":"subprocess.py","lineno":99}
{"timestamp":"2026-06-02T14:19:34.715677Z","level":"info","event":"  optional double value;","logger":"airflow.task.hooks.airflow.providers.standard.hooks.subprocess.SubprocessHook","filename":"subprocess.py","lineno":99}
{"timestamp":"2026-06-02T14:19:34.715747Z","level":"info","event":"  optional binary unit (STRING);","logger":"airflow.task.hooks.airflow.providers.standard.hooks.subprocess.SubprocessHook","filename":"subprocess.py","lineno":99}
{"timestamp":"2026-06-02T14:19:34.715833Z","level":"info","event":"  optional int32 month;","logger":"airflow.task.hooks.airflow.providers.standard.hooks.subprocess.SubprocessHook","filename":"subprocess.py","lineno":99}
{"timestamp":"2026-06-02T14:19:34.715888Z","level":"info","event":"  optional int32 quarter;","logger":"airflow.task.hooks.airflow.providers.standard.hooks.subprocess.SubprocessHook","filename":"subprocess.py","lineno":99}
{"timestamp":"2026-06-02T14:19:34.715928Z","level":"info","event":"  optional int32 year;","logger":"airflow.task.hooks.airflow.providers.standard.hooks.subprocess.SubprocessHook","filename":"subprocess.py","lineno":99}
{"timestamp":"2026-06-02T14:19:34.715970Z","level":"info","event":"  optional int96 ingest_at;","logger":"airflow.task.hooks.airflow.providers.standard.hooks.subprocess.SubprocessHook","filename":"subprocess.py","lineno":99}
{"timestamp":"2026-06-02T14:19:34.716030Z","level":"info","event":"}","logger":"airflow.task.hooks.airflow.providers.standard.hooks.subprocess.SubprocessHook","filename":"subprocess.py","lineno":99}
{"timestamp":"2026-06-02T14:19:34.716340Z","level":"info","event":"","logger":"airflow.task.hooks.airflow.providers.standard.hooks.subprocess.SubprocessHook","filename":"subprocess.py","lineno":99}
{"timestamp":"2026-06-02T14:19:34.716526Z","level":"info","event":"","logger":"airflow.task.hooks.airflow.providers.standard.hooks.subprocess.SubprocessHook","filename":"subprocess.py","lineno":99}
{"timestamp":"2026-06-02T14:19:34.716591Z","level":"info","event":"26/06/02 14:19:34 INFO ParquetWriteSupport: Initialized Parquet WriteSupport with Catalyst schema:","logger":"airflow.task.hooks.airflow.providers.standard.hooks.subprocess.SubprocessHook","filename":"subprocess.py","lineno":99}
{"timestamp":"2026-06-02T14:19:34.716722Z","level":"info","event":"{","logger":"airflow.task.hooks.airflow.providers.standard.hooks.subprocess.SubprocessHook","filename":"subprocess.py","lineno":99}
{"timestamp":"2026-06-02T14:19:34.716788Z","level":"info","event":"  \"type\" : \"struct\",","logger":"airflow.task.hooks.airflow.providers.standard.hooks.subprocess.SubprocessHook","filename":"subprocess.py","lineno":99}
{"timestamp":"2026-06-02T14:19:34.716977Z","level":"info","event":"  \"fields\" : [ {","logger":"airflow.task.hooks.airflow.providers.standard.hooks.subprocess.SubprocessHook","filename":"subprocess.py","lineno":99}
{"timestamp":"2026-06-02T14:19:34.717111Z","level":"info","event":"    \"name\" : \"product_name\",","logger":"airflow.task.hooks.airflow.providers.standard.hooks.subprocess.SubprocessHook","filename":"subprocess.py","lineno":99}
{"timestamp":"2026-06-02T14:19:34.717211Z","level":"info","event":"    \"type\" : \"string\",","logger":"airflow.task.hooks.airflow.providers.standard.hooks.subprocess.SubprocessHook","filename":"subprocess.py","lineno":99}
{"timestamp":"2026-06-02T14:19:34.717272Z","level":"info","event":"    \"nullable\" : true,","logger":"airflow.task.hooks.airflow.providers.standard.hooks.subprocess.SubprocessHook","filename":"subprocess.py","lineno":99}
{"timestamp":"2026-06-02T14:19:34.717323Z","level":"info","event":"    \"metadata\" : { }","logger":"airflow.task.hooks.airflow.providers.standard.hooks.subprocess.SubprocessHook","filename":"subprocess.py","lineno":99}
{"timestamp":"2026-06-02T14:19:34.717376Z","level":"info","event":"  }, {","logger":"airflow.task.hooks.airflow.providers.standard.hooks.subprocess.SubprocessHook","filename":"subprocess.py","lineno":99}
{"timestamp":"2026-06-02T14:19:34.717532Z","level":"info","event":"    \"name\" : \"value\",","logger":"airflow.task.hooks.airflow.providers.standard.hooks.subprocess.SubprocessHook","filename":"subprocess.py","lineno":99}
{"timestamp":"2026-06-02T14:19:34.717722Z","level":"info","event":"    \"type\" : \"double\",","logger":"airflow.task.hooks.airflow.providers.standard.hooks.subprocess.SubprocessHook","filename":"subprocess.py","lineno":99}
{"timestamp":"2026-06-02T14:19:34.718024Z","level":"info","event":"    \"nullable\" : true,","logger":"airflow.task.hooks.airflow.providers.standard.hooks.subprocess.SubprocessHook","filename":"subprocess.py","lineno":99}
{"timestamp":"2026-06-02T14:19:34.718396Z","level":"info","event":"    \"metadata\" : { }","logger":"airflow.task.hooks.airflow.providers.standard.hooks.subprocess.SubprocessHook","filename":"subprocess.py","lineno":99}
{"timestamp":"2026-06-02T14:19:34.720863Z","level":"info","event":"  }, {","logger":"airflow.task.hooks.airflow.providers.standard.hooks.subprocess.SubprocessHook","filename":"subprocess.py","lineno":99}
{"timestamp":"2026-06-02T14:19:34.721154Z","level":"info","event":"    \"name\" : \"unit\",","logger":"airflow.task.hooks.airflow.providers.standard.hooks.subprocess.SubprocessHook","filename":"subprocess.py","lineno":99}
{"timestamp":"2026-06-02T14:19:34.721276Z","level":"info","event":"    \"type\" : \"string\",","logger":"airflow.task.hooks.airflow.providers.standard.hooks.subprocess.SubprocessHook","filename":"subprocess.py","lineno":99}
{"timestamp":"2026-06-02T14:19:34.721350Z","level":"info","event":"    \"nullable\" : true,","logger":"airflow.task.hooks.airflow.providers.standard.hooks.subprocess.SubprocessHook","filename":"subprocess.py","lineno":99}
{"timestamp":"2026-06-02T14:19:34.721388Z","level":"info","event":"    \"metadata\" : { }","logger":"airflow.task.hooks.airflow.providers.standard.hooks.subprocess.SubprocessHook","filename":"subprocess.py","lineno":99}
{"timestamp":"2026-06-02T14:19:34.721424Z","level":"info","event":"  }, {","logger":"airflow.task.hooks.airflow.providers.standard.hooks.subprocess.SubprocessHook","filename":"subprocess.py","lineno":99}
{"timestamp":"2026-06-02T14:19:34.721457Z","level":"info","event":"    \"name\" : \"month\",","logger":"airflow.task.hooks.airflow.providers.standard.hooks.subprocess.SubprocessHook","filename":"subprocess.py","lineno":99}
{"timestamp":"2026-06-02T14:19:34.721491Z","level":"info","event":"    \"type\" : \"integer\",","logger":"airflow.task.hooks.airflow.providers.standard.hooks.subprocess.SubprocessHook","filename":"subprocess.py","lineno":99}
{"timestamp":"2026-06-02T14:19:34.721525Z","level":"info","event":"    \"nullable\" : true,","logger":"airflow.task.hooks.airflow.providers.standard.hooks.subprocess.SubprocessHook","filename":"subprocess.py","lineno":99}
{"timestamp":"2026-06-02T14:19:34.721581Z","level":"info","event":"    \"metadata\" : { }","logger":"airflow.task.hooks.airflow.providers.standard.hooks.subprocess.SubprocessHook","filename":"subprocess.py","lineno":99}
{"timestamp":"2026-06-02T14:19:34.721638Z","level":"info","event":"  }, {","logger":"airflow.task.hooks.airflow.providers.standard.hooks.subprocess.SubprocessHook","filename":"subprocess.py","lineno":99}
{"timestamp":"2026-06-02T14:19:34.721691Z","level":"info","event":"    \"name\" : \"quarter\",","logger":"airflow.task.hooks.airflow.providers.standard.hooks.subprocess.SubprocessHook","filename":"subprocess.py","lineno":99}
{"timestamp":"2026-06-02T14:19:34.721732Z","level":"info","event":"    \"type\" : \"integer\",","logger":"airflow.task.hooks.airflow.providers.standard.hooks.subprocess.SubprocessHook","filename":"subprocess.py","lineno":99}
{"timestamp":"2026-06-02T14:19:34.721807Z","level":"info","event":"    \"nullable\" : true,","logger":"airflow.task.hooks.airflow.providers.standard.hooks.subprocess.SubprocessHook","filename":"subprocess.py","lineno":99}
{"timestamp":"2026-06-02T14:19:34.721867Z","level":"info","event":"    \"metadata\" : { }","logger":"airflow.task.hooks.airflow.providers.standard.hooks.subprocess.SubprocessHook","filename":"subprocess.py","lineno":99}
{"timestamp":"2026-06-02T14:19:34.721921Z","level":"info","event":"  }, {","logger":"airflow.task.hooks.airflow.providers.standard.hooks.subprocess.SubprocessHook","filename":"subprocess.py","lineno":99}
{"timestamp":"2026-06-02T14:19:34.721980Z","level":"info","event":"    \"name\" : \"year\",","logger":"airflow.task.hooks.airflow.providers.standard.hooks.subprocess.SubprocessHook","filename":"subprocess.py","lineno":99}
{"timestamp":"2026-06-02T14:19:34.722050Z","level":"info","event":"    \"type\" : \"integer\",","logger":"airflow.task.hooks.airflow.providers.standard.hooks.subprocess.SubprocessHook","filename":"subprocess.py","lineno":99}
{"timestamp":"2026-06-02T14:19:34.722094Z","level":"info","event":"    \"nullable\" : true,","logger":"airflow.task.hooks.airflow.providers.standard.hooks.subprocess.SubprocessHook","filename":"subprocess.py","lineno":99}
{"timestamp":"2026-06-02T14:19:34.722136Z","level":"info","event":"    \"metadata\" : { }","logger":"airflow.task.hooks.airflow.providers.standard.hooks.subprocess.SubprocessHook","filename":"subprocess.py","lineno":99}
{"timestamp":"2026-06-02T14:19:34.722203Z","level":"info","event":"  }, {","logger":"airflow.task.hooks.airflow.providers.standard.hooks.subprocess.SubprocessHook","filename":"subprocess.py","lineno":99}
{"timestamp":"2026-06-02T14:19:34.722547Z","level":"info","event":"    \"name\" : \"ingest_at\",","logger":"airflow.task.hooks.airflow.providers.standard.hooks.subprocess.SubprocessHook","filename":"subprocess.py","lineno":99}
{"timestamp":"2026-06-02T14:19:34.722666Z","level":"info","event":"    \"type\" : \"timestamp\",","logger":"airflow.task.hooks.airflow.providers.standard.hooks.subprocess.SubprocessHook","filename":"subprocess.py","lineno":99}
{"timestamp":"2026-06-02T14:19:34.722760Z","level":"info","event":"    \"nullable\" : true,","logger":"airflow.task.hooks.airflow.providers.standard.hooks.subprocess.SubprocessHook","filename":"subprocess.py","lineno":99}
{"timestamp":"2026-06-02T14:19:34.722845Z","level":"info","event":"    \"metadata\" : { }","logger":"airflow.task.hooks.airflow.providers.standard.hooks.subprocess.SubprocessHook","filename":"subprocess.py","lineno":99}
{"timestamp":"2026-06-02T14:19:34.722928Z","level":"info","event":"  } ]","logger":"airflow.task.hooks.airflow.providers.standard.hooks.subprocess.SubprocessHook","filename":"subprocess.py","lineno":99}
{"timestamp":"2026-06-02T14:19:34.723018Z","level":"info","event":"}","logger":"airflow.task.hooks.airflow.providers.standard.hooks.subprocess.SubprocessHook","filename":"subprocess.py","lineno":99}
{"timestamp":"2026-06-02T14:19:34.723177Z","level":"info","event":"and corresponding Parquet message type:","logger":"airflow.task.hooks.airflow.providers.standard.hooks.subprocess.SubprocessHook","filename":"subprocess.py","lineno":99}
{"timestamp":"2026-06-02T14:19:34.723280Z","level":"info","event":"message spark_schema {","logger":"airflow.task.hooks.airflow.providers.standard.hooks.subprocess.SubprocessHook","filename":"subprocess.py","lineno":99}
{"timestamp":"2026-06-02T14:19:34.723384Z","level":"info","event":"  optional binary product_name (STRING);","logger":"airflow.task.hooks.airflow.providers.standard.hooks.subprocess.SubprocessHook","filename":"subprocess.py","lineno":99}
{"timestamp":"2026-06-02T14:19:34.723455Z","level":"info","event":"  optional double value;","logger":"airflow.task.hooks.airflow.providers.standard.hooks.subprocess.SubprocessHook","filename":"subprocess.py","lineno":99}
{"timestamp":"2026-06-02T14:19:34.723557Z","level":"info","event":"  optional binary unit (STRING);","logger":"airflow.task.hooks.airflow.providers.standard.hooks.subprocess.SubprocessHook","filename":"subprocess.py","lineno":99}
{"timestamp":"2026-06-02T14:19:34.723735Z","level":"info","event":"  optional int32 month;","logger":"airflow.task.hooks.airflow.providers.standard.hooks.subprocess.SubprocessHook","filename":"subprocess.py","lineno":99}
{"timestamp":"2026-06-02T14:19:34.723801Z","level":"info","event":"  optional int32 quarter;","logger":"airflow.task.hooks.airflow.providers.standard.hooks.subprocess.SubprocessHook","filename":"subprocess.py","lineno":99}
{"timestamp":"2026-06-02T14:19:34.723829Z","level":"info","event":"  optional int32 year;","logger":"airflow.task.hooks.airflow.providers.standard.hooks.subprocess.SubprocessHook","filename":"subprocess.py","lineno":99}
{"timestamp":"2026-06-02T14:19:34.723850Z","level":"info","event":"  optional int96 ingest_at;","logger":"airflow.task.hooks.airflow.providers.standard.hooks.subprocess.SubprocessHook","filename":"subprocess.py","lineno":99}
{"timestamp":"2026-06-02T14:19:34.723871Z","level":"info","event":"}","logger":"airflow.task.hooks.airflow.providers.standard.hooks.subprocess.SubprocessHook","filename":"subprocess.py","lineno":99}
{"timestamp":"2026-06-02T14:19:34.723894Z","level":"info","event":"","logger":"airflow.task.hooks.airflow.providers.standard.hooks.subprocess.SubprocessHook","filename":"subprocess.py","lineno":99}
{"timestamp":"2026-06-02T14:19:34.723927Z","level":"info","event":"","logger":"airflow.task.hooks.airflow.providers.standard.hooks.subprocess.SubprocessHook","filename":"subprocess.py","lineno":99}
{"timestamp":"2026-06-02T14:19:34.723953Z","level":"info","event":"26/06/02 14:19:34 INFO ParquetWriteSupport: Initialized Parquet WriteSupport with Catalyst schema:","logger":"airflow.task.hooks.airflow.providers.standard.hooks.subprocess.SubprocessHook","filename":"subprocess.py","lineno":99}
{"timestamp":"2026-06-02T14:19:34.723976Z","level":"info","event":"{","logger":"airflow.task.hooks.airflow.providers.standard.hooks.subprocess.SubprocessHook","filename":"subprocess.py","lineno":99}
{"timestamp":"2026-06-02T14:19:34.723996Z","level":"info","event":"  \"type\" : \"struct\",","logger":"airflow.task.hooks.airflow.providers.standard.hooks.subprocess.SubprocessHook","filename":"subprocess.py","lineno":99}
{"timestamp":"2026-06-02T14:19:34.724016Z","level":"info","event":"  \"fields\" : [ {","logger":"airflow.task.hooks.airflow.providers.standard.hooks.subprocess.SubprocessHook","filename":"subprocess.py","lineno":99}
{"timestamp":"2026-06-02T14:19:34.724036Z","level":"info","event":"    \"name\" : \"product_name\",","logger":"airflow.task.hooks.airflow.providers.standard.hooks.subprocess.SubprocessHook","filename":"subprocess.py","lineno":99}
{"timestamp":"2026-06-02T14:19:34.724063Z","level":"info","event":"    \"type\" : \"string\",","logger":"airflow.task.hooks.airflow.providers.standard.hooks.subprocess.SubprocessHook","filename":"subprocess.py","lineno":99}
{"timestamp":"2026-06-02T14:19:34.724092Z","level":"info","event":"    \"nullable\" : true,","logger":"airflow.task.hooks.airflow.providers.standard.hooks.subprocess.SubprocessHook","filename":"subprocess.py","lineno":99}
{"timestamp":"2026-06-02T14:19:34.724124Z","level":"info","event":"    \"metadata\" : { }","logger":"airflow.task.hooks.airflow.providers.standard.hooks.subprocess.SubprocessHook","filename":"subprocess.py","lineno":99}
{"timestamp":"2026-06-02T14:19:34.724157Z","level":"info","event":"  }, {","logger":"airflow.task.hooks.airflow.providers.standard.hooks.subprocess.SubprocessHook","filename":"subprocess.py","lineno":99}
{"timestamp":"2026-06-02T14:19:34.724192Z","level":"info","event":"    \"name\" : \"value\",","logger":"airflow.task.hooks.airflow.providers.standard.hooks.subprocess.SubprocessHook","filename":"subprocess.py","lineno":99}
{"timestamp":"2026-06-02T14:19:34.724232Z","level":"info","event":"    \"type\" : \"double\",","logger":"airflow.task.hooks.airflow.providers.standard.hooks.subprocess.SubprocessHook","filename":"subprocess.py","lineno":99}
{"timestamp":"2026-06-02T14:19:34.724256Z","level":"info","event":"    \"nullable\" : true,","logger":"airflow.task.hooks.airflow.providers.standard.hooks.subprocess.SubprocessHook","filename":"subprocess.py","lineno":99}
{"timestamp":"2026-06-02T14:19:34.724277Z","level":"info","event":"    \"metadata\" : { }","logger":"airflow.task.hooks.airflow.providers.standard.hooks.subprocess.SubprocessHook","filename":"subprocess.py","lineno":99}
{"timestamp":"2026-06-02T14:19:34.724299Z","level":"info","event":"  }, {","logger":"airflow.task.hooks.airflow.providers.standard.hooks.subprocess.SubprocessHook","filename":"subprocess.py","lineno":99}
{"timestamp":"2026-06-02T14:19:34.724321Z","level":"info","event":"    \"name\" : \"unit\",","logger":"airflow.task.hooks.airflow.providers.standard.hooks.subprocess.SubprocessHook","filename":"subprocess.py","lineno":99}
{"timestamp":"2026-06-02T14:19:34.724342Z","level":"info","event":"    \"type\" : \"string\",","logger":"airflow.task.hooks.airflow.providers.standard.hooks.subprocess.SubprocessHook","filename":"subprocess.py","lineno":99}
{"timestamp":"2026-06-02T14:19:34.724363Z","level":"info","event":"    \"nullable\" : true,","logger":"airflow.task.hooks.airflow.providers.standard.hooks.subprocess.SubprocessHook","filename":"subprocess.py","lineno":99}
{"timestamp":"2026-06-02T14:19:34.724383Z","level":"info","event":"    \"metadata\" : { }","logger":"airflow.task.hooks.airflow.providers.standard.hooks.subprocess.SubprocessHook","filename":"subprocess.py","lineno":99}
{"timestamp":"2026-06-02T14:19:34.724404Z","level":"info","event":"  }, {","logger":"airflow.task.hooks.airflow.providers.standard.hooks.subprocess.SubprocessHook","filename":"subprocess.py","lineno":99}
{"timestamp":"2026-06-02T14:19:34.724425Z","level":"info","event":"    \"name\" : \"month\",","logger":"airflow.task.hooks.airflow.providers.standard.hooks.subprocess.SubprocessHook","filename":"subprocess.py","lineno":99}
{"timestamp":"2026-06-02T14:19:34.724458Z","level":"info","event":"    \"type\" : \"integer\",","logger":"airflow.task.hooks.airflow.providers.standard.hooks.subprocess.SubprocessHook","filename":"subprocess.py","lineno":99}
{"timestamp":"2026-06-02T14:19:34.724491Z","level":"info","event":"    \"nullable\" : true,","logger":"airflow.task.hooks.airflow.providers.standard.hooks.subprocess.SubprocessHook","filename":"subprocess.py","lineno":99}
{"timestamp":"2026-06-02T14:19:34.724525Z","level":"info","event":"    \"metadata\" : { }","logger":"airflow.task.hooks.airflow.providers.standard.hooks.subprocess.SubprocessHook","filename":"subprocess.py","lineno":99}
{"timestamp":"2026-06-02T14:19:34.724606Z","level":"info","event":"  }, {","logger":"airflow.task.hooks.airflow.providers.standard.hooks.subprocess.SubprocessHook","filename":"subprocess.py","lineno":99}
{"timestamp":"2026-06-02T14:19:34.724638Z","level":"info","event":"    \"name\" : \"quarter\",","logger":"airflow.task.hooks.airflow.providers.standard.hooks.subprocess.SubprocessHook","filename":"subprocess.py","lineno":99}
{"timestamp":"2026-06-02T14:19:34.724672Z","level":"info","event":"    \"type\" : \"integer\",","logger":"airflow.task.hooks.airflow.providers.standard.hooks.subprocess.SubprocessHook","filename":"subprocess.py","lineno":99}
{"timestamp":"2026-06-02T14:19:34.724713Z","level":"info","event":"    \"nullable\" : true,","logger":"airflow.task.hooks.airflow.providers.standard.hooks.subprocess.SubprocessHook","filename":"subprocess.py","lineno":99}
{"timestamp":"2026-06-02T14:19:34.724770Z","level":"info","event":"    \"metadata\" : { }","logger":"airflow.task.hooks.airflow.providers.standard.hooks.subprocess.SubprocessHook","filename":"subprocess.py","lineno":99}
{"timestamp":"2026-06-02T14:19:34.724825Z","level":"info","event":"  }, {","logger":"airflow.task.hooks.airflow.providers.standard.hooks.subprocess.SubprocessHook","filename":"subprocess.py","lineno":99}
{"timestamp":"2026-06-02T14:19:34.724889Z","level":"info","event":"    \"name\" : \"year\",","logger":"airflow.task.hooks.airflow.providers.standard.hooks.subprocess.SubprocessHook","filename":"subprocess.py","lineno":99}
{"timestamp":"2026-06-02T14:19:34.724975Z","level":"info","event":"    \"type\" : \"integer\",","logger":"airflow.task.hooks.airflow.providers.standard.hooks.subprocess.SubprocessHook","filename":"subprocess.py","lineno":99}
{"timestamp":"2026-06-02T14:19:34.725017Z","level":"info","event":"    \"nullable\" : true,","logger":"airflow.task.hooks.airflow.providers.standard.hooks.subprocess.SubprocessHook","filename":"subprocess.py","lineno":99}
{"timestamp":"2026-06-02T14:19:34.725052Z","level":"info","event":"    \"metadata\" : { }","logger":"airflow.task.hooks.airflow.providers.standard.hooks.subprocess.SubprocessHook","filename":"subprocess.py","lineno":99}
{"timestamp":"2026-06-02T14:19:34.725077Z","level":"info","event":"  }, {","logger":"airflow.task.hooks.airflow.providers.standard.hooks.subprocess.SubprocessHook","filename":"subprocess.py","lineno":99}
{"timestamp":"2026-06-02T14:19:34.725103Z","level":"info","event":"    \"name\" : \"ingest_at\",","logger":"airflow.task.hooks.airflow.providers.standard.hooks.subprocess.SubprocessHook","filename":"subprocess.py","lineno":99}
{"timestamp":"2026-06-02T14:19:34.725136Z","level":"info","event":"    \"type\" : \"timestamp\",","logger":"airflow.task.hooks.airflow.providers.standard.hooks.subprocess.SubprocessHook","filename":"subprocess.py","lineno":99}
{"timestamp":"2026-06-02T14:19:34.725191Z","level":"info","event":"    \"nullable\" : true,","logger":"airflow.task.hooks.airflow.providers.standard.hooks.subprocess.SubprocessHook","filename":"subprocess.py","lineno":99}
{"timestamp":"2026-06-02T14:19:34.725241Z","level":"info","event":"    \"metadata\" : { }","logger":"airflow.task.hooks.airflow.providers.standard.hooks.subprocess.SubprocessHook","filename":"subprocess.py","lineno":99}
{"timestamp":"2026-06-02T14:19:34.725411Z","level":"info","event":"  } ]","logger":"airflow.task.hooks.airflow.providers.standard.hooks.subprocess.SubprocessHook","filename":"subprocess.py","lineno":99}
{"timestamp":"2026-06-02T14:19:34.725559Z","level":"info","event":"}","logger":"airflow.task.hooks.airflow.providers.standard.hooks.subprocess.SubprocessHook","filename":"subprocess.py","lineno":99}
{"timestamp":"2026-06-02T14:19:34.725624Z","level":"info","event":"and corresponding Parquet message type:","logger":"airflow.task.hooks.airflow.providers.standard.hooks.subprocess.SubprocessHook","filename":"subprocess.py","lineno":99}
{"timestamp":"2026-06-02T14:19:34.725656Z","level":"info","event":"message spark_schema {","logger":"airflow.task.hooks.airflow.providers.standard.hooks.subprocess.SubprocessHook","filename":"subprocess.py","lineno":99}
{"timestamp":"2026-06-02T14:19:34.725714Z","level":"info","event":"  optional binary product_name (STRING);","logger":"airflow.task.hooks.airflow.providers.standard.hooks.subprocess.SubprocessHook","filename":"subprocess.py","lineno":99}
{"timestamp":"2026-06-02T14:19:34.725773Z","level":"info","event":"  optional double value;","logger":"airflow.task.hooks.airflow.providers.standard.hooks.subprocess.SubprocessHook","filename":"subprocess.py","lineno":99}
{"timestamp":"2026-06-02T14:19:34.725820Z","level":"info","event":"  optional binary unit (STRING);","logger":"airflow.task.hooks.airflow.providers.standard.hooks.subprocess.SubprocessHook","filename":"subprocess.py","lineno":99}
{"timestamp":"2026-06-02T14:19:34.838801Z","level":"info","event":"  optional int32 month;","logger":"airflow.task.hooks.airflow.providers.standard.hooks.subprocess.SubprocessHook","filename":"subprocess.py","lineno":99}
{"timestamp":"2026-06-02T14:19:34.839100Z","level":"info","event":"  optional int32 quarter;","logger":"airflow.task.hooks.airflow.providers.standard.hooks.subprocess.SubprocessHook","filename":"subprocess.py","lineno":99}
{"timestamp":"2026-06-02T14:19:34.839258Z","level":"info","event":"  optional int32 year;","logger":"airflow.task.hooks.airflow.providers.standard.hooks.subprocess.SubprocessHook","filename":"subprocess.py","lineno":99}
{"timestamp":"2026-06-02T14:19:34.839385Z","level":"info","event":"  optional int96 ingest_at;","logger":"airflow.task.hooks.airflow.providers.standard.hooks.subprocess.SubprocessHook","filename":"subprocess.py","lineno":99}
{"timestamp":"2026-06-02T14:19:34.839500Z","level":"info","event":"}","logger":"airflow.task.hooks.airflow.providers.standard.hooks.subprocess.SubprocessHook","filename":"subprocess.py","lineno":99}
{"timestamp":"2026-06-02T14:19:34.839648Z","level":"info","event":"","logger":"airflow.task.hooks.airflow.providers.standard.hooks.subprocess.SubprocessHook","filename":"subprocess.py","lineno":99}
{"timestamp":"2026-06-02T14:19:34.839789Z","level":"info","event":"","logger":"airflow.task.hooks.airflow.providers.standard.hooks.subprocess.SubprocessHook","filename":"subprocess.py","lineno":99}
{"timestamp":"2026-06-02T14:19:34.839884Z","level":"info","event":"26/06/02 14:19:34 INFO ParquetWriteSupport: Initialized Parquet WriteSupport with Catalyst schema:","logger":"airflow.task.hooks.airflow.providers.standard.hooks.subprocess.SubprocessHook","filename":"subprocess.py","lineno":99}
{"timestamp":"2026-06-02T14:19:34.839944Z","level":"info","event":"{","logger":"airflow.task.hooks.airflow.providers.standard.hooks.subprocess.SubprocessHook","filename":"subprocess.py","lineno":99}
{"timestamp":"2026-06-02T14:19:34.839987Z","level":"info","event":"  \"type\" : \"struct\",","logger":"airflow.task.hooks.airflow.providers.standard.hooks.subprocess.SubprocessHook","filename":"subprocess.py","lineno":99}
{"timestamp":"2026-06-02T14:19:34.840034Z","level":"info","event":"  \"fields\" : [ {","logger":"airflow.task.hooks.airflow.providers.standard.hooks.subprocess.SubprocessHook","filename":"subprocess.py","lineno":99}
{"timestamp":"2026-06-02T14:19:34.840081Z","level":"info","event":"    \"name\" : \"product_name\",","logger":"airflow.task.hooks.airflow.providers.standard.hooks.subprocess.SubprocessHook","filename":"subprocess.py","lineno":99}
{"timestamp":"2026-06-02T14:19:34.840119Z","level":"info","event":"    \"type\" : \"string\",","logger":"airflow.task.hooks.airflow.providers.standard.hooks.subprocess.SubprocessHook","filename":"subprocess.py","lineno":99}
{"timestamp":"2026-06-02T14:19:34.840140Z","level":"info","event":"    \"nullable\" : true,","logger":"airflow.task.hooks.airflow.providers.standard.hooks.subprocess.SubprocessHook","filename":"subprocess.py","lineno":99}
{"timestamp":"2026-06-02T14:19:34.840160Z","level":"info","event":"    \"metadata\" : { }","logger":"airflow.task.hooks.airflow.providers.standard.hooks.subprocess.SubprocessHook","filename":"subprocess.py","lineno":99}
{"timestamp":"2026-06-02T14:19:34.840182Z","level":"info","event":"  }, {","logger":"airflow.task.hooks.airflow.providers.standard.hooks.subprocess.SubprocessHook","filename":"subprocess.py","lineno":99}
{"timestamp":"2026-06-02T14:19:34.840199Z","level":"info","event":"    \"name\" : \"value\",","logger":"airflow.task.hooks.airflow.providers.standard.hooks.subprocess.SubprocessHook","filename":"subprocess.py","lineno":99}
{"timestamp":"2026-06-02T14:19:34.840218Z","level":"info","event":"    \"type\" : \"double\",","logger":"airflow.task.hooks.airflow.providers.standard.hooks.subprocess.SubprocessHook","filename":"subprocess.py","lineno":99}
{"timestamp":"2026-06-02T14:19:34.840236Z","level":"info","event":"    \"nullable\" : true,","logger":"airflow.task.hooks.airflow.providers.standard.hooks.subprocess.SubprocessHook","filename":"subprocess.py","lineno":99}
{"timestamp":"2026-06-02T14:19:34.840253Z","level":"info","event":"    \"metadata\" : { }","logger":"airflow.task.hooks.airflow.providers.standard.hooks.subprocess.SubprocessHook","filename":"subprocess.py","lineno":99}
{"timestamp":"2026-06-02T14:19:34.840272Z","level":"info","event":"  }, {","logger":"airflow.task.hooks.airflow.providers.standard.hooks.subprocess.SubprocessHook","filename":"subprocess.py","lineno":99}
{"timestamp":"2026-06-02T14:19:34.840290Z","level":"info","event":"    \"name\" : \"unit\",","logger":"airflow.task.hooks.airflow.providers.standard.hooks.subprocess.SubprocessHook","filename":"subprocess.py","lineno":99}
{"timestamp":"2026-06-02T14:19:34.840308Z","level":"info","event":"    \"type\" : \"string\",","logger":"airflow.task.hooks.airflow.providers.standard.hooks.subprocess.SubprocessHook","filename":"subprocess.py","lineno":99}
{"timestamp":"2026-06-02T14:19:34.840325Z","level":"info","event":"    \"nullable\" : true,","logger":"airflow.task.hooks.airflow.providers.standard.hooks.subprocess.SubprocessHook","filename":"subprocess.py","lineno":99}
{"timestamp":"2026-06-02T14:19:34.840344Z","level":"info","event":"    \"metadata\" : { }","logger":"airflow.task.hooks.airflow.providers.standard.hooks.subprocess.SubprocessHook","filename":"subprocess.py","lineno":99}
{"timestamp":"2026-06-02T14:19:34.840362Z","level":"info","event":"  }, {","logger":"airflow.task.hooks.airflow.providers.standard.hooks.subprocess.SubprocessHook","filename":"subprocess.py","lineno":99}
{"timestamp":"2026-06-02T14:19:34.840382Z","level":"info","event":"    \"name\" : \"month\",","logger":"airflow.task.hooks.airflow.providers.standard.hooks.subprocess.SubprocessHook","filename":"subprocess.py","lineno":99}
{"timestamp":"2026-06-02T14:19:34.840400Z","level":"info","event":"    \"type\" : \"integer\",","logger":"airflow.task.hooks.airflow.providers.standard.hooks.subprocess.SubprocessHook","filename":"subprocess.py","lineno":99}
{"timestamp":"2026-06-02T14:19:34.840419Z","level":"info","event":"    \"nullable\" : true,","logger":"airflow.task.hooks.airflow.providers.standard.hooks.subprocess.SubprocessHook","filename":"subprocess.py","lineno":99}
{"timestamp":"2026-06-02T14:19:34.840442Z","level":"info","event":"    \"metadata\" : { }","logger":"airflow.task.hooks.airflow.providers.standard.hooks.subprocess.SubprocessHook","filename":"subprocess.py","lineno":99}
{"timestamp":"2026-06-02T14:19:34.840477Z","level":"info","event":"  }, {","logger":"airflow.task.hooks.airflow.providers.standard.hooks.subprocess.SubprocessHook","filename":"subprocess.py","lineno":99}
{"timestamp":"2026-06-02T14:19:34.840498Z","level":"info","event":"    \"name\" : \"quarter\",","logger":"airflow.task.hooks.airflow.providers.standard.hooks.subprocess.SubprocessHook","filename":"subprocess.py","lineno":99}
{"timestamp":"2026-06-02T14:19:34.840516Z","level":"info","event":"    \"type\" : \"integer\",","logger":"airflow.task.hooks.airflow.providers.standard.hooks.subprocess.SubprocessHook","filename":"subprocess.py","lineno":99}
{"timestamp":"2026-06-02T14:19:34.840534Z","level":"info","event":"    \"nullable\" : true,","logger":"airflow.task.hooks.airflow.providers.standard.hooks.subprocess.SubprocessHook","filename":"subprocess.py","lineno":99}
{"timestamp":"2026-06-02T14:19:34.840553Z","level":"info","event":"    \"metadata\" : { }","logger":"airflow.task.hooks.airflow.providers.standard.hooks.subprocess.SubprocessHook","filename":"subprocess.py","lineno":99}
{"timestamp":"2026-06-02T14:19:34.840575Z","level":"info","event":"  }, {","logger":"airflow.task.hooks.airflow.providers.standard.hooks.subprocess.SubprocessHook","filename":"subprocess.py","lineno":99}
{"timestamp":"2026-06-02T14:19:34.840595Z","level":"info","event":"    \"name\" : \"year\",","logger":"airflow.task.hooks.airflow.providers.standard.hooks.subprocess.SubprocessHook","filename":"subprocess.py","lineno":99}
{"timestamp":"2026-06-02T14:19:34.840614Z","level":"info","event":"    \"type\" : \"integer\",","logger":"airflow.task.hooks.airflow.providers.standard.hooks.subprocess.SubprocessHook","filename":"subprocess.py","lineno":99}
{"timestamp":"2026-06-02T14:19:34.840632Z","level":"info","event":"    \"nullable\" : true,","logger":"airflow.task.hooks.airflow.providers.standard.hooks.subprocess.SubprocessHook","filename":"subprocess.py","lineno":99}
{"timestamp":"2026-06-02T14:19:34.840650Z","level":"info","event":"    \"metadata\" : { }","logger":"airflow.task.hooks.airflow.providers.standard.hooks.subprocess.SubprocessHook","filename":"subprocess.py","lineno":99}
{"timestamp":"2026-06-02T14:19:34.840668Z","level":"info","event":"  }, {","logger":"airflow.task.hooks.airflow.providers.standard.hooks.subprocess.SubprocessHook","filename":"subprocess.py","lineno":99}
{"timestamp":"2026-06-02T14:19:34.840687Z","level":"info","event":"    \"name\" : \"ingest_at\",","logger":"airflow.task.hooks.airflow.providers.standard.hooks.subprocess.SubprocessHook","filename":"subprocess.py","lineno":99}
{"timestamp":"2026-06-02T14:19:34.840705Z","level":"info","event":"    \"type\" : \"timestamp\",","logger":"airflow.task.hooks.airflow.providers.standard.hooks.subprocess.SubprocessHook","filename":"subprocess.py","lineno":99}
{"timestamp":"2026-06-02T14:19:34.840723Z","level":"info","event":"    \"nullable\" : true,","logger":"airflow.task.hooks.airflow.providers.standard.hooks.subprocess.SubprocessHook","filename":"subprocess.py","lineno":99}
{"timestamp":"2026-06-02T14:19:34.840743Z","level":"info","event":"    \"metadata\" : { }","logger":"airflow.task.hooks.airflow.providers.standard.hooks.subprocess.SubprocessHook","filename":"subprocess.py","lineno":99}
{"timestamp":"2026-06-02T14:19:34.840760Z","level":"info","event":"  } ]","logger":"airflow.task.hooks.airflow.providers.standard.hooks.subprocess.SubprocessHook","filename":"subprocess.py","lineno":99}
{"timestamp":"2026-06-02T14:19:34.840778Z","level":"info","event":"}","logger":"airflow.task.hooks.airflow.providers.standard.hooks.subprocess.SubprocessHook","filename":"subprocess.py","lineno":99}
{"timestamp":"2026-06-02T14:19:34.840798Z","level":"info","event":"and corresponding Parquet message type:","logger":"airflow.task.hooks.airflow.providers.standard.hooks.subprocess.SubprocessHook","filename":"subprocess.py","lineno":99}
{"timestamp":"2026-06-02T14:19:34.840819Z","level":"info","event":"message spark_schema {","logger":"airflow.task.hooks.airflow.providers.standard.hooks.subprocess.SubprocessHook","filename":"subprocess.py","lineno":99}
{"timestamp":"2026-06-02T14:19:34.840860Z","level":"info","event":"  optional binary product_name (STRING);","logger":"airflow.task.hooks.airflow.providers.standard.hooks.subprocess.SubprocessHook","filename":"subprocess.py","lineno":99}
{"timestamp":"2026-06-02T14:19:34.840896Z","level":"info","event":"  optional double value;","logger":"airflow.task.hooks.airflow.providers.standard.hooks.subprocess.SubprocessHook","filename":"subprocess.py","lineno":99}
{"timestamp":"2026-06-02T14:19:34.840916Z","level":"info","event":"  optional binary unit (STRING);","logger":"airflow.task.hooks.airflow.providers.standard.hooks.subprocess.SubprocessHook","filename":"subprocess.py","lineno":99}
{"timestamp":"2026-06-02T14:19:34.841025Z","level":"info","event":"  optional int32 month;","logger":"airflow.task.hooks.airflow.providers.standard.hooks.subprocess.SubprocessHook","filename":"subprocess.py","lineno":99}
{"timestamp":"2026-06-02T14:19:34.841134Z","level":"info","event":"  optional int32 quarter;","logger":"airflow.task.hooks.airflow.providers.standard.hooks.subprocess.SubprocessHook","filename":"subprocess.py","lineno":99}
{"timestamp":"2026-06-02T14:19:34.841199Z","level":"info","event":"  optional int32 year;","logger":"airflow.task.hooks.airflow.providers.standard.hooks.subprocess.SubprocessHook","filename":"subprocess.py","lineno":99}
{"timestamp":"2026-06-02T14:19:34.841239Z","level":"info","event":"  optional int96 ingest_at;","logger":"airflow.task.hooks.airflow.providers.standard.hooks.subprocess.SubprocessHook","filename":"subprocess.py","lineno":99}
{"timestamp":"2026-06-02T14:19:34.841272Z","level":"info","event":"}","logger":"airflow.task.hooks.airflow.providers.standard.hooks.subprocess.SubprocessHook","filename":"subprocess.py","lineno":99}
{"timestamp":"2026-06-02T14:19:34.841312Z","level":"info","event":"","logger":"airflow.task.hooks.airflow.providers.standard.hooks.subprocess.SubprocessHook","filename":"subprocess.py","lineno":99}
{"timestamp":"2026-06-02T14:19:34.841337Z","level":"info","event":"","logger":"airflow.task.hooks.airflow.providers.standard.hooks.subprocess.SubprocessHook","filename":"subprocess.py","lineno":99}
{"timestamp":"2026-06-02T14:19:34.841357Z","level":"info","event":"26/06/02 14:19:34 INFO ParquetWriteSupport: Initialized Parquet WriteSupport with Catalyst schema:","logger":"airflow.task.hooks.airflow.providers.standard.hooks.subprocess.SubprocessHook","filename":"subprocess.py","lineno":99}
{"timestamp":"2026-06-02T14:19:34.841380Z","level":"info","event":"{","logger":"airflow.task.hooks.airflow.providers.standard.hooks.subprocess.SubprocessHook","filename":"subprocess.py","lineno":99}
{"timestamp":"2026-06-02T14:19:34.841400Z","level":"info","event":"  \"type\" : \"struct\",","logger":"airflow.task.hooks.airflow.providers.standard.hooks.subprocess.SubprocessHook","filename":"subprocess.py","lineno":99}
{"timestamp":"2026-06-02T14:19:34.841419Z","level":"info","event":"  \"fields\" : [ {","logger":"airflow.task.hooks.airflow.providers.standard.hooks.subprocess.SubprocessHook","filename":"subprocess.py","lineno":99}
{"timestamp":"2026-06-02T14:19:34.841438Z","level":"info","event":"    \"name\" : \"product_name\",","logger":"airflow.task.hooks.airflow.providers.standard.hooks.subprocess.SubprocessHook","filename":"subprocess.py","lineno":99}
{"timestamp":"2026-06-02T14:19:34.841458Z","level":"info","event":"    \"type\" : \"string\",","logger":"airflow.task.hooks.airflow.providers.standard.hooks.subprocess.SubprocessHook","filename":"subprocess.py","lineno":99}
{"timestamp":"2026-06-02T14:19:34.841496Z","level":"info","event":"    \"nullable\" : true,","logger":"airflow.task.hooks.airflow.providers.standard.hooks.subprocess.SubprocessHook","filename":"subprocess.py","lineno":99}
{"timestamp":"2026-06-02T14:19:34.841535Z","level":"info","event":"    \"metadata\" : { }","logger":"airflow.task.hooks.airflow.providers.standard.hooks.subprocess.SubprocessHook","filename":"subprocess.py","lineno":99}
{"timestamp":"2026-06-02T14:19:34.841576Z","level":"info","event":"  }, {","logger":"airflow.task.hooks.airflow.providers.standard.hooks.subprocess.SubprocessHook","filename":"subprocess.py","lineno":99}
{"timestamp":"2026-06-02T14:19:34.841633Z","level":"info","event":"    \"name\" : \"value\",","logger":"airflow.task.hooks.airflow.providers.standard.hooks.subprocess.SubprocessHook","filename":"subprocess.py","lineno":99}
{"timestamp":"2026-06-02T14:19:34.841679Z","level":"info","event":"    \"type\" : \"double\",","logger":"airflow.task.hooks.airflow.providers.standard.hooks.subprocess.SubprocessHook","filename":"subprocess.py","lineno":99}
{"timestamp":"2026-06-02T14:19:34.841711Z","level":"info","event":"    \"nullable\" : true,","logger":"airflow.task.hooks.airflow.providers.standard.hooks.subprocess.SubprocessHook","filename":"subprocess.py","lineno":99}
{"timestamp":"2026-06-02T14:19:34.841757Z","level":"info","event":"    \"metadata\" : { }","logger":"airflow.task.hooks.airflow.providers.standard.hooks.subprocess.SubprocessHook","filename":"subprocess.py","lineno":99}
{"timestamp":"2026-06-02T14:19:34.841778Z","level":"info","event":"  }, {","logger":"airflow.task.hooks.airflow.providers.standard.hooks.subprocess.SubprocessHook","filename":"subprocess.py","lineno":99}
{"timestamp":"2026-06-02T14:19:34.841797Z","level":"info","event":"    \"name\" : \"unit\",","logger":"airflow.task.hooks.airflow.providers.standard.hooks.subprocess.SubprocessHook","filename":"subprocess.py","lineno":99}
{"timestamp":"2026-06-02T14:19:34.841816Z","level":"info","event":"    \"type\" : \"string\",","logger":"airflow.task.hooks.airflow.providers.standard.hooks.subprocess.SubprocessHook","filename":"subprocess.py","lineno":99}
{"timestamp":"2026-06-02T14:19:34.841835Z","level":"info","event":"    \"nullable\" : true,","logger":"airflow.task.hooks.airflow.providers.standard.hooks.subprocess.SubprocessHook","filename":"subprocess.py","lineno":99}
{"timestamp":"2026-06-02T14:19:34.841855Z","level":"info","event":"    \"metadata\" : { }","logger":"airflow.task.hooks.airflow.providers.standard.hooks.subprocess.SubprocessHook","filename":"subprocess.py","lineno":99}
{"timestamp":"2026-06-02T14:19:34.841873Z","level":"info","event":"  }, {","logger":"airflow.task.hooks.airflow.providers.standard.hooks.subprocess.SubprocessHook","filename":"subprocess.py","lineno":99}
{"timestamp":"2026-06-02T14:19:34.841891Z","level":"info","event":"    \"name\" : \"month\",","logger":"airflow.task.hooks.airflow.providers.standard.hooks.subprocess.SubprocessHook","filename":"subprocess.py","lineno":99}
{"timestamp":"2026-06-02T14:19:34.841909Z","level":"info","event":"    \"type\" : \"integer\",","logger":"airflow.task.hooks.airflow.providers.standard.hooks.subprocess.SubprocessHook","filename":"subprocess.py","lineno":99}
{"timestamp":"2026-06-02T14:19:34.841928Z","level":"info","event":"    \"nullable\" : true,","logger":"airflow.task.hooks.airflow.providers.standard.hooks.subprocess.SubprocessHook","filename":"subprocess.py","lineno":99}
{"timestamp":"2026-06-02T14:19:34.842064Z","level":"info","event":"    \"metadata\" : { }","logger":"airflow.task.hooks.airflow.providers.standard.hooks.subprocess.SubprocessHook","filename":"subprocess.py","lineno":99}
{"timestamp":"2026-06-02T14:19:34.842145Z","level":"info","event":"  }, {","logger":"airflow.task.hooks.airflow.providers.standard.hooks.subprocess.SubprocessHook","filename":"subprocess.py","lineno":99}
{"timestamp":"2026-06-02T14:19:34.842192Z","level":"info","event":"    \"name\" : \"quarter\",","logger":"airflow.task.hooks.airflow.providers.standard.hooks.subprocess.SubprocessHook","filename":"subprocess.py","lineno":99}
{"timestamp":"2026-06-02T14:19:34.842287Z","level":"info","event":"    \"type\" : \"integer\",","logger":"airflow.task.hooks.airflow.providers.standard.hooks.subprocess.SubprocessHook","filename":"subprocess.py","lineno":99}
{"timestamp":"2026-06-02T14:19:34.842327Z","level":"info","event":"    \"nullable\" : true,","logger":"airflow.task.hooks.airflow.providers.standard.hooks.subprocess.SubprocessHook","filename":"subprocess.py","lineno":99}
{"timestamp":"2026-06-02T14:19:34.842351Z","level":"info","event":"    \"metadata\" : { }","logger":"airflow.task.hooks.airflow.providers.standard.hooks.subprocess.SubprocessHook","filename":"subprocess.py","lineno":99}
{"timestamp":"2026-06-02T14:19:34.842414Z","level":"info","event":"  }, {","logger":"airflow.task.hooks.airflow.providers.standard.hooks.subprocess.SubprocessHook","filename":"subprocess.py","lineno":99}
{"timestamp":"2026-06-02T14:19:34.842491Z","level":"info","event":"    \"name\" : \"year\",","logger":"airflow.task.hooks.airflow.providers.standard.hooks.subprocess.SubprocessHook","filename":"subprocess.py","lineno":99}
{"timestamp":"2026-06-02T14:19:34.842577Z","level":"info","event":"    \"type\" : \"integer\",","logger":"airflow.task.hooks.airflow.providers.standard.hooks.subprocess.SubprocessHook","filename":"subprocess.py","lineno":99}
{"timestamp":"2026-06-02T14:19:34.842658Z","level":"info","event":"    \"nullable\" : true,","logger":"airflow.task.hooks.airflow.providers.standard.hooks.subprocess.SubprocessHook","filename":"subprocess.py","lineno":99}
{"timestamp":"2026-06-02T14:19:34.842696Z","level":"info","event":"    \"metadata\" : { }","logger":"airflow.task.hooks.airflow.providers.standard.hooks.subprocess.SubprocessHook","filename":"subprocess.py","lineno":99}
{"timestamp":"2026-06-02T14:19:34.842718Z","level":"info","event":"  }, {","logger":"airflow.task.hooks.airflow.providers.standard.hooks.subprocess.SubprocessHook","filename":"subprocess.py","lineno":99}
{"timestamp":"2026-06-02T14:19:34.842740Z","level":"info","event":"    \"name\" : \"ingest_at\",","logger":"airflow.task.hooks.airflow.providers.standard.hooks.subprocess.SubprocessHook","filename":"subprocess.py","lineno":99}
{"timestamp":"2026-06-02T14:19:34.842760Z","level":"info","event":"    \"type\" : \"timestamp\",","logger":"airflow.task.hooks.airflow.providers.standard.hooks.subprocess.SubprocessHook","filename":"subprocess.py","lineno":99}
{"timestamp":"2026-06-02T14:19:34.842779Z","level":"info","event":"    \"nullable\" : true,","logger":"airflow.task.hooks.airflow.providers.standard.hooks.subprocess.SubprocessHook","filename":"subprocess.py","lineno":99}
{"timestamp":"2026-06-02T14:19:34.842797Z","level":"info","event":"    \"metadata\" : { }","logger":"airflow.task.hooks.airflow.providers.standard.hooks.subprocess.SubprocessHook","filename":"subprocess.py","lineno":99}
{"timestamp":"2026-06-02T14:19:34.842816Z","level":"info","event":"  } ]","logger":"airflow.task.hooks.airflow.providers.standard.hooks.subprocess.SubprocessHook","filename":"subprocess.py","lineno":99}
{"timestamp":"2026-06-02T14:19:34.842835Z","level":"info","event":"}","logger":"airflow.task.hooks.airflow.providers.standard.hooks.subprocess.SubprocessHook","filename":"subprocess.py","lineno":99}
{"timestamp":"2026-06-02T14:19:34.842853Z","level":"info","event":"and corresponding Parquet message type:","logger":"airflow.task.hooks.airflow.providers.standard.hooks.subprocess.SubprocessHook","filename":"subprocess.py","lineno":99}
{"timestamp":"2026-06-02T14:19:34.842937Z","level":"info","event":"message spark_schema {","logger":"airflow.task.hooks.airflow.providers.standard.hooks.subprocess.SubprocessHook","filename":"subprocess.py","lineno":99}
{"timestamp":"2026-06-02T14:19:34.842981Z","level":"info","event":"  optional binary product_name (STRING);","logger":"airflow.task.hooks.airflow.providers.standard.hooks.subprocess.SubprocessHook","filename":"subprocess.py","lineno":99}
{"timestamp":"2026-06-02T14:19:34.843005Z","level":"info","event":"  optional double value;","logger":"airflow.task.hooks.airflow.providers.standard.hooks.subprocess.SubprocessHook","filename":"subprocess.py","lineno":99}
{"timestamp":"2026-06-02T14:19:34.843029Z","level":"info","event":"  optional binary unit (STRING);","logger":"airflow.task.hooks.airflow.providers.standard.hooks.subprocess.SubprocessHook","filename":"subprocess.py","lineno":99}
{"timestamp":"2026-06-02T14:19:34.843078Z","level":"info","event":"  optional int32 month;","logger":"airflow.task.hooks.airflow.providers.standard.hooks.subprocess.SubprocessHook","filename":"subprocess.py","lineno":99}
{"timestamp":"2026-06-02T14:19:34.843106Z","level":"info","event":"  optional int32 quarter;","logger":"airflow.task.hooks.airflow.providers.standard.hooks.subprocess.SubprocessHook","filename":"subprocess.py","lineno":99}
{"timestamp":"2026-06-02T14:19:34.843125Z","level":"info","event":"  optional int32 year;","logger":"airflow.task.hooks.airflow.providers.standard.hooks.subprocess.SubprocessHook","filename":"subprocess.py","lineno":99}
{"timestamp":"2026-06-02T14:19:34.843142Z","level":"info","event":"  optional int96 ingest_at;","logger":"airflow.task.hooks.airflow.providers.standard.hooks.subprocess.SubprocessHook","filename":"subprocess.py","lineno":99}
{"timestamp":"2026-06-02T14:19:34.843160Z","level":"info","event":"}","logger":"airflow.task.hooks.airflow.providers.standard.hooks.subprocess.SubprocessHook","filename":"subprocess.py","lineno":99}
{"timestamp":"2026-06-02T14:19:34.843179Z","level":"info","event":"","logger":"airflow.task.hooks.airflow.providers.standard.hooks.subprocess.SubprocessHook","filename":"subprocess.py","lineno":99}
{"timestamp":"2026-06-02T14:19:34.843198Z","level":"info","event":"","logger":"airflow.task.hooks.airflow.providers.standard.hooks.subprocess.SubprocessHook","filename":"subprocess.py","lineno":99}
{"timestamp":"2026-06-02T14:19:34.843218Z","level":"info","event":"26/06/02 14:19:34 INFO ParquetWriteSupport: Initialized Parquet WriteSupport with Catalyst schema:","logger":"airflow.task.hooks.airflow.providers.standard.hooks.subprocess.SubprocessHook","filename":"subprocess.py","lineno":99}
{"timestamp":"2026-06-02T14:19:34.843238Z","level":"info","event":"{","logger":"airflow.task.hooks.airflow.providers.standard.hooks.subprocess.SubprocessHook","filename":"subprocess.py","lineno":99}
{"timestamp":"2026-06-02T14:19:34.843257Z","level":"info","event":"  \"type\" : \"struct\",","logger":"airflow.task.hooks.airflow.providers.standard.hooks.subprocess.SubprocessHook","filename":"subprocess.py","lineno":99}
{"timestamp":"2026-06-02T14:19:34.843276Z","level":"info","event":"  \"fields\" : [ {","logger":"airflow.task.hooks.airflow.providers.standard.hooks.subprocess.SubprocessHook","filename":"subprocess.py","lineno":99}
{"timestamp":"2026-06-02T14:19:34.843294Z","level":"info","event":"    \"name\" : \"product_name\",","logger":"airflow.task.hooks.airflow.providers.standard.hooks.subprocess.SubprocessHook","filename":"subprocess.py","lineno":99}
{"timestamp":"2026-06-02T14:19:34.843336Z","level":"info","event":"    \"type\" : \"string\",","logger":"airflow.task.hooks.airflow.providers.standard.hooks.subprocess.SubprocessHook","filename":"subprocess.py","lineno":99}
{"timestamp":"2026-06-02T14:19:34.843358Z","level":"info","event":"    \"nullable\" : true,","logger":"airflow.task.hooks.airflow.providers.standard.hooks.subprocess.SubprocessHook","filename":"subprocess.py","lineno":99}
{"timestamp":"2026-06-02T14:19:34.843376Z","level":"info","event":"    \"metadata\" : { }","logger":"airflow.task.hooks.airflow.providers.standard.hooks.subprocess.SubprocessHook","filename":"subprocess.py","lineno":99}
{"timestamp":"2026-06-02T14:19:34.843399Z","level":"info","event":"  }, {","logger":"airflow.task.hooks.airflow.providers.standard.hooks.subprocess.SubprocessHook","filename":"subprocess.py","lineno":99}
{"timestamp":"2026-06-02T14:19:34.843422Z","level":"info","event":"    \"name\" : \"value\",","logger":"airflow.task.hooks.airflow.providers.standard.hooks.subprocess.SubprocessHook","filename":"subprocess.py","lineno":99}
{"timestamp":"2026-06-02T14:19:34.843440Z","level":"info","event":"    \"type\" : \"double\",","logger":"airflow.task.hooks.airflow.providers.standard.hooks.subprocess.SubprocessHook","filename":"subprocess.py","lineno":99}
{"timestamp":"2026-06-02T14:19:34.843458Z","level":"info","event":"    \"nullable\" : true,","logger":"airflow.task.hooks.airflow.providers.standard.hooks.subprocess.SubprocessHook","filename":"subprocess.py","lineno":99}
{"timestamp":"2026-06-02T14:19:34.843516Z","level":"info","event":"    \"metadata\" : { }","logger":"airflow.task.hooks.airflow.providers.standard.hooks.subprocess.SubprocessHook","filename":"subprocess.py","lineno":99}
{"timestamp":"2026-06-02T14:19:34.843551Z","level":"info","event":"  }, {","logger":"airflow.task.hooks.airflow.providers.standard.hooks.subprocess.SubprocessHook","filename":"subprocess.py","lineno":99}
{"timestamp":"2026-06-02T14:19:34.843572Z","level":"info","event":"    \"name\" : \"unit\",","logger":"airflow.task.hooks.airflow.providers.standard.hooks.subprocess.SubprocessHook","filename":"subprocess.py","lineno":99}
{"timestamp":"2026-06-02T14:19:34.843592Z","level":"info","event":"    \"type\" : \"string\",","logger":"airflow.task.hooks.airflow.providers.standard.hooks.subprocess.SubprocessHook","filename":"subprocess.py","lineno":99}
{"timestamp":"2026-06-02T14:19:34.843611Z","level":"info","event":"    \"nullable\" : true,","logger":"airflow.task.hooks.airflow.providers.standard.hooks.subprocess.SubprocessHook","filename":"subprocess.py","lineno":99}
{"timestamp":"2026-06-02T14:19:34.843629Z","level":"info","event":"    \"metadata\" : { }","logger":"airflow.task.hooks.airflow.providers.standard.hooks.subprocess.SubprocessHook","filename":"subprocess.py","lineno":99}
{"timestamp":"2026-06-02T14:19:34.843647Z","level":"info","event":"  }, {","logger":"airflow.task.hooks.airflow.providers.standard.hooks.subprocess.SubprocessHook","filename":"subprocess.py","lineno":99}
{"timestamp":"2026-06-02T14:19:34.914246Z","level":"info","event":"    \"name\" : \"month\",","logger":"airflow.task.hooks.airflow.providers.standard.hooks.subprocess.SubprocessHook","filename":"subprocess.py","lineno":99}
{"timestamp":"2026-06-02T14:19:34.914503Z","level":"info","event":"    \"type\" : \"integer\",","logger":"airflow.task.hooks.airflow.providers.standard.hooks.subprocess.SubprocessHook","filename":"subprocess.py","lineno":99}
{"timestamp":"2026-06-02T14:19:34.914576Z","level":"info","event":"    \"nullable\" : true,","logger":"airflow.task.hooks.airflow.providers.standard.hooks.subprocess.SubprocessHook","filename":"subprocess.py","lineno":99}
{"timestamp":"2026-06-02T14:19:34.914657Z","level":"info","event":"    \"metadata\" : { }","logger":"airflow.task.hooks.airflow.providers.standard.hooks.subprocess.SubprocessHook","filename":"subprocess.py","lineno":99}
{"timestamp":"2026-06-02T14:19:34.914707Z","level":"info","event":"  }, {","logger":"airflow.task.hooks.airflow.providers.standard.hooks.subprocess.SubprocessHook","filename":"subprocess.py","lineno":99}
{"timestamp":"2026-06-02T14:19:34.914744Z","level":"info","event":"    \"name\" : \"quarter\",","logger":"airflow.task.hooks.airflow.providers.standard.hooks.subprocess.SubprocessHook","filename":"subprocess.py","lineno":99}
{"timestamp":"2026-06-02T14:19:34.914781Z","level":"info","event":"    \"type\" : \"integer\",","logger":"airflow.task.hooks.airflow.providers.standard.hooks.subprocess.SubprocessHook","filename":"subprocess.py","lineno":99}
{"timestamp":"2026-06-02T14:19:34.914815Z","level":"info","event":"    \"nullable\" : true,","logger":"airflow.task.hooks.airflow.providers.standard.hooks.subprocess.SubprocessHook","filename":"subprocess.py","lineno":99}
{"timestamp":"2026-06-02T14:19:34.914847Z","level":"info","event":"    \"metadata\" : { }","logger":"airflow.task.hooks.airflow.providers.standard.hooks.subprocess.SubprocessHook","filename":"subprocess.py","lineno":99}
{"timestamp":"2026-06-02T14:19:34.914896Z","level":"info","event":"  }, {","logger":"airflow.task.hooks.airflow.providers.standard.hooks.subprocess.SubprocessHook","filename":"subprocess.py","lineno":99}
{"timestamp":"2026-06-02T14:19:34.914939Z","level":"info","event":"    \"name\" : \"year\",","logger":"airflow.task.hooks.airflow.providers.standard.hooks.subprocess.SubprocessHook","filename":"subprocess.py","lineno":99}
{"timestamp":"2026-06-02T14:19:34.914973Z","level":"info","event":"    \"type\" : \"integer\",","logger":"airflow.task.hooks.airflow.providers.standard.hooks.subprocess.SubprocessHook","filename":"subprocess.py","lineno":99}
{"timestamp":"2026-06-02T14:19:34.915026Z","level":"info","event":"    \"nullable\" : true,","logger":"airflow.task.hooks.airflow.providers.standard.hooks.subprocess.SubprocessHook","filename":"subprocess.py","lineno":99}
{"timestamp":"2026-06-02T14:19:34.915063Z","level":"info","event":"    \"metadata\" : { }","logger":"airflow.task.hooks.airflow.providers.standard.hooks.subprocess.SubprocessHook","filename":"subprocess.py","lineno":99}
{"timestamp":"2026-06-02T14:19:34.915114Z","level":"info","event":"  }, {","logger":"airflow.task.hooks.airflow.providers.standard.hooks.subprocess.SubprocessHook","filename":"subprocess.py","lineno":99}
{"timestamp":"2026-06-02T14:19:34.915156Z","level":"info","event":"    \"name\" : \"ingest_at\",","logger":"airflow.task.hooks.airflow.providers.standard.hooks.subprocess.SubprocessHook","filename":"subprocess.py","lineno":99}
{"timestamp":"2026-06-02T14:19:34.915216Z","level":"info","event":"    \"type\" : \"timestamp\",","logger":"airflow.task.hooks.airflow.providers.standard.hooks.subprocess.SubprocessHook","filename":"subprocess.py","lineno":99}
{"timestamp":"2026-06-02T14:19:34.915255Z","level":"info","event":"    \"nullable\" : true,","logger":"airflow.task.hooks.airflow.providers.standard.hooks.subprocess.SubprocessHook","filename":"subprocess.py","lineno":99}
{"timestamp":"2026-06-02T14:19:34.915304Z","level":"info","event":"    \"metadata\" : { }","logger":"airflow.task.hooks.airflow.providers.standard.hooks.subprocess.SubprocessHook","filename":"subprocess.py","lineno":99}
{"timestamp":"2026-06-02T14:19:34.915343Z","level":"info","event":"  } ]","logger":"airflow.task.hooks.airflow.providers.standard.hooks.subprocess.SubprocessHook","filename":"subprocess.py","lineno":99}
{"timestamp":"2026-06-02T14:19:34.915396Z","level":"info","event":"}","logger":"airflow.task.hooks.airflow.providers.standard.hooks.subprocess.SubprocessHook","filename":"subprocess.py","lineno":99}
{"timestamp":"2026-06-02T14:19:34.915451Z","level":"info","event":"and corresponding Parquet message type:","logger":"airflow.task.hooks.airflow.providers.standard.hooks.subprocess.SubprocessHook","filename":"subprocess.py","lineno":99}
{"timestamp":"2026-06-02T14:19:34.915499Z","level":"info","event":"message spark_schema {","logger":"airflow.task.hooks.airflow.providers.standard.hooks.subprocess.SubprocessHook","filename":"subprocess.py","lineno":99}
{"timestamp":"2026-06-02T14:19:34.915534Z","level":"info","event":"  optional binary product_name (STRING);","logger":"airflow.task.hooks.airflow.providers.standard.hooks.subprocess.SubprocessHook","filename":"subprocess.py","lineno":99}
{"timestamp":"2026-06-02T14:19:34.915569Z","level":"info","event":"  optional double value;","logger":"airflow.task.hooks.airflow.providers.standard.hooks.subprocess.SubprocessHook","filename":"subprocess.py","lineno":99}
{"timestamp":"2026-06-02T14:19:34.915603Z","level":"info","event":"  optional binary unit (STRING);","logger":"airflow.task.hooks.airflow.providers.standard.hooks.subprocess.SubprocessHook","filename":"subprocess.py","lineno":99}
{"timestamp":"2026-06-02T14:19:34.915638Z","level":"info","event":"  optional int32 month;","logger":"airflow.task.hooks.airflow.providers.standard.hooks.subprocess.SubprocessHook","filename":"subprocess.py","lineno":99}
{"timestamp":"2026-06-02T14:19:34.915671Z","level":"info","event":"  optional int32 quarter;","logger":"airflow.task.hooks.airflow.providers.standard.hooks.subprocess.SubprocessHook","filename":"subprocess.py","lineno":99}
{"timestamp":"2026-06-02T14:19:34.915707Z","level":"info","event":"  optional int32 year;","logger":"airflow.task.hooks.airflow.providers.standard.hooks.subprocess.SubprocessHook","filename":"subprocess.py","lineno":99}
{"timestamp":"2026-06-02T14:19:34.915752Z","level":"info","event":"  optional int96 ingest_at;","logger":"airflow.task.hooks.airflow.providers.standard.hooks.subprocess.SubprocessHook","filename":"subprocess.py","lineno":99}
{"timestamp":"2026-06-02T14:19:34.915850Z","level":"info","event":"}","logger":"airflow.task.hooks.airflow.providers.standard.hooks.subprocess.SubprocessHook","filename":"subprocess.py","lineno":99}
{"timestamp":"2026-06-02T14:19:34.915920Z","level":"info","event":"","logger":"airflow.task.hooks.airflow.providers.standard.hooks.subprocess.SubprocessHook","filename":"subprocess.py","lineno":99}
{"timestamp":"2026-06-02T14:19:34.915959Z","level":"info","event":"","logger":"airflow.task.hooks.airflow.providers.standard.hooks.subprocess.SubprocessHook","filename":"subprocess.py","lineno":99}
{"timestamp":"2026-06-02T14:19:34.915996Z","level":"info","event":"26/06/02 14:19:34 INFO ParquetWriteSupport: Initialized Parquet WriteSupport with Catalyst schema:","logger":"airflow.task.hooks.airflow.providers.standard.hooks.subprocess.SubprocessHook","filename":"subprocess.py","lineno":99}
{"timestamp":"2026-06-02T14:19:34.916034Z","level":"info","event":"{","logger":"airflow.task.hooks.airflow.providers.standard.hooks.subprocess.SubprocessHook","filename":"subprocess.py","lineno":99}
{"timestamp":"2026-06-02T14:19:34.916080Z","level":"info","event":"  \"type\" : \"struct\",","logger":"airflow.task.hooks.airflow.providers.standard.hooks.subprocess.SubprocessHook","filename":"subprocess.py","lineno":99}
{"timestamp":"2026-06-02T14:19:34.916117Z","level":"info","event":"  \"fields\" : [ {","logger":"airflow.task.hooks.airflow.providers.standard.hooks.subprocess.SubprocessHook","filename":"subprocess.py","lineno":99}
{"timestamp":"2026-06-02T14:19:34.916184Z","level":"info","event":"    \"name\" : \"product_name\",","logger":"airflow.task.hooks.airflow.providers.standard.hooks.subprocess.SubprocessHook","filename":"subprocess.py","lineno":99}
{"timestamp":"2026-06-02T14:19:34.916253Z","level":"info","event":"    \"type\" : \"string\",","logger":"airflow.task.hooks.airflow.providers.standard.hooks.subprocess.SubprocessHook","filename":"subprocess.py","lineno":99}
{"timestamp":"2026-06-02T14:19:34.916291Z","level":"info","event":"    \"nullable\" : true,","logger":"airflow.task.hooks.airflow.providers.standard.hooks.subprocess.SubprocessHook","filename":"subprocess.py","lineno":99}
{"timestamp":"2026-06-02T14:19:34.916326Z","level":"info","event":"    \"metadata\" : { }","logger":"airflow.task.hooks.airflow.providers.standard.hooks.subprocess.SubprocessHook","filename":"subprocess.py","lineno":99}
{"timestamp":"2026-06-02T14:19:34.916361Z","level":"info","event":"  }, {","logger":"airflow.task.hooks.airflow.providers.standard.hooks.subprocess.SubprocessHook","filename":"subprocess.py","lineno":99}
{"timestamp":"2026-06-02T14:19:34.916398Z","level":"info","event":"    \"name\" : \"value\",","logger":"airflow.task.hooks.airflow.providers.standard.hooks.subprocess.SubprocessHook","filename":"subprocess.py","lineno":99}
{"timestamp":"2026-06-02T14:19:34.916445Z","level":"info","event":"    \"type\" : \"double\",","logger":"airflow.task.hooks.airflow.providers.standard.hooks.subprocess.SubprocessHook","filename":"subprocess.py","lineno":99}
{"timestamp":"2026-06-02T14:19:34.916480Z","level":"info","event":"    \"nullable\" : true,","logger":"airflow.task.hooks.airflow.providers.standard.hooks.subprocess.SubprocessHook","filename":"subprocess.py","lineno":99}
{"timestamp":"2026-06-02T14:19:34.916522Z","level":"info","event":"    \"metadata\" : { }","logger":"airflow.task.hooks.airflow.providers.standard.hooks.subprocess.SubprocessHook","filename":"subprocess.py","lineno":99}
{"timestamp":"2026-06-02T14:19:34.916585Z","level":"info","event":"  }, {","logger":"airflow.task.hooks.airflow.providers.standard.hooks.subprocess.SubprocessHook","filename":"subprocess.py","lineno":99}
{"timestamp":"2026-06-02T14:19:34.916657Z","level":"info","event":"    \"name\" : \"unit\",","logger":"airflow.task.hooks.airflow.providers.standard.hooks.subprocess.SubprocessHook","filename":"subprocess.py","lineno":99}
{"timestamp":"2026-06-02T14:19:34.916726Z","level":"info","event":"    \"type\" : \"string\",","logger":"airflow.task.hooks.airflow.providers.standard.hooks.subprocess.SubprocessHook","filename":"subprocess.py","lineno":99}
{"timestamp":"2026-06-02T14:19:34.916783Z","level":"info","event":"    \"nullable\" : true,","logger":"airflow.task.hooks.airflow.providers.standard.hooks.subprocess.SubprocessHook","filename":"subprocess.py","lineno":99}
{"timestamp":"2026-06-02T14:19:34.916822Z","level":"info","event":"    \"metadata\" : { }","logger":"airflow.task.hooks.airflow.providers.standard.hooks.subprocess.SubprocessHook","filename":"subprocess.py","lineno":99}
{"timestamp":"2026-06-02T14:19:34.916853Z","level":"info","event":"  }, {","logger":"airflow.task.hooks.airflow.providers.standard.hooks.subprocess.SubprocessHook","filename":"subprocess.py","lineno":99}
{"timestamp":"2026-06-02T14:19:34.916887Z","level":"info","event":"    \"name\" : \"month\",","logger":"airflow.task.hooks.airflow.providers.standard.hooks.subprocess.SubprocessHook","filename":"subprocess.py","lineno":99}
{"timestamp":"2026-06-02T14:19:34.916995Z","level":"info","event":"    \"type\" : \"integer\",","logger":"airflow.task.hooks.airflow.providers.standard.hooks.subprocess.SubprocessHook","filename":"subprocess.py","lineno":99}
{"timestamp":"2026-06-02T14:19:34.917077Z","level":"info","event":"    \"nullable\" : true,","logger":"airflow.task.hooks.airflow.providers.standard.hooks.subprocess.SubprocessHook","filename":"subprocess.py","lineno":99}
{"timestamp":"2026-06-02T14:19:34.917154Z","level":"info","event":"    \"metadata\" : { }","logger":"airflow.task.hooks.airflow.providers.standard.hooks.subprocess.SubprocessHook","filename":"subprocess.py","lineno":99}
{"timestamp":"2026-06-02T14:19:34.917228Z","level":"info","event":"  }, {","logger":"airflow.task.hooks.airflow.providers.standard.hooks.subprocess.SubprocessHook","filename":"subprocess.py","lineno":99}
{"timestamp":"2026-06-02T14:19:34.917303Z","level":"info","event":"    \"name\" : \"quarter\",","logger":"airflow.task.hooks.airflow.providers.standard.hooks.subprocess.SubprocessHook","filename":"subprocess.py","lineno":99}
{"timestamp":"2026-06-02T14:19:34.917352Z","level":"info","event":"    \"type\" : \"integer\",","logger":"airflow.task.hooks.airflow.providers.standard.hooks.subprocess.SubprocessHook","filename":"subprocess.py","lineno":99}
{"timestamp":"2026-06-02T14:19:34.917388Z","level":"info","event":"    \"nullable\" : true,","logger":"airflow.task.hooks.airflow.providers.standard.hooks.subprocess.SubprocessHook","filename":"subprocess.py","lineno":99}
{"timestamp":"2026-06-02T14:19:34.917420Z","level":"info","event":"    \"metadata\" : { }","logger":"airflow.task.hooks.airflow.providers.standard.hooks.subprocess.SubprocessHook","filename":"subprocess.py","lineno":99}
{"timestamp":"2026-06-02T14:19:34.917454Z","level":"info","event":"  }, {","logger":"airflow.task.hooks.airflow.providers.standard.hooks.subprocess.SubprocessHook","filename":"subprocess.py","lineno":99}
{"timestamp":"2026-06-02T14:19:34.917486Z","level":"info","event":"    \"name\" : \"year\",","logger":"airflow.task.hooks.airflow.providers.standard.hooks.subprocess.SubprocessHook","filename":"subprocess.py","lineno":99}
{"timestamp":"2026-06-02T14:19:34.917518Z","level":"info","event":"    \"type\" : \"integer\",","logger":"airflow.task.hooks.airflow.providers.standard.hooks.subprocess.SubprocessHook","filename":"subprocess.py","lineno":99}
{"timestamp":"2026-06-02T14:19:34.917552Z","level":"info","event":"    \"nullable\" : true,","logger":"airflow.task.hooks.airflow.providers.standard.hooks.subprocess.SubprocessHook","filename":"subprocess.py","lineno":99}
{"timestamp":"2026-06-02T14:19:34.917587Z","level":"info","event":"    \"metadata\" : { }","logger":"airflow.task.hooks.airflow.providers.standard.hooks.subprocess.SubprocessHook","filename":"subprocess.py","lineno":99}
{"timestamp":"2026-06-02T14:19:34.917659Z","level":"info","event":"  }, {","logger":"airflow.task.hooks.airflow.providers.standard.hooks.subprocess.SubprocessHook","filename":"subprocess.py","lineno":99}
{"timestamp":"2026-06-02T14:19:34.917793Z","level":"info","event":"    \"name\" : \"ingest_at\",","logger":"airflow.task.hooks.airflow.providers.standard.hooks.subprocess.SubprocessHook","filename":"subprocess.py","lineno":99}
{"timestamp":"2026-06-02T14:19:34.917892Z","level":"info","event":"    \"type\" : \"timestamp\",","logger":"airflow.task.hooks.airflow.providers.standard.hooks.subprocess.SubprocessHook","filename":"subprocess.py","lineno":99}
{"timestamp":"2026-06-02T14:19:34.917934Z","level":"info","event":"    \"nullable\" : true,","logger":"airflow.task.hooks.airflow.providers.standard.hooks.subprocess.SubprocessHook","filename":"subprocess.py","lineno":99}
{"timestamp":"2026-06-02T14:19:34.917972Z","level":"info","event":"    \"metadata\" : { }","logger":"airflow.task.hooks.airflow.providers.standard.hooks.subprocess.SubprocessHook","filename":"subprocess.py","lineno":99}
{"timestamp":"2026-06-02T14:19:34.918006Z","level":"info","event":"  } ]","logger":"airflow.task.hooks.airflow.providers.standard.hooks.subprocess.SubprocessHook","filename":"subprocess.py","lineno":99}
{"timestamp":"2026-06-02T14:19:34.918042Z","level":"info","event":"}","logger":"airflow.task.hooks.airflow.providers.standard.hooks.subprocess.SubprocessHook","filename":"subprocess.py","lineno":99}
{"timestamp":"2026-06-02T14:19:34.918074Z","level":"info","event":"and corresponding Parquet message type:","logger":"airflow.task.hooks.airflow.providers.standard.hooks.subprocess.SubprocessHook","filename":"subprocess.py","lineno":99}
{"timestamp":"2026-06-02T14:19:34.918108Z","level":"info","event":"message spark_schema {","logger":"airflow.task.hooks.airflow.providers.standard.hooks.subprocess.SubprocessHook","filename":"subprocess.py","lineno":99}
{"timestamp":"2026-06-02T14:19:34.918173Z","level":"info","event":"  optional binary product_name (STRING);","logger":"airflow.task.hooks.airflow.providers.standard.hooks.subprocess.SubprocessHook","filename":"subprocess.py","lineno":99}
{"timestamp":"2026-06-02T14:19:34.918212Z","level":"info","event":"  optional double value;","logger":"airflow.task.hooks.airflow.providers.standard.hooks.subprocess.SubprocessHook","filename":"subprocess.py","lineno":99}
{"timestamp":"2026-06-02T14:19:34.918248Z","level":"info","event":"  optional binary unit (STRING);","logger":"airflow.task.hooks.airflow.providers.standard.hooks.subprocess.SubprocessHook","filename":"subprocess.py","lineno":99}
{"timestamp":"2026-06-02T14:19:34.918298Z","level":"info","event":"  optional int32 month;","logger":"airflow.task.hooks.airflow.providers.standard.hooks.subprocess.SubprocessHook","filename":"subprocess.py","lineno":99}
{"timestamp":"2026-06-02T14:19:34.918357Z","level":"info","event":"  optional int32 quarter;","logger":"airflow.task.hooks.airflow.providers.standard.hooks.subprocess.SubprocessHook","filename":"subprocess.py","lineno":99}
{"timestamp":"2026-06-02T14:19:34.918413Z","level":"info","event":"  optional int32 year;","logger":"airflow.task.hooks.airflow.providers.standard.hooks.subprocess.SubprocessHook","filename":"subprocess.py","lineno":99}
{"timestamp":"2026-06-02T14:19:34.918455Z","level":"info","event":"  optional int96 ingest_at;","logger":"airflow.task.hooks.airflow.providers.standard.hooks.subprocess.SubprocessHook","filename":"subprocess.py","lineno":99}
{"timestamp":"2026-06-02T14:19:34.918493Z","level":"info","event":"}","logger":"airflow.task.hooks.airflow.providers.standard.hooks.subprocess.SubprocessHook","filename":"subprocess.py","lineno":99}
{"timestamp":"2026-06-02T14:19:34.918528Z","level":"info","event":"","logger":"airflow.task.hooks.airflow.providers.standard.hooks.subprocess.SubprocessHook","filename":"subprocess.py","lineno":99}
{"timestamp":"2026-06-02T14:19:34.918561Z","level":"info","event":"","logger":"airflow.task.hooks.airflow.providers.standard.hooks.subprocess.SubprocessHook","filename":"subprocess.py","lineno":99}
{"timestamp":"2026-06-02T14:19:34.918595Z","level":"info","event":"26/06/02 14:19:34 INFO ParquetWriteSupport: Initialized Parquet WriteSupport with Catalyst schema:","logger":"airflow.task.hooks.airflow.providers.standard.hooks.subprocess.SubprocessHook","filename":"subprocess.py","lineno":99}
{"timestamp":"2026-06-02T14:19:34.918632Z","level":"info","event":"{","logger":"airflow.task.hooks.airflow.providers.standard.hooks.subprocess.SubprocessHook","filename":"subprocess.py","lineno":99}
{"timestamp":"2026-06-02T14:19:34.918665Z","level":"info","event":"  \"type\" : \"struct\",","logger":"airflow.task.hooks.airflow.providers.standard.hooks.subprocess.SubprocessHook","filename":"subprocess.py","lineno":99}
{"timestamp":"2026-06-02T14:19:34.918697Z","level":"info","event":"  \"fields\" : [ {","logger":"airflow.task.hooks.airflow.providers.standard.hooks.subprocess.SubprocessHook","filename":"subprocess.py","lineno":99}
{"timestamp":"2026-06-02T14:19:34.918734Z","level":"info","event":"    \"name\" : \"product_name\",","logger":"airflow.task.hooks.airflow.providers.standard.hooks.subprocess.SubprocessHook","filename":"subprocess.py","lineno":99}
{"timestamp":"2026-06-02T14:19:34.918766Z","level":"info","event":"    \"type\" : \"string\",","logger":"airflow.task.hooks.airflow.providers.standard.hooks.subprocess.SubprocessHook","filename":"subprocess.py","lineno":99}
{"timestamp":"2026-06-02T14:19:34.918826Z","level":"info","event":"    \"nullable\" : true,","logger":"airflow.task.hooks.airflow.providers.standard.hooks.subprocess.SubprocessHook","filename":"subprocess.py","lineno":99}
{"timestamp":"2026-06-02T14:19:34.918867Z","level":"info","event":"    \"metadata\" : { }","logger":"airflow.task.hooks.airflow.providers.standard.hooks.subprocess.SubprocessHook","filename":"subprocess.py","lineno":99}
{"timestamp":"2026-06-02T14:19:34.918905Z","level":"info","event":"  }, {","logger":"airflow.task.hooks.airflow.providers.standard.hooks.subprocess.SubprocessHook","filename":"subprocess.py","lineno":99}
{"timestamp":"2026-06-02T14:19:34.918940Z","level":"info","event":"    \"name\" : \"value\",","logger":"airflow.task.hooks.airflow.providers.standard.hooks.subprocess.SubprocessHook","filename":"subprocess.py","lineno":99}
{"timestamp":"2026-06-02T14:19:34.918976Z","level":"info","event":"    \"type\" : \"double\",","logger":"airflow.task.hooks.airflow.providers.standard.hooks.subprocess.SubprocessHook","filename":"subprocess.py","lineno":99}
{"timestamp":"2026-06-02T14:19:34.919008Z","level":"info","event":"    \"nullable\" : true,","logger":"airflow.task.hooks.airflow.providers.standard.hooks.subprocess.SubprocessHook","filename":"subprocess.py","lineno":99}
{"timestamp":"2026-06-02T14:19:34.919060Z","level":"info","event":"    \"metadata\" : { }","logger":"airflow.task.hooks.airflow.providers.standard.hooks.subprocess.SubprocessHook","filename":"subprocess.py","lineno":99}
{"timestamp":"2026-06-02T14:19:34.919118Z","level":"info","event":"  }, {","logger":"airflow.task.hooks.airflow.providers.standard.hooks.subprocess.SubprocessHook","filename":"subprocess.py","lineno":99}
{"timestamp":"2026-06-02T14:19:34.919238Z","level":"info","event":"    \"name\" : \"unit\",","logger":"airflow.task.hooks.airflow.providers.standard.hooks.subprocess.SubprocessHook","filename":"subprocess.py","lineno":99}
{"timestamp":"2026-06-02T14:19:34.919302Z","level":"info","event":"    \"type\" : \"string\",","logger":"airflow.task.hooks.airflow.providers.standard.hooks.subprocess.SubprocessHook","filename":"subprocess.py","lineno":99}
{"timestamp":"2026-06-02T14:19:34.919358Z","level":"info","event":"    \"nullable\" : true,","logger":"airflow.task.hooks.airflow.providers.standard.hooks.subprocess.SubprocessHook","filename":"subprocess.py","lineno":99}
{"timestamp":"2026-06-02T14:19:34.919413Z","level":"info","event":"    \"metadata\" : { }","logger":"airflow.task.hooks.airflow.providers.standard.hooks.subprocess.SubprocessHook","filename":"subprocess.py","lineno":99}
{"timestamp":"2026-06-02T14:19:34.919450Z","level":"info","event":"  }, {","logger":"airflow.task.hooks.airflow.providers.standard.hooks.subprocess.SubprocessHook","filename":"subprocess.py","lineno":99}
{"timestamp":"2026-06-02T14:19:34.919489Z","level":"info","event":"    \"name\" : \"month\",","logger":"airflow.task.hooks.airflow.providers.standard.hooks.subprocess.SubprocessHook","filename":"subprocess.py","lineno":99}
{"timestamp":"2026-06-02T14:19:34.919528Z","level":"info","event":"    \"type\" : \"integer\",","logger":"airflow.task.hooks.airflow.providers.standard.hooks.subprocess.SubprocessHook","filename":"subprocess.py","lineno":99}
{"timestamp":"2026-06-02T14:19:34.919564Z","level":"info","event":"    \"nullable\" : true,","logger":"airflow.task.hooks.airflow.providers.standard.hooks.subprocess.SubprocessHook","filename":"subprocess.py","lineno":99}
{"timestamp":"2026-06-02T14:19:34.919611Z","level":"info","event":"    \"metadata\" : { }","logger":"airflow.task.hooks.airflow.providers.standard.hooks.subprocess.SubprocessHook","filename":"subprocess.py","lineno":99}
{"timestamp":"2026-06-02T14:19:34.919667Z","level":"info","event":"  }, {","logger":"airflow.task.hooks.airflow.providers.standard.hooks.subprocess.SubprocessHook","filename":"subprocess.py","lineno":99}
{"timestamp":"2026-06-02T14:19:34.919719Z","level":"info","event":"    \"name\" : \"quarter\",","logger":"airflow.task.hooks.airflow.providers.standard.hooks.subprocess.SubprocessHook","filename":"subprocess.py","lineno":99}
{"timestamp":"2026-06-02T14:19:34.919792Z","level":"info","event":"    \"type\" : \"integer\",","logger":"airflow.task.hooks.airflow.providers.standard.hooks.subprocess.SubprocessHook","filename":"subprocess.py","lineno":99}
{"timestamp":"2026-06-02T14:19:34.919862Z","level":"info","event":"    \"nullable\" : true,","logger":"airflow.task.hooks.airflow.providers.standard.hooks.subprocess.SubprocessHook","filename":"subprocess.py","lineno":99}
{"timestamp":"2026-06-02T14:19:34.919926Z","level":"info","event":"    \"metadata\" : { }","logger":"airflow.task.hooks.airflow.providers.standard.hooks.subprocess.SubprocessHook","filename":"subprocess.py","lineno":99}
{"timestamp":"2026-06-02T14:19:34.919982Z","level":"info","event":"  }, {","logger":"airflow.task.hooks.airflow.providers.standard.hooks.subprocess.SubprocessHook","filename":"subprocess.py","lineno":99}
{"timestamp":"2026-06-02T14:19:34.920023Z","level":"info","event":"    \"name\" : \"year\",","logger":"airflow.task.hooks.airflow.providers.standard.hooks.subprocess.SubprocessHook","filename":"subprocess.py","lineno":99}
{"timestamp":"2026-06-02T14:19:34.920073Z","level":"info","event":"    \"type\" : \"integer\",","logger":"airflow.task.hooks.airflow.providers.standard.hooks.subprocess.SubprocessHook","filename":"subprocess.py","lineno":99}
{"timestamp":"2026-06-02T14:19:34.920144Z","level":"info","event":"    \"nullable\" : true,","logger":"airflow.task.hooks.airflow.providers.standard.hooks.subprocess.SubprocessHook","filename":"subprocess.py","lineno":99}
{"timestamp":"2026-06-02T14:19:34.920190Z","level":"info","event":"    \"metadata\" : { }","logger":"airflow.task.hooks.airflow.providers.standard.hooks.subprocess.SubprocessHook","filename":"subprocess.py","lineno":99}
{"timestamp":"2026-06-02T14:19:34.920260Z","level":"info","event":"  }, {","logger":"airflow.task.hooks.airflow.providers.standard.hooks.subprocess.SubprocessHook","filename":"subprocess.py","lineno":99}
{"timestamp":"2026-06-02T14:19:34.920299Z","level":"info","event":"    \"name\" : \"ingest_at\",","logger":"airflow.task.hooks.airflow.providers.standard.hooks.subprocess.SubprocessHook","filename":"subprocess.py","lineno":99}
{"timestamp":"2026-06-02T14:19:34.920348Z","level":"info","event":"    \"type\" : \"timestamp\",","logger":"airflow.task.hooks.airflow.providers.standard.hooks.subprocess.SubprocessHook","filename":"subprocess.py","lineno":99}
{"timestamp":"2026-06-02T14:19:34.920393Z","level":"info","event":"    \"nullable\" : true,","logger":"airflow.task.hooks.airflow.providers.standard.hooks.subprocess.SubprocessHook","filename":"subprocess.py","lineno":99}
{"timestamp":"2026-06-02T14:19:34.920425Z","level":"info","event":"    \"metadata\" : { }","logger":"airflow.task.hooks.airflow.providers.standard.hooks.subprocess.SubprocessHook","filename":"subprocess.py","lineno":99}
{"timestamp":"2026-06-02T14:19:34.920456Z","level":"info","event":"  } ]","logger":"airflow.task.hooks.airflow.providers.standard.hooks.subprocess.SubprocessHook","filename":"subprocess.py","lineno":99}
{"timestamp":"2026-06-02T14:19:34.920488Z","level":"info","event":"}","logger":"airflow.task.hooks.airflow.providers.standard.hooks.subprocess.SubprocessHook","filename":"subprocess.py","lineno":99}
{"timestamp":"2026-06-02T14:19:34.920521Z","level":"info","event":"and corresponding Parquet message type:","logger":"airflow.task.hooks.airflow.providers.standard.hooks.subprocess.SubprocessHook","filename":"subprocess.py","lineno":99}
{"timestamp":"2026-06-02T14:19:34.920577Z","level":"info","event":"message spark_schema {","logger":"airflow.task.hooks.airflow.providers.standard.hooks.subprocess.SubprocessHook","filename":"subprocess.py","lineno":99}
{"timestamp":"2026-06-02T14:19:34.920632Z","level":"info","event":"  optional binary product_name (STRING);","logger":"airflow.task.hooks.airflow.providers.standard.hooks.subprocess.SubprocessHook","filename":"subprocess.py","lineno":99}
{"timestamp":"2026-06-02T14:19:34.920675Z","level":"info","event":"  optional double value;","logger":"airflow.task.hooks.airflow.providers.standard.hooks.subprocess.SubprocessHook","filename":"subprocess.py","lineno":99}
{"timestamp":"2026-06-02T14:19:34.920709Z","level":"info","event":"  optional binary unit (STRING);","logger":"airflow.task.hooks.airflow.providers.standard.hooks.subprocess.SubprocessHook","filename":"subprocess.py","lineno":99}
{"timestamp":"2026-06-02T14:19:34.920743Z","level":"info","event":"  optional int32 month;","logger":"airflow.task.hooks.airflow.providers.standard.hooks.subprocess.SubprocessHook","filename":"subprocess.py","lineno":99}
{"timestamp":"2026-06-02T14:19:35.015552Z","level":"info","event":"  optional int32 quarter;","logger":"airflow.task.hooks.airflow.providers.standard.hooks.subprocess.SubprocessHook","filename":"subprocess.py","lineno":99}
{"timestamp":"2026-06-02T14:19:35.015917Z","level":"info","event":"  optional int32 year;","logger":"airflow.task.hooks.airflow.providers.standard.hooks.subprocess.SubprocessHook","filename":"subprocess.py","lineno":99}
{"timestamp":"2026-06-02T14:19:35.016010Z","level":"info","event":"  optional int96 ingest_at;","logger":"airflow.task.hooks.airflow.providers.standard.hooks.subprocess.SubprocessHook","filename":"subprocess.py","lineno":99}
{"timestamp":"2026-06-02T14:19:35.016058Z","level":"info","event":"}","logger":"airflow.task.hooks.airflow.providers.standard.hooks.subprocess.SubprocessHook","filename":"subprocess.py","lineno":99}
{"timestamp":"2026-06-02T14:19:35.016107Z","level":"info","event":"","logger":"airflow.task.hooks.airflow.providers.standard.hooks.subprocess.SubprocessHook","filename":"subprocess.py","lineno":99}
{"timestamp":"2026-06-02T14:19:35.016141Z","level":"info","event":"","logger":"airflow.task.hooks.airflow.providers.standard.hooks.subprocess.SubprocessHook","filename":"subprocess.py","lineno":99}
{"timestamp":"2026-06-02T14:19:35.016177Z","level":"info","event":"26/06/02 14:19:34 INFO ParquetWriteSupport: Initialized Parquet WriteSupport with Catalyst schema:","logger":"airflow.task.hooks.airflow.providers.standard.hooks.subprocess.SubprocessHook","filename":"subprocess.py","lineno":99}
{"timestamp":"2026-06-02T14:19:35.016220Z","level":"info","event":"{","logger":"airflow.task.hooks.airflow.providers.standard.hooks.subprocess.SubprocessHook","filename":"subprocess.py","lineno":99}
{"timestamp":"2026-06-02T14:19:35.016257Z","level":"info","event":"  \"type\" : \"struct\",","logger":"airflow.task.hooks.airflow.providers.standard.hooks.subprocess.SubprocessHook","filename":"subprocess.py","lineno":99}
{"timestamp":"2026-06-02T14:19:35.016715Z","level":"info","event":"  \"fields\" : [ {","logger":"airflow.task.hooks.airflow.providers.standard.hooks.subprocess.SubprocessHook","filename":"subprocess.py","lineno":99}
{"timestamp":"2026-06-02T14:19:35.016862Z","level":"info","event":"    \"name\" : \"product_name\",","logger":"airflow.task.hooks.airflow.providers.standard.hooks.subprocess.SubprocessHook","filename":"subprocess.py","lineno":99}
{"timestamp":"2026-06-02T14:19:35.016902Z","level":"info","event":"    \"type\" : \"string\",","logger":"airflow.task.hooks.airflow.providers.standard.hooks.subprocess.SubprocessHook","filename":"subprocess.py","lineno":99}
{"timestamp":"2026-06-02T14:19:35.016978Z","level":"info","event":"    \"nullable\" : true,","logger":"airflow.task.hooks.airflow.providers.standard.hooks.subprocess.SubprocessHook","filename":"subprocess.py","lineno":99}
{"timestamp":"2026-06-02T14:19:35.017025Z","level":"info","event":"    \"metadata\" : { }","logger":"airflow.task.hooks.airflow.providers.standard.hooks.subprocess.SubprocessHook","filename":"subprocess.py","lineno":99}
{"timestamp":"2026-06-02T14:19:35.017061Z","level":"info","event":"  }, {","logger":"airflow.task.hooks.airflow.providers.standard.hooks.subprocess.SubprocessHook","filename":"subprocess.py","lineno":99}
{"timestamp":"2026-06-02T14:19:35.017094Z","level":"info","event":"    \"name\" : \"value\",","logger":"airflow.task.hooks.airflow.providers.standard.hooks.subprocess.SubprocessHook","filename":"subprocess.py","lineno":99}
{"timestamp":"2026-06-02T14:19:35.017125Z","level":"info","event":"    \"type\" : \"double\",","logger":"airflow.task.hooks.airflow.providers.standard.hooks.subprocess.SubprocessHook","filename":"subprocess.py","lineno":99}
{"timestamp":"2026-06-02T14:19:35.017156Z","level":"info","event":"    \"nullable\" : true,","logger":"airflow.task.hooks.airflow.providers.standard.hooks.subprocess.SubprocessHook","filename":"subprocess.py","lineno":99}
{"timestamp":"2026-06-02T14:19:35.017188Z","level":"info","event":"    \"metadata\" : { }","logger":"airflow.task.hooks.airflow.providers.standard.hooks.subprocess.SubprocessHook","filename":"subprocess.py","lineno":99}
{"timestamp":"2026-06-02T14:19:35.017222Z","level":"info","event":"  }, {","logger":"airflow.task.hooks.airflow.providers.standard.hooks.subprocess.SubprocessHook","filename":"subprocess.py","lineno":99}
{"timestamp":"2026-06-02T14:19:35.017254Z","level":"info","event":"    \"name\" : \"unit\",","logger":"airflow.task.hooks.airflow.providers.standard.hooks.subprocess.SubprocessHook","filename":"subprocess.py","lineno":99}
{"timestamp":"2026-06-02T14:19:35.017286Z","level":"info","event":"    \"type\" : \"string\",","logger":"airflow.task.hooks.airflow.providers.standard.hooks.subprocess.SubprocessHook","filename":"subprocess.py","lineno":99}
{"timestamp":"2026-06-02T14:19:35.017324Z","level":"info","event":"    \"nullable\" : true,","logger":"airflow.task.hooks.airflow.providers.standard.hooks.subprocess.SubprocessHook","filename":"subprocess.py","lineno":99}
{"timestamp":"2026-06-02T14:19:35.017358Z","level":"info","event":"    \"metadata\" : { }","logger":"airflow.task.hooks.airflow.providers.standard.hooks.subprocess.SubprocessHook","filename":"subprocess.py","lineno":99}
{"timestamp":"2026-06-02T14:19:35.017398Z","level":"info","event":"  }, {","logger":"airflow.task.hooks.airflow.providers.standard.hooks.subprocess.SubprocessHook","filename":"subprocess.py","lineno":99}
{"timestamp":"2026-06-02T14:19:35.017429Z","level":"info","event":"    \"name\" : \"month\",","logger":"airflow.task.hooks.airflow.providers.standard.hooks.subprocess.SubprocessHook","filename":"subprocess.py","lineno":99}
{"timestamp":"2026-06-02T14:19:35.017459Z","level":"info","event":"    \"type\" : \"integer\",","logger":"airflow.task.hooks.airflow.providers.standard.hooks.subprocess.SubprocessHook","filename":"subprocess.py","lineno":99}
{"timestamp":"2026-06-02T14:19:35.017489Z","level":"info","event":"    \"nullable\" : true,","logger":"airflow.task.hooks.airflow.providers.standard.hooks.subprocess.SubprocessHook","filename":"subprocess.py","lineno":99}
{"timestamp":"2026-06-02T14:19:35.017521Z","level":"info","event":"    \"metadata\" : { }","logger":"airflow.task.hooks.airflow.providers.standard.hooks.subprocess.SubprocessHook","filename":"subprocess.py","lineno":99}
{"timestamp":"2026-06-02T14:19:35.017551Z","level":"info","event":"  }, {","logger":"airflow.task.hooks.airflow.providers.standard.hooks.subprocess.SubprocessHook","filename":"subprocess.py","lineno":99}
{"timestamp":"2026-06-02T14:19:35.017584Z","level":"info","event":"    \"name\" : \"quarter\",","logger":"airflow.task.hooks.airflow.providers.standard.hooks.subprocess.SubprocessHook","filename":"subprocess.py","lineno":99}
{"timestamp":"2026-06-02T14:19:35.017665Z","level":"info","event":"    \"type\" : \"integer\",","logger":"airflow.task.hooks.airflow.providers.standard.hooks.subprocess.SubprocessHook","filename":"subprocess.py","lineno":99}
{"timestamp":"2026-06-02T14:19:35.017737Z","level":"info","event":"    \"nullable\" : true,","logger":"airflow.task.hooks.airflow.providers.standard.hooks.subprocess.SubprocessHook","filename":"subprocess.py","lineno":99}
{"timestamp":"2026-06-02T14:19:35.017800Z","level":"info","event":"    \"metadata\" : { }","logger":"airflow.task.hooks.airflow.providers.standard.hooks.subprocess.SubprocessHook","filename":"subprocess.py","lineno":99}
{"timestamp":"2026-06-02T14:19:35.017847Z","level":"info","event":"  }, {","logger":"airflow.task.hooks.airflow.providers.standard.hooks.subprocess.SubprocessHook","filename":"subprocess.py","lineno":99}
{"timestamp":"2026-06-02T14:19:35.017902Z","level":"info","event":"    \"name\" : \"year\",","logger":"airflow.task.hooks.airflow.providers.standard.hooks.subprocess.SubprocessHook","filename":"subprocess.py","lineno":99}
{"timestamp":"2026-06-02T14:19:35.017953Z","level":"info","event":"    \"type\" : \"integer\",","logger":"airflow.task.hooks.airflow.providers.standard.hooks.subprocess.SubprocessHook","filename":"subprocess.py","lineno":99}
{"timestamp":"2026-06-02T14:19:35.018021Z","level":"info","event":"    \"nullable\" : true,","logger":"airflow.task.hooks.airflow.providers.standard.hooks.subprocess.SubprocessHook","filename":"subprocess.py","lineno":99}
{"timestamp":"2026-06-02T14:19:35.018076Z","level":"info","event":"    \"metadata\" : { }","logger":"airflow.task.hooks.airflow.providers.standard.hooks.subprocess.SubprocessHook","filename":"subprocess.py","lineno":99}
{"timestamp":"2026-06-02T14:19:35.018129Z","level":"info","event":"  }, {","logger":"airflow.task.hooks.airflow.providers.standard.hooks.subprocess.SubprocessHook","filename":"subprocess.py","lineno":99}
{"timestamp":"2026-06-02T14:19:35.018181Z","level":"info","event":"    \"name\" : \"ingest_at\",","logger":"airflow.task.hooks.airflow.providers.standard.hooks.subprocess.SubprocessHook","filename":"subprocess.py","lineno":99}
{"timestamp":"2026-06-02T14:19:35.018226Z","level":"info","event":"    \"type\" : \"timestamp\",","logger":"airflow.task.hooks.airflow.providers.standard.hooks.subprocess.SubprocessHook","filename":"subprocess.py","lineno":99}
{"timestamp":"2026-06-02T14:19:35.018278Z","level":"info","event":"    \"nullable\" : true,","logger":"airflow.task.hooks.airflow.providers.standard.hooks.subprocess.SubprocessHook","filename":"subprocess.py","lineno":99}
{"timestamp":"2026-06-02T14:19:35.018334Z","level":"info","event":"    \"metadata\" : { }","logger":"airflow.task.hooks.airflow.providers.standard.hooks.subprocess.SubprocessHook","filename":"subprocess.py","lineno":99}
{"timestamp":"2026-06-02T14:19:35.018385Z","level":"info","event":"  } ]","logger":"airflow.task.hooks.airflow.providers.standard.hooks.subprocess.SubprocessHook","filename":"subprocess.py","lineno":99}
{"timestamp":"2026-06-02T14:19:35.018434Z","level":"info","event":"}","logger":"airflow.task.hooks.airflow.providers.standard.hooks.subprocess.SubprocessHook","filename":"subprocess.py","lineno":99}
{"timestamp":"2026-06-02T14:19:35.018577Z","level":"info","event":"and corresponding Parquet message type:","logger":"airflow.task.hooks.airflow.providers.standard.hooks.subprocess.SubprocessHook","filename":"subprocess.py","lineno":99}
{"timestamp":"2026-06-02T14:19:35.018682Z","level":"info","event":"message spark_schema {","logger":"airflow.task.hooks.airflow.providers.standard.hooks.subprocess.SubprocessHook","filename":"subprocess.py","lineno":99}
{"timestamp":"2026-06-02T14:19:35.018741Z","level":"info","event":"  optional binary product_name (STRING);","logger":"airflow.task.hooks.airflow.providers.standard.hooks.subprocess.SubprocessHook","filename":"subprocess.py","lineno":99}
{"timestamp":"2026-06-02T14:19:35.018946Z","level":"info","event":"  optional double value;","logger":"airflow.task.hooks.airflow.providers.standard.hooks.subprocess.SubprocessHook","filename":"subprocess.py","lineno":99}
{"timestamp":"2026-06-02T14:19:35.019028Z","level":"info","event":"  optional binary unit (STRING);","logger":"airflow.task.hooks.airflow.providers.standard.hooks.subprocess.SubprocessHook","filename":"subprocess.py","lineno":99}
{"timestamp":"2026-06-02T14:19:35.019070Z","level":"info","event":"  optional int32 month;","logger":"airflow.task.hooks.airflow.providers.standard.hooks.subprocess.SubprocessHook","filename":"subprocess.py","lineno":99}
{"timestamp":"2026-06-02T14:19:35.019108Z","level":"info","event":"  optional int32 quarter;","logger":"airflow.task.hooks.airflow.providers.standard.hooks.subprocess.SubprocessHook","filename":"subprocess.py","lineno":99}
{"timestamp":"2026-06-02T14:19:35.019144Z","level":"info","event":"  optional int32 year;","logger":"airflow.task.hooks.airflow.providers.standard.hooks.subprocess.SubprocessHook","filename":"subprocess.py","lineno":99}
{"timestamp":"2026-06-02T14:19:35.019179Z","level":"info","event":"  optional int96 ingest_at;","logger":"airflow.task.hooks.airflow.providers.standard.hooks.subprocess.SubprocessHook","filename":"subprocess.py","lineno":99}
{"timestamp":"2026-06-02T14:19:35.019215Z","level":"info","event":"}","logger":"airflow.task.hooks.airflow.providers.standard.hooks.subprocess.SubprocessHook","filename":"subprocess.py","lineno":99}
{"timestamp":"2026-06-02T14:19:35.019291Z","level":"info","event":"","logger":"airflow.task.hooks.airflow.providers.standard.hooks.subprocess.SubprocessHook","filename":"subprocess.py","lineno":99}
{"timestamp":"2026-06-02T14:19:35.019412Z","level":"info","event":"","logger":"airflow.task.hooks.airflow.providers.standard.hooks.subprocess.SubprocessHook","filename":"subprocess.py","lineno":99}
{"timestamp":"2026-06-02T14:19:35.019480Z","level":"info","event":"26/06/02 14:19:34 INFO ParquetWriteSupport: Initialized Parquet WriteSupport with Catalyst schema:","logger":"airflow.task.hooks.airflow.providers.standard.hooks.subprocess.SubprocessHook","filename":"subprocess.py","lineno":99}
{"timestamp":"2026-06-02T14:19:35.019536Z","level":"info","event":"{","logger":"airflow.task.hooks.airflow.providers.standard.hooks.subprocess.SubprocessHook","filename":"subprocess.py","lineno":99}
{"timestamp":"2026-06-02T14:19:35.019587Z","level":"info","event":"  \"type\" : \"struct\",","logger":"airflow.task.hooks.airflow.providers.standard.hooks.subprocess.SubprocessHook","filename":"subprocess.py","lineno":99}
{"timestamp":"2026-06-02T14:19:35.019634Z","level":"info","event":"  \"fields\" : [ {","logger":"airflow.task.hooks.airflow.providers.standard.hooks.subprocess.SubprocessHook","filename":"subprocess.py","lineno":99}
{"timestamp":"2026-06-02T14:19:35.019674Z","level":"info","event":"    \"name\" : \"product_name\",","logger":"airflow.task.hooks.airflow.providers.standard.hooks.subprocess.SubprocessHook","filename":"subprocess.py","lineno":99}
{"timestamp":"2026-06-02T14:19:35.019717Z","level":"info","event":"    \"type\" : \"string\",","logger":"airflow.task.hooks.airflow.providers.standard.hooks.subprocess.SubprocessHook","filename":"subprocess.py","lineno":99}
{"timestamp":"2026-06-02T14:19:35.019753Z","level":"info","event":"    \"nullable\" : true,","logger":"airflow.task.hooks.airflow.providers.standard.hooks.subprocess.SubprocessHook","filename":"subprocess.py","lineno":99}
{"timestamp":"2026-06-02T14:19:35.019793Z","level":"info","event":"    \"metadata\" : { }","logger":"airflow.task.hooks.airflow.providers.standard.hooks.subprocess.SubprocessHook","filename":"subprocess.py","lineno":99}
{"timestamp":"2026-06-02T14:19:35.019831Z","level":"info","event":"  }, {","logger":"airflow.task.hooks.airflow.providers.standard.hooks.subprocess.SubprocessHook","filename":"subprocess.py","lineno":99}
{"timestamp":"2026-06-02T14:19:35.019870Z","level":"info","event":"    \"name\" : \"value\",","logger":"airflow.task.hooks.airflow.providers.standard.hooks.subprocess.SubprocessHook","filename":"subprocess.py","lineno":99}
{"timestamp":"2026-06-02T14:19:35.019911Z","level":"info","event":"    \"type\" : \"double\",","logger":"airflow.task.hooks.airflow.providers.standard.hooks.subprocess.SubprocessHook","filename":"subprocess.py","lineno":99}
{"timestamp":"2026-06-02T14:19:35.019947Z","level":"info","event":"    \"nullable\" : true,","logger":"airflow.task.hooks.airflow.providers.standard.hooks.subprocess.SubprocessHook","filename":"subprocess.py","lineno":99}
{"timestamp":"2026-06-02T14:19:35.020037Z","level":"info","event":"    \"metadata\" : { }","logger":"airflow.task.hooks.airflow.providers.standard.hooks.subprocess.SubprocessHook","filename":"subprocess.py","lineno":99}
{"timestamp":"2026-06-02T14:19:35.020093Z","level":"info","event":"  }, {","logger":"airflow.task.hooks.airflow.providers.standard.hooks.subprocess.SubprocessHook","filename":"subprocess.py","lineno":99}
{"timestamp":"2026-06-02T14:19:35.020137Z","level":"info","event":"    \"name\" : \"unit\",","logger":"airflow.task.hooks.airflow.providers.standard.hooks.subprocess.SubprocessHook","filename":"subprocess.py","lineno":99}
{"timestamp":"2026-06-02T14:19:35.020180Z","level":"info","event":"    \"type\" : \"string\",","logger":"airflow.task.hooks.airflow.providers.standard.hooks.subprocess.SubprocessHook","filename":"subprocess.py","lineno":99}
{"timestamp":"2026-06-02T14:19:35.020215Z","level":"info","event":"    \"nullable\" : true,","logger":"airflow.task.hooks.airflow.providers.standard.hooks.subprocess.SubprocessHook","filename":"subprocess.py","lineno":99}
{"timestamp":"2026-06-02T14:19:35.020256Z","level":"info","event":"    \"metadata\" : { }","logger":"airflow.task.hooks.airflow.providers.standard.hooks.subprocess.SubprocessHook","filename":"subprocess.py","lineno":99}
{"timestamp":"2026-06-02T14:19:35.020295Z","level":"info","event":"  }, {","logger":"airflow.task.hooks.airflow.providers.standard.hooks.subprocess.SubprocessHook","filename":"subprocess.py","lineno":99}
{"timestamp":"2026-06-02T14:19:35.020328Z","level":"info","event":"    \"name\" : \"month\",","logger":"airflow.task.hooks.airflow.providers.standard.hooks.subprocess.SubprocessHook","filename":"subprocess.py","lineno":99}
{"timestamp":"2026-06-02T14:19:35.020357Z","level":"info","event":"    \"type\" : \"integer\",","logger":"airflow.task.hooks.airflow.providers.standard.hooks.subprocess.SubprocessHook","filename":"subprocess.py","lineno":99}
{"timestamp":"2026-06-02T14:19:35.020388Z","level":"info","event":"    \"nullable\" : true,","logger":"airflow.task.hooks.airflow.providers.standard.hooks.subprocess.SubprocessHook","filename":"subprocess.py","lineno":99}
{"timestamp":"2026-06-02T14:19:35.020418Z","level":"info","event":"    \"metadata\" : { }","logger":"airflow.task.hooks.airflow.providers.standard.hooks.subprocess.SubprocessHook","filename":"subprocess.py","lineno":99}
{"timestamp":"2026-06-02T14:19:35.020448Z","level":"info","event":"  }, {","logger":"airflow.task.hooks.airflow.providers.standard.hooks.subprocess.SubprocessHook","filename":"subprocess.py","lineno":99}
{"timestamp":"2026-06-02T14:19:35.020479Z","level":"info","event":"    \"name\" : \"quarter\",","logger":"airflow.task.hooks.airflow.providers.standard.hooks.subprocess.SubprocessHook","filename":"subprocess.py","lineno":99}
{"timestamp":"2026-06-02T14:19:35.020511Z","level":"info","event":"    \"type\" : \"integer\",","logger":"airflow.task.hooks.airflow.providers.standard.hooks.subprocess.SubprocessHook","filename":"subprocess.py","lineno":99}
{"timestamp":"2026-06-02T14:19:35.020580Z","level":"info","event":"    \"nullable\" : true,","logger":"airflow.task.hooks.airflow.providers.standard.hooks.subprocess.SubprocessHook","filename":"subprocess.py","lineno":99}
{"timestamp":"2026-06-02T14:19:35.020617Z","level":"info","event":"    \"metadata\" : { }","logger":"airflow.task.hooks.airflow.providers.standard.hooks.subprocess.SubprocessHook","filename":"subprocess.py","lineno":99}
{"timestamp":"2026-06-02T14:19:35.020654Z","level":"info","event":"  }, {","logger":"airflow.task.hooks.airflow.providers.standard.hooks.subprocess.SubprocessHook","filename":"subprocess.py","lineno":99}
{"timestamp":"2026-06-02T14:19:35.020689Z","level":"info","event":"    \"name\" : \"year\",","logger":"airflow.task.hooks.airflow.providers.standard.hooks.subprocess.SubprocessHook","filename":"subprocess.py","lineno":99}
{"timestamp":"2026-06-02T14:19:35.020721Z","level":"info","event":"    \"type\" : \"integer\",","logger":"airflow.task.hooks.airflow.providers.standard.hooks.subprocess.SubprocessHook","filename":"subprocess.py","lineno":99}
{"timestamp":"2026-06-02T14:19:35.020753Z","level":"info","event":"    \"nullable\" : true,","logger":"airflow.task.hooks.airflow.providers.standard.hooks.subprocess.SubprocessHook","filename":"subprocess.py","lineno":99}
{"timestamp":"2026-06-02T14:19:35.020784Z","level":"info","event":"    \"metadata\" : { }","logger":"airflow.task.hooks.airflow.providers.standard.hooks.subprocess.SubprocessHook","filename":"subprocess.py","lineno":99}
{"timestamp":"2026-06-02T14:19:35.021120Z","level":"info","event":"  }, {","logger":"airflow.task.hooks.airflow.providers.standard.hooks.subprocess.SubprocessHook","filename":"subprocess.py","lineno":99}
{"timestamp":"2026-06-02T14:19:35.021185Z","level":"info","event":"    \"name\" : \"ingest_at\",","logger":"airflow.task.hooks.airflow.providers.standard.hooks.subprocess.SubprocessHook","filename":"subprocess.py","lineno":99}
{"timestamp":"2026-06-02T14:19:35.021289Z","level":"info","event":"    \"type\" : \"timestamp\",","logger":"airflow.task.hooks.airflow.providers.standard.hooks.subprocess.SubprocessHook","filename":"subprocess.py","lineno":99}
{"timestamp":"2026-06-02T14:19:35.021347Z","level":"info","event":"    \"nullable\" : true,","logger":"airflow.task.hooks.airflow.providers.standard.hooks.subprocess.SubprocessHook","filename":"subprocess.py","lineno":99}
{"timestamp":"2026-06-02T14:19:35.021398Z","level":"info","event":"    \"metadata\" : { }","logger":"airflow.task.hooks.airflow.providers.standard.hooks.subprocess.SubprocessHook","filename":"subprocess.py","lineno":99}
{"timestamp":"2026-06-02T14:19:35.021447Z","level":"info","event":"  } ]","logger":"airflow.task.hooks.airflow.providers.standard.hooks.subprocess.SubprocessHook","filename":"subprocess.py","lineno":99}
{"timestamp":"2026-06-02T14:19:35.021507Z","level":"info","event":"}","logger":"airflow.task.hooks.airflow.providers.standard.hooks.subprocess.SubprocessHook","filename":"subprocess.py","lineno":99}
{"timestamp":"2026-06-02T14:19:35.021591Z","level":"info","event":"and corresponding Parquet message type:","logger":"airflow.task.hooks.airflow.providers.standard.hooks.subprocess.SubprocessHook","filename":"subprocess.py","lineno":99}
{"timestamp":"2026-06-02T14:19:35.021685Z","level":"info","event":"message spark_schema {","logger":"airflow.task.hooks.airflow.providers.standard.hooks.subprocess.SubprocessHook","filename":"subprocess.py","lineno":99}
{"timestamp":"2026-06-02T14:19:35.021821Z","level":"info","event":"  optional binary product_name (STRING);","logger":"airflow.task.hooks.airflow.providers.standard.hooks.subprocess.SubprocessHook","filename":"subprocess.py","lineno":99}
{"timestamp":"2026-06-02T14:19:35.022488Z","level":"info","event":"  optional double value;","logger":"airflow.task.hooks.airflow.providers.standard.hooks.subprocess.SubprocessHook","filename":"subprocess.py","lineno":99}
{"timestamp":"2026-06-02T14:19:35.022826Z","level":"info","event":"  optional binary unit (STRING);","logger":"airflow.task.hooks.airflow.providers.standard.hooks.subprocess.SubprocessHook","filename":"subprocess.py","lineno":99}
{"timestamp":"2026-06-02T14:19:35.023058Z","level":"info","event":"  optional int32 month;","logger":"airflow.task.hooks.airflow.providers.standard.hooks.subprocess.SubprocessHook","filename":"subprocess.py","lineno":99}
{"timestamp":"2026-06-02T14:19:35.023162Z","level":"info","event":"  optional int32 quarter;","logger":"airflow.task.hooks.airflow.providers.standard.hooks.subprocess.SubprocessHook","filename":"subprocess.py","lineno":99}
{"timestamp":"2026-06-02T14:19:35.023249Z","level":"info","event":"  optional int32 year;","logger":"airflow.task.hooks.airflow.providers.standard.hooks.subprocess.SubprocessHook","filename":"subprocess.py","lineno":99}
{"timestamp":"2026-06-02T14:19:35.023311Z","level":"info","event":"  optional int96 ingest_at;","logger":"airflow.task.hooks.airflow.providers.standard.hooks.subprocess.SubprocessHook","filename":"subprocess.py","lineno":99}
{"timestamp":"2026-06-02T14:19:35.024318Z","level":"info","event":"}","logger":"airflow.task.hooks.airflow.providers.standard.hooks.subprocess.SubprocessHook","filename":"subprocess.py","lineno":99}
{"timestamp":"2026-06-02T14:19:35.024443Z","level":"info","event":"","logger":"airflow.task.hooks.airflow.providers.standard.hooks.subprocess.SubprocessHook","filename":"subprocess.py","lineno":99}
{"timestamp":"2026-06-02T14:19:35.024491Z","level":"info","event":"","logger":"airflow.task.hooks.airflow.providers.standard.hooks.subprocess.SubprocessHook","filename":"subprocess.py","lineno":99}
{"timestamp":"2026-06-02T14:19:35.024528Z","level":"info","event":"26/06/02 14:19:34 INFO CodecConfig: Compression: SNAPPY","logger":"airflow.task.hooks.airflow.providers.standard.hooks.subprocess.SubprocessHook","filename":"subprocess.py","lineno":99}
{"timestamp":"2026-06-02T14:19:35.024567Z","level":"info","event":"26/06/02 14:19:34 INFO CodecConfig: Compression: SNAPPY","logger":"airflow.task.hooks.airflow.providers.standard.hooks.subprocess.SubprocessHook","filename":"subprocess.py","lineno":99}
{"timestamp":"2026-06-02T14:19:35.024636Z","level":"info","event":"26/06/02 14:19:34 INFO ParquetOutputFormat: ParquetRecordWriter [block size: 134217728b, row group padding size: 8388608b, validating: false]","logger":"airflow.task.hooks.airflow.providers.standard.hooks.subprocess.SubprocessHook","filename":"subprocess.py","lineno":99}
{"timestamp":"2026-06-02T14:19:35.024680Z","level":"info","event":"26/06/02 14:19:34 INFO ParquetWriteSupport: Initialized Parquet WriteSupport with Catalyst schema:","logger":"airflow.task.hooks.airflow.providers.standard.hooks.subprocess.SubprocessHook","filename":"subprocess.py","lineno":99}
{"timestamp":"2026-06-02T14:19:35.024719Z","level":"info","event":"{","logger":"airflow.task.hooks.airflow.providers.standard.hooks.subprocess.SubprocessHook","filename":"subprocess.py","lineno":99}
{"timestamp":"2026-06-02T14:19:35.024759Z","level":"info","event":"  \"type\" : \"struct\",","logger":"airflow.task.hooks.airflow.providers.standard.hooks.subprocess.SubprocessHook","filename":"subprocess.py","lineno":99}
{"timestamp":"2026-06-02T14:19:35.024876Z","level":"info","event":"  \"fields\" : [ {","logger":"airflow.task.hooks.airflow.providers.standard.hooks.subprocess.SubprocessHook","filename":"subprocess.py","lineno":99}
{"timestamp":"2026-06-02T14:19:35.024988Z","level":"info","event":"    \"name\" : \"product_name\",","logger":"airflow.task.hooks.airflow.providers.standard.hooks.subprocess.SubprocessHook","filename":"subprocess.py","lineno":99}
{"timestamp":"2026-06-02T14:19:35.025032Z","level":"info","event":"    \"type\" : \"string\",","logger":"airflow.task.hooks.airflow.providers.standard.hooks.subprocess.SubprocessHook","filename":"subprocess.py","lineno":99}
{"timestamp":"2026-06-02T14:19:35.025063Z","level":"info","event":"    \"nullable\" : true,","logger":"airflow.task.hooks.airflow.providers.standard.hooks.subprocess.SubprocessHook","filename":"subprocess.py","lineno":99}
{"timestamp":"2026-06-02T14:19:35.025130Z","level":"info","event":"    \"metadata\" : { }","logger":"airflow.task.hooks.airflow.providers.standard.hooks.subprocess.SubprocessHook","filename":"subprocess.py","lineno":99}
{"timestamp":"2026-06-02T14:19:35.025161Z","level":"info","event":"  }, {","logger":"airflow.task.hooks.airflow.providers.standard.hooks.subprocess.SubprocessHook","filename":"subprocess.py","lineno":99}
{"timestamp":"2026-06-02T14:19:35.025208Z","level":"info","event":"    \"name\" : \"value\",","logger":"airflow.task.hooks.airflow.providers.standard.hooks.subprocess.SubprocessHook","filename":"subprocess.py","lineno":99}
{"timestamp":"2026-06-02T14:19:35.025278Z","level":"info","event":"    \"type\" : \"double\",","logger":"airflow.task.hooks.airflow.providers.standard.hooks.subprocess.SubprocessHook","filename":"subprocess.py","lineno":99}
{"timestamp":"2026-06-02T14:19:35.025345Z","level":"info","event":"    \"nullable\" : true,","logger":"airflow.task.hooks.airflow.providers.standard.hooks.subprocess.SubprocessHook","filename":"subprocess.py","lineno":99}
{"timestamp":"2026-06-02T14:19:35.025395Z","level":"info","event":"    \"metadata\" : { }","logger":"airflow.task.hooks.airflow.providers.standard.hooks.subprocess.SubprocessHook","filename":"subprocess.py","lineno":99}
{"timestamp":"2026-06-02T14:19:35.025433Z","level":"info","event":"  }, {","logger":"airflow.task.hooks.airflow.providers.standard.hooks.subprocess.SubprocessHook","filename":"subprocess.py","lineno":99}
{"timestamp":"2026-06-02T14:19:35.025506Z","level":"info","event":"    \"name\" : \"unit\",","logger":"airflow.task.hooks.airflow.providers.standard.hooks.subprocess.SubprocessHook","filename":"subprocess.py","lineno":99}
{"timestamp":"2026-06-02T14:19:35.025604Z","level":"info","event":"    \"type\" : \"string\",","logger":"airflow.task.hooks.airflow.providers.standard.hooks.subprocess.SubprocessHook","filename":"subprocess.py","lineno":99}
{"timestamp":"2026-06-02T14:19:35.025761Z","level":"info","event":"    \"nullable\" : true,","logger":"airflow.task.hooks.airflow.providers.standard.hooks.subprocess.SubprocessHook","filename":"subprocess.py","lineno":99}
{"timestamp":"2026-06-02T14:19:35.087026Z","level":"info","event":"    \"metadata\" : { }","logger":"airflow.task.hooks.airflow.providers.standard.hooks.subprocess.SubprocessHook","filename":"subprocess.py","lineno":99}
{"timestamp":"2026-06-02T14:19:35.091907Z","level":"info","event":"  }, {","logger":"airflow.task.hooks.airflow.providers.standard.hooks.subprocess.SubprocessHook","filename":"subprocess.py","lineno":99}
{"timestamp":"2026-06-02T14:19:35.092093Z","level":"info","event":"    \"name\" : \"month\",","logger":"airflow.task.hooks.airflow.providers.standard.hooks.subprocess.SubprocessHook","filename":"subprocess.py","lineno":99}
{"timestamp":"2026-06-02T14:19:35.092163Z","level":"info","event":"    \"type\" : \"integer\",","logger":"airflow.task.hooks.airflow.providers.standard.hooks.subprocess.SubprocessHook","filename":"subprocess.py","lineno":99}
{"timestamp":"2026-06-02T14:19:35.092215Z","level":"info","event":"    \"nullable\" : true,","logger":"airflow.task.hooks.airflow.providers.standard.hooks.subprocess.SubprocessHook","filename":"subprocess.py","lineno":99}
{"timestamp":"2026-06-02T14:19:35.092275Z","level":"info","event":"    \"metadata\" : { }","logger":"airflow.task.hooks.airflow.providers.standard.hooks.subprocess.SubprocessHook","filename":"subprocess.py","lineno":99}
{"timestamp":"2026-06-02T14:19:35.092314Z","level":"info","event":"  }, {","logger":"airflow.task.hooks.airflow.providers.standard.hooks.subprocess.SubprocessHook","filename":"subprocess.py","lineno":99}
{"timestamp":"2026-06-02T14:19:35.092349Z","level":"info","event":"    \"name\" : \"quarter\",","logger":"airflow.task.hooks.airflow.providers.standard.hooks.subprocess.SubprocessHook","filename":"subprocess.py","lineno":99}
{"timestamp":"2026-06-02T14:19:35.092384Z","level":"info","event":"    \"type\" : \"integer\",","logger":"airflow.task.hooks.airflow.providers.standard.hooks.subprocess.SubprocessHook","filename":"subprocess.py","lineno":99}
{"timestamp":"2026-06-02T14:19:35.092418Z","level":"info","event":"    \"nullable\" : true,","logger":"airflow.task.hooks.airflow.providers.standard.hooks.subprocess.SubprocessHook","filename":"subprocess.py","lineno":99}
{"timestamp":"2026-06-02T14:19:35.092450Z","level":"info","event":"    \"metadata\" : { }","logger":"airflow.task.hooks.airflow.providers.standard.hooks.subprocess.SubprocessHook","filename":"subprocess.py","lineno":99}
{"timestamp":"2026-06-02T14:19:35.092508Z","level":"info","event":"  }, {","logger":"airflow.task.hooks.airflow.providers.standard.hooks.subprocess.SubprocessHook","filename":"subprocess.py","lineno":99}
{"timestamp":"2026-06-02T14:19:35.092587Z","level":"info","event":"    \"name\" : \"year\",","logger":"airflow.task.hooks.airflow.providers.standard.hooks.subprocess.SubprocessHook","filename":"subprocess.py","lineno":99}
{"timestamp":"2026-06-02T14:19:35.092634Z","level":"info","event":"    \"type\" : \"integer\",","logger":"airflow.task.hooks.airflow.providers.standard.hooks.subprocess.SubprocessHook","filename":"subprocess.py","lineno":99}
{"timestamp":"2026-06-02T14:19:35.092676Z","level":"info","event":"    \"nullable\" : true,","logger":"airflow.task.hooks.airflow.providers.standard.hooks.subprocess.SubprocessHook","filename":"subprocess.py","lineno":99}
{"timestamp":"2026-06-02T14:19:35.092712Z","level":"info","event":"    \"metadata\" : { }","logger":"airflow.task.hooks.airflow.providers.standard.hooks.subprocess.SubprocessHook","filename":"subprocess.py","lineno":99}
{"timestamp":"2026-06-02T14:19:35.092748Z","level":"info","event":"  }, {","logger":"airflow.task.hooks.airflow.providers.standard.hooks.subprocess.SubprocessHook","filename":"subprocess.py","lineno":99}
{"timestamp":"2026-06-02T14:19:35.092781Z","level":"info","event":"    \"name\" : \"ingest_at\",","logger":"airflow.task.hooks.airflow.providers.standard.hooks.subprocess.SubprocessHook","filename":"subprocess.py","lineno":99}
{"timestamp":"2026-06-02T14:19:35.092815Z","level":"info","event":"    \"type\" : \"timestamp\",","logger":"airflow.task.hooks.airflow.providers.standard.hooks.subprocess.SubprocessHook","filename":"subprocess.py","lineno":99}
{"timestamp":"2026-06-02T14:19:35.092846Z","level":"info","event":"    \"nullable\" : true,","logger":"airflow.task.hooks.airflow.providers.standard.hooks.subprocess.SubprocessHook","filename":"subprocess.py","lineno":99}
{"timestamp":"2026-06-02T14:19:35.092877Z","level":"info","event":"    \"metadata\" : { }","logger":"airflow.task.hooks.airflow.providers.standard.hooks.subprocess.SubprocessHook","filename":"subprocess.py","lineno":99}
{"timestamp":"2026-06-02T14:19:35.092907Z","level":"info","event":"  } ]","logger":"airflow.task.hooks.airflow.providers.standard.hooks.subprocess.SubprocessHook","filename":"subprocess.py","lineno":99}
{"timestamp":"2026-06-02T14:19:35.092959Z","level":"info","event":"}","logger":"airflow.task.hooks.airflow.providers.standard.hooks.subprocess.SubprocessHook","filename":"subprocess.py","lineno":99}
{"timestamp":"2026-06-02T14:19:35.093001Z","level":"info","event":"and corresponding Parquet message type:","logger":"airflow.task.hooks.airflow.providers.standard.hooks.subprocess.SubprocessHook","filename":"subprocess.py","lineno":99}
{"timestamp":"2026-06-02T14:19:35.093035Z","level":"info","event":"message spark_schema {","logger":"airflow.task.hooks.airflow.providers.standard.hooks.subprocess.SubprocessHook","filename":"subprocess.py","lineno":99}
{"timestamp":"2026-06-02T14:19:35.093083Z","level":"info","event":"  optional binary product_name (STRING);","logger":"airflow.task.hooks.airflow.providers.standard.hooks.subprocess.SubprocessHook","filename":"subprocess.py","lineno":99}
{"timestamp":"2026-06-02T14:19:35.093135Z","level":"info","event":"  optional double value;","logger":"airflow.task.hooks.airflow.providers.standard.hooks.subprocess.SubprocessHook","filename":"subprocess.py","lineno":99}
{"timestamp":"2026-06-02T14:19:35.093172Z","level":"info","event":"  optional binary unit (STRING);","logger":"airflow.task.hooks.airflow.providers.standard.hooks.subprocess.SubprocessHook","filename":"subprocess.py","lineno":99}
{"timestamp":"2026-06-02T14:19:35.093205Z","level":"info","event":"  optional int32 month;","logger":"airflow.task.hooks.airflow.providers.standard.hooks.subprocess.SubprocessHook","filename":"subprocess.py","lineno":99}
{"timestamp":"2026-06-02T14:19:35.093240Z","level":"info","event":"  optional int32 quarter;","logger":"airflow.task.hooks.airflow.providers.standard.hooks.subprocess.SubprocessHook","filename":"subprocess.py","lineno":99}
{"timestamp":"2026-06-02T14:19:35.093274Z","level":"info","event":"  optional int32 year;","logger":"airflow.task.hooks.airflow.providers.standard.hooks.subprocess.SubprocessHook","filename":"subprocess.py","lineno":99}
{"timestamp":"2026-06-02T14:19:35.093311Z","level":"info","event":"  optional int96 ingest_at;","logger":"airflow.task.hooks.airflow.providers.standard.hooks.subprocess.SubprocessHook","filename":"subprocess.py","lineno":99}
{"timestamp":"2026-06-02T14:19:35.093349Z","level":"info","event":"}","logger":"airflow.task.hooks.airflow.providers.standard.hooks.subprocess.SubprocessHook","filename":"subprocess.py","lineno":99}
{"timestamp":"2026-06-02T14:19:35.093385Z","level":"info","event":"","logger":"airflow.task.hooks.airflow.providers.standard.hooks.subprocess.SubprocessHook","filename":"subprocess.py","lineno":99}
{"timestamp":"2026-06-02T14:19:35.093418Z","level":"info","event":"","logger":"airflow.task.hooks.airflow.providers.standard.hooks.subprocess.SubprocessHook","filename":"subprocess.py","lineno":99}
{"timestamp":"2026-06-02T14:19:35.093450Z","level":"info","event":"26/06/02 14:19:34 INFO CodecConfig: Compression: SNAPPY","logger":"airflow.task.hooks.airflow.providers.standard.hooks.subprocess.SubprocessHook","filename":"subprocess.py","lineno":99}
{"timestamp":"2026-06-02T14:19:35.093484Z","level":"info","event":"26/06/02 14:19:34 INFO CodecConfig: Compression: SNAPPY","logger":"airflow.task.hooks.airflow.providers.standard.hooks.subprocess.SubprocessHook","filename":"subprocess.py","lineno":99}
{"timestamp":"2026-06-02T14:19:35.093535Z","level":"info","event":"26/06/02 14:19:34 INFO CodecConfig: Compression: SNAPPY","logger":"airflow.task.hooks.airflow.providers.standard.hooks.subprocess.SubprocessHook","filename":"subprocess.py","lineno":99}
{"timestamp":"2026-06-02T14:19:35.093583Z","level":"info","event":"26/06/02 14:19:34 INFO CodecConfig: Compression: SNAPPY","logger":"airflow.task.hooks.airflow.providers.standard.hooks.subprocess.SubprocessHook","filename":"subprocess.py","lineno":99}
{"timestamp":"2026-06-02T14:19:35.093641Z","level":"info","event":"26/06/02 14:19:34 INFO ParquetOutputFormat: ParquetRecordWriter [block size: 134217728b, row group padding size: 8388608b, validating: false]","logger":"airflow.task.hooks.airflow.providers.standard.hooks.subprocess.SubprocessHook","filename":"subprocess.py","lineno":99}
{"timestamp":"2026-06-02T14:19:35.093700Z","level":"info","event":"26/06/02 14:19:34 INFO ParquetOutputFormat: ParquetRecordWriter [block size: 134217728b, row group padding size: 8388608b, validating: false]","logger":"airflow.task.hooks.airflow.providers.standard.hooks.subprocess.SubprocessHook","filename":"subprocess.py","lineno":99}
{"timestamp":"2026-06-02T14:19:35.093745Z","level":"info","event":"26/06/02 14:19:34 INFO ParquetWriteSupport: Initialized Parquet WriteSupport with Catalyst schema:","logger":"airflow.task.hooks.airflow.providers.standard.hooks.subprocess.SubprocessHook","filename":"subprocess.py","lineno":99}
{"timestamp":"2026-06-02T14:19:35.093785Z","level":"info","event":"{","logger":"airflow.task.hooks.airflow.providers.standard.hooks.subprocess.SubprocessHook","filename":"subprocess.py","lineno":99}
{"timestamp":"2026-06-02T14:19:35.093825Z","level":"info","event":"  \"type\" : \"struct\",","logger":"airflow.task.hooks.airflow.providers.standard.hooks.subprocess.SubprocessHook","filename":"subprocess.py","lineno":99}
{"timestamp":"2026-06-02T14:19:35.093862Z","level":"info","event":"  \"fields\" : [ {","logger":"airflow.task.hooks.airflow.providers.standard.hooks.subprocess.SubprocessHook","filename":"subprocess.py","lineno":99}
{"timestamp":"2026-06-02T14:19:35.093920Z","level":"info","event":"    \"name\" : \"product_name\",","logger":"airflow.task.hooks.airflow.providers.standard.hooks.subprocess.SubprocessHook","filename":"subprocess.py","lineno":99}
{"timestamp":"2026-06-02T14:19:35.093973Z","level":"info","event":"    \"type\" : \"string\",","logger":"airflow.task.hooks.airflow.providers.standard.hooks.subprocess.SubprocessHook","filename":"subprocess.py","lineno":99}
{"timestamp":"2026-06-02T14:19:35.094013Z","level":"info","event":"    \"nullable\" : true,","logger":"airflow.task.hooks.airflow.providers.standard.hooks.subprocess.SubprocessHook","filename":"subprocess.py","lineno":99}
{"timestamp":"2026-06-02T14:19:35.094097Z","level":"info","event":"    \"metadata\" : { }","logger":"airflow.task.hooks.airflow.providers.standard.hooks.subprocess.SubprocessHook","filename":"subprocess.py","lineno":99}
{"timestamp":"2026-06-02T14:19:35.094149Z","level":"info","event":"  }, {","logger":"airflow.task.hooks.airflow.providers.standard.hooks.subprocess.SubprocessHook","filename":"subprocess.py","lineno":99}
{"timestamp":"2026-06-02T14:19:35.094188Z","level":"info","event":"    \"name\" : \"value\",","logger":"airflow.task.hooks.airflow.providers.standard.hooks.subprocess.SubprocessHook","filename":"subprocess.py","lineno":99}
{"timestamp":"2026-06-02T14:19:35.094222Z","level":"info","event":"    \"type\" : \"double\",","logger":"airflow.task.hooks.airflow.providers.standard.hooks.subprocess.SubprocessHook","filename":"subprocess.py","lineno":99}
{"timestamp":"2026-06-02T14:19:35.094255Z","level":"info","event":"    \"nullable\" : true,","logger":"airflow.task.hooks.airflow.providers.standard.hooks.subprocess.SubprocessHook","filename":"subprocess.py","lineno":99}
{"timestamp":"2026-06-02T14:19:35.094299Z","level":"info","event":"    \"metadata\" : { }","logger":"airflow.task.hooks.airflow.providers.standard.hooks.subprocess.SubprocessHook","filename":"subprocess.py","lineno":99}
{"timestamp":"2026-06-02T14:19:35.094363Z","level":"info","event":"  }, {","logger":"airflow.task.hooks.airflow.providers.standard.hooks.subprocess.SubprocessHook","filename":"subprocess.py","lineno":99}
{"timestamp":"2026-06-02T14:19:35.094419Z","level":"info","event":"    \"name\" : \"unit\",","logger":"airflow.task.hooks.airflow.providers.standard.hooks.subprocess.SubprocessHook","filename":"subprocess.py","lineno":99}
{"timestamp":"2026-06-02T14:19:35.094474Z","level":"info","event":"    \"type\" : \"string\",","logger":"airflow.task.hooks.airflow.providers.standard.hooks.subprocess.SubprocessHook","filename":"subprocess.py","lineno":99}
{"timestamp":"2026-06-02T14:19:35.094517Z","level":"info","event":"    \"nullable\" : true,","logger":"airflow.task.hooks.airflow.providers.standard.hooks.subprocess.SubprocessHook","filename":"subprocess.py","lineno":99}
{"timestamp":"2026-06-02T14:19:35.094550Z","level":"info","event":"    \"metadata\" : { }","logger":"airflow.task.hooks.airflow.providers.standard.hooks.subprocess.SubprocessHook","filename":"subprocess.py","lineno":99}
{"timestamp":"2026-06-02T14:19:35.094592Z","level":"info","event":"  }, {","logger":"airflow.task.hooks.airflow.providers.standard.hooks.subprocess.SubprocessHook","filename":"subprocess.py","lineno":99}
{"timestamp":"2026-06-02T14:19:35.094631Z","level":"info","event":"    \"name\" : \"month\",","logger":"airflow.task.hooks.airflow.providers.standard.hooks.subprocess.SubprocessHook","filename":"subprocess.py","lineno":99}
{"timestamp":"2026-06-02T14:19:35.094665Z","level":"info","event":"    \"type\" : \"integer\",","logger":"airflow.task.hooks.airflow.providers.standard.hooks.subprocess.SubprocessHook","filename":"subprocess.py","lineno":99}
{"timestamp":"2026-06-02T14:19:35.094698Z","level":"info","event":"    \"nullable\" : true,","logger":"airflow.task.hooks.airflow.providers.standard.hooks.subprocess.SubprocessHook","filename":"subprocess.py","lineno":99}
{"timestamp":"2026-06-02T14:19:35.094729Z","level":"info","event":"    \"metadata\" : { }","logger":"airflow.task.hooks.airflow.providers.standard.hooks.subprocess.SubprocessHook","filename":"subprocess.py","lineno":99}
{"timestamp":"2026-06-02T14:19:35.094762Z","level":"info","event":"  }, {","logger":"airflow.task.hooks.airflow.providers.standard.hooks.subprocess.SubprocessHook","filename":"subprocess.py","lineno":99}
{"timestamp":"2026-06-02T14:19:35.094795Z","level":"info","event":"    \"name\" : \"quarter\",","logger":"airflow.task.hooks.airflow.providers.standard.hooks.subprocess.SubprocessHook","filename":"subprocess.py","lineno":99}
{"timestamp":"2026-06-02T14:19:35.094829Z","level":"info","event":"    \"type\" : \"integer\",","logger":"airflow.task.hooks.airflow.providers.standard.hooks.subprocess.SubprocessHook","filename":"subprocess.py","lineno":99}
{"timestamp":"2026-06-02T14:19:35.094872Z","level":"info","event":"    \"nullable\" : true,","logger":"airflow.task.hooks.airflow.providers.standard.hooks.subprocess.SubprocessHook","filename":"subprocess.py","lineno":99}
{"timestamp":"2026-06-02T14:19:35.094937Z","level":"info","event":"    \"metadata\" : { }","logger":"airflow.task.hooks.airflow.providers.standard.hooks.subprocess.SubprocessHook","filename":"subprocess.py","lineno":99}
{"timestamp":"2026-06-02T14:19:35.095023Z","level":"info","event":"  }, {","logger":"airflow.task.hooks.airflow.providers.standard.hooks.subprocess.SubprocessHook","filename":"subprocess.py","lineno":99}
{"timestamp":"2026-06-02T14:19:35.095061Z","level":"info","event":"    \"name\" : \"year\",","logger":"airflow.task.hooks.airflow.providers.standard.hooks.subprocess.SubprocessHook","filename":"subprocess.py","lineno":99}
{"timestamp":"2026-06-02T14:19:35.095095Z","level":"info","event":"    \"type\" : \"integer\",","logger":"airflow.task.hooks.airflow.providers.standard.hooks.subprocess.SubprocessHook","filename":"subprocess.py","lineno":99}
{"timestamp":"2026-06-02T14:19:35.095137Z","level":"info","event":"    \"nullable\" : true,","logger":"airflow.task.hooks.airflow.providers.standard.hooks.subprocess.SubprocessHook","filename":"subprocess.py","lineno":99}
{"timestamp":"2026-06-02T14:19:35.095158Z","level":"info","event":"    \"metadata\" : { }","logger":"airflow.task.hooks.airflow.providers.standard.hooks.subprocess.SubprocessHook","filename":"subprocess.py","lineno":99}
{"timestamp":"2026-06-02T14:19:35.095178Z","level":"info","event":"  }, {","logger":"airflow.task.hooks.airflow.providers.standard.hooks.subprocess.SubprocessHook","filename":"subprocess.py","lineno":99}
{"timestamp":"2026-06-02T14:19:35.095209Z","level":"info","event":"    \"name\" : \"ingest_at\",","logger":"airflow.task.hooks.airflow.providers.standard.hooks.subprocess.SubprocessHook","filename":"subprocess.py","lineno":99}
{"timestamp":"2026-06-02T14:19:35.095248Z","level":"info","event":"    \"type\" : \"timestamp\",","logger":"airflow.task.hooks.airflow.providers.standard.hooks.subprocess.SubprocessHook","filename":"subprocess.py","lineno":99}
{"timestamp":"2026-06-02T14:19:35.095310Z","level":"info","event":"    \"nullable\" : true,","logger":"airflow.task.hooks.airflow.providers.standard.hooks.subprocess.SubprocessHook","filename":"subprocess.py","lineno":99}
{"timestamp":"2026-06-02T14:19:35.095348Z","level":"info","event":"    \"metadata\" : { }","logger":"airflow.task.hooks.airflow.providers.standard.hooks.subprocess.SubprocessHook","filename":"subprocess.py","lineno":99}
{"timestamp":"2026-06-02T14:19:35.095390Z","level":"info","event":"  } ]","logger":"airflow.task.hooks.airflow.providers.standard.hooks.subprocess.SubprocessHook","filename":"subprocess.py","lineno":99}
{"timestamp":"2026-06-02T14:19:35.095417Z","level":"info","event":"}","logger":"airflow.task.hooks.airflow.providers.standard.hooks.subprocess.SubprocessHook","filename":"subprocess.py","lineno":99}
{"timestamp":"2026-06-02T14:19:35.095444Z","level":"info","event":"and corresponding Parquet message type:","logger":"airflow.task.hooks.airflow.providers.standard.hooks.subprocess.SubprocessHook","filename":"subprocess.py","lineno":99}
{"timestamp":"2026-06-02T14:19:35.095492Z","level":"info","event":"message spark_schema {","logger":"airflow.task.hooks.airflow.providers.standard.hooks.subprocess.SubprocessHook","filename":"subprocess.py","lineno":99}
{"timestamp":"2026-06-02T14:19:35.095535Z","level":"info","event":"  optional binary product_name (STRING);","logger":"airflow.task.hooks.airflow.providers.standard.hooks.subprocess.SubprocessHook","filename":"subprocess.py","lineno":99}
{"timestamp":"2026-06-02T14:19:35.095575Z","level":"info","event":"  optional double value;","logger":"airflow.task.hooks.airflow.providers.standard.hooks.subprocess.SubprocessHook","filename":"subprocess.py","lineno":99}
{"timestamp":"2026-06-02T14:19:35.095625Z","level":"info","event":"  optional binary unit (STRING);","logger":"airflow.task.hooks.airflow.providers.standard.hooks.subprocess.SubprocessHook","filename":"subprocess.py","lineno":99}
{"timestamp":"2026-06-02T14:19:35.095681Z","level":"info","event":"  optional int32 month;","logger":"airflow.task.hooks.airflow.providers.standard.hooks.subprocess.SubprocessHook","filename":"subprocess.py","lineno":99}
{"timestamp":"2026-06-02T14:19:35.095744Z","level":"info","event":"  optional int32 quarter;","logger":"airflow.task.hooks.airflow.providers.standard.hooks.subprocess.SubprocessHook","filename":"subprocess.py","lineno":99}
{"timestamp":"2026-06-02T14:19:35.095790Z","level":"info","event":"  optional int32 year;","logger":"airflow.task.hooks.airflow.providers.standard.hooks.subprocess.SubprocessHook","filename":"subprocess.py","lineno":99}
{"timestamp":"2026-06-02T14:19:35.095830Z","level":"info","event":"  optional int96 ingest_at;","logger":"airflow.task.hooks.airflow.providers.standard.hooks.subprocess.SubprocessHook","filename":"subprocess.py","lineno":99}
{"timestamp":"2026-06-02T14:19:35.095871Z","level":"info","event":"}","logger":"airflow.task.hooks.airflow.providers.standard.hooks.subprocess.SubprocessHook","filename":"subprocess.py","lineno":99}
{"timestamp":"2026-06-02T14:19:35.095916Z","level":"info","event":"","logger":"airflow.task.hooks.airflow.providers.standard.hooks.subprocess.SubprocessHook","filename":"subprocess.py","lineno":99}
{"timestamp":"2026-06-02T14:19:35.096011Z","level":"info","event":"","logger":"airflow.task.hooks.airflow.providers.standard.hooks.subprocess.SubprocessHook","filename":"subprocess.py","lineno":99}
{"timestamp":"2026-06-02T14:19:35.096138Z","level":"info","event":"26/06/02 14:19:34 INFO ParquetWriteSupport: Initialized Parquet WriteSupport with Catalyst schema:","logger":"airflow.task.hooks.airflow.providers.standard.hooks.subprocess.SubprocessHook","filename":"subprocess.py","lineno":99}
{"timestamp":"2026-06-02T14:19:35.096226Z","level":"info","event":"{","logger":"airflow.task.hooks.airflow.providers.standard.hooks.subprocess.SubprocessHook","filename":"subprocess.py","lineno":99}
{"timestamp":"2026-06-02T14:19:35.096293Z","level":"info","event":"  \"type\" : \"struct\",","logger":"airflow.task.hooks.airflow.providers.standard.hooks.subprocess.SubprocessHook","filename":"subprocess.py","lineno":99}
{"timestamp":"2026-06-02T14:19:35.096340Z","level":"info","event":"  \"fields\" : [ {","logger":"airflow.task.hooks.airflow.providers.standard.hooks.subprocess.SubprocessHook","filename":"subprocess.py","lineno":99}
{"timestamp":"2026-06-02T14:19:35.096378Z","level":"info","event":"    \"name\" : \"product_name\",","logger":"airflow.task.hooks.airflow.providers.standard.hooks.subprocess.SubprocessHook","filename":"subprocess.py","lineno":99}
{"timestamp":"2026-06-02T14:19:35.096408Z","level":"info","event":"    \"type\" : \"string\",","logger":"airflow.task.hooks.airflow.providers.standard.hooks.subprocess.SubprocessHook","filename":"subprocess.py","lineno":99}
{"timestamp":"2026-06-02T14:19:35.096434Z","level":"info","event":"    \"nullable\" : true,","logger":"airflow.task.hooks.airflow.providers.standard.hooks.subprocess.SubprocessHook","filename":"subprocess.py","lineno":99}
{"timestamp":"2026-06-02T14:19:35.096463Z","level":"info","event":"    \"metadata\" : { }","logger":"airflow.task.hooks.airflow.providers.standard.hooks.subprocess.SubprocessHook","filename":"subprocess.py","lineno":99}
{"timestamp":"2026-06-02T14:19:35.096515Z","level":"info","event":"  }, {","logger":"airflow.task.hooks.airflow.providers.standard.hooks.subprocess.SubprocessHook","filename":"subprocess.py","lineno":99}
{"timestamp":"2026-06-02T14:19:35.096603Z","level":"info","event":"    \"name\" : \"value\",","logger":"airflow.task.hooks.airflow.providers.standard.hooks.subprocess.SubprocessHook","filename":"subprocess.py","lineno":99}
{"timestamp":"2026-06-02T14:19:35.096668Z","level":"info","event":"    \"type\" : \"double\",","logger":"airflow.task.hooks.airflow.providers.standard.hooks.subprocess.SubprocessHook","filename":"subprocess.py","lineno":99}
{"timestamp":"2026-06-02T14:19:35.096722Z","level":"info","event":"    \"nullable\" : true,","logger":"airflow.task.hooks.airflow.providers.standard.hooks.subprocess.SubprocessHook","filename":"subprocess.py","lineno":99}
{"timestamp":"2026-06-02T14:19:35.096780Z","level":"info","event":"    \"metadata\" : { }","logger":"airflow.task.hooks.airflow.providers.standard.hooks.subprocess.SubprocessHook","filename":"subprocess.py","lineno":99}
{"timestamp":"2026-06-02T14:19:35.096855Z","level":"info","event":"  }, {","logger":"airflow.task.hooks.airflow.providers.standard.hooks.subprocess.SubprocessHook","filename":"subprocess.py","lineno":99}
{"timestamp":"2026-06-02T14:19:35.096922Z","level":"info","event":"    \"name\" : \"unit\",","logger":"airflow.task.hooks.airflow.providers.standard.hooks.subprocess.SubprocessHook","filename":"subprocess.py","lineno":99}
{"timestamp":"2026-06-02T14:19:35.097043Z","level":"info","event":"    \"type\" : \"string\",","logger":"airflow.task.hooks.airflow.providers.standard.hooks.subprocess.SubprocessHook","filename":"subprocess.py","lineno":99}
{"timestamp":"2026-06-02T14:19:35.097091Z","level":"info","event":"    \"nullable\" : true,","logger":"airflow.task.hooks.airflow.providers.standard.hooks.subprocess.SubprocessHook","filename":"subprocess.py","lineno":99}
{"timestamp":"2026-06-02T14:19:35.097127Z","level":"info","event":"    \"metadata\" : { }","logger":"airflow.task.hooks.airflow.providers.standard.hooks.subprocess.SubprocessHook","filename":"subprocess.py","lineno":99}
{"timestamp":"2026-06-02T14:19:35.097178Z","level":"info","event":"  }, {","logger":"airflow.task.hooks.airflow.providers.standard.hooks.subprocess.SubprocessHook","filename":"subprocess.py","lineno":99}
{"timestamp":"2026-06-02T14:19:35.097221Z","level":"info","event":"    \"name\" : \"month\",","logger":"airflow.task.hooks.airflow.providers.standard.hooks.subprocess.SubprocessHook","filename":"subprocess.py","lineno":99}
{"timestamp":"2026-06-02T14:19:35.097258Z","level":"info","event":"    \"type\" : \"integer\",","logger":"airflow.task.hooks.airflow.providers.standard.hooks.subprocess.SubprocessHook","filename":"subprocess.py","lineno":99}
{"timestamp":"2026-06-02T14:19:35.097297Z","level":"info","event":"    \"nullable\" : true,","logger":"airflow.task.hooks.airflow.providers.standard.hooks.subprocess.SubprocessHook","filename":"subprocess.py","lineno":99}
{"timestamp":"2026-06-02T14:19:35.097334Z","level":"info","event":"    \"metadata\" : { }","logger":"airflow.task.hooks.airflow.providers.standard.hooks.subprocess.SubprocessHook","filename":"subprocess.py","lineno":99}
{"timestamp":"2026-06-02T14:19:35.097371Z","level":"info","event":"  }, {","logger":"airflow.task.hooks.airflow.providers.standard.hooks.subprocess.SubprocessHook","filename":"subprocess.py","lineno":99}
{"timestamp":"2026-06-02T14:19:35.097422Z","level":"info","event":"    \"name\" : \"quarter\",","logger":"airflow.task.hooks.airflow.providers.standard.hooks.subprocess.SubprocessHook","filename":"subprocess.py","lineno":99}
{"timestamp":"2026-06-02T14:19:35.097475Z","level":"info","event":"    \"type\" : \"integer\",","logger":"airflow.task.hooks.airflow.providers.standard.hooks.subprocess.SubprocessHook","filename":"subprocess.py","lineno":99}
{"timestamp":"2026-06-02T14:19:35.097512Z","level":"info","event":"    \"nullable\" : true,","logger":"airflow.task.hooks.airflow.providers.standard.hooks.subprocess.SubprocessHook","filename":"subprocess.py","lineno":99}
{"timestamp":"2026-06-02T14:19:35.097546Z","level":"info","event":"    \"metadata\" : { }","logger":"airflow.task.hooks.airflow.providers.standard.hooks.subprocess.SubprocessHook","filename":"subprocess.py","lineno":99}
{"timestamp":"2026-06-02T14:19:35.097579Z","level":"info","event":"  }, {","logger":"airflow.task.hooks.airflow.providers.standard.hooks.subprocess.SubprocessHook","filename":"subprocess.py","lineno":99}
{"timestamp":"2026-06-02T14:19:35.097638Z","level":"info","event":"    \"name\" : \"year\",","logger":"airflow.task.hooks.airflow.providers.standard.hooks.subprocess.SubprocessHook","filename":"subprocess.py","lineno":99}
{"timestamp":"2026-06-02T14:19:35.097680Z","level":"info","event":"    \"type\" : \"integer\",","logger":"airflow.task.hooks.airflow.providers.standard.hooks.subprocess.SubprocessHook","filename":"subprocess.py","lineno":99}
{"timestamp":"2026-06-02T14:19:35.097714Z","level":"info","event":"    \"nullable\" : true,","logger":"airflow.task.hooks.airflow.providers.standard.hooks.subprocess.SubprocessHook","filename":"subprocess.py","lineno":99}
{"timestamp":"2026-06-02T14:19:35.097749Z","level":"info","event":"    \"metadata\" : { }","logger":"airflow.task.hooks.airflow.providers.standard.hooks.subprocess.SubprocessHook","filename":"subprocess.py","lineno":99}
{"timestamp":"2026-06-02T14:19:35.097786Z","level":"info","event":"  }, {","logger":"airflow.task.hooks.airflow.providers.standard.hooks.subprocess.SubprocessHook","filename":"subprocess.py","lineno":99}
{"timestamp":"2026-06-02T14:19:35.097820Z","level":"info","event":"    \"name\" : \"ingest_at\",","logger":"airflow.task.hooks.airflow.providers.standard.hooks.subprocess.SubprocessHook","filename":"subprocess.py","lineno":99}
{"timestamp":"2026-06-02T14:19:35.097854Z","level":"info","event":"    \"type\" : \"timestamp\",","logger":"airflow.task.hooks.airflow.providers.standard.hooks.subprocess.SubprocessHook","filename":"subprocess.py","lineno":99}
{"timestamp":"2026-06-02T14:19:35.097890Z","level":"info","event":"    \"nullable\" : true,","logger":"airflow.task.hooks.airflow.providers.standard.hooks.subprocess.SubprocessHook","filename":"subprocess.py","lineno":99}
{"timestamp":"2026-06-02T14:19:35.097928Z","level":"info","event":"    \"metadata\" : { }","logger":"airflow.task.hooks.airflow.providers.standard.hooks.subprocess.SubprocessHook","filename":"subprocess.py","lineno":99}
{"timestamp":"2026-06-02T14:19:35.158886Z","level":"info","event":"  } ]","logger":"airflow.task.hooks.airflow.providers.standard.hooks.subprocess.SubprocessHook","filename":"subprocess.py","lineno":99}
{"timestamp":"2026-06-02T14:19:35.159112Z","level":"info","event":"}","logger":"airflow.task.hooks.airflow.providers.standard.hooks.subprocess.SubprocessHook","filename":"subprocess.py","lineno":99}
{"timestamp":"2026-06-02T14:19:35.159213Z","level":"info","event":"and corresponding Parquet message type:","logger":"airflow.task.hooks.airflow.providers.standard.hooks.subprocess.SubprocessHook","filename":"subprocess.py","lineno":99}
{"timestamp":"2026-06-02T14:19:35.159295Z","level":"info","event":"message spark_schema {","logger":"airflow.task.hooks.airflow.providers.standard.hooks.subprocess.SubprocessHook","filename":"subprocess.py","lineno":99}
{"timestamp":"2026-06-02T14:19:35.159365Z","level":"info","event":"  optional binary product_name (STRING);","logger":"airflow.task.hooks.airflow.providers.standard.hooks.subprocess.SubprocessHook","filename":"subprocess.py","lineno":99}
{"timestamp":"2026-06-02T14:19:35.159430Z","level":"info","event":"  optional double value;","logger":"airflow.task.hooks.airflow.providers.standard.hooks.subprocess.SubprocessHook","filename":"subprocess.py","lineno":99}
{"timestamp":"2026-06-02T14:19:35.159499Z","level":"info","event":"  optional binary unit (STRING);","logger":"airflow.task.hooks.airflow.providers.standard.hooks.subprocess.SubprocessHook","filename":"subprocess.py","lineno":99}
{"timestamp":"2026-06-02T14:19:35.159572Z","level":"info","event":"  optional int32 month;","logger":"airflow.task.hooks.airflow.providers.standard.hooks.subprocess.SubprocessHook","filename":"subprocess.py","lineno":99}
{"timestamp":"2026-06-02T14:19:35.159640Z","level":"info","event":"  optional int32 quarter;","logger":"airflow.task.hooks.airflow.providers.standard.hooks.subprocess.SubprocessHook","filename":"subprocess.py","lineno":99}
{"timestamp":"2026-06-02T14:19:35.159706Z","level":"info","event":"  optional int32 year;","logger":"airflow.task.hooks.airflow.providers.standard.hooks.subprocess.SubprocessHook","filename":"subprocess.py","lineno":99}
{"timestamp":"2026-06-02T14:19:35.159769Z","level":"info","event":"  optional int96 ingest_at;","logger":"airflow.task.hooks.airflow.providers.standard.hooks.subprocess.SubprocessHook","filename":"subprocess.py","lineno":99}
{"timestamp":"2026-06-02T14:19:35.159836Z","level":"info","event":"}","logger":"airflow.task.hooks.airflow.providers.standard.hooks.subprocess.SubprocessHook","filename":"subprocess.py","lineno":99}
{"timestamp":"2026-06-02T14:19:35.159897Z","level":"info","event":"","logger":"airflow.task.hooks.airflow.providers.standard.hooks.subprocess.SubprocessHook","filename":"subprocess.py","lineno":99}
{"timestamp":"2026-06-02T14:19:35.159956Z","level":"info","event":"","logger":"airflow.task.hooks.airflow.providers.standard.hooks.subprocess.SubprocessHook","filename":"subprocess.py","lineno":99}
{"timestamp":"2026-06-02T14:19:35.160014Z","level":"info","event":"26/06/02 14:19:34 INFO CodecConfig: Compression: SNAPPY","logger":"airflow.task.hooks.airflow.providers.standard.hooks.subprocess.SubprocessHook","filename":"subprocess.py","lineno":99}
{"timestamp":"2026-06-02T14:19:35.160072Z","level":"info","event":"26/06/02 14:19:34 INFO CodecConfig: Compression: SNAPPY","logger":"airflow.task.hooks.airflow.providers.standard.hooks.subprocess.SubprocessHook","filename":"subprocess.py","lineno":99}
{"timestamp":"2026-06-02T14:19:35.160158Z","level":"info","event":"26/06/02 14:19:34 INFO ParquetOutputFormat: ParquetRecordWriter [block size: 134217728b, row group padding size: 8388608b, validating: false]","logger":"airflow.task.hooks.airflow.providers.standard.hooks.subprocess.SubprocessHook","filename":"subprocess.py","lineno":99}
{"timestamp":"2026-06-02T14:19:35.160230Z","level":"info","event":"26/06/02 14:19:34 INFO ParquetWriteSupport: Initialized Parquet WriteSupport with Catalyst schema:","logger":"airflow.task.hooks.airflow.providers.standard.hooks.subprocess.SubprocessHook","filename":"subprocess.py","lineno":99}
{"timestamp":"2026-06-02T14:19:35.160294Z","level":"info","event":"{","logger":"airflow.task.hooks.airflow.providers.standard.hooks.subprocess.SubprocessHook","filename":"subprocess.py","lineno":99}
{"timestamp":"2026-06-02T14:19:35.160352Z","level":"info","event":"  \"type\" : \"struct\",","logger":"airflow.task.hooks.airflow.providers.standard.hooks.subprocess.SubprocessHook","filename":"subprocess.py","lineno":99}
{"timestamp":"2026-06-02T14:19:35.160406Z","level":"info","event":"  \"fields\" : [ {","logger":"airflow.task.hooks.airflow.providers.standard.hooks.subprocess.SubprocessHook","filename":"subprocess.py","lineno":99}
{"timestamp":"2026-06-02T14:19:35.160516Z","level":"info","event":"    \"name\" : \"product_name\",","logger":"airflow.task.hooks.airflow.providers.standard.hooks.subprocess.SubprocessHook","filename":"subprocess.py","lineno":99}
{"timestamp":"2026-06-02T14:19:35.160601Z","level":"info","event":"    \"type\" : \"string\",","logger":"airflow.task.hooks.airflow.providers.standard.hooks.subprocess.SubprocessHook","filename":"subprocess.py","lineno":99}
{"timestamp":"2026-06-02T14:19:35.160667Z","level":"info","event":"    \"nullable\" : true,","logger":"airflow.task.hooks.airflow.providers.standard.hooks.subprocess.SubprocessHook","filename":"subprocess.py","lineno":99}
{"timestamp":"2026-06-02T14:19:35.160729Z","level":"info","event":"    \"metadata\" : { }","logger":"airflow.task.hooks.airflow.providers.standard.hooks.subprocess.SubprocessHook","filename":"subprocess.py","lineno":99}
{"timestamp":"2026-06-02T14:19:35.160789Z","level":"info","event":"  }, {","logger":"airflow.task.hooks.airflow.providers.standard.hooks.subprocess.SubprocessHook","filename":"subprocess.py","lineno":99}
{"timestamp":"2026-06-02T14:19:35.160847Z","level":"info","event":"    \"name\" : \"value\",","logger":"airflow.task.hooks.airflow.providers.standard.hooks.subprocess.SubprocessHook","filename":"subprocess.py","lineno":99}
{"timestamp":"2026-06-02T14:19:35.160906Z","level":"info","event":"    \"type\" : \"double\",","logger":"airflow.task.hooks.airflow.providers.standard.hooks.subprocess.SubprocessHook","filename":"subprocess.py","lineno":99}
{"timestamp":"2026-06-02T14:19:35.161119Z","level":"info","event":"    \"nullable\" : true,","logger":"airflow.task.hooks.airflow.providers.standard.hooks.subprocess.SubprocessHook","filename":"subprocess.py","lineno":99}
{"timestamp":"2026-06-02T14:19:35.161217Z","level":"info","event":"    \"metadata\" : { }","logger":"airflow.task.hooks.airflow.providers.standard.hooks.subprocess.SubprocessHook","filename":"subprocess.py","lineno":99}
{"timestamp":"2026-06-02T14:19:35.161286Z","level":"info","event":"  }, {","logger":"airflow.task.hooks.airflow.providers.standard.hooks.subprocess.SubprocessHook","filename":"subprocess.py","lineno":99}
{"timestamp":"2026-06-02T14:19:35.161348Z","level":"info","event":"    \"name\" : \"unit\",","logger":"airflow.task.hooks.airflow.providers.standard.hooks.subprocess.SubprocessHook","filename":"subprocess.py","lineno":99}
{"timestamp":"2026-06-02T14:19:35.161404Z","level":"info","event":"    \"type\" : \"string\",","logger":"airflow.task.hooks.airflow.providers.standard.hooks.subprocess.SubprocessHook","filename":"subprocess.py","lineno":99}
{"timestamp":"2026-06-02T14:19:35.161459Z","level":"info","event":"    \"nullable\" : true,","logger":"airflow.task.hooks.airflow.providers.standard.hooks.subprocess.SubprocessHook","filename":"subprocess.py","lineno":99}
{"timestamp":"2026-06-02T14:19:35.161513Z","level":"info","event":"    \"metadata\" : { }","logger":"airflow.task.hooks.airflow.providers.standard.hooks.subprocess.SubprocessHook","filename":"subprocess.py","lineno":99}
{"timestamp":"2026-06-02T14:19:35.161569Z","level":"info","event":"  }, {","logger":"airflow.task.hooks.airflow.providers.standard.hooks.subprocess.SubprocessHook","filename":"subprocess.py","lineno":99}
{"timestamp":"2026-06-02T14:19:35.161625Z","level":"info","event":"    \"name\" : \"month\",","logger":"airflow.task.hooks.airflow.providers.standard.hooks.subprocess.SubprocessHook","filename":"subprocess.py","lineno":99}
{"timestamp":"2026-06-02T14:19:35.161684Z","level":"info","event":"    \"type\" : \"integer\",","logger":"airflow.task.hooks.airflow.providers.standard.hooks.subprocess.SubprocessHook","filename":"subprocess.py","lineno":99}
{"timestamp":"2026-06-02T14:19:35.161746Z","level":"info","event":"    \"nullable\" : true,","logger":"airflow.task.hooks.airflow.providers.standard.hooks.subprocess.SubprocessHook","filename":"subprocess.py","lineno":99}
{"timestamp":"2026-06-02T14:19:35.161810Z","level":"info","event":"    \"metadata\" : { }","logger":"airflow.task.hooks.airflow.providers.standard.hooks.subprocess.SubprocessHook","filename":"subprocess.py","lineno":99}
{"timestamp":"2026-06-02T14:19:35.161874Z","level":"info","event":"  }, {","logger":"airflow.task.hooks.airflow.providers.standard.hooks.subprocess.SubprocessHook","filename":"subprocess.py","lineno":99}
{"timestamp":"2026-06-02T14:19:35.161932Z","level":"info","event":"    \"name\" : \"quarter\",","logger":"airflow.task.hooks.airflow.providers.standard.hooks.subprocess.SubprocessHook","filename":"subprocess.py","lineno":99}
{"timestamp":"2026-06-02T14:19:35.161998Z","level":"info","event":"    \"type\" : \"integer\",","logger":"airflow.task.hooks.airflow.providers.standard.hooks.subprocess.SubprocessHook","filename":"subprocess.py","lineno":99}
{"timestamp":"2026-06-02T14:19:35.162071Z","level":"info","event":"    \"nullable\" : true,","logger":"airflow.task.hooks.airflow.providers.standard.hooks.subprocess.SubprocessHook","filename":"subprocess.py","lineno":99}
{"timestamp":"2026-06-02T14:19:35.162142Z","level":"info","event":"    \"metadata\" : { }","logger":"airflow.task.hooks.airflow.providers.standard.hooks.subprocess.SubprocessHook","filename":"subprocess.py","lineno":99}
{"timestamp":"2026-06-02T14:19:35.162209Z","level":"info","event":"  }, {","logger":"airflow.task.hooks.airflow.providers.standard.hooks.subprocess.SubprocessHook","filename":"subprocess.py","lineno":99}
{"timestamp":"2026-06-02T14:19:35.162283Z","level":"info","event":"    \"name\" : \"year\",","logger":"airflow.task.hooks.airflow.providers.standard.hooks.subprocess.SubprocessHook","filename":"subprocess.py","lineno":99}
{"timestamp":"2026-06-02T14:19:35.162394Z","level":"info","event":"    \"type\" : \"integer\",","logger":"airflow.task.hooks.airflow.providers.standard.hooks.subprocess.SubprocessHook","filename":"subprocess.py","lineno":99}
{"timestamp":"2026-06-02T14:19:35.162510Z","level":"info","event":"    \"nullable\" : true,","logger":"airflow.task.hooks.airflow.providers.standard.hooks.subprocess.SubprocessHook","filename":"subprocess.py","lineno":99}
{"timestamp":"2026-06-02T14:19:35.162613Z","level":"info","event":"    \"metadata\" : { }","logger":"airflow.task.hooks.airflow.providers.standard.hooks.subprocess.SubprocessHook","filename":"subprocess.py","lineno":99}
{"timestamp":"2026-06-02T14:19:35.162687Z","level":"info","event":"  }, {","logger":"airflow.task.hooks.airflow.providers.standard.hooks.subprocess.SubprocessHook","filename":"subprocess.py","lineno":99}
{"timestamp":"2026-06-02T14:19:35.162752Z","level":"info","event":"    \"name\" : \"ingest_at\",","logger":"airflow.task.hooks.airflow.providers.standard.hooks.subprocess.SubprocessHook","filename":"subprocess.py","lineno":99}
{"timestamp":"2026-06-02T14:19:35.162817Z","level":"info","event":"    \"type\" : \"timestamp\",","logger":"airflow.task.hooks.airflow.providers.standard.hooks.subprocess.SubprocessHook","filename":"subprocess.py","lineno":99}
{"timestamp":"2026-06-02T14:19:35.162875Z","level":"info","event":"    \"nullable\" : true,","logger":"airflow.task.hooks.airflow.providers.standard.hooks.subprocess.SubprocessHook","filename":"subprocess.py","lineno":99}
{"timestamp":"2026-06-02T14:19:35.162930Z","level":"info","event":"    \"metadata\" : { }","logger":"airflow.task.hooks.airflow.providers.standard.hooks.subprocess.SubprocessHook","filename":"subprocess.py","lineno":99}
{"timestamp":"2026-06-02T14:19:35.162993Z","level":"info","event":"  } ]","logger":"airflow.task.hooks.airflow.providers.standard.hooks.subprocess.SubprocessHook","filename":"subprocess.py","lineno":99}
{"timestamp":"2026-06-02T14:19:35.163059Z","level":"info","event":"}","logger":"airflow.task.hooks.airflow.providers.standard.hooks.subprocess.SubprocessHook","filename":"subprocess.py","lineno":99}
{"timestamp":"2026-06-02T14:19:35.163129Z","level":"info","event":"and corresponding Parquet message type:","logger":"airflow.task.hooks.airflow.providers.standard.hooks.subprocess.SubprocessHook","filename":"subprocess.py","lineno":99}
{"timestamp":"2026-06-02T14:19:35.163199Z","level":"info","event":"message spark_schema {","logger":"airflow.task.hooks.airflow.providers.standard.hooks.subprocess.SubprocessHook","filename":"subprocess.py","lineno":99}
{"timestamp":"2026-06-02T14:19:35.163272Z","level":"info","event":"  optional binary product_name (STRING);","logger":"airflow.task.hooks.airflow.providers.standard.hooks.subprocess.SubprocessHook","filename":"subprocess.py","lineno":99}
{"timestamp":"2026-06-02T14:19:35.163338Z","level":"info","event":"  optional double value;","logger":"airflow.task.hooks.airflow.providers.standard.hooks.subprocess.SubprocessHook","filename":"subprocess.py","lineno":99}
{"timestamp":"2026-06-02T14:19:35.163480Z","level":"info","event":"  optional binary unit (STRING);","logger":"airflow.task.hooks.airflow.providers.standard.hooks.subprocess.SubprocessHook","filename":"subprocess.py","lineno":99}
{"timestamp":"2026-06-02T14:19:35.163548Z","level":"info","event":"  optional int32 month;","logger":"airflow.task.hooks.airflow.providers.standard.hooks.subprocess.SubprocessHook","filename":"subprocess.py","lineno":99}
{"timestamp":"2026-06-02T14:19:35.163609Z","level":"info","event":"  optional int32 quarter;","logger":"airflow.task.hooks.airflow.providers.standard.hooks.subprocess.SubprocessHook","filename":"subprocess.py","lineno":99}
{"timestamp":"2026-06-02T14:19:35.163670Z","level":"info","event":"  optional int32 year;","logger":"airflow.task.hooks.airflow.providers.standard.hooks.subprocess.SubprocessHook","filename":"subprocess.py","lineno":99}
{"timestamp":"2026-06-02T14:19:35.163726Z","level":"info","event":"  optional int96 ingest_at;","logger":"airflow.task.hooks.airflow.providers.standard.hooks.subprocess.SubprocessHook","filename":"subprocess.py","lineno":99}
{"timestamp":"2026-06-02T14:19:35.163785Z","level":"info","event":"}","logger":"airflow.task.hooks.airflow.providers.standard.hooks.subprocess.SubprocessHook","filename":"subprocess.py","lineno":99}
{"timestamp":"2026-06-02T14:19:35.163846Z","level":"info","event":"","logger":"airflow.task.hooks.airflow.providers.standard.hooks.subprocess.SubprocessHook","filename":"subprocess.py","lineno":99}
{"timestamp":"2026-06-02T14:19:35.163903Z","level":"info","event":"","logger":"airflow.task.hooks.airflow.providers.standard.hooks.subprocess.SubprocessHook","filename":"subprocess.py","lineno":99}
{"timestamp":"2026-06-02T14:19:35.163965Z","level":"info","event":"26/06/02 14:19:34 INFO CodecConfig: Compression: SNAPPY","logger":"airflow.task.hooks.airflow.providers.standard.hooks.subprocess.SubprocessHook","filename":"subprocess.py","lineno":99}
{"timestamp":"2026-06-02T14:19:35.164021Z","level":"info","event":"26/06/02 14:19:34 INFO CodecConfig: Compression: SNAPPY","logger":"airflow.task.hooks.airflow.providers.standard.hooks.subprocess.SubprocessHook","filename":"subprocess.py","lineno":99}
{"timestamp":"2026-06-02T14:19:35.164081Z","level":"info","event":"26/06/02 14:19:34 INFO ParquetOutputFormat: ParquetRecordWriter [block size: 134217728b, row group padding size: 8388608b, validating: false]","logger":"airflow.task.hooks.airflow.providers.standard.hooks.subprocess.SubprocessHook","filename":"subprocess.py","lineno":99}
{"timestamp":"2026-06-02T14:19:35.164139Z","level":"info","event":"26/06/02 14:19:34 INFO ParquetWriteSupport: Initialized Parquet WriteSupport with Catalyst schema:","logger":"airflow.task.hooks.airflow.providers.standard.hooks.subprocess.SubprocessHook","filename":"subprocess.py","lineno":99}
{"timestamp":"2026-06-02T14:19:35.164197Z","level":"info","event":"{","logger":"airflow.task.hooks.airflow.providers.standard.hooks.subprocess.SubprocessHook","filename":"subprocess.py","lineno":99}
{"timestamp":"2026-06-02T14:19:35.164252Z","level":"info","event":"  \"type\" : \"struct\",","logger":"airflow.task.hooks.airflow.providers.standard.hooks.subprocess.SubprocessHook","filename":"subprocess.py","lineno":99}
{"timestamp":"2026-06-02T14:19:35.164312Z","level":"info","event":"  \"fields\" : [ {","logger":"airflow.task.hooks.airflow.providers.standard.hooks.subprocess.SubprocessHook","filename":"subprocess.py","lineno":99}
{"timestamp":"2026-06-02T14:19:35.164369Z","level":"info","event":"    \"name\" : \"product_name\",","logger":"airflow.task.hooks.airflow.providers.standard.hooks.subprocess.SubprocessHook","filename":"subprocess.py","lineno":99}
{"timestamp":"2026-06-02T14:19:35.164425Z","level":"info","event":"    \"type\" : \"string\",","logger":"airflow.task.hooks.airflow.providers.standard.hooks.subprocess.SubprocessHook","filename":"subprocess.py","lineno":99}
{"timestamp":"2026-06-02T14:19:35.164480Z","level":"info","event":"    \"nullable\" : true,","logger":"airflow.task.hooks.airflow.providers.standard.hooks.subprocess.SubprocessHook","filename":"subprocess.py","lineno":99}
{"timestamp":"2026-06-02T14:19:35.164622Z","level":"info","event":"    \"metadata\" : { }","logger":"airflow.task.hooks.airflow.providers.standard.hooks.subprocess.SubprocessHook","filename":"subprocess.py","lineno":99}
{"timestamp":"2026-06-02T14:19:35.164693Z","level":"info","event":"  }, {","logger":"airflow.task.hooks.airflow.providers.standard.hooks.subprocess.SubprocessHook","filename":"subprocess.py","lineno":99}
{"timestamp":"2026-06-02T14:19:35.164765Z","level":"info","event":"    \"name\" : \"value\",","logger":"airflow.task.hooks.airflow.providers.standard.hooks.subprocess.SubprocessHook","filename":"subprocess.py","lineno":99}
{"timestamp":"2026-06-02T14:19:35.164829Z","level":"info","event":"    \"type\" : \"double\",","logger":"airflow.task.hooks.airflow.providers.standard.hooks.subprocess.SubprocessHook","filename":"subprocess.py","lineno":99}
{"timestamp":"2026-06-02T14:19:35.164887Z","level":"info","event":"    \"nullable\" : true,","logger":"airflow.task.hooks.airflow.providers.standard.hooks.subprocess.SubprocessHook","filename":"subprocess.py","lineno":99}
{"timestamp":"2026-06-02T14:19:35.164976Z","level":"info","event":"    \"metadata\" : { }","logger":"airflow.task.hooks.airflow.providers.standard.hooks.subprocess.SubprocessHook","filename":"subprocess.py","lineno":99}
{"timestamp":"2026-06-02T14:19:35.165038Z","level":"info","event":"  }, {","logger":"airflow.task.hooks.airflow.providers.standard.hooks.subprocess.SubprocessHook","filename":"subprocess.py","lineno":99}
{"timestamp":"2026-06-02T14:19:35.165092Z","level":"info","event":"    \"name\" : \"unit\",","logger":"airflow.task.hooks.airflow.providers.standard.hooks.subprocess.SubprocessHook","filename":"subprocess.py","lineno":99}
{"timestamp":"2026-06-02T14:19:35.165148Z","level":"info","event":"    \"type\" : \"string\",","logger":"airflow.task.hooks.airflow.providers.standard.hooks.subprocess.SubprocessHook","filename":"subprocess.py","lineno":99}
{"timestamp":"2026-06-02T14:19:35.165204Z","level":"info","event":"    \"nullable\" : true,","logger":"airflow.task.hooks.airflow.providers.standard.hooks.subprocess.SubprocessHook","filename":"subprocess.py","lineno":99}
{"timestamp":"2026-06-02T14:19:35.165263Z","level":"info","event":"    \"metadata\" : { }","logger":"airflow.task.hooks.airflow.providers.standard.hooks.subprocess.SubprocessHook","filename":"subprocess.py","lineno":99}
{"timestamp":"2026-06-02T14:19:35.165322Z","level":"info","event":"  }, {","logger":"airflow.task.hooks.airflow.providers.standard.hooks.subprocess.SubprocessHook","filename":"subprocess.py","lineno":99}
{"timestamp":"2026-06-02T14:19:35.165381Z","level":"info","event":"    \"name\" : \"month\",","logger":"airflow.task.hooks.airflow.providers.standard.hooks.subprocess.SubprocessHook","filename":"subprocess.py","lineno":99}
{"timestamp":"2026-06-02T14:19:35.165443Z","level":"info","event":"    \"type\" : \"integer\",","logger":"airflow.task.hooks.airflow.providers.standard.hooks.subprocess.SubprocessHook","filename":"subprocess.py","lineno":99}
{"timestamp":"2026-06-02T14:19:35.165501Z","level":"info","event":"    \"nullable\" : true,","logger":"airflow.task.hooks.airflow.providers.standard.hooks.subprocess.SubprocessHook","filename":"subprocess.py","lineno":99}
{"timestamp":"2026-06-02T14:19:35.165560Z","level":"info","event":"    \"metadata\" : { }","logger":"airflow.task.hooks.airflow.providers.standard.hooks.subprocess.SubprocessHook","filename":"subprocess.py","lineno":99}
{"timestamp":"2026-06-02T14:19:35.165616Z","level":"info","event":"  }, {","logger":"airflow.task.hooks.airflow.providers.standard.hooks.subprocess.SubprocessHook","filename":"subprocess.py","lineno":99}
{"timestamp":"2026-06-02T14:19:35.165672Z","level":"info","event":"    \"name\" : \"quarter\",","logger":"airflow.task.hooks.airflow.providers.standard.hooks.subprocess.SubprocessHook","filename":"subprocess.py","lineno":99}
{"timestamp":"2026-06-02T14:19:35.165729Z","level":"info","event":"    \"type\" : \"integer\",","logger":"airflow.task.hooks.airflow.providers.standard.hooks.subprocess.SubprocessHook","filename":"subprocess.py","lineno":99}
{"timestamp":"2026-06-02T14:19:35.165785Z","level":"info","event":"    \"nullable\" : true,","logger":"airflow.task.hooks.airflow.providers.standard.hooks.subprocess.SubprocessHook","filename":"subprocess.py","lineno":99}
{"timestamp":"2026-06-02T14:19:35.165841Z","level":"info","event":"    \"metadata\" : { }","logger":"airflow.task.hooks.airflow.providers.standard.hooks.subprocess.SubprocessHook","filename":"subprocess.py","lineno":99}
{"timestamp":"2026-06-02T14:19:35.165898Z","level":"info","event":"  }, {","logger":"airflow.task.hooks.airflow.providers.standard.hooks.subprocess.SubprocessHook","filename":"subprocess.py","lineno":99}
{"timestamp":"2026-06-02T14:19:35.165955Z","level":"info","event":"    \"name\" : \"year\",","logger":"airflow.task.hooks.airflow.providers.standard.hooks.subprocess.SubprocessHook","filename":"subprocess.py","lineno":99}
{"timestamp":"2026-06-02T14:19:35.166012Z","level":"info","event":"    \"type\" : \"integer\",","logger":"airflow.task.hooks.airflow.providers.standard.hooks.subprocess.SubprocessHook","filename":"subprocess.py","lineno":99}
{"timestamp":"2026-06-02T14:19:35.166224Z","level":"info","event":"    \"nullable\" : true,","logger":"airflow.task.hooks.airflow.providers.standard.hooks.subprocess.SubprocessHook","filename":"subprocess.py","lineno":99}
{"timestamp":"2026-06-02T14:19:35.166321Z","level":"info","event":"    \"metadata\" : { }","logger":"airflow.task.hooks.airflow.providers.standard.hooks.subprocess.SubprocessHook","filename":"subprocess.py","lineno":99}
{"timestamp":"2026-06-02T14:19:35.166351Z","level":"info","event":"  }, {","logger":"airflow.task.hooks.airflow.providers.standard.hooks.subprocess.SubprocessHook","filename":"subprocess.py","lineno":99}
{"timestamp":"2026-06-02T14:19:35.166374Z","level":"info","event":"    \"name\" : \"ingest_at\",","logger":"airflow.task.hooks.airflow.providers.standard.hooks.subprocess.SubprocessHook","filename":"subprocess.py","lineno":99}
{"timestamp":"2026-06-02T14:19:35.166394Z","level":"info","event":"    \"type\" : \"timestamp\",","logger":"airflow.task.hooks.airflow.providers.standard.hooks.subprocess.SubprocessHook","filename":"subprocess.py","lineno":99}
{"timestamp":"2026-06-02T14:19:35.166412Z","level":"info","event":"    \"nullable\" : true,","logger":"airflow.task.hooks.airflow.providers.standard.hooks.subprocess.SubprocessHook","filename":"subprocess.py","lineno":99}
{"timestamp":"2026-06-02T14:19:35.166431Z","level":"info","event":"    \"metadata\" : { }","logger":"airflow.task.hooks.airflow.providers.standard.hooks.subprocess.SubprocessHook","filename":"subprocess.py","lineno":99}
{"timestamp":"2026-06-02T14:19:35.166448Z","level":"info","event":"  } ]","logger":"airflow.task.hooks.airflow.providers.standard.hooks.subprocess.SubprocessHook","filename":"subprocess.py","lineno":99}
{"timestamp":"2026-06-02T14:19:35.166468Z","level":"info","event":"}","logger":"airflow.task.hooks.airflow.providers.standard.hooks.subprocess.SubprocessHook","filename":"subprocess.py","lineno":99}
{"timestamp":"2026-06-02T14:19:35.166489Z","level":"info","event":"and corresponding Parquet message type:","logger":"airflow.task.hooks.airflow.providers.standard.hooks.subprocess.SubprocessHook","filename":"subprocess.py","lineno":99}
{"timestamp":"2026-06-02T14:19:35.166513Z","level":"info","event":"message spark_schema {","logger":"airflow.task.hooks.airflow.providers.standard.hooks.subprocess.SubprocessHook","filename":"subprocess.py","lineno":99}
{"timestamp":"2026-06-02T14:19:35.166533Z","level":"info","event":"  optional binary product_name (STRING);","logger":"airflow.task.hooks.airflow.providers.standard.hooks.subprocess.SubprocessHook","filename":"subprocess.py","lineno":99}
{"timestamp":"2026-06-02T14:19:35.166551Z","level":"info","event":"  optional double value;","logger":"airflow.task.hooks.airflow.providers.standard.hooks.subprocess.SubprocessHook","filename":"subprocess.py","lineno":99}
{"timestamp":"2026-06-02T14:19:35.166569Z","level":"info","event":"  optional binary unit (STRING);","logger":"airflow.task.hooks.airflow.providers.standard.hooks.subprocess.SubprocessHook","filename":"subprocess.py","lineno":99}
{"timestamp":"2026-06-02T14:19:35.166588Z","level":"info","event":"  optional int32 month;","logger":"airflow.task.hooks.airflow.providers.standard.hooks.subprocess.SubprocessHook","filename":"subprocess.py","lineno":99}
{"timestamp":"2026-06-02T14:19:35.166607Z","level":"info","event":"  optional int32 quarter;","logger":"airflow.task.hooks.airflow.providers.standard.hooks.subprocess.SubprocessHook","filename":"subprocess.py","lineno":99}
{"timestamp":"2026-06-02T14:19:35.166626Z","level":"info","event":"  optional int32 year;","logger":"airflow.task.hooks.airflow.providers.standard.hooks.subprocess.SubprocessHook","filename":"subprocess.py","lineno":99}
{"timestamp":"2026-06-02T14:19:35.166644Z","level":"info","event":"  optional int96 ingest_at;","logger":"airflow.task.hooks.airflow.providers.standard.hooks.subprocess.SubprocessHook","filename":"subprocess.py","lineno":99}
{"timestamp":"2026-06-02T14:19:35.166663Z","level":"info","event":"}","logger":"airflow.task.hooks.airflow.providers.standard.hooks.subprocess.SubprocessHook","filename":"subprocess.py","lineno":99}
{"timestamp":"2026-06-02T14:19:35.166682Z","level":"info","event":"","logger":"airflow.task.hooks.airflow.providers.standard.hooks.subprocess.SubprocessHook","filename":"subprocess.py","lineno":99}
{"timestamp":"2026-06-02T14:19:35.166723Z","level":"info","event":"","logger":"airflow.task.hooks.airflow.providers.standard.hooks.subprocess.SubprocessHook","filename":"subprocess.py","lineno":99}
{"timestamp":"2026-06-02T14:19:35.166757Z","level":"info","event":"26/06/02 14:19:34 INFO CodecPool: Got brand-new compressor [.snappy]","logger":"airflow.task.hooks.airflow.providers.standard.hooks.subprocess.SubprocessHook","filename":"subprocess.py","lineno":99}
{"timestamp":"2026-06-02T14:19:35.166780Z","level":"info","event":"26/06/02 14:19:34 INFO CodecPool: Got brand-new compressor [.snappy]","logger":"airflow.task.hooks.airflow.providers.standard.hooks.subprocess.SubprocessHook","filename":"subprocess.py","lineno":99}
{"timestamp":"2026-06-02T14:19:35.166800Z","level":"info","event":"26/06/02 14:19:34 INFO CodecPool: Got brand-new compressor [.snappy]","logger":"airflow.task.hooks.airflow.providers.standard.hooks.subprocess.SubprocessHook","filename":"subprocess.py","lineno":99}
{"timestamp":"2026-06-02T14:19:35.166820Z","level":"info","event":"26/06/02 14:19:34 INFO CodecPool: Got brand-new compressor [.snappy]","logger":"airflow.task.hooks.airflow.providers.standard.hooks.subprocess.SubprocessHook","filename":"subprocess.py","lineno":99}
{"timestamp":"2026-06-02T14:19:35.216757Z","level":"info","event":"26/06/02 14:19:34 INFO CodecPool: Got brand-new compressor [.snappy]","logger":"airflow.task.hooks.airflow.providers.standard.hooks.subprocess.SubprocessHook","filename":"subprocess.py","lineno":99}
{"timestamp":"2026-06-02T14:19:35.216869Z","level":"info","event":"26/06/02 14:19:34 INFO CodecPool: Got brand-new compressor [.snappy]","logger":"airflow.task.hooks.airflow.providers.standard.hooks.subprocess.SubprocessHook","filename":"subprocess.py","lineno":99}
{"timestamp":"2026-06-02T14:19:35.216900Z","level":"info","event":"26/06/02 14:19:34 INFO CodecPool: Got brand-new compressor [.snappy]","logger":"airflow.task.hooks.airflow.providers.standard.hooks.subprocess.SubprocessHook","filename":"subprocess.py","lineno":99}
{"timestamp":"2026-06-02T14:19:35.216924Z","level":"info","event":"26/06/02 14:19:34 INFO CodecPool: Got brand-new compressor [.snappy]","logger":"airflow.task.hooks.airflow.providers.standard.hooks.subprocess.SubprocessHook","filename":"subprocess.py","lineno":99}
{"timestamp":"2026-06-02T14:19:35.216989Z","level":"info","event":"26/06/02 14:19:34 INFO CodecPool: Got brand-new compressor [.snappy]","logger":"airflow.task.hooks.airflow.providers.standard.hooks.subprocess.SubprocessHook","filename":"subprocess.py","lineno":99}
{"timestamp":"2026-06-02T14:19:35.217016Z","level":"info","event":"26/06/02 14:19:34 INFO CodecPool: Got brand-new compressor [.snappy]","logger":"airflow.task.hooks.airflow.providers.standard.hooks.subprocess.SubprocessHook","filename":"subprocess.py","lineno":99}
{"timestamp":"2026-06-02T14:19:35.217036Z","level":"info","event":"26/06/02 14:19:34 INFO CodecPool: Got brand-new compressor [.snappy]","logger":"airflow.task.hooks.airflow.providers.standard.hooks.subprocess.SubprocessHook","filename":"subprocess.py","lineno":99}
{"timestamp":"2026-06-02T14:19:35.217057Z","level":"info","event":"26/06/02 14:19:34 INFO CodecPool: Got brand-new compressor [.snappy]","logger":"airflow.task.hooks.airflow.providers.standard.hooks.subprocess.SubprocessHook","filename":"subprocess.py","lineno":99}
{"timestamp":"2026-06-02T14:19:35.217075Z","level":"info","event":"26/06/02 14:19:34 INFO CodecPool: Got brand-new compressor [.snappy]","logger":"airflow.task.hooks.airflow.providers.standard.hooks.subprocess.SubprocessHook","filename":"subprocess.py","lineno":99}
{"timestamp":"2026-06-02T14:19:35.217092Z","level":"info","event":"26/06/02 14:19:34 INFO CodecPool: Got brand-new compressor [.snappy]","logger":"airflow.task.hooks.airflow.providers.standard.hooks.subprocess.SubprocessHook","filename":"subprocess.py","lineno":99}
{"timestamp":"2026-06-02T14:19:35.217110Z","level":"info","event":"26/06/02 14:19:34 INFO CodecPool: Got brand-new compressor [.snappy]","logger":"airflow.task.hooks.airflow.providers.standard.hooks.subprocess.SubprocessHook","filename":"subprocess.py","lineno":99}
{"timestamp":"2026-06-02T14:19:35.217126Z","level":"info","event":"26/06/02 14:19:34 INFO CodecPool: Got brand-new compressor [.snappy]","logger":"airflow.task.hooks.airflow.providers.standard.hooks.subprocess.SubprocessHook","filename":"subprocess.py","lineno":99}
{"timestamp":"2026-06-02T14:19:35.298059Z","level":"info","event":"26/06/02 14:19:35 WARN MemoryManager: Total allocation exceeds 95.00% (1,020,054,720 bytes) of heap memory","logger":"airflow.task.hooks.airflow.providers.standard.hooks.subprocess.SubprocessHook","filename":"subprocess.py","lineno":99}
{"timestamp":"2026-06-02T14:19:35.298403Z","level":"info","event":"Scaling row group sizes to 95.00% for 8 writers","logger":"airflow.task.hooks.airflow.providers.standard.hooks.subprocess.SubprocessHook","filename":"subprocess.py","lineno":99}
{"timestamp":"2026-06-02T14:19:35.299012Z","level":"info","event":"26/06/02 14:19:35 WARN MemoryManager: Total allocation exceeds 95.00% (1,020,054,720 bytes) of heap memory","logger":"airflow.task.hooks.airflow.providers.standard.hooks.subprocess.SubprocessHook","filename":"subprocess.py","lineno":99}
{"timestamp":"2026-06-02T14:19:35.299192Z","level":"info","event":"Scaling row group sizes to 84.44% for 9 writers","logger":"airflow.task.hooks.airflow.providers.standard.hooks.subprocess.SubprocessHook","filename":"subprocess.py","lineno":99}
{"timestamp":"2026-06-02T14:19:35.299283Z","level":"info","event":"26/06/02 14:19:35 WARN MemoryManager: Total allocation exceeds 95.00% (1,020,054,720 bytes) of heap memory","logger":"airflow.task.hooks.airflow.providers.standard.hooks.subprocess.SubprocessHook","filename":"subprocess.py","lineno":99}
{"timestamp":"2026-06-02T14:19:35.299357Z","level":"info","event":"Scaling row group sizes to 76.00% for 10 writers","logger":"airflow.task.hooks.airflow.providers.standard.hooks.subprocess.SubprocessHook","filename":"subprocess.py","lineno":99}
{"timestamp":"2026-06-02T14:19:35.299432Z","level":"info","event":"26/06/02 14:19:35 WARN MemoryManager: Total allocation exceeds 95.00% (1,020,054,720 bytes) of heap memory","logger":"airflow.task.hooks.airflow.providers.standard.hooks.subprocess.SubprocessHook","filename":"subprocess.py","lineno":99}
{"timestamp":"2026-06-02T14:19:35.299496Z","level":"info","event":"Scaling row group sizes to 69.09% for 11 writers","logger":"airflow.task.hooks.airflow.providers.standard.hooks.subprocess.SubprocessHook","filename":"subprocess.py","lineno":99}
{"timestamp":"2026-06-02T14:19:35.300749Z","level":"info","event":"26/06/02 14:19:35 WARN MemoryManager: Total allocation exceeds 95.00% (1,020,054,720 bytes) of heap memory","logger":"airflow.task.hooks.airflow.providers.standard.hooks.subprocess.SubprocessHook","filename":"subprocess.py","lineno":99}
{"timestamp":"2026-06-02T14:19:35.301126Z","level":"info","event":"Scaling row group sizes to 63.33% for 12 writers","logger":"airflow.task.hooks.airflow.providers.standard.hooks.subprocess.SubprocessHook","filename":"subprocess.py","lineno":99}
{"timestamp":"2026-06-02T14:19:35.301931Z","level":"info","event":"26/06/02 14:19:35 WARN MemoryManager: Total allocation exceeds 95.00% (1,020,054,720 bytes) of heap memory","logger":"airflow.task.hooks.airflow.providers.standard.hooks.subprocess.SubprocessHook","filename":"subprocess.py","lineno":99}
{"timestamp":"2026-06-02T14:19:35.302232Z","level":"info","event":"Scaling row group sizes to 58.46% for 13 writers","logger":"airflow.task.hooks.airflow.providers.standard.hooks.subprocess.SubprocessHook","filename":"subprocess.py","lineno":99}
{"timestamp":"2026-06-02T14:19:35.305482Z","level":"info","event":"26/06/02 14:19:35 WARN MemoryManager: Total allocation exceeds 95.00% (1,020,054,720 bytes) of heap memory","logger":"airflow.task.hooks.airflow.providers.standard.hooks.subprocess.SubprocessHook","filename":"subprocess.py","lineno":99}
{"timestamp":"2026-06-02T14:19:35.305786Z","level":"info","event":"Scaling row group sizes to 54.29% for 14 writers","logger":"airflow.task.hooks.airflow.providers.standard.hooks.subprocess.SubprocessHook","filename":"subprocess.py","lineno":99}
{"timestamp":"2026-06-02T14:19:35.306120Z","level":"info","event":"26/06/02 14:19:35 WARN MemoryManager: Total allocation exceeds 95.00% (1,020,054,720 bytes) of heap memory","logger":"airflow.task.hooks.airflow.providers.standard.hooks.subprocess.SubprocessHook","filename":"subprocess.py","lineno":99}
{"timestamp":"2026-06-02T14:19:35.306246Z","level":"info","event":"Scaling row group sizes to 50.67% for 15 writers","logger":"airflow.task.hooks.airflow.providers.standard.hooks.subprocess.SubprocessHook","filename":"subprocess.py","lineno":99}
{"timestamp":"2026-06-02T14:19:35.324121Z","level":"info","event":"26/06/02 14:19:35 WARN MemoryManager: Total allocation exceeds 95.00% (1,020,054,720 bytes) of heap memory","logger":"airflow.task.hooks.airflow.providers.standard.hooks.subprocess.SubprocessHook","filename":"subprocess.py","lineno":99}
{"timestamp":"2026-06-02T14:19:35.324299Z","level":"info","event":"Scaling row group sizes to 47.50% for 16 writers","logger":"airflow.task.hooks.airflow.providers.standard.hooks.subprocess.SubprocessHook","filename":"subprocess.py","lineno":99}
{"timestamp":"2026-06-02T14:19:35.441759Z","level":"info","event":"26/06/02 14:19:35 INFO PythonRunner: Times: total = 165, boot = -4428, init = 4593, finish = 0","logger":"airflow.task.hooks.airflow.providers.standard.hooks.subprocess.SubprocessHook","filename":"subprocess.py","lineno":99}
{"timestamp":"2026-06-02T14:19:35.442191Z","level":"info","event":"26/06/02 14:19:35 INFO PythonRunner: Times: total = 170, boot = -4434, init = 4603, finish = 1","logger":"airflow.task.hooks.airflow.providers.standard.hooks.subprocess.SubprocessHook","filename":"subprocess.py","lineno":99}
{"timestamp":"2026-06-02T14:19:35.442384Z","level":"info","event":"26/06/02 14:19:35 INFO PythonRunner: Times: total = 703, boot = 126, init = 575, finish = 2","logger":"airflow.task.hooks.airflow.providers.standard.hooks.subprocess.SubprocessHook","filename":"subprocess.py","lineno":99}
{"timestamp":"2026-06-02T14:19:35.442516Z","level":"info","event":"26/06/02 14:19:35 INFO PythonRunner: Times: total = 609, boot = 85, init = 523, finish = 1","logger":"airflow.task.hooks.airflow.providers.standard.hooks.subprocess.SubprocessHook","filename":"subprocess.py","lineno":99}
{"timestamp":"2026-06-02T14:19:35.442618Z","level":"info","event":"26/06/02 14:19:35 INFO PythonRunner: Times: total = 782, boot = 168, init = 612, finish = 2","logger":"airflow.task.hooks.airflow.providers.standard.hooks.subprocess.SubprocessHook","filename":"subprocess.py","lineno":99}
{"timestamp":"2026-06-02T14:19:35.442702Z","level":"info","event":"26/06/02 14:19:35 INFO PythonRunner: Times: total = 764, boot = 220, init = 542, finish = 2","logger":"airflow.task.hooks.airflow.providers.standard.hooks.subprocess.SubprocessHook","filename":"subprocess.py","lineno":99}
{"timestamp":"2026-06-02T14:19:35.442777Z","level":"info","event":"26/06/02 14:19:35 INFO PythonRunner: Times: total = 208, boot = -4343, init = 4551, finish = 0","logger":"airflow.task.hooks.airflow.providers.standard.hooks.subprocess.SubprocessHook","filename":"subprocess.py","lineno":99}
{"timestamp":"2026-06-02T14:19:35.442853Z","level":"info","event":"26/06/02 14:19:35 INFO PythonRunner: Times: total = 201, boot = -4356, init = 4557, finish = 0","logger":"airflow.task.hooks.airflow.providers.standard.hooks.subprocess.SubprocessHook","filename":"subprocess.py","lineno":99}
{"timestamp":"2026-06-02T14:19:35.442923Z","level":"info","event":"26/06/02 14:19:35 INFO PythonRunner: Times: total = 745, boot = 22, init = 722, finish = 1","logger":"airflow.task.hooks.airflow.providers.standard.hooks.subprocess.SubprocessHook","filename":"subprocess.py","lineno":99}
{"timestamp":"2026-06-02T14:19:35.442991Z","level":"info","event":"26/06/02 14:19:35 INFO PythonRunner: Times: total = 838, boot = 257, init = 580, finish = 1","logger":"airflow.task.hooks.airflow.providers.standard.hooks.subprocess.SubprocessHook","filename":"subprocess.py","lineno":99}
{"timestamp":"2026-06-02T14:19:35.443057Z","level":"info","event":"26/06/02 14:19:35 INFO PythonRunner: Times: total = 226, boot = -4347, init = 4573, finish = 0","logger":"airflow.task.hooks.airflow.providers.standard.hooks.subprocess.SubprocessHook","filename":"subprocess.py","lineno":99}
{"timestamp":"2026-06-02T14:19:35.443124Z","level":"info","event":"26/06/02 14:19:35 INFO PythonRunner: Times: total = 228, boot = -4358, init = 4586, finish = 0","logger":"airflow.task.hooks.airflow.providers.standard.hooks.subprocess.SubprocessHook","filename":"subprocess.py","lineno":99}
{"timestamp":"2026-06-02T14:19:35.443194Z","level":"info","event":"26/06/02 14:19:35 INFO PythonRunner: Times: total = 137, boot = -4449, init = 4586, finish = 0","logger":"airflow.task.hooks.airflow.providers.standard.hooks.subprocess.SubprocessHook","filename":"subprocess.py","lineno":99}
{"timestamp":"2026-06-02T14:19:35.443262Z","level":"info","event":"26/06/02 14:19:35 INFO PythonRunner: Times: total = 169, boot = -4425, init = 4593, finish = 1","logger":"airflow.task.hooks.airflow.providers.standard.hooks.subprocess.SubprocessHook","filename":"subprocess.py","lineno":99}
{"timestamp":"2026-06-02T14:19:35.443351Z","level":"info","event":"26/06/02 14:19:35 INFO PythonRunner: Times: total = 206, boot = -4339, init = 4544, finish = 1","logger":"airflow.task.hooks.airflow.providers.standard.hooks.subprocess.SubprocessHook","filename":"subprocess.py","lineno":99}
{"timestamp":"2026-06-02T14:19:35.443453Z","level":"info","event":"26/06/02 14:19:35 INFO PythonRunner: Times: total = 768, boot = 296, init = 472, finish = 0","logger":"airflow.task.hooks.airflow.providers.standard.hooks.subprocess.SubprocessHook","filename":"subprocess.py","lineno":99}
{"timestamp":"2026-06-02T14:19:36.237527Z","level":"info","event":"26/06/02 14:19:36 WARN MemoryManager: Total allocation exceeds 95.00% (1,020,054,720 bytes) of heap memory","logger":"airflow.task.hooks.airflow.providers.standard.hooks.subprocess.SubprocessHook","filename":"subprocess.py","lineno":99}
{"timestamp":"2026-06-02T14:19:36.237880Z","level":"info","event":"Scaling row group sizes to 50.67% for 15 writers","logger":"airflow.task.hooks.airflow.providers.standard.hooks.subprocess.SubprocessHook","filename":"subprocess.py","lineno":99}
{"timestamp":"2026-06-02T14:19:36.238672Z","level":"info","event":"26/06/02 14:19:36 WARN MemoryManager: Total allocation exceeds 95.00% (1,020,054,720 bytes) of heap memory","logger":"airflow.task.hooks.airflow.providers.standard.hooks.subprocess.SubprocessHook","filename":"subprocess.py","lineno":99}
{"timestamp":"2026-06-02T14:19:36.238939Z","level":"info","event":"Scaling row group sizes to 54.29% for 14 writers","logger":"airflow.task.hooks.airflow.providers.standard.hooks.subprocess.SubprocessHook","filename":"subprocess.py","lineno":99}
{"timestamp":"2026-06-02T14:19:36.239288Z","level":"info","event":"26/06/02 14:19:36 WARN MemoryManager: Total allocation exceeds 95.00% (1,020,054,720 bytes) of heap memory","logger":"airflow.task.hooks.airflow.providers.standard.hooks.subprocess.SubprocessHook","filename":"subprocess.py","lineno":99}
{"timestamp":"2026-06-02T14:19:36.239450Z","level":"info","event":"Scaling row group sizes to 58.46% for 13 writers","logger":"airflow.task.hooks.airflow.providers.standard.hooks.subprocess.SubprocessHook","filename":"subprocess.py","lineno":99}
{"timestamp":"2026-06-02T14:19:36.240383Z","level":"info","event":"26/06/02 14:19:36 WARN MemoryManager: Total allocation exceeds 95.00% (1,020,054,720 bytes) of heap memory","logger":"airflow.task.hooks.airflow.providers.standard.hooks.subprocess.SubprocessHook","filename":"subprocess.py","lineno":99}
{"timestamp":"2026-06-02T14:19:36.240556Z","level":"info","event":"Scaling row group sizes to 63.33% for 12 writers","logger":"airflow.task.hooks.airflow.providers.standard.hooks.subprocess.SubprocessHook","filename":"subprocess.py","lineno":99}
{"timestamp":"2026-06-02T14:19:36.240997Z","level":"info","event":"26/06/02 14:19:36 WARN MemoryManager: Total allocation exceeds 95.00% (1,020,054,720 bytes) of heap memory","logger":"airflow.task.hooks.airflow.providers.standard.hooks.subprocess.SubprocessHook","filename":"subprocess.py","lineno":99}
{"timestamp":"2026-06-02T14:19:36.241175Z","level":"info","event":"Scaling row group sizes to 69.09% for 11 writers","logger":"airflow.task.hooks.airflow.providers.standard.hooks.subprocess.SubprocessHook","filename":"subprocess.py","lineno":99}
{"timestamp":"2026-06-02T14:19:36.242169Z","level":"info","event":"26/06/02 14:19:36 WARN MemoryManager: Total allocation exceeds 95.00% (1,020,054,720 bytes) of heap memory","logger":"airflow.task.hooks.airflow.providers.standard.hooks.subprocess.SubprocessHook","filename":"subprocess.py","lineno":99}
{"timestamp":"2026-06-02T14:19:36.242362Z","level":"info","event":"Scaling row group sizes to 76.00% for 10 writers","logger":"airflow.task.hooks.airflow.providers.standard.hooks.subprocess.SubprocessHook","filename":"subprocess.py","lineno":99}
{"timestamp":"2026-06-02T14:19:36.242456Z","level":"info","event":"26/06/02 14:19:36 WARN MemoryManager: Total allocation exceeds 95.00% (1,020,054,720 bytes) of heap memory","logger":"airflow.task.hooks.airflow.providers.standard.hooks.subprocess.SubprocessHook","filename":"subprocess.py","lineno":99}
{"timestamp":"2026-06-02T14:19:36.242514Z","level":"info","event":"Scaling row group sizes to 84.44% for 9 writers","logger":"airflow.task.hooks.airflow.providers.standard.hooks.subprocess.SubprocessHook","filename":"subprocess.py","lineno":99}
{"timestamp":"2026-06-02T14:19:36.243317Z","level":"info","event":"26/06/02 14:19:36 WARN MemoryManager: Total allocation exceeds 95.00% (1,020,054,720 bytes) of heap memory","logger":"airflow.task.hooks.airflow.providers.standard.hooks.subprocess.SubprocessHook","filename":"subprocess.py","lineno":99}
{"timestamp":"2026-06-02T14:19:36.243465Z","level":"info","event":"Scaling row group sizes to 95.00% for 8 writers","logger":"airflow.task.hooks.airflow.providers.standard.hooks.subprocess.SubprocessHook","filename":"subprocess.py","lineno":99}
{"timestamp":"2026-06-02T14:19:36.251838Z","level":"info","event":"26/06/02 14:19:36 INFO CodeGenerator: Code generated in 7.617193 ms","logger":"airflow.task.hooks.airflow.providers.standard.hooks.subprocess.SubprocessHook","filename":"subprocess.py","lineno":99}
{"timestamp":"2026-06-02T14:19:36.270058Z","level":"info","event":"26/06/02 14:19:36 INFO CodeGenerator: Code generated in 12.480489 ms","logger":"airflow.task.hooks.airflow.providers.standard.hooks.subprocess.SubprocessHook","filename":"subprocess.py","lineno":99}
{"timestamp":"2026-06-02T14:19:36.386157Z","level":"info","event":"26/06/02 14:19:36 INFO Executor: Finished task 3.0 in stage 4.0 (TID 18). 4227 bytes result sent to driver","logger":"airflow.task.hooks.airflow.providers.standard.hooks.subprocess.SubprocessHook","filename":"subprocess.py","lineno":99}
{"timestamp":"2026-06-02T14:19:36.386390Z","level":"info","event":"26/06/02 14:19:36 INFO Executor: Finished task 7.0 in stage 4.0 (TID 22). 4233 bytes result sent to driver","logger":"airflow.task.hooks.airflow.providers.standard.hooks.subprocess.SubprocessHook","filename":"subprocess.py","lineno":99}
{"timestamp":"2026-06-02T14:19:36.386442Z","level":"info","event":"26/06/02 14:19:36 INFO Executor: Finished task 10.0 in stage 4.0 (TID 25). 4223 bytes result sent to driver","logger":"airflow.task.hooks.airflow.providers.standard.hooks.subprocess.SubprocessHook","filename":"subprocess.py","lineno":99}
{"timestamp":"2026-06-02T14:19:36.386580Z","level":"info","event":"26/06/02 14:19:36 INFO Executor: Finished task 0.0 in stage 4.0 (TID 15). 4233 bytes result sent to driver","logger":"airflow.task.hooks.airflow.providers.standard.hooks.subprocess.SubprocessHook","filename":"subprocess.py","lineno":99}
{"timestamp":"2026-06-02T14:19:36.386706Z","level":"info","event":"26/06/02 14:19:36 INFO Executor: Finished task 13.0 in stage 4.0 (TID 28). 4235 bytes result sent to driver","logger":"airflow.task.hooks.airflow.providers.standard.hooks.subprocess.SubprocessHook","filename":"subprocess.py","lineno":99}
{"timestamp":"2026-06-02T14:19:36.393049Z","level":"info","event":"26/06/02 14:19:36 INFO Executor: Finished task 8.0 in stage 4.0 (TID 23). 4259 bytes result sent to driver","logger":"airflow.task.hooks.airflow.providers.standard.hooks.subprocess.SubprocessHook","filename":"subprocess.py","lineno":99}
{"timestamp":"2026-06-02T14:19:36.393368Z","level":"info","event":"26/06/02 14:19:36 INFO Executor: Finished task 11.0 in stage 4.0 (TID 26). 4209 bytes result sent to driver","logger":"airflow.task.hooks.airflow.providers.standard.hooks.subprocess.SubprocessHook","filename":"subprocess.py","lineno":99}
{"timestamp":"2026-06-02T14:19:36.393450Z","level":"info","event":"26/06/02 14:19:36 INFO Executor: Finished task 9.0 in stage 4.0 (TID 24). 4209 bytes result sent to driver","logger":"airflow.task.hooks.airflow.providers.standard.hooks.subprocess.SubprocessHook","filename":"subprocess.py","lineno":99}
{"timestamp":"2026-06-02T14:19:36.393490Z","level":"info","event":"26/06/02 14:19:36 INFO Executor: Finished task 12.0 in stage 4.0 (TID 27). 4218 bytes result sent to driver","logger":"airflow.task.hooks.airflow.providers.standard.hooks.subprocess.SubprocessHook","filename":"subprocess.py","lineno":99}
{"timestamp":"2026-06-02T14:19:36.394590Z","level":"info","event":"26/06/02 14:19:36 INFO Executor: Finished task 14.0 in stage 4.0 (TID 29). 4196 bytes result sent to driver","logger":"airflow.task.hooks.airflow.providers.standard.hooks.subprocess.SubprocessHook","filename":"subprocess.py","lineno":99}
{"timestamp":"2026-06-02T14:19:36.394804Z","level":"info","event":"26/06/02 14:19:36 INFO Executor: Finished task 5.0 in stage 4.0 (TID 20). 4219 bytes result sent to driver","logger":"airflow.task.hooks.airflow.providers.standard.hooks.subprocess.SubprocessHook","filename":"subprocess.py","lineno":99}
{"timestamp":"2026-06-02T14:19:36.394903Z","level":"info","event":"26/06/02 14:19:36 INFO Executor: Finished task 2.0 in stage 4.0 (TID 17). 4189 bytes result sent to driver","logger":"airflow.task.hooks.airflow.providers.standard.hooks.subprocess.SubprocessHook","filename":"subprocess.py","lineno":99}
{"timestamp":"2026-06-02T14:19:36.394951Z","level":"info","event":"26/06/02 14:19:36 INFO Executor: Finished task 4.0 in stage 4.0 (TID 19). 4199 bytes result sent to driver","logger":"airflow.task.hooks.airflow.providers.standard.hooks.subprocess.SubprocessHook","filename":"subprocess.py","lineno":99}
{"timestamp":"2026-06-02T14:19:36.394987Z","level":"info","event":"26/06/02 14:19:36 INFO Executor: Finished task 15.0 in stage 4.0 (TID 30). 4229 bytes result sent to driver","logger":"airflow.task.hooks.airflow.providers.standard.hooks.subprocess.SubprocessHook","filename":"subprocess.py","lineno":99}
{"timestamp":"2026-06-02T14:19:36.395020Z","level":"info","event":"26/06/02 14:19:36 INFO Executor: Finished task 6.0 in stage 4.0 (TID 21). 4213 bytes result sent to driver","logger":"airflow.task.hooks.airflow.providers.standard.hooks.subprocess.SubprocessHook","filename":"subprocess.py","lineno":99}
{"timestamp":"2026-06-02T14:19:36.395053Z","level":"info","event":"26/06/02 14:19:36 INFO Executor: Finished task 1.0 in stage 4.0 (TID 16). 4229 bytes result sent to driver","logger":"airflow.task.hooks.airflow.providers.standard.hooks.subprocess.SubprocessHook","filename":"subprocess.py","lineno":99}
{"timestamp":"2026-06-02T14:19:36.401397Z","level":"info","event":"26/06/02 14:19:36 INFO TaskSetManager: Finished task 3.0 in stage 4.0 (TID 18) in 2791 ms on ac0ccb30c6a7 (executor driver) (1/16)","logger":"airflow.task.hooks.airflow.providers.standard.hooks.subprocess.SubprocessHook","filename":"subprocess.py","lineno":99}
{"timestamp":"2026-06-02T14:19:36.401647Z","level":"info","event":"26/06/02 14:19:36 INFO TaskSetManager: Finished task 7.0 in stage 4.0 (TID 22) in 2789 ms on ac0ccb30c6a7 (executor driver) (2/16)","logger":"airflow.task.hooks.airflow.providers.standard.hooks.subprocess.SubprocessHook","filename":"subprocess.py","lineno":99}
{"timestamp":"2026-06-02T14:19:36.401747Z","level":"info","event":"26/06/02 14:19:36 INFO TaskSetManager: Finished task 10.0 in stage 4.0 (TID 25) in 2787 ms on ac0ccb30c6a7 (executor driver) (3/16)","logger":"airflow.task.hooks.airflow.providers.standard.hooks.subprocess.SubprocessHook","filename":"subprocess.py","lineno":99}
{"timestamp":"2026-06-02T14:19:36.401795Z","level":"info","event":"26/06/02 14:19:36 INFO TaskSetManager: Finished task 0.0 in stage 4.0 (TID 15) in 2797 ms on ac0ccb30c6a7 (executor driver) (4/16)","logger":"airflow.task.hooks.airflow.providers.standard.hooks.subprocess.SubprocessHook","filename":"subprocess.py","lineno":99}
{"timestamp":"2026-06-02T14:19:36.403024Z","level":"info","event":"26/06/02 14:19:36 INFO TaskSetManager: Finished task 13.0 in stage 4.0 (TID 28) in 2788 ms on ac0ccb30c6a7 (executor driver) (5/16)","logger":"airflow.task.hooks.airflow.providers.standard.hooks.subprocess.SubprocessHook","filename":"subprocess.py","lineno":99}
{"timestamp":"2026-06-02T14:19:36.403186Z","level":"info","event":"26/06/02 14:19:36 INFO TaskSetManager: Finished task 11.0 in stage 4.0 (TID 26) in 2789 ms on ac0ccb30c6a7 (executor driver) (6/16)","logger":"airflow.task.hooks.airflow.providers.standard.hooks.subprocess.SubprocessHook","filename":"subprocess.py","lineno":99}
{"timestamp":"2026-06-02T14:19:36.405904Z","level":"info","event":"26/06/02 14:19:36 INFO TaskSetManager: Finished task 12.0 in stage 4.0 (TID 27) in 2789 ms on ac0ccb30c6a7 (executor driver) (7/16)","logger":"airflow.task.hooks.airflow.providers.standard.hooks.subprocess.SubprocessHook","filename":"subprocess.py","lineno":99}
{"timestamp":"2026-06-02T14:19:36.408032Z","level":"info","event":"26/06/02 14:19:36 INFO TaskSetManager: Finished task 9.0 in stage 4.0 (TID 24) in 2792 ms on ac0ccb30c6a7 (executor driver) (8/16)","logger":"airflow.task.hooks.airflow.providers.standard.hooks.subprocess.SubprocessHook","filename":"subprocess.py","lineno":99}
{"timestamp":"2026-06-02T14:19:36.408447Z","level":"info","event":"26/06/02 14:19:36 INFO TaskSetManager: Finished task 14.0 in stage 4.0 (TID 29) in 2789 ms on ac0ccb30c6a7 (executor driver) (9/16)","logger":"airflow.task.hooks.airflow.providers.standard.hooks.subprocess.SubprocessHook","filename":"subprocess.py","lineno":99}
{"timestamp":"2026-06-02T14:19:36.408803Z","level":"info","event":"26/06/02 14:19:36 INFO TaskSetManager: Finished task 8.0 in stage 4.0 (TID 23) in 2795 ms on ac0ccb30c6a7 (executor driver) (10/16)","logger":"airflow.task.hooks.airflow.providers.standard.hooks.subprocess.SubprocessHook","filename":"subprocess.py","lineno":99}
{"timestamp":"2026-06-02T14:19:36.409839Z","level":"info","event":"26/06/02 14:19:36 INFO TaskSetManager: Finished task 5.0 in stage 4.0 (TID 20) in 2800 ms on ac0ccb30c6a7 (executor driver) (11/16)","logger":"airflow.task.hooks.airflow.providers.standard.hooks.subprocess.SubprocessHook","filename":"subprocess.py","lineno":99}
{"timestamp":"2026-06-02T14:19:36.410076Z","level":"info","event":"26/06/02 14:19:36 INFO TaskSetManager: Finished task 2.0 in stage 4.0 (TID 17) in 2803 ms on ac0ccb30c6a7 (executor driver) (12/16)","logger":"airflow.task.hooks.airflow.providers.standard.hooks.subprocess.SubprocessHook","filename":"subprocess.py","lineno":99}
{"timestamp":"2026-06-02T14:19:36.410863Z","level":"info","event":"26/06/02 14:19:36 INFO TaskSetManager: Finished task 4.0 in stage 4.0 (TID 19) in 2802 ms on ac0ccb30c6a7 (executor driver) (13/16)","logger":"airflow.task.hooks.airflow.providers.standard.hooks.subprocess.SubprocessHook","filename":"subprocess.py","lineno":99}
{"timestamp":"2026-06-02T14:19:36.428359Z","level":"info","event":"26/06/02 14:19:36 INFO TaskSetManager: Finished task 15.0 in stage 4.0 (TID 30) in 2795 ms on ac0ccb30c6a7 (executor driver) (14/16)","logger":"airflow.task.hooks.airflow.providers.standard.hooks.subprocess.SubprocessHook","filename":"subprocess.py","lineno":99}
{"timestamp":"2026-06-02T14:19:36.428671Z","level":"info","event":"26/06/02 14:19:36 INFO TaskSetManager: Finished task 1.0 in stage 4.0 (TID 16) in 2823 ms on ac0ccb30c6a7 (executor driver) (15/16)","logger":"airflow.task.hooks.airflow.providers.standard.hooks.subprocess.SubprocessHook","filename":"subprocess.py","lineno":99}
{"timestamp":"2026-06-02T14:19:36.428890Z","level":"info","event":"26/06/02 14:19:36 INFO TaskSetManager: Finished task 6.0 in stage 4.0 (TID 21) in 2820 ms on ac0ccb30c6a7 (executor driver) (16/16)","logger":"airflow.task.hooks.airflow.providers.standard.hooks.subprocess.SubprocessHook","filename":"subprocess.py","lineno":99}
{"timestamp":"2026-06-02T14:19:36.429043Z","level":"info","event":"26/06/02 14:19:36 INFO TaskSchedulerImpl: Removed TaskSet 4.0, whose tasks have all completed, from pool","logger":"airflow.task.hooks.airflow.providers.standard.hooks.subprocess.SubprocessHook","filename":"subprocess.py","lineno":99}
{"timestamp":"2026-06-02T14:19:36.441548Z","level":"info","event":"26/06/02 14:19:36 INFO DAGScheduler: ResultStage 4 (saveAsTable at NativeMethodAccessorImpl.java:0) finished in 2.873 s","logger":"airflow.task.hooks.airflow.providers.standard.hooks.subprocess.SubprocessHook","filename":"subprocess.py","lineno":99}
{"timestamp":"2026-06-02T14:19:36.443282Z","level":"info","event":"26/06/02 14:19:36 INFO DAGScheduler: Job 4 is finished. Cancelling potential speculative or zombie tasks for this job","logger":"airflow.task.hooks.airflow.providers.standard.hooks.subprocess.SubprocessHook","filename":"subprocess.py","lineno":99}
{"timestamp":"2026-06-02T14:19:36.443519Z","level":"info","event":"26/06/02 14:19:36 INFO TaskSchedulerImpl: Killing all running tasks in stage 4: Stage finished","logger":"airflow.task.hooks.airflow.providers.standard.hooks.subprocess.SubprocessHook","filename":"subprocess.py","lineno":99}
{"timestamp":"2026-06-02T14:19:36.443880Z","level":"info","event":"26/06/02 14:19:36 INFO DAGScheduler: Job 4 finished: saveAsTable at NativeMethodAccessorImpl.java:0, took 2.881184 s","logger":"airflow.task.hooks.airflow.providers.standard.hooks.subprocess.SubprocessHook","filename":"subprocess.py","lineno":99}
{"timestamp":"2026-06-02T14:19:36.446184Z","level":"info","event":"26/06/02 14:19:36 INFO DeltaFileFormatWriter: Start to commit write Job 59f4d41a-9765-4773-bcb5-758cb14a21b9.","logger":"airflow.task.hooks.airflow.providers.standard.hooks.subprocess.SubprocessHook","filename":"subprocess.py","lineno":99}
{"timestamp":"2026-06-02T14:19:36.471239Z","level":"info","event":"26/06/02 14:19:36 INFO DeltaFileFormatWriter: Write Job 59f4d41a-9765-4773-bcb5-758cb14a21b9 committed. Elapsed time: 2 ms.","logger":"airflow.task.hooks.airflow.providers.standard.hooks.subprocess.SubprocessHook","filename":"subprocess.py","lineno":99}
{"timestamp":"2026-06-02T14:19:36.475886Z","level":"info","event":"26/06/02 14:19:36 INFO DeltaFileFormatWriter: Finished processing stats for write job 59f4d41a-9765-4773-bcb5-758cb14a21b9.","logger":"airflow.task.hooks.airflow.providers.standard.hooks.subprocess.SubprocessHook","filename":"subprocess.py","lineno":99}
{"timestamp":"2026-06-02T14:19:36.551085Z","level":"info","event":"26/06/02 14:19:36 INFO OptimisticTransaction: [tableId=deca9866,txnId=37b748c0] Attempting to commit version 1 with 17 actions with Serializable isolation level","logger":"airflow.task.hooks.airflow.providers.standard.hooks.subprocess.SubprocessHook","filename":"subprocess.py","lineno":99}
{"timestamp":"2026-06-02T14:19:36.674263Z","level":"info","event":"26/06/02 14:19:36 INFO DeltaLog: Creating a new snapshot v1 for commit version 1","logger":"airflow.task.hooks.airflow.providers.standard.hooks.subprocess.SubprocessHook","filename":"subprocess.py","lineno":99}
{"timestamp":"2026-06-02T14:19:36.674592Z","level":"info","event":"26/06/02 14:19:36 INFO DeltaLog: Loading version 1.","logger":"airflow.task.hooks.airflow.providers.standard.hooks.subprocess.SubprocessHook","filename":"subprocess.py","lineno":99}
{"timestamp":"2026-06-02T14:19:36.683476Z","level":"info","event":"26/06/02 14:19:36 INFO DeltaLogFileIndex: Created DeltaLogFileIndex(JSON, numFilesInSegment: 2, totalFileSize: 12756)","logger":"airflow.task.hooks.airflow.providers.standard.hooks.subprocess.SubprocessHook","filename":"subprocess.py","lineno":99}
{"timestamp":"2026-06-02T14:19:36.777951Z","level":"info","event":"26/06/02 14:19:36 INFO DataSourceStrategy: Pruning directories with:","logger":"airflow.task.hooks.airflow.providers.standard.hooks.subprocess.SubprocessHook","filename":"subprocess.py","lineno":99}
{"timestamp":"2026-06-02T14:19:36.778539Z","level":"info","event":"26/06/02 14:19:36 INFO FileSourceStrategy: Pushed Filters:","logger":"airflow.task.hooks.airflow.providers.standard.hooks.subprocess.SubprocessHook","filename":"subprocess.py","lineno":99}
{"timestamp":"2026-06-02T14:19:36.778630Z","level":"info","event":"26/06/02 14:19:36 INFO FileSourceStrategy: Post-Scan Filters: ((isnotnull(protocol#641.minReaderVersion) OR isnotnull(metaData#640.id)) OR (isnotnull(commitInfo#642.inCommitTimestamp) AND (version#643L = 1)))","logger":"airflow.task.hooks.airflow.providers.standard.hooks.subprocess.SubprocessHook","filename":"subprocess.py","lineno":99}
{"timestamp":"2026-06-02T14:19:36.897871Z","level":"info","event":"26/06/02 14:19:36 INFO CodeGenerator: Code generated in 69.728371 ms","logger":"airflow.task.hooks.airflow.providers.standard.hooks.subprocess.SubprocessHook","filename":"subprocess.py","lineno":99}
{"timestamp":"2026-06-02T14:19:36.902356Z","level":"info","event":"26/06/02 14:19:36 INFO MemoryStore: Block broadcast_6 stored as values in memory (estimated size 202.4 KiB, free 433.7 MiB)","logger":"airflow.task.hooks.airflow.providers.standard.hooks.subprocess.SubprocessHook","filename":"subprocess.py","lineno":99}
{"timestamp":"2026-06-02T14:19:36.925630Z","level":"info","event":"26/06/02 14:19:36 INFO MemoryStore: Block broadcast_6_piece0 stored as bytes in memory (estimated size 35.0 KiB, free 433.7 MiB)","logger":"airflow.task.hooks.airflow.providers.standard.hooks.subprocess.SubprocessHook","filename":"subprocess.py","lineno":99}
{"timestamp":"2026-06-02T14:19:36.929402Z","level":"info","event":"26/06/02 14:19:36 INFO BlockManagerInfo: Added broadcast_6_piece0 in memory on ac0ccb30c6a7:35159 (size: 35.0 KiB, free: 434.2 MiB)","logger":"airflow.task.hooks.airflow.providers.standard.hooks.subprocess.SubprocessHook","filename":"subprocess.py","lineno":99}
{"timestamp":"2026-06-02T14:19:36.932308Z","level":"info","event":"26/06/02 14:19:36 INFO SparkContext: Created broadcast 6 from $anonfun$recordDeltaOperationInternal$1 at DatabricksLogging.scala:128","logger":"airflow.task.hooks.airflow.providers.standard.hooks.subprocess.SubprocessHook","filename":"subprocess.py","lineno":99}
{"timestamp":"2026-06-02T14:19:36.936854Z","level":"info","event":"26/06/02 14:19:36 INFO FileSourceScanExec: Planning scan with bin packing, max size: 4194304 bytes, open cost is considered as scanning 4194304 bytes.","logger":"airflow.task.hooks.airflow.providers.standard.hooks.subprocess.SubprocessHook","filename":"subprocess.py","lineno":99}
{"timestamp":"2026-06-02T14:19:36.955825Z","level":"info","event":"26/06/02 14:19:36 INFO SparkContext: Starting job: $anonfun$recordDeltaOperationInternal$1 at DatabricksLogging.scala:128","logger":"airflow.task.hooks.airflow.providers.standard.hooks.subprocess.SubprocessHook","filename":"subprocess.py","lineno":99}
{"timestamp":"2026-06-02T14:19:36.957551Z","level":"info","event":"26/06/02 14:19:36 INFO DAGScheduler: Got job 5 ($anonfun$recordDeltaOperationInternal$1 at DatabricksLogging.scala:128) with 2 output partitions","logger":"airflow.task.hooks.airflow.providers.standard.hooks.subprocess.SubprocessHook","filename":"subprocess.py","lineno":99}
{"timestamp":"2026-06-02T14:19:36.958473Z","level":"info","event":"26/06/02 14:19:36 INFO DAGScheduler: Final stage: ResultStage 5 ($anonfun$recordDeltaOperationInternal$1 at DatabricksLogging.scala:128)","logger":"airflow.task.hooks.airflow.providers.standard.hooks.subprocess.SubprocessHook","filename":"subprocess.py","lineno":99}
{"timestamp":"2026-06-02T14:19:36.958646Z","level":"info","event":"26/06/02 14:19:36 INFO DAGScheduler: Parents of final stage: List()","logger":"airflow.task.hooks.airflow.providers.standard.hooks.subprocess.SubprocessHook","filename":"subprocess.py","lineno":99}
{"timestamp":"2026-06-02T14:19:36.958741Z","level":"info","event":"26/06/02 14:19:36 INFO DAGScheduler: Missing parents: List()","logger":"airflow.task.hooks.airflow.providers.standard.hooks.subprocess.SubprocessHook","filename":"subprocess.py","lineno":99}
{"timestamp":"2026-06-02T14:19:36.962308Z","level":"info","event":"26/06/02 14:19:36 INFO DAGScheduler: Submitting ResultStage 5 (MapPartitionsRDD[15] at $anonfun$recordDeltaOperationInternal$1 at DatabricksLogging.scala:128), which has no missing parents","logger":"airflow.task.hooks.airflow.providers.standard.hooks.subprocess.SubprocessHook","filename":"subprocess.py","lineno":99}
{"timestamp":"2026-06-02T14:19:36.998646Z","level":"info","event":"26/06/02 14:19:36 INFO MemoryStore: Block broadcast_7 stored as values in memory (estimated size 55.2 KiB, free 433.7 MiB)","logger":"airflow.task.hooks.airflow.providers.standard.hooks.subprocess.SubprocessHook","filename":"subprocess.py","lineno":99}
{"timestamp":"2026-06-02T14:19:37.002049Z","level":"info","event":"26/06/02 14:19:36 INFO MemoryStore: Block broadcast_7_piece0 stored as bytes in memory (estimated size 17.2 KiB, free 433.6 MiB)","logger":"airflow.task.hooks.airflow.providers.standard.hooks.subprocess.SubprocessHook","filename":"subprocess.py","lineno":99}
{"timestamp":"2026-06-02T14:19:37.003004Z","level":"info","event":"26/06/02 14:19:37 INFO BlockManagerInfo: Added broadcast_7_piece0 in memory on ac0ccb30c6a7:35159 (size: 17.2 KiB, free: 434.2 MiB)","logger":"airflow.task.hooks.airflow.providers.standard.hooks.subprocess.SubprocessHook","filename":"subprocess.py","lineno":99}
{"timestamp":"2026-06-02T14:19:37.003426Z","level":"info","event":"26/06/02 14:19:37 INFO SparkContext: Created broadcast 7 from broadcast at DAGScheduler.scala:1611","logger":"airflow.task.hooks.airflow.providers.standard.hooks.subprocess.SubprocessHook","filename":"subprocess.py","lineno":99}
{"timestamp":"2026-06-02T14:19:37.003952Z","level":"info","event":"26/06/02 14:19:37 INFO DAGScheduler: Submitting 2 missing tasks from ResultStage 5 (MapPartitionsRDD[15] at $anonfun$recordDeltaOperationInternal$1 at DatabricksLogging.scala:128) (first 15 tasks are for partitions Vector(0, 1))","logger":"airflow.task.hooks.airflow.providers.standard.hooks.subprocess.SubprocessHook","filename":"subprocess.py","lineno":99}
{"timestamp":"2026-06-02T14:19:37.004076Z","level":"info","event":"26/06/02 14:19:37 INFO TaskSchedulerImpl: Adding task set 5.0 with 2 tasks resource profile 0","logger":"airflow.task.hooks.airflow.providers.standard.hooks.subprocess.SubprocessHook","filename":"subprocess.py","lineno":99}
{"timestamp":"2026-06-02T14:19:37.007415Z","level":"info","event":"26/06/02 14:19:37 INFO TaskSetManager: Starting task 0.0 in stage 5.0 (TID 31) (ac0ccb30c6a7, executor driver, partition 0, PROCESS_LOCAL, 9679 bytes)","logger":"airflow.task.hooks.airflow.providers.standard.hooks.subprocess.SubprocessHook","filename":"subprocess.py","lineno":99}
{"timestamp":"2026-06-02T14:19:37.007767Z","level":"info","event":"26/06/02 14:19:37 INFO BlockManagerInfo: Removed broadcast_5_piece0 on ac0ccb30c6a7:35159 in memory (size: 124.4 KiB, free: 434.3 MiB)","logger":"airflow.task.hooks.airflow.providers.standard.hooks.subprocess.SubprocessHook","filename":"subprocess.py","lineno":99}
{"timestamp":"2026-06-02T14:19:37.007975Z","level":"info","event":"26/06/02 14:19:37 INFO TaskSetManager: Starting task 1.0 in stage 5.0 (TID 32) (ac0ccb30c6a7, executor driver, partition 1, PROCESS_LOCAL, 9679 bytes)","logger":"airflow.task.hooks.airflow.providers.standard.hooks.subprocess.SubprocessHook","filename":"subprocess.py","lineno":99}
{"timestamp":"2026-06-02T14:19:37.009648Z","level":"info","event":"26/06/02 14:19:37 INFO Executor: Running task 0.0 in stage 5.0 (TID 31)","logger":"airflow.task.hooks.airflow.providers.standard.hooks.subprocess.SubprocessHook","filename":"subprocess.py","lineno":99}
{"timestamp":"2026-06-02T14:19:37.009900Z","level":"info","event":"26/06/02 14:19:37 INFO Executor: Running task 1.0 in stage 5.0 (TID 32)","logger":"airflow.task.hooks.airflow.providers.standard.hooks.subprocess.SubprocessHook","filename":"subprocess.py","lineno":99}
{"timestamp":"2026-06-02T14:19:37.071689Z","level":"info","event":"26/06/02 14:19:37 INFO CodeGenerator: Code generated in 39.666949 ms","logger":"airflow.task.hooks.airflow.providers.standard.hooks.subprocess.SubprocessHook","filename":"subprocess.py","lineno":99}
{"timestamp":"2026-06-02T14:19:37.073359Z","level":"info","event":"26/06/02 14:19:37 INFO FileScanRDD: Reading File path: s3a://silver/industry_product/_delta_log/00000000000000000000.json, range: 0-1184, partition values: [0]","logger":"airflow.task.hooks.airflow.providers.standard.hooks.subprocess.SubprocessHook","filename":"subprocess.py","lineno":99}
{"timestamp":"2026-06-02T14:19:37.073581Z","level":"info","event":"26/06/02 14:19:37 INFO FileScanRDD: Reading File path: s3a://silver/industry_product/_delta_log/00000000000000000001.json, range: 0-11572, partition values: [1]","logger":"airflow.task.hooks.airflow.providers.standard.hooks.subprocess.SubprocessHook","filename":"subprocess.py","lineno":99}
{"timestamp":"2026-06-02T14:19:37.125494Z","level":"info","event":"26/06/02 14:19:37 INFO Executor: Finished task 1.0 in stage 5.0 (TID 32). 2007 bytes result sent to driver","logger":"airflow.task.hooks.airflow.providers.standard.hooks.subprocess.SubprocessHook","filename":"subprocess.py","lineno":99}
{"timestamp":"2026-06-02T14:19:37.126384Z","level":"info","event":"26/06/02 14:19:37 INFO Executor: Finished task 0.0 in stage 5.0 (TID 31). 1587 bytes result sent to driver","logger":"airflow.task.hooks.airflow.providers.standard.hooks.subprocess.SubprocessHook","filename":"subprocess.py","lineno":99}
{"timestamp":"2026-06-02T14:19:37.128384Z","level":"info","event":"26/06/02 14:19:37 INFO TaskSetManager: Finished task 1.0 in stage 5.0 (TID 32) in 119 ms on ac0ccb30c6a7 (executor driver) (1/2)","logger":"airflow.task.hooks.airflow.providers.standard.hooks.subprocess.SubprocessHook","filename":"subprocess.py","lineno":99}
{"timestamp":"2026-06-02T14:19:37.129151Z","level":"info","event":"26/06/02 14:19:37 INFO TaskSetManager: Finished task 0.0 in stage 5.0 (TID 31) in 123 ms on ac0ccb30c6a7 (executor driver) (2/2)","logger":"airflow.task.hooks.airflow.providers.standard.hooks.subprocess.SubprocessHook","filename":"subprocess.py","lineno":99}
{"timestamp":"2026-06-02T14:19:37.129268Z","level":"info","event":"26/06/02 14:19:37 INFO TaskSchedulerImpl: Removed TaskSet 5.0, whose tasks have all completed, from pool","logger":"airflow.task.hooks.airflow.providers.standard.hooks.subprocess.SubprocessHook","filename":"subprocess.py","lineno":99}
{"timestamp":"2026-06-02T14:19:37.130205Z","level":"info","event":"26/06/02 14:19:37 INFO DAGScheduler: ResultStage 5 ($anonfun$recordDeltaOperationInternal$1 at DatabricksLogging.scala:128) finished in 0.167 s","logger":"airflow.task.hooks.airflow.providers.standard.hooks.subprocess.SubprocessHook","filename":"subprocess.py","lineno":99}
{"timestamp":"2026-06-02T14:19:37.130442Z","level":"info","event":"26/06/02 14:19:37 INFO DAGScheduler: Job 5 is finished. Cancelling potential speculative or zombie tasks for this job","logger":"airflow.task.hooks.airflow.providers.standard.hooks.subprocess.SubprocessHook","filename":"subprocess.py","lineno":99}
{"timestamp":"2026-06-02T14:19:37.130529Z","level":"info","event":"26/06/02 14:19:37 INFO TaskSchedulerImpl: Killing all running tasks in stage 5: Stage finished","logger":"airflow.task.hooks.airflow.providers.standard.hooks.subprocess.SubprocessHook","filename":"subprocess.py","lineno":99}
{"timestamp":"2026-06-02T14:19:37.130702Z","level":"info","event":"26/06/02 14:19:37 INFO DAGScheduler: Job 5 finished: $anonfun$recordDeltaOperationInternal$1 at DatabricksLogging.scala:128, took 0.177205 s","logger":"airflow.task.hooks.airflow.providers.standard.hooks.subprocess.SubprocessHook","filename":"subprocess.py","lineno":99}
{"timestamp":"2026-06-02T14:19:37.138604Z","level":"info","event":"26/06/02 14:19:37 INFO Snapshot: [tableId=deca9866-c8fe-4359-a609-1676ffd1d0b8] Created snapshot Snapshot(path=s3a://silver/industry_product/_delta_log, version=1, metadata=Metadata(deca9866-c8fe-4359-a609-1676ffd1d0b8,null,null,Format(parquet,Map()),{\"type\":\"struct\",\"fields\":[{\"name\":\"product_name\",\"type\":\"string\",\"nullable\":true,\"metadata\":{}},{\"name\":\"value\",\"type\":\"double\",\"nullable\":true,\"metadata\":{}},{\"name\":\"unit\",\"type\":\"string\",\"nullable\":true,\"metadata\":{}},{\"name\":\"month\",\"type\":\"integer\",\"nullable\":true,\"metadata\":{}},{\"name\":\"quarter\",\"type\":\"integer\",\"nullable\":true,\"metadata\":{}},{\"name\":\"year\",\"type\":\"integer\",\"nullable\":true,\"metadata\":{}},{\"name\":\"ingest_at\",\"type\":\"timestamp\",\"nullable\":true,\"metadata\":{}}]},List(),Map(),Some(1780409957465)), logSegment=LogSegment(s3a://silver/industry_product/_delta_log,1,ArrayBuffer(S3AFileStatus{path=s3a://silver/industry_product/_delta_log/00000000000000000000.json; isDirectory=false; length=1184; replication=1; blocksize=33554432; modification_time=1780409957533; access_time=0; owner=spark; group=spark; permission=rw-rw-rw-; isSymlink=false; hasAcl=false; isEncrypted=true; isErasureCoded=false} isEmptyDirectory=FALSE eTag=472f23d30ab336ff68b7d2ef92347a15 versionId=null, S3AFileStatus{path=s3a://silver/industry_product/_delta_log/00000000000000000001.json; isDirectory=false; length=11572; replication=1; blocksize=33554432; modification_time=1780409976000; access_time=0; owner=spark; group=spark; permission=rw-rw-rw-; isSymlink=false; hasAcl=false; isEncrypted=true; isErasureCoded=false} isEmptyDirectory=FALSE eTag=db60aba020d58ba1098426712981fc6e versionId=null),org.apache.spark.sql.delta.EmptyCheckpointProvider$@5d464a10,1780409976000), checksumOpt=None)","logger":"airflow.task.hooks.airflow.providers.standard.hooks.subprocess.SubprocessHook","filename":"subprocess.py","lineno":99}
{"timestamp":"2026-06-02T14:19:37.143793Z","level":"info","event":"26/06/02 14:19:37 INFO DeltaLog: Updated snapshot to Snapshot(path=s3a://silver/industry_product/_delta_log, version=1, metadata=Metadata(deca9866-c8fe-4359-a609-1676ffd1d0b8,null,null,Format(parquet,Map()),{\"type\":\"struct\",\"fields\":[{\"name\":\"product_name\",\"type\":\"string\",\"nullable\":true,\"metadata\":{}},{\"name\":\"value\",\"type\":\"double\",\"nullable\":true,\"metadata\":{}},{\"name\":\"unit\",\"type\":\"string\",\"nullable\":true,\"metadata\":{}},{\"name\":\"month\",\"type\":\"integer\",\"nullable\":true,\"metadata\":{}},{\"name\":\"quarter\",\"type\":\"integer\",\"nullable\":true,\"metadata\":{}},{\"name\":\"year\",\"type\":\"integer\",\"nullable\":true,\"metadata\":{}},{\"name\":\"ingest_at\",\"type\":\"timestamp\",\"nullable\":true,\"metadata\":{}}]},List(),Map(),Some(1780409957465)), logSegment=LogSegment(s3a://silver/industry_product/_delta_log,1,ArrayBuffer(S3AFileStatus{path=s3a://silver/industry_product/_delta_log/00000000000000000000.json; isDirectory=false; length=1184; replication=1; blocksize=33554432; modification_time=1780409957533; access_time=0; owner=spark; group=spark; permission=rw-rw-rw-; isSymlink=false; hasAcl=false; isEncrypted=true; isErasureCoded=false} isEmptyDirectory=FALSE eTag=472f23d30ab336ff68b7d2ef92347a15 versionId=null, S3AFileStatus{path=s3a://silver/industry_product/_delta_log/00000000000000000001.json; isDirectory=false; length=11572; replication=1; blocksize=33554432; modification_time=1780409976000; access_time=0; owner=spark; group=spark; permission=rw-rw-rw-; isSymlink=false; hasAcl=false; isEncrypted=true; isErasureCoded=false} isEmptyDirectory=FALSE eTag=db60aba020d58ba1098426712981fc6e versionId=null),org.apache.spark.sql.delta.EmptyCheckpointProvider$@5d464a10,1780409976000), checksumOpt=None)","logger":"airflow.task.hooks.airflow.providers.standard.hooks.subprocess.SubprocessHook","filename":"subprocess.py","lineno":99}
{"timestamp":"2026-06-02T14:19:37.206740Z","level":"info","event":"26/06/02 14:19:37 INFO OptimisticTransaction: [tableId=deca9866,txnId=37b748c0] Committed delta #1 to s3a://silver/industry_product/_delta_log","logger":"airflow.task.hooks.airflow.providers.standard.hooks.subprocess.SubprocessHook","filename":"subprocess.py","lineno":99}
{"timestamp":"2026-06-02T14:19:37.215860Z","level":"info","event":"Tải dữ liệu vào table: industry_product hoàn tất !!!!!!!! 2025 4","logger":"airflow.task.hooks.airflow.providers.standard.hooks.subprocess.SubprocessHook","filename":"subprocess.py","lineno":99}
{"timestamp":"2026-06-02T14:19:37.233058Z","level":"info","event":"Bắt đầu insert dữ liệu vào SILVER layer","logger":"airflow.task.hooks.airflow.providers.standard.hooks.subprocess.SubprocessHook","filename":"subprocess.py","lineno":99}
{"timestamp":"2026-06-02T14:19:37.312446Z","level":"info","event":"root","logger":"airflow.task.hooks.airflow.providers.standard.hooks.subprocess.SubprocessHook","filename":"subprocess.py","lineno":99}
{"timestamp":"2026-06-02T14:19:37.313298Z","level":"info","event":" |-- livestock_indicator: string (nullable = true)","logger":"airflow.task.hooks.airflow.providers.standard.hooks.subprocess.SubprocessHook","filename":"subprocess.py","lineno":99}
{"timestamp":"2026-06-02T14:19:37.313499Z","level":"info","event":" |-- value: double (nullable = true)","logger":"airflow.task.hooks.airflow.providers.standard.hooks.subprocess.SubprocessHook","filename":"subprocess.py","lineno":99}
{"timestamp":"2026-06-02T14:19:37.313612Z","level":"info","event":" |-- unit: string (nullable = true)","logger":"airflow.task.hooks.airflow.providers.standard.hooks.subprocess.SubprocessHook","filename":"subprocess.py","lineno":99}
{"timestamp":"2026-06-02T14:19:37.313674Z","level":"info","event":" |-- quarter: integer (nullable = true)","logger":"airflow.task.hooks.airflow.providers.standard.hooks.subprocess.SubprocessHook","filename":"subprocess.py","lineno":99}
{"timestamp":"2026-06-02T14:19:37.313810Z","level":"info","event":" |-- year: integer (nullable = true)","logger":"airflow.task.hooks.airflow.providers.standard.hooks.subprocess.SubprocessHook","filename":"subprocess.py","lineno":99}
{"timestamp":"2026-06-02T14:19:37.313880Z","level":"info","event":" |-- ingest_at: timestamp (nullable = true)","logger":"airflow.task.hooks.airflow.providers.standard.hooks.subprocess.SubprocessHook","filename":"subprocess.py","lineno":99}
{"timestamp":"2026-06-02T14:19:37.313945Z","level":"info","event":"","logger":"airflow.task.hooks.airflow.providers.standard.hooks.subprocess.SubprocessHook","filename":"subprocess.py","lineno":99}
{"timestamp":"2026-06-02T14:19:37.314010Z","level":"info","event":"Đang tải dữ liệu vào SILVER.Livestock !!!!!","logger":"airflow.task.hooks.airflow.providers.standard.hooks.subprocess.SubprocessHook","filename":"subprocess.py","lineno":99}
{"timestamp":"2026-06-02T14:19:37.345197Z","level":"info","event":"26/06/02 14:19:37 INFO BlockManagerInfo: Removed broadcast_7_piece0 on ac0ccb30c6a7:35159 in memory (size: 17.2 KiB, free: 434.4 MiB)","logger":"airflow.task.hooks.airflow.providers.standard.hooks.subprocess.SubprocessHook","filename":"subprocess.py","lineno":99}
{"timestamp":"2026-06-02T14:19:37.406171Z","level":"info","event":"26/06/02 14:19:37 INFO CodeGenerator: Code generated in 8.9954 ms","logger":"airflow.task.hooks.airflow.providers.standard.hooks.subprocess.SubprocessHook","filename":"subprocess.py","lineno":99}
{"timestamp":"2026-06-02T14:19:37.423482Z","level":"info","event":"26/06/02 14:19:37 INFO SparkContext: Starting job: showString at NativeMethodAccessorImpl.java:0","logger":"airflow.task.hooks.airflow.providers.standard.hooks.subprocess.SubprocessHook","filename":"subprocess.py","lineno":99}
{"timestamp":"2026-06-02T14:19:37.424894Z","level":"info","event":"26/06/02 14:19:37 INFO DAGScheduler: Got job 6 (showString at NativeMethodAccessorImpl.java:0) with 1 output partitions","logger":"airflow.task.hooks.airflow.providers.standard.hooks.subprocess.SubprocessHook","filename":"subprocess.py","lineno":99}
{"timestamp":"2026-06-02T14:19:37.425136Z","level":"info","event":"26/06/02 14:19:37 INFO DAGScheduler: Final stage: ResultStage 6 (showString at NativeMethodAccessorImpl.java:0)","logger":"airflow.task.hooks.airflow.providers.standard.hooks.subprocess.SubprocessHook","filename":"subprocess.py","lineno":99}
{"timestamp":"2026-06-02T14:19:37.425245Z","level":"info","event":"26/06/02 14:19:37 INFO DAGScheduler: Parents of final stage: List()","logger":"airflow.task.hooks.airflow.providers.standard.hooks.subprocess.SubprocessHook","filename":"subprocess.py","lineno":99}
{"timestamp":"2026-06-02T14:19:37.430204Z","level":"info","event":"26/06/02 14:19:37 INFO DAGScheduler: Missing parents: List()","logger":"airflow.task.hooks.airflow.providers.standard.hooks.subprocess.SubprocessHook","filename":"subprocess.py","lineno":99}
{"timestamp":"2026-06-02T14:19:37.432542Z","level":"info","event":"26/06/02 14:19:37 INFO DAGScheduler: Submitting ResultStage 6 (MapPartitionsRDD[22] at showString at NativeMethodAccessorImpl.java:0), which has no missing parents","logger":"airflow.task.hooks.airflow.providers.standard.hooks.subprocess.SubprocessHook","filename":"subprocess.py","lineno":99}
{"timestamp":"2026-06-02T14:19:37.435226Z","level":"info","event":"26/06/02 14:19:37 INFO MemoryStore: Block broadcast_8 stored as values in memory (estimated size 15.3 KiB, free 434.2 MiB)","logger":"airflow.task.hooks.airflow.providers.standard.hooks.subprocess.SubprocessHook","filename":"subprocess.py","lineno":99}
{"timestamp":"2026-06-02T14:19:37.436659Z","level":"info","event":"26/06/02 14:19:37 INFO MemoryStore: Block broadcast_8_piece0 stored as bytes in memory (estimated size 7.6 KiB, free 434.1 MiB)","logger":"airflow.task.hooks.airflow.providers.standard.hooks.subprocess.SubprocessHook","filename":"subprocess.py","lineno":99}
{"timestamp":"2026-06-02T14:19:37.437533Z","level":"info","event":"26/06/02 14:19:37 INFO BlockManagerInfo: Added broadcast_8_piece0 in memory on ac0ccb30c6a7:35159 (size: 7.6 KiB, free: 434.4 MiB)","logger":"airflow.task.hooks.airflow.providers.standard.hooks.subprocess.SubprocessHook","filename":"subprocess.py","lineno":99}
{"timestamp":"2026-06-02T14:19:37.437802Z","level":"info","event":"26/06/02 14:19:37 INFO SparkContext: Created broadcast 8 from broadcast at DAGScheduler.scala:1611","logger":"airflow.task.hooks.airflow.providers.standard.hooks.subprocess.SubprocessHook","filename":"subprocess.py","lineno":99}
{"timestamp":"2026-06-02T14:19:37.438381Z","level":"info","event":"26/06/02 14:19:37 INFO DAGScheduler: Submitting 1 missing tasks from ResultStage 6 (MapPartitionsRDD[22] at showString at NativeMethodAccessorImpl.java:0) (first 15 tasks are for partitions Vector(0))","logger":"airflow.task.hooks.airflow.providers.standard.hooks.subprocess.SubprocessHook","filename":"subprocess.py","lineno":99}
{"timestamp":"2026-06-02T14:19:37.438455Z","level":"info","event":"26/06/02 14:19:37 INFO TaskSchedulerImpl: Adding task set 6.0 with 1 tasks resource profile 0","logger":"airflow.task.hooks.airflow.providers.standard.hooks.subprocess.SubprocessHook","filename":"subprocess.py","lineno":99}
{"timestamp":"2026-06-02T14:19:37.440118Z","level":"info","event":"26/06/02 14:19:37 INFO TaskSetManager: Starting task 0.0 in stage 6.0 (TID 33) (ac0ccb30c6a7, executor driver, partition 0, PROCESS_LOCAL, 8979 bytes)","logger":"airflow.task.hooks.airflow.providers.standard.hooks.subprocess.SubprocessHook","filename":"subprocess.py","lineno":99}
{"timestamp":"2026-06-02T14:19:37.441578Z","level":"info","event":"26/06/02 14:19:37 INFO Executor: Running task 0.0 in stage 6.0 (TID 33)","logger":"airflow.task.hooks.airflow.providers.standard.hooks.subprocess.SubprocessHook","filename":"subprocess.py","lineno":99}
{"timestamp":"2026-06-02T14:19:37.469681Z","level":"info","event":"26/06/02 14:19:37 INFO CodeGenerator: Code generated in 13.941511 ms","logger":"airflow.task.hooks.airflow.providers.standard.hooks.subprocess.SubprocessHook","filename":"subprocess.py","lineno":99}
{"timestamp":"2026-06-02T14:19:37.554408Z","level":"info","event":"26/06/02 14:19:37 INFO PythonRunner: Times: total = 106, boot = -2810, init = 2916, finish = 0","logger":"airflow.task.hooks.airflow.providers.standard.hooks.subprocess.SubprocessHook","filename":"subprocess.py","lineno":99}
{"timestamp":"2026-06-02T14:19:37.563469Z","level":"info","event":"26/06/02 14:19:37 INFO Executor: Finished task 0.0 in stage 6.0 (TID 33). 1886 bytes result sent to driver","logger":"airflow.task.hooks.airflow.providers.standard.hooks.subprocess.SubprocessHook","filename":"subprocess.py","lineno":99}
{"timestamp":"2026-06-02T14:19:37.566299Z","level":"info","event":"26/06/02 14:19:37 INFO TaskSetManager: Finished task 0.0 in stage 6.0 (TID 33) in 124 ms on ac0ccb30c6a7 (executor driver) (1/1)","logger":"airflow.task.hooks.airflow.providers.standard.hooks.subprocess.SubprocessHook","filename":"subprocess.py","lineno":99}
{"timestamp":"2026-06-02T14:19:37.566981Z","level":"info","event":"26/06/02 14:19:37 INFO TaskSchedulerImpl: Removed TaskSet 6.0, whose tasks have all completed, from pool","logger":"airflow.task.hooks.airflow.providers.standard.hooks.subprocess.SubprocessHook","filename":"subprocess.py","lineno":99}
{"timestamp":"2026-06-02T14:19:37.568165Z","level":"info","event":"26/06/02 14:19:37 INFO DAGScheduler: ResultStage 6 (showString at NativeMethodAccessorImpl.java:0) finished in 0.134 s","logger":"airflow.task.hooks.airflow.providers.standard.hooks.subprocess.SubprocessHook","filename":"subprocess.py","lineno":99}
{"timestamp":"2026-06-02T14:19:37.568385Z","level":"info","event":"26/06/02 14:19:37 INFO DAGScheduler: Job 6 is finished. Cancelling potential speculative or zombie tasks for this job","logger":"airflow.task.hooks.airflow.providers.standard.hooks.subprocess.SubprocessHook","filename":"subprocess.py","lineno":99}
{"timestamp":"2026-06-02T14:19:37.568481Z","level":"info","event":"26/06/02 14:19:37 INFO TaskSchedulerImpl: Killing all running tasks in stage 6: Stage finished","logger":"airflow.task.hooks.airflow.providers.standard.hooks.subprocess.SubprocessHook","filename":"subprocess.py","lineno":99}
{"timestamp":"2026-06-02T14:19:37.570169Z","level":"info","event":"26/06/02 14:19:37 INFO DAGScheduler: Job 6 finished: showString at NativeMethodAccessorImpl.java:0, took 0.148559 s","logger":"airflow.task.hooks.airflow.providers.standard.hooks.subprocess.SubprocessHook","filename":"subprocess.py","lineno":99}
{"timestamp":"2026-06-02T14:19:37.578761Z","level":"info","event":"26/06/02 14:19:37 INFO SparkContext: Starting job: showString at NativeMethodAccessorImpl.java:0","logger":"airflow.task.hooks.airflow.providers.standard.hooks.subprocess.SubprocessHook","filename":"subprocess.py","lineno":99}
{"timestamp":"2026-06-02T14:19:37.581957Z","level":"info","event":"26/06/02 14:19:37 INFO DAGScheduler: Got job 7 (showString at NativeMethodAccessorImpl.java:0) with 4 output partitions","logger":"airflow.task.hooks.airflow.providers.standard.hooks.subprocess.SubprocessHook","filename":"subprocess.py","lineno":99}
{"timestamp":"2026-06-02T14:19:37.582816Z","level":"info","event":"26/06/02 14:19:37 INFO DAGScheduler: Final stage: ResultStage 7 (showString at NativeMethodAccessorImpl.java:0)","logger":"airflow.task.hooks.airflow.providers.standard.hooks.subprocess.SubprocessHook","filename":"subprocess.py","lineno":99}
{"timestamp":"2026-06-02T14:19:37.583009Z","level":"info","event":"26/06/02 14:19:37 INFO DAGScheduler: Parents of final stage: List()","logger":"airflow.task.hooks.airflow.providers.standard.hooks.subprocess.SubprocessHook","filename":"subprocess.py","lineno":99}
{"timestamp":"2026-06-02T14:19:37.583113Z","level":"info","event":"26/06/02 14:19:37 INFO DAGScheduler: Missing parents: List()","logger":"airflow.task.hooks.airflow.providers.standard.hooks.subprocess.SubprocessHook","filename":"subprocess.py","lineno":99}
{"timestamp":"2026-06-02T14:19:37.586026Z","level":"info","event":"26/06/02 14:19:37 INFO DAGScheduler: Submitting ResultStage 7 (MapPartitionsRDD[22] at showString at NativeMethodAccessorImpl.java:0), which has no missing parents","logger":"airflow.task.hooks.airflow.providers.standard.hooks.subprocess.SubprocessHook","filename":"subprocess.py","lineno":99}
{"timestamp":"2026-06-02T14:19:37.591316Z","level":"info","event":"26/06/02 14:19:37 INFO MemoryStore: Block broadcast_9 stored as values in memory (estimated size 15.3 KiB, free 434.1 MiB)","logger":"airflow.task.hooks.airflow.providers.standard.hooks.subprocess.SubprocessHook","filename":"subprocess.py","lineno":99}
{"timestamp":"2026-06-02T14:19:37.595326Z","level":"info","event":"26/06/02 14:19:37 INFO MemoryStore: Block broadcast_9_piece0 stored as bytes in memory (estimated size 7.6 KiB, free 434.1 MiB)","logger":"airflow.task.hooks.airflow.providers.standard.hooks.subprocess.SubprocessHook","filename":"subprocess.py","lineno":99}
{"timestamp":"2026-06-02T14:19:37.597924Z","level":"info","event":"26/06/02 14:19:37 INFO BlockManagerInfo: Added broadcast_9_piece0 in memory on ac0ccb30c6a7:35159 (size: 7.6 KiB, free: 434.4 MiB)","logger":"airflow.task.hooks.airflow.providers.standard.hooks.subprocess.SubprocessHook","filename":"subprocess.py","lineno":99}
{"timestamp":"2026-06-02T14:19:37.600425Z","level":"info","event":"26/06/02 14:19:37 INFO SparkContext: Created broadcast 9 from broadcast at DAGScheduler.scala:1611","logger":"airflow.task.hooks.airflow.providers.standard.hooks.subprocess.SubprocessHook","filename":"subprocess.py","lineno":99}
{"timestamp":"2026-06-02T14:19:37.600985Z","level":"info","event":"26/06/02 14:19:37 INFO DAGScheduler: Submitting 4 missing tasks from ResultStage 7 (MapPartitionsRDD[22] at showString at NativeMethodAccessorImpl.java:0) (first 15 tasks are for partitions Vector(1, 2, 3, 4))","logger":"airflow.task.hooks.airflow.providers.standard.hooks.subprocess.SubprocessHook","filename":"subprocess.py","lineno":99}
{"timestamp":"2026-06-02T14:19:37.601199Z","level":"info","event":"26/06/02 14:19:37 INFO TaskSchedulerImpl: Adding task set 7.0 with 4 tasks resource profile 0","logger":"airflow.task.hooks.airflow.providers.standard.hooks.subprocess.SubprocessHook","filename":"subprocess.py","lineno":99}
{"timestamp":"2026-06-02T14:19:37.602587Z","level":"info","event":"26/06/02 14:19:37 INFO TaskSetManager: Starting task 0.0 in stage 7.0 (TID 34) (ac0ccb30c6a7, executor driver, partition 1, PROCESS_LOCAL, 8979 bytes)","logger":"airflow.task.hooks.airflow.providers.standard.hooks.subprocess.SubprocessHook","filename":"subprocess.py","lineno":99}
{"timestamp":"2026-06-02T14:19:37.602976Z","level":"info","event":"26/06/02 14:19:37 INFO TaskSetManager: Starting task 1.0 in stage 7.0 (TID 35) (ac0ccb30c6a7, executor driver, partition 2, PROCESS_LOCAL, 9060 bytes)","logger":"airflow.task.hooks.airflow.providers.standard.hooks.subprocess.SubprocessHook","filename":"subprocess.py","lineno":99}
{"timestamp":"2026-06-02T14:19:37.603143Z","level":"info","event":"26/06/02 14:19:37 INFO TaskSetManager: Starting task 2.0 in stage 7.0 (TID 36) (ac0ccb30c6a7, executor driver, partition 3, PROCESS_LOCAL, 8979 bytes)","logger":"airflow.task.hooks.airflow.providers.standard.hooks.subprocess.SubprocessHook","filename":"subprocess.py","lineno":99}
{"timestamp":"2026-06-02T14:19:37.603945Z","level":"info","event":"26/06/02 14:19:37 INFO TaskSetManager: Starting task 3.0 in stage 7.0 (TID 37) (ac0ccb30c6a7, executor driver, partition 4, PROCESS_LOCAL, 8979 bytes)","logger":"airflow.task.hooks.airflow.providers.standard.hooks.subprocess.SubprocessHook","filename":"subprocess.py","lineno":99}
{"timestamp":"2026-06-02T14:19:37.605232Z","level":"info","event":"26/06/02 14:19:37 INFO Executor: Running task 0.0 in stage 7.0 (TID 34)","logger":"airflow.task.hooks.airflow.providers.standard.hooks.subprocess.SubprocessHook","filename":"subprocess.py","lineno":99}
{"timestamp":"2026-06-02T14:19:37.605356Z","level":"info","event":"26/06/02 14:19:37 INFO Executor: Running task 2.0 in stage 7.0 (TID 36)","logger":"airflow.task.hooks.airflow.providers.standard.hooks.subprocess.SubprocessHook","filename":"subprocess.py","lineno":99}
{"timestamp":"2026-06-02T14:19:37.605410Z","level":"info","event":"26/06/02 14:19:37 INFO Executor: Running task 1.0 in stage 7.0 (TID 35)","logger":"airflow.task.hooks.airflow.providers.standard.hooks.subprocess.SubprocessHook","filename":"subprocess.py","lineno":99}
{"timestamp":"2026-06-02T14:19:37.605438Z","level":"info","event":"26/06/02 14:19:37 INFO Executor: Running task 3.0 in stage 7.0 (TID 37)","logger":"airflow.task.hooks.airflow.providers.standard.hooks.subprocess.SubprocessHook","filename":"subprocess.py","lineno":99}
{"timestamp":"2026-06-02T14:19:37.660506Z","level":"info","event":"26/06/02 14:19:37 INFO BlockManagerInfo: Removed broadcast_6_piece0 on ac0ccb30c6a7:35159 in memory (size: 35.0 KiB, free: 434.4 MiB)","logger":"airflow.task.hooks.airflow.providers.standard.hooks.subprocess.SubprocessHook","filename":"subprocess.py","lineno":99}
{"timestamp":"2026-06-02T14:19:37.716916Z","level":"info","event":"26/06/02 14:19:37 INFO PythonRunner: Times: total = 75, boot = -3549, init = 3624, finish = 0","logger":"airflow.task.hooks.airflow.providers.standard.hooks.subprocess.SubprocessHook","filename":"subprocess.py","lineno":99}
{"timestamp":"2026-06-02T14:19:37.720525Z","level":"info","event":"26/06/02 14:19:37 INFO Executor: Finished task 2.0 in stage 7.0 (TID 36). 1843 bytes result sent to driver","logger":"airflow.task.hooks.airflow.providers.standard.hooks.subprocess.SubprocessHook","filename":"subprocess.py","lineno":99}
{"timestamp":"2026-06-02T14:19:37.722903Z","level":"info","event":"26/06/02 14:19:37 INFO TaskSetManager: Finished task 2.0 in stage 7.0 (TID 36) in 119 ms on ac0ccb30c6a7 (executor driver) (1/4)","logger":"airflow.task.hooks.airflow.providers.standard.hooks.subprocess.SubprocessHook","filename":"subprocess.py","lineno":99}
{"timestamp":"2026-06-02T14:19:37.730590Z","level":"info","event":"26/06/02 14:19:37 INFO PythonRunner: Times: total = 89, boot = -3517, init = 3606, finish = 0","logger":"airflow.task.hooks.airflow.providers.standard.hooks.subprocess.SubprocessHook","filename":"subprocess.py","lineno":99}
{"timestamp":"2026-06-02T14:19:37.734854Z","level":"info","event":"26/06/02 14:19:37 INFO Executor: Finished task 3.0 in stage 7.0 (TID 37). 1843 bytes result sent to driver","logger":"airflow.task.hooks.airflow.providers.standard.hooks.subprocess.SubprocessHook","filename":"subprocess.py","lineno":99}
{"timestamp":"2026-06-02T14:19:37.735778Z","level":"info","event":"26/06/02 14:19:37 INFO TaskSetManager: Finished task 3.0 in stage 7.0 (TID 37) in 131 ms on ac0ccb30c6a7 (executor driver) (2/4)","logger":"airflow.task.hooks.airflow.providers.standard.hooks.subprocess.SubprocessHook","filename":"subprocess.py","lineno":99}
{"timestamp":"2026-06-02T14:19:37.740885Z","level":"info","event":"26/06/02 14:19:37 INFO PythonRunner: Times: total = 100, boot = -3112, init = 3212, finish = 0","logger":"airflow.task.hooks.airflow.providers.standard.hooks.subprocess.SubprocessHook","filename":"subprocess.py","lineno":99}
{"timestamp":"2026-06-02T14:19:37.744480Z","level":"info","event":"26/06/02 14:19:37 INFO Executor: Finished task 0.0 in stage 7.0 (TID 34). 1843 bytes result sent to driver","logger":"airflow.task.hooks.airflow.providers.standard.hooks.subprocess.SubprocessHook","filename":"subprocess.py","lineno":99}
{"timestamp":"2026-06-02T14:19:37.745544Z","level":"info","event":"26/06/02 14:19:37 INFO TaskSetManager: Finished task 0.0 in stage 7.0 (TID 34) in 144 ms on ac0ccb30c6a7 (executor driver) (3/4)","logger":"airflow.task.hooks.airflow.providers.standard.hooks.subprocess.SubprocessHook","filename":"subprocess.py","lineno":99}
{"timestamp":"2026-06-02T14:19:37.752441Z","level":"info","event":"26/06/02 14:19:37 INFO PythonRunner: Times: total = 111, boot = -2957, init = 3068, finish = 0","logger":"airflow.task.hooks.airflow.providers.standard.hooks.subprocess.SubprocessHook","filename":"subprocess.py","lineno":99}
{"timestamp":"2026-06-02T14:19:37.754939Z","level":"info","event":"26/06/02 14:19:37 INFO Executor: Finished task 1.0 in stage 7.0 (TID 35). 1997 bytes result sent to driver","logger":"airflow.task.hooks.airflow.providers.standard.hooks.subprocess.SubprocessHook","filename":"subprocess.py","lineno":99}
{"timestamp":"2026-06-02T14:19:37.755707Z","level":"info","event":"26/06/02 14:19:37 INFO TaskSetManager: Finished task 1.0 in stage 7.0 (TID 35) in 154 ms on ac0ccb30c6a7 (executor driver) (4/4)","logger":"airflow.task.hooks.airflow.providers.standard.hooks.subprocess.SubprocessHook","filename":"subprocess.py","lineno":99}
{"timestamp":"2026-06-02T14:19:37.755968Z","level":"info","event":"26/06/02 14:19:37 INFO TaskSchedulerImpl: Removed TaskSet 7.0, whose tasks have all completed, from pool","logger":"airflow.task.hooks.airflow.providers.standard.hooks.subprocess.SubprocessHook","filename":"subprocess.py","lineno":99}
{"timestamp":"2026-06-02T14:19:37.757031Z","level":"info","event":"26/06/02 14:19:37 INFO DAGScheduler: ResultStage 7 (showString at NativeMethodAccessorImpl.java:0) finished in 0.171 s","logger":"airflow.task.hooks.airflow.providers.standard.hooks.subprocess.SubprocessHook","filename":"subprocess.py","lineno":99}
{"timestamp":"2026-06-02T14:19:37.758342Z","level":"info","event":"26/06/02 14:19:37 INFO DAGScheduler: Job 7 is finished. Cancelling potential speculative or zombie tasks for this job","logger":"airflow.task.hooks.airflow.providers.standard.hooks.subprocess.SubprocessHook","filename":"subprocess.py","lineno":99}
{"timestamp":"2026-06-02T14:19:37.758547Z","level":"info","event":"26/06/02 14:19:37 INFO TaskSchedulerImpl: Killing all running tasks in stage 7: Stage finished","logger":"airflow.task.hooks.airflow.providers.standard.hooks.subprocess.SubprocessHook","filename":"subprocess.py","lineno":99}
{"timestamp":"2026-06-02T14:19:37.758696Z","level":"info","event":"26/06/02 14:19:37 INFO DAGScheduler: Job 7 finished: showString at NativeMethodAccessorImpl.java:0, took 0.182466 s","logger":"airflow.task.hooks.airflow.providers.standard.hooks.subprocess.SubprocessHook","filename":"subprocess.py","lineno":99}
{"timestamp":"2026-06-02T14:19:37.764857Z","level":"info","event":"26/06/02 14:19:37 INFO SparkContext: Starting job: showString at NativeMethodAccessorImpl.java:0","logger":"airflow.task.hooks.airflow.providers.standard.hooks.subprocess.SubprocessHook","filename":"subprocess.py","lineno":99}
{"timestamp":"2026-06-02T14:19:37.765843Z","level":"info","event":"26/06/02 14:19:37 INFO DAGScheduler: Got job 8 (showString at NativeMethodAccessorImpl.java:0) with 11 output partitions","logger":"airflow.task.hooks.airflow.providers.standard.hooks.subprocess.SubprocessHook","filename":"subprocess.py","lineno":99}
{"timestamp":"2026-06-02T14:19:37.765984Z","level":"info","event":"26/06/02 14:19:37 INFO DAGScheduler: Final stage: ResultStage 8 (showString at NativeMethodAccessorImpl.java:0)","logger":"airflow.task.hooks.airflow.providers.standard.hooks.subprocess.SubprocessHook","filename":"subprocess.py","lineno":99}
{"timestamp":"2026-06-02T14:19:37.766024Z","level":"info","event":"26/06/02 14:19:37 INFO DAGScheduler: Parents of final stage: List()","logger":"airflow.task.hooks.airflow.providers.standard.hooks.subprocess.SubprocessHook","filename":"subprocess.py","lineno":99}
{"timestamp":"2026-06-02T14:19:37.766046Z","level":"info","event":"26/06/02 14:19:37 INFO DAGScheduler: Missing parents: List()","logger":"airflow.task.hooks.airflow.providers.standard.hooks.subprocess.SubprocessHook","filename":"subprocess.py","lineno":99}
{"timestamp":"2026-06-02T14:19:37.766894Z","level":"info","event":"26/06/02 14:19:37 INFO DAGScheduler: Submitting ResultStage 8 (MapPartitionsRDD[22] at showString at NativeMethodAccessorImpl.java:0), which has no missing parents","logger":"airflow.task.hooks.airflow.providers.standard.hooks.subprocess.SubprocessHook","filename":"subprocess.py","lineno":99}
{"timestamp":"2026-06-02T14:19:37.769633Z","level":"info","event":"26/06/02 14:19:37 INFO MemoryStore: Block broadcast_10 stored as values in memory (estimated size 15.3 KiB, free 434.3 MiB)","logger":"airflow.task.hooks.airflow.providers.standard.hooks.subprocess.SubprocessHook","filename":"subprocess.py","lineno":99}
{"timestamp":"2026-06-02T14:19:37.771206Z","level":"info","event":"26/06/02 14:19:37 INFO MemoryStore: Block broadcast_10_piece0 stored as bytes in memory (estimated size 7.6 KiB, free 434.3 MiB)","logger":"airflow.task.hooks.airflow.providers.standard.hooks.subprocess.SubprocessHook","filename":"subprocess.py","lineno":99}
{"timestamp":"2026-06-02T14:19:37.771676Z","level":"info","event":"26/06/02 14:19:37 INFO BlockManagerInfo: Added broadcast_10_piece0 in memory on ac0ccb30c6a7:35159 (size: 7.6 KiB, free: 434.4 MiB)","logger":"airflow.task.hooks.airflow.providers.standard.hooks.subprocess.SubprocessHook","filename":"subprocess.py","lineno":99}
{"timestamp":"2026-06-02T14:19:37.772437Z","level":"info","event":"26/06/02 14:19:37 INFO SparkContext: Created broadcast 10 from broadcast at DAGScheduler.scala:1611","logger":"airflow.task.hooks.airflow.providers.standard.hooks.subprocess.SubprocessHook","filename":"subprocess.py","lineno":99}
{"timestamp":"2026-06-02T14:19:37.772726Z","level":"info","event":"26/06/02 14:19:37 INFO DAGScheduler: Submitting 11 missing tasks from ResultStage 8 (MapPartitionsRDD[22] at showString at NativeMethodAccessorImpl.java:0) (first 15 tasks are for partitions Vector(5, 6, 7, 8, 9, 10, 11, 12, 13, 14, 15))","logger":"airflow.task.hooks.airflow.providers.standard.hooks.subprocess.SubprocessHook","filename":"subprocess.py","lineno":99}
{"timestamp":"2026-06-02T14:19:37.772846Z","level":"info","event":"26/06/02 14:19:37 INFO TaskSchedulerImpl: Adding task set 8.0 with 11 tasks resource profile 0","logger":"airflow.task.hooks.airflow.providers.standard.hooks.subprocess.SubprocessHook","filename":"subprocess.py","lineno":99}
{"timestamp":"2026-06-02T14:19:37.775008Z","level":"info","event":"26/06/02 14:19:37 INFO TaskSetManager: Starting task 0.0 in stage 8.0 (TID 38) (ac0ccb30c6a7, executor driver, partition 5, PROCESS_LOCAL, 9064 bytes)","logger":"airflow.task.hooks.airflow.providers.standard.hooks.subprocess.SubprocessHook","filename":"subprocess.py","lineno":99}
{"timestamp":"2026-06-02T14:19:37.775291Z","level":"info","event":"26/06/02 14:19:37 INFO TaskSetManager: Starting task 1.0 in stage 8.0 (TID 39) (ac0ccb30c6a7, executor driver, partition 6, PROCESS_LOCAL, 8979 bytes)","logger":"airflow.task.hooks.airflow.providers.standard.hooks.subprocess.SubprocessHook","filename":"subprocess.py","lineno":99}
{"timestamp":"2026-06-02T14:19:37.775423Z","level":"info","event":"26/06/02 14:19:37 INFO TaskSetManager: Starting task 2.0 in stage 8.0 (TID 40) (ac0ccb30c6a7, executor driver, partition 7, PROCESS_LOCAL, 9060 bytes)","logger":"airflow.task.hooks.airflow.providers.standard.hooks.subprocess.SubprocessHook","filename":"subprocess.py","lineno":99}
{"timestamp":"2026-06-02T14:19:37.775617Z","level":"info","event":"26/06/02 14:19:37 INFO TaskSetManager: Starting task 3.0 in stage 8.0 (TID 41) (ac0ccb30c6a7, executor driver, partition 8, PROCESS_LOCAL, 8979 bytes)","logger":"airflow.task.hooks.airflow.providers.standard.hooks.subprocess.SubprocessHook","filename":"subprocess.py","lineno":99}
{"timestamp":"2026-06-02T14:19:37.775957Z","level":"info","event":"26/06/02 14:19:37 INFO TaskSetManager: Starting task 4.0 in stage 8.0 (TID 42) (ac0ccb30c6a7, executor driver, partition 9, PROCESS_LOCAL, 8979 bytes)","logger":"airflow.task.hooks.airflow.providers.standard.hooks.subprocess.SubprocessHook","filename":"subprocess.py","lineno":99}
{"timestamp":"2026-06-02T14:19:37.776343Z","level":"info","event":"26/06/02 14:19:37 INFO TaskSetManager: Starting task 5.0 in stage 8.0 (TID 43) (ac0ccb30c6a7, executor driver, partition 10, PROCESS_LOCAL, 9058 bytes)","logger":"airflow.task.hooks.airflow.providers.standard.hooks.subprocess.SubprocessHook","filename":"subprocess.py","lineno":99}
{"timestamp":"2026-06-02T14:19:37.777019Z","level":"info","event":"26/06/02 14:19:37 INFO TaskSetManager: Starting task 6.0 in stage 8.0 (TID 44) (ac0ccb30c6a7, executor driver, partition 11, PROCESS_LOCAL, 8979 bytes)","logger":"airflow.task.hooks.airflow.providers.standard.hooks.subprocess.SubprocessHook","filename":"subprocess.py","lineno":99}
{"timestamp":"2026-06-02T14:19:37.777985Z","level":"info","event":"26/06/02 14:19:37 INFO TaskSetManager: Starting task 7.0 in stage 8.0 (TID 45) (ac0ccb30c6a7, executor driver, partition 12, PROCESS_LOCAL, 8979 bytes)","logger":"airflow.task.hooks.airflow.providers.standard.hooks.subprocess.SubprocessHook","filename":"subprocess.py","lineno":99}
{"timestamp":"2026-06-02T14:19:37.778245Z","level":"info","event":"26/06/02 14:19:37 INFO TaskSetManager: Starting task 8.0 in stage 8.0 (TID 46) (ac0ccb30c6a7, executor driver, partition 13, PROCESS_LOCAL, 9056 bytes)","logger":"airflow.task.hooks.airflow.providers.standard.hooks.subprocess.SubprocessHook","filename":"subprocess.py","lineno":99}
{"timestamp":"2026-06-02T14:19:37.779069Z","level":"info","event":"26/06/02 14:19:37 INFO TaskSetManager: Starting task 9.0 in stage 8.0 (TID 47) (ac0ccb30c6a7, executor driver, partition 14, PROCESS_LOCAL, 8979 bytes)","logger":"airflow.task.hooks.airflow.providers.standard.hooks.subprocess.SubprocessHook","filename":"subprocess.py","lineno":99}
{"timestamp":"2026-06-02T14:19:37.779250Z","level":"info","event":"26/06/02 14:19:37 INFO TaskSetManager: Starting task 10.0 in stage 8.0 (TID 48) (ac0ccb30c6a7, executor driver, partition 15, PROCESS_LOCAL, 9053 bytes)","logger":"airflow.task.hooks.airflow.providers.standard.hooks.subprocess.SubprocessHook","filename":"subprocess.py","lineno":99}
{"timestamp":"2026-06-02T14:19:37.779841Z","level":"info","event":"26/06/02 14:19:37 INFO Executor: Running task 2.0 in stage 8.0 (TID 40)","logger":"airflow.task.hooks.airflow.providers.standard.hooks.subprocess.SubprocessHook","filename":"subprocess.py","lineno":99}
{"timestamp":"2026-06-02T14:19:37.779956Z","level":"info","event":"26/06/02 14:19:37 INFO Executor: Running task 6.0 in stage 8.0 (TID 44)","logger":"airflow.task.hooks.airflow.providers.standard.hooks.subprocess.SubprocessHook","filename":"subprocess.py","lineno":99}
{"timestamp":"2026-06-02T14:19:37.780014Z","level":"info","event":"26/06/02 14:19:37 INFO Executor: Running task 10.0 in stage 8.0 (TID 48)","logger":"airflow.task.hooks.airflow.providers.standard.hooks.subprocess.SubprocessHook","filename":"subprocess.py","lineno":99}
{"timestamp":"2026-06-02T14:19:37.780058Z","level":"info","event":"26/06/02 14:19:37 INFO Executor: Running task 4.0 in stage 8.0 (TID 42)","logger":"airflow.task.hooks.airflow.providers.standard.hooks.subprocess.SubprocessHook","filename":"subprocess.py","lineno":99}
{"timestamp":"2026-06-02T14:19:37.780084Z","level":"info","event":"26/06/02 14:19:37 INFO Executor: Running task 8.0 in stage 8.0 (TID 46)","logger":"airflow.task.hooks.airflow.providers.standard.hooks.subprocess.SubprocessHook","filename":"subprocess.py","lineno":99}
{"timestamp":"2026-06-02T14:19:37.780103Z","level":"info","event":"26/06/02 14:19:37 INFO Executor: Running task 3.0 in stage 8.0 (TID 41)","logger":"airflow.task.hooks.airflow.providers.standard.hooks.subprocess.SubprocessHook","filename":"subprocess.py","lineno":99}
{"timestamp":"2026-06-02T14:19:37.780121Z","level":"info","event":"26/06/02 14:19:37 INFO Executor: Running task 5.0 in stage 8.0 (TID 43)","logger":"airflow.task.hooks.airflow.providers.standard.hooks.subprocess.SubprocessHook","filename":"subprocess.py","lineno":99}
{"timestamp":"2026-06-02T14:19:37.780301Z","level":"info","event":"26/06/02 14:19:37 INFO Executor: Running task 9.0 in stage 8.0 (TID 47)","logger":"airflow.task.hooks.airflow.providers.standard.hooks.subprocess.SubprocessHook","filename":"subprocess.py","lineno":99}
{"timestamp":"2026-06-02T14:19:37.780394Z","level":"info","event":"26/06/02 14:19:37 INFO Executor: Running task 1.0 in stage 8.0 (TID 39)","logger":"airflow.task.hooks.airflow.providers.standard.hooks.subprocess.SubprocessHook","filename":"subprocess.py","lineno":99}
{"timestamp":"2026-06-02T14:19:37.780439Z","level":"info","event":"26/06/02 14:19:37 INFO Executor: Running task 0.0 in stage 8.0 (TID 38)","logger":"airflow.task.hooks.airflow.providers.standard.hooks.subprocess.SubprocessHook","filename":"subprocess.py","lineno":99}
{"timestamp":"2026-06-02T14:19:37.782494Z","level":"info","event":"26/06/02 14:19:37 INFO Executor: Running task 7.0 in stage 8.0 (TID 45)","logger":"airflow.task.hooks.airflow.providers.standard.hooks.subprocess.SubprocessHook","filename":"subprocess.py","lineno":99}
{"timestamp":"2026-06-02T14:19:37.909710Z","level":"info","event":"26/06/02 14:19:37 INFO PythonRunner: Times: total = 120, boot = -3628, init = 3748, finish = 0","logger":"airflow.task.hooks.airflow.providers.standard.hooks.subprocess.SubprocessHook","filename":"subprocess.py","lineno":99}
{"timestamp":"2026-06-02T14:19:37.919768Z","level":"info","event":"26/06/02 14:19:37 INFO PythonRunner: Times: total = 123, boot = -3630, init = 3753, finish = 0","logger":"airflow.task.hooks.airflow.providers.standard.hooks.subprocess.SubprocessHook","filename":"subprocess.py","lineno":99}
{"timestamp":"2026-06-02T14:19:37.920070Z","level":"info","event":"26/06/02 14:19:37 INFO PythonRunner: Times: total = 129, boot = -3650, init = 3779, finish = 0","logger":"airflow.task.hooks.airflow.providers.standard.hooks.subprocess.SubprocessHook","filename":"subprocess.py","lineno":99}
{"timestamp":"2026-06-02T14:19:37.925930Z","level":"info","event":"26/06/02 14:19:37 INFO PythonRunner: Times: total = 134, boot = -3690, init = 3824, finish = 0","logger":"airflow.task.hooks.airflow.providers.standard.hooks.subprocess.SubprocessHook","filename":"subprocess.py","lineno":99}
{"timestamp":"2026-06-02T14:19:37.926213Z","level":"info","event":"26/06/02 14:19:37 INFO Executor: Finished task 5.0 in stage 8.0 (TID 43). 1998 bytes result sent to driver","logger":"airflow.task.hooks.airflow.providers.standard.hooks.subprocess.SubprocessHook","filename":"subprocess.py","lineno":99}
{"timestamp":"2026-06-02T14:19:37.926272Z","level":"info","event":"26/06/02 14:19:37 INFO PythonRunner: Times: total = 136, boot = -3642, init = 3778, finish = 0","logger":"airflow.task.hooks.airflow.providers.standard.hooks.subprocess.SubprocessHook","filename":"subprocess.py","lineno":99}
{"timestamp":"2026-06-02T14:19:37.928180Z","level":"info","event":"26/06/02 14:19:37 INFO Executor: Finished task 3.0 in stage 8.0 (TID 41). 1843 bytes result sent to driver","logger":"airflow.task.hooks.airflow.providers.standard.hooks.subprocess.SubprocessHook","filename":"subprocess.py","lineno":99}
{"timestamp":"2026-06-02T14:19:37.977591Z","level":"info","event":"26/06/02 14:19:37 INFO Executor: Finished task 6.0 in stage 8.0 (TID 44). 1843 bytes result sent to driver","logger":"airflow.task.hooks.airflow.providers.standard.hooks.subprocess.SubprocessHook","filename":"subprocess.py","lineno":99}
{"timestamp":"2026-06-02T14:19:37.978059Z","level":"info","event":"26/06/02 14:19:37 INFO PythonRunner: Times: total = 149, boot = -3732, init = 3880, finish = 1","logger":"airflow.task.hooks.airflow.providers.standard.hooks.subprocess.SubprocessHook","filename":"subprocess.py","lineno":99}
{"timestamp":"2026-06-02T14:19:37.979366Z","level":"info","event":"26/06/02 14:19:37 INFO PythonRunner: Times: total = 172, boot = -3084, init = 3256, finish = 0","logger":"airflow.task.hooks.airflow.providers.standard.hooks.subprocess.SubprocessHook","filename":"subprocess.py","lineno":99}
{"timestamp":"2026-06-02T14:19:37.979596Z","level":"info","event":"26/06/02 14:19:37 INFO PythonRunner: Times: total = 180, boot = -3098, init = 3278, finish = 0","logger":"airflow.task.hooks.airflow.providers.standard.hooks.subprocess.SubprocessHook","filename":"subprocess.py","lineno":99}
{"timestamp":"2026-06-02T14:19:37.979703Z","level":"info","event":"26/06/02 14:19:37 INFO Executor: Finished task 0.0 in stage 8.0 (TID 38). 1999 bytes result sent to driver","logger":"airflow.task.hooks.airflow.providers.standard.hooks.subprocess.SubprocessHook","filename":"subprocess.py","lineno":99}
{"timestamp":"2026-06-02T14:19:37.979784Z","level":"info","event":"26/06/02 14:19:37 INFO PythonRunner: Times: total = 149, boot = -3697, init = 3846, finish = 0","logger":"airflow.task.hooks.airflow.providers.standard.hooks.subprocess.SubprocessHook","filename":"subprocess.py","lineno":99}
{"timestamp":"2026-06-02T14:19:37.979852Z","level":"info","event":"26/06/02 14:19:37 INFO PythonRunner: Times: total = 167, boot = -3125, init = 3291, finish = 1","logger":"airflow.task.hooks.airflow.providers.standard.hooks.subprocess.SubprocessHook","filename":"subprocess.py","lineno":99}
{"timestamp":"2026-06-02T14:19:37.983057Z","level":"info","event":"26/06/02 14:19:37 INFO TaskSetManager: Finished task 5.0 in stage 8.0 (TID 43) in 204 ms on ac0ccb30c6a7 (executor driver) (1/11)","logger":"airflow.task.hooks.airflow.providers.standard.hooks.subprocess.SubprocessHook","filename":"subprocess.py","lineno":99}
{"timestamp":"2026-06-02T14:19:37.983314Z","level":"info","event":"26/06/02 14:19:37 INFO PythonRunner: Times: total = 176, boot = -3019, init = 3195, finish = 0","logger":"airflow.task.hooks.airflow.providers.standard.hooks.subprocess.SubprocessHook","filename":"subprocess.py","lineno":99}
{"timestamp":"2026-06-02T14:19:37.983415Z","level":"info","event":"26/06/02 14:19:37 INFO Executor: Finished task 4.0 in stage 8.0 (TID 42). 1886 bytes result sent to driver","logger":"airflow.task.hooks.airflow.providers.standard.hooks.subprocess.SubprocessHook","filename":"subprocess.py","lineno":99}
{"timestamp":"2026-06-02T14:19:37.987446Z","level":"info","event":"26/06/02 14:19:37 INFO Executor: Finished task 10.0 in stage 8.0 (TID 48). 1989 bytes result sent to driver","logger":"airflow.task.hooks.airflow.providers.standard.hooks.subprocess.SubprocessHook","filename":"subprocess.py","lineno":99}
{"timestamp":"2026-06-02T14:19:37.987902Z","level":"info","event":"26/06/02 14:19:37 INFO Executor: Finished task 2.0 in stage 8.0 (TID 40). 1991 bytes result sent to driver","logger":"airflow.task.hooks.airflow.providers.standard.hooks.subprocess.SubprocessHook","filename":"subprocess.py","lineno":99}
{"timestamp":"2026-06-02T14:19:37.988042Z","level":"info","event":"26/06/02 14:19:37 INFO TaskSetManager: Finished task 0.0 in stage 8.0 (TID 38) in 213 ms on ac0ccb30c6a7 (executor driver) (2/11)","logger":"airflow.task.hooks.airflow.providers.standard.hooks.subprocess.SubprocessHook","filename":"subprocess.py","lineno":99}
{"timestamp":"2026-06-02T14:19:37.988106Z","level":"info","event":"26/06/02 14:19:37 INFO Executor: Finished task 7.0 in stage 8.0 (TID 45). 1843 bytes result sent to driver","logger":"airflow.task.hooks.airflow.providers.standard.hooks.subprocess.SubprocessHook","filename":"subprocess.py","lineno":99}
{"timestamp":"2026-06-02T14:19:37.988148Z","level":"info","event":"26/06/02 14:19:37 INFO TaskSetManager: Finished task 6.0 in stage 8.0 (TID 44) in 211 ms on ac0ccb30c6a7 (executor driver) (3/11)","logger":"airflow.task.hooks.airflow.providers.standard.hooks.subprocess.SubprocessHook","filename":"subprocess.py","lineno":99}
{"timestamp":"2026-06-02T14:19:37.988625Z","level":"info","event":"26/06/02 14:19:37 INFO Executor: Finished task 9.0 in stage 8.0 (TID 47). 1886 bytes result sent to driver","logger":"airflow.task.hooks.airflow.providers.standard.hooks.subprocess.SubprocessHook","filename":"subprocess.py","lineno":99}
{"timestamp":"2026-06-02T14:19:37.988794Z","level":"info","event":"26/06/02 14:19:37 INFO TaskSetManager: Finished task 3.0 in stage 8.0 (TID 41) in 213 ms on ac0ccb30c6a7 (executor driver) (4/11)","logger":"airflow.task.hooks.airflow.providers.standard.hooks.subprocess.SubprocessHook","filename":"subprocess.py","lineno":99}
{"timestamp":"2026-06-02T14:19:37.989527Z","level":"info","event":"26/06/02 14:19:37 INFO Executor: Finished task 8.0 in stage 8.0 (TID 46). 1995 bytes result sent to driver","logger":"airflow.task.hooks.airflow.providers.standard.hooks.subprocess.SubprocessHook","filename":"subprocess.py","lineno":99}
{"timestamp":"2026-06-02T14:19:37.989671Z","level":"info","event":"26/06/02 14:19:37 INFO Executor: Finished task 1.0 in stage 8.0 (TID 39). 1886 bytes result sent to driver","logger":"airflow.task.hooks.airflow.providers.standard.hooks.subprocess.SubprocessHook","filename":"subprocess.py","lineno":99}
{"timestamp":"2026-06-02T14:19:37.990941Z","level":"info","event":"26/06/02 14:19:37 INFO TaskSetManager: Finished task 4.0 in stage 8.0 (TID 42) in 215 ms on ac0ccb30c6a7 (executor driver) (5/11)","logger":"airflow.task.hooks.airflow.providers.standard.hooks.subprocess.SubprocessHook","filename":"subprocess.py","lineno":99}
{"timestamp":"2026-06-02T14:19:37.991067Z","level":"info","event":"26/06/02 14:19:37 INFO TaskSetManager: Finished task 2.0 in stage 8.0 (TID 40) in 216 ms on ac0ccb30c6a7 (executor driver) (6/11)","logger":"airflow.task.hooks.airflow.providers.standard.hooks.subprocess.SubprocessHook","filename":"subprocess.py","lineno":99}
{"timestamp":"2026-06-02T14:19:37.996737Z","level":"info","event":"26/06/02 14:19:37 INFO TaskSetManager: Finished task 10.0 in stage 8.0 (TID 48) in 217 ms on ac0ccb30c6a7 (executor driver) (7/11)","logger":"airflow.task.hooks.airflow.providers.standard.hooks.subprocess.SubprocessHook","filename":"subprocess.py","lineno":99}
{"timestamp":"2026-06-02T14:19:37.997537Z","level":"info","event":"26/06/02 14:19:37 INFO TaskSetManager: Finished task 7.0 in stage 8.0 (TID 45) in 219 ms on ac0ccb30c6a7 (executor driver) (8/11)","logger":"airflow.task.hooks.airflow.providers.standard.hooks.subprocess.SubprocessHook","filename":"subprocess.py","lineno":99}
{"timestamp":"2026-06-02T14:19:37.997677Z","level":"info","event":"26/06/02 14:19:37 INFO TaskSetManager: Finished task 9.0 in stage 8.0 (TID 47) in 220 ms on ac0ccb30c6a7 (executor driver) (9/11)","logger":"airflow.task.hooks.airflow.providers.standard.hooks.subprocess.SubprocessHook","filename":"subprocess.py","lineno":99}
{"timestamp":"2026-06-02T14:19:37.997706Z","level":"info","event":"26/06/02 14:19:37 INFO TaskSetManager: Finished task 1.0 in stage 8.0 (TID 39) in 223 ms on ac0ccb30c6a7 (executor driver) (10/11)","logger":"airflow.task.hooks.airflow.providers.standard.hooks.subprocess.SubprocessHook","filename":"subprocess.py","lineno":99}
{"timestamp":"2026-06-02T14:19:37.997912Z","level":"info","event":"26/06/02 14:19:37 INFO TaskSetManager: Finished task 8.0 in stage 8.0 (TID 46) in 220 ms on ac0ccb30c6a7 (executor driver) (11/11)","logger":"airflow.task.hooks.airflow.providers.standard.hooks.subprocess.SubprocessHook","filename":"subprocess.py","lineno":99}
{"timestamp":"2026-06-02T14:19:37.998075Z","level":"info","event":"26/06/02 14:19:37 INFO TaskSchedulerImpl: Removed TaskSet 8.0, whose tasks have all completed, from pool","logger":"airflow.task.hooks.airflow.providers.standard.hooks.subprocess.SubprocessHook","filename":"subprocess.py","lineno":99}
{"timestamp":"2026-06-02T14:19:38.000709Z","level":"info","event":"26/06/02 14:19:37 INFO DAGScheduler: ResultStage 8 (showString at NativeMethodAccessorImpl.java:0) finished in 0.232 s","logger":"airflow.task.hooks.airflow.providers.standard.hooks.subprocess.SubprocessHook","filename":"subprocess.py","lineno":99}
{"timestamp":"2026-06-02T14:19:38.000876Z","level":"info","event":"26/06/02 14:19:37 INFO DAGScheduler: Job 8 is finished. Cancelling potential speculative or zombie tasks for this job","logger":"airflow.task.hooks.airflow.providers.standard.hooks.subprocess.SubprocessHook","filename":"subprocess.py","lineno":99}
{"timestamp":"2026-06-02T14:19:38.000908Z","level":"info","event":"26/06/02 14:19:37 INFO TaskSchedulerImpl: Killing all running tasks in stage 8: Stage finished","logger":"airflow.task.hooks.airflow.providers.standard.hooks.subprocess.SubprocessHook","filename":"subprocess.py","lineno":99}
{"timestamp":"2026-06-02T14:19:38.000982Z","level":"info","event":"26/06/02 14:19:37 INFO DAGScheduler: Job 8 finished: showString at NativeMethodAccessorImpl.java:0, took 0.236099 s","logger":"airflow.task.hooks.airflow.providers.standard.hooks.subprocess.SubprocessHook","filename":"subprocess.py","lineno":99}
{"timestamp":"2026-06-02T14:19:38.011104Z","level":"info","event":"26/06/02 14:19:38 INFO CodeGenerator: Code generated in 7.198764 ms","logger":"airflow.task.hooks.airflow.providers.standard.hooks.subprocess.SubprocessHook","filename":"subprocess.py","lineno":99}
{"timestamp":"2026-06-02T14:19:38.013132Z","level":"info","event":"+-------------------+------------------+---------+-------+----+--------------------+","logger":"airflow.task.hooks.airflow.providers.standard.hooks.subprocess.SubprocessHook","filename":"subprocess.py","lineno":99}
{"timestamp":"2026-06-02T14:19:38.013284Z","level":"info","event":"|livestock_indicator|             value|     unit|quarter|year|           ingest_at|","logger":"airflow.task.hooks.airflow.providers.standard.hooks.subprocess.SubprocessHook","filename":"subprocess.py","lineno":99}
{"timestamp":"2026-06-02T14:19:38.013327Z","level":"info","event":"+-------------------+------------------+---------+-------+----+--------------------+","logger":"airflow.task.hooks.airflow.providers.standard.hooks.subprocess.SubprocessHook","filename":"subprocess.py","lineno":99}
{"timestamp":"2026-06-02T14:19:38.013352Z","level":"info","event":"|           Thịt lợn|1349.1052875854991|Nghìn tấn|      4|2025|2026-06-02 14:19:...|","logger":"airflow.task.hooks.airflow.providers.standard.hooks.subprocess.SubprocessHook","filename":"subprocess.py","lineno":99}
{"timestamp":"2026-06-02T14:19:38.013376Z","level":"info","event":"|       Thịt gia cầm| 655.8857705045276|Nghìn tấn|      4|2025|2026-06-02 14:19:...|","logger":"airflow.task.hooks.airflow.providers.standard.hooks.subprocess.SubprocessHook","filename":"subprocess.py","lineno":99}
{"timestamp":"2026-06-02T14:19:38.013396Z","level":"info","event":"|          Thịt trâu|  30.5435353735943|Nghìn tấn|      4|2025|2026-06-02 14:19:...|","logger":"airflow.task.hooks.airflow.providers.standard.hooks.subprocess.SubprocessHook","filename":"subprocess.py","lineno":99}
{"timestamp":"2026-06-02T14:19:38.013414Z","level":"info","event":"|            Thịt bò|122.45873367655649|Nghìn tấn|      4|2025|2026-06-02 14:19:...|","logger":"airflow.task.hooks.airflow.providers.standard.hooks.subprocess.SubprocessHook","filename":"subprocess.py","lineno":99}
{"timestamp":"2026-06-02T14:19:38.013433Z","level":"info","event":"|              Trứng| 5588.212185768718|Triệu quả|      4|2025|2026-06-02 14:19:...|","logger":"airflow.task.hooks.airflow.providers.standard.hooks.subprocess.SubprocessHook","filename":"subprocess.py","lineno":99}
{"timestamp":"2026-06-02T14:19:38.013453Z","level":"info","event":"|                Sữa| 306.9564114490825|Nghìn tấn|      4|2025|2026-06-02 14:19:...|","logger":"airflow.task.hooks.airflow.providers.standard.hooks.subprocess.SubprocessHook","filename":"subprocess.py","lineno":99}
{"timestamp":"2026-06-02T14:19:38.013470Z","level":"info","event":"+-------------------+------------------+---------+-------+----+--------------------+","logger":"airflow.task.hooks.airflow.providers.standard.hooks.subprocess.SubprocessHook","filename":"subprocess.py","lineno":99}
{"timestamp":"2026-06-02T14:19:38.013491Z","level":"info","event":"","logger":"airflow.task.hooks.airflow.providers.standard.hooks.subprocess.SubprocessHook","filename":"subprocess.py","lineno":99}
{"timestamp":"2026-06-02T14:19:38.049951Z","level":"info","event":"26/06/02 14:19:38 INFO DelegatingLogStore: LogStore `LogStoreAdapter(io.delta.storage.S3SingleDriverLogStore)` is used for scheme `s3a`","logger":"airflow.task.hooks.airflow.providers.standard.hooks.subprocess.SubprocessHook","filename":"subprocess.py","lineno":99}
{"timestamp":"2026-06-02T14:19:38.068538Z","level":"info","event":"26/06/02 14:19:38 INFO DeltaLog: Loading version 0.","logger":"airflow.task.hooks.airflow.providers.standard.hooks.subprocess.SubprocessHook","filename":"subprocess.py","lineno":99}
{"timestamp":"2026-06-02T14:19:38.073393Z","level":"info","event":"26/06/02 14:19:38 INFO DeltaLogFileIndex: Created DeltaLogFileIndex(JSON, numFilesInSegment: 1, totalFileSize: 1115)","logger":"airflow.task.hooks.airflow.providers.standard.hooks.subprocess.SubprocessHook","filename":"subprocess.py","lineno":99}
{"timestamp":"2026-06-02T14:19:38.115733Z","level":"info","event":"26/06/02 14:19:38 INFO DataSourceStrategy: Pruning directories with:","logger":"airflow.task.hooks.airflow.providers.standard.hooks.subprocess.SubprocessHook","filename":"subprocess.py","lineno":99}
{"timestamp":"2026-06-02T14:19:38.116021Z","level":"info","event":"26/06/02 14:19:38 INFO FileSourceStrategy: Pushed Filters:","logger":"airflow.task.hooks.airflow.providers.standard.hooks.subprocess.SubprocessHook","filename":"subprocess.py","lineno":99}
{"timestamp":"2026-06-02T14:19:38.116117Z","level":"info","event":"26/06/02 14:19:38 INFO FileSourceStrategy: Post-Scan Filters: ((isnotnull(protocol#741.minReaderVersion) OR isnotnull(metaData#740.id)) OR (isnotnull(commitInfo#742.inCommitTimestamp) AND (version#743L = 0)))","logger":"airflow.task.hooks.airflow.providers.standard.hooks.subprocess.SubprocessHook","filename":"subprocess.py","lineno":99}
{"timestamp":"2026-06-02T14:19:38.130440Z","level":"info","event":"26/06/02 14:19:38 INFO MemoryStore: Block broadcast_11 stored as values in memory (estimated size 202.4 KiB, free 434.1 MiB)","logger":"airflow.task.hooks.airflow.providers.standard.hooks.subprocess.SubprocessHook","filename":"subprocess.py","lineno":99}
{"timestamp":"2026-06-02T14:19:38.148225Z","level":"info","event":"26/06/02 14:19:38 INFO MemoryStore: Block broadcast_11_piece0 stored as bytes in memory (estimated size 35.0 KiB, free 434.1 MiB)","logger":"airflow.task.hooks.airflow.providers.standard.hooks.subprocess.SubprocessHook","filename":"subprocess.py","lineno":99}
{"timestamp":"2026-06-02T14:19:38.149089Z","level":"info","event":"26/06/02 14:19:38 INFO BlockManagerInfo: Added broadcast_11_piece0 in memory on ac0ccb30c6a7:35159 (size: 35.0 KiB, free: 434.3 MiB)","logger":"airflow.task.hooks.airflow.providers.standard.hooks.subprocess.SubprocessHook","filename":"subprocess.py","lineno":99}
{"timestamp":"2026-06-02T14:19:38.150266Z","level":"info","event":"26/06/02 14:19:38 INFO SparkContext: Created broadcast 11 from $anonfun$recordDeltaOperationInternal$1 at DatabricksLogging.scala:128","logger":"airflow.task.hooks.airflow.providers.standard.hooks.subprocess.SubprocessHook","filename":"subprocess.py","lineno":99}
{"timestamp":"2026-06-02T14:19:38.151077Z","level":"info","event":"26/06/02 14:19:38 INFO FileSourceScanExec: Planning scan with bin packing, max size: 4194304 bytes, open cost is considered as scanning 4194304 bytes.","logger":"airflow.task.hooks.airflow.providers.standard.hooks.subprocess.SubprocessHook","filename":"subprocess.py","lineno":99}
{"timestamp":"2026-06-02T14:19:38.163723Z","level":"info","event":"26/06/02 14:19:38 INFO SparkContext: Starting job: $anonfun$recordDeltaOperationInternal$1 at DatabricksLogging.scala:128","logger":"airflow.task.hooks.airflow.providers.standard.hooks.subprocess.SubprocessHook","filename":"subprocess.py","lineno":99}
{"timestamp":"2026-06-02T14:19:38.164838Z","level":"info","event":"26/06/02 14:19:38 INFO DAGScheduler: Got job 9 ($anonfun$recordDeltaOperationInternal$1 at DatabricksLogging.scala:128) with 1 output partitions","logger":"airflow.task.hooks.airflow.providers.standard.hooks.subprocess.SubprocessHook","filename":"subprocess.py","lineno":99}
{"timestamp":"2026-06-02T14:19:38.165084Z","level":"info","event":"26/06/02 14:19:38 INFO DAGScheduler: Final stage: ResultStage 9 ($anonfun$recordDeltaOperationInternal$1 at DatabricksLogging.scala:128)","logger":"airflow.task.hooks.airflow.providers.standard.hooks.subprocess.SubprocessHook","filename":"subprocess.py","lineno":99}
{"timestamp":"2026-06-02T14:19:38.165223Z","level":"info","event":"26/06/02 14:19:38 INFO DAGScheduler: Parents of final stage: List()","logger":"airflow.task.hooks.airflow.providers.standard.hooks.subprocess.SubprocessHook","filename":"subprocess.py","lineno":99}
{"timestamp":"2026-06-02T14:19:38.165366Z","level":"info","event":"26/06/02 14:19:38 INFO DAGScheduler: Missing parents: List()","logger":"airflow.task.hooks.airflow.providers.standard.hooks.subprocess.SubprocessHook","filename":"subprocess.py","lineno":99}
{"timestamp":"2026-06-02T14:19:38.166851Z","level":"info","event":"26/06/02 14:19:38 INFO DAGScheduler: Submitting ResultStage 9 (MapPartitionsRDD[26] at $anonfun$recordDeltaOperationInternal$1 at DatabricksLogging.scala:128), which has no missing parents","logger":"airflow.task.hooks.airflow.providers.standard.hooks.subprocess.SubprocessHook","filename":"subprocess.py","lineno":99}
{"timestamp":"2026-06-02T14:19:38.169235Z","level":"info","event":"26/06/02 14:19:38 INFO MemoryStore: Block broadcast_12 stored as values in memory (estimated size 55.2 KiB, free 434.0 MiB)","logger":"airflow.task.hooks.airflow.providers.standard.hooks.subprocess.SubprocessHook","filename":"subprocess.py","lineno":99}
{"timestamp":"2026-06-02T14:19:38.208778Z","level":"info","event":"26/06/02 14:19:38 INFO MemoryStore: Block broadcast_12_piece0 stored as bytes in memory (estimated size 17.2 KiB, free 434.0 MiB)","logger":"airflow.task.hooks.airflow.providers.standard.hooks.subprocess.SubprocessHook","filename":"subprocess.py","lineno":99}
{"timestamp":"2026-06-02T14:19:38.209004Z","level":"info","event":"26/06/02 14:19:38 INFO BlockManagerInfo: Added broadcast_12_piece0 in memory on ac0ccb30c6a7:35159 (size: 17.2 KiB, free: 434.3 MiB)","logger":"airflow.task.hooks.airflow.providers.standard.hooks.subprocess.SubprocessHook","filename":"subprocess.py","lineno":99}
{"timestamp":"2026-06-02T14:19:38.209674Z","level":"info","event":"26/06/02 14:19:38 INFO SparkContext: Created broadcast 12 from broadcast at DAGScheduler.scala:1611","logger":"airflow.task.hooks.airflow.providers.standard.hooks.subprocess.SubprocessHook","filename":"subprocess.py","lineno":99}
{"timestamp":"2026-06-02T14:19:38.209799Z","level":"info","event":"26/06/02 14:19:38 INFO DAGScheduler: Submitting 1 missing tasks from ResultStage 9 (MapPartitionsRDD[26] at $anonfun$recordDeltaOperationInternal$1 at DatabricksLogging.scala:128) (first 15 tasks are for partitions Vector(0))","logger":"airflow.task.hooks.airflow.providers.standard.hooks.subprocess.SubprocessHook","filename":"subprocess.py","lineno":99}
{"timestamp":"2026-06-02T14:19:38.209834Z","level":"info","event":"26/06/02 14:19:38 INFO TaskSchedulerImpl: Adding task set 9.0 with 1 tasks resource profile 0","logger":"airflow.task.hooks.airflow.providers.standard.hooks.subprocess.SubprocessHook","filename":"subprocess.py","lineno":99}
{"timestamp":"2026-06-02T14:19:38.211635Z","level":"info","event":"26/06/02 14:19:38 INFO TaskSetManager: Starting task 0.0 in stage 9.0 (TID 49) (ac0ccb30c6a7, executor driver, partition 0, PROCESS_LOCAL, 9672 bytes)","logger":"airflow.task.hooks.airflow.providers.standard.hooks.subprocess.SubprocessHook","filename":"subprocess.py","lineno":99}
{"timestamp":"2026-06-02T14:19:38.212413Z","level":"info","event":"26/06/02 14:19:38 INFO Executor: Running task 0.0 in stage 9.0 (TID 49)","logger":"airflow.task.hooks.airflow.providers.standard.hooks.subprocess.SubprocessHook","filename":"subprocess.py","lineno":99}
{"timestamp":"2026-06-02T14:19:38.215777Z","level":"info","event":"26/06/02 14:19:38 INFO FileScanRDD: Reading File path: s3a://silver/livestock/_delta_log/00000000000000000000.json, range: 0-1115, partition values: [0]","logger":"airflow.task.hooks.airflow.providers.standard.hooks.subprocess.SubprocessHook","filename":"subprocess.py","lineno":99}
{"timestamp":"2026-06-02T14:19:38.243220Z","level":"info","event":"26/06/02 14:19:38 INFO BlockManagerInfo: Removed broadcast_10_piece0 on ac0ccb30c6a7:35159 in memory (size: 7.6 KiB, free: 434.3 MiB)","logger":"airflow.task.hooks.airflow.providers.standard.hooks.subprocess.SubprocessHook","filename":"subprocess.py","lineno":99}
{"timestamp":"2026-06-02T14:19:38.252179Z","level":"info","event":"26/06/02 14:19:38 INFO BlockManagerInfo: Removed broadcast_8_piece0 on ac0ccb30c6a7:35159 in memory (size: 7.6 KiB, free: 434.3 MiB)","logger":"airflow.task.hooks.airflow.providers.standard.hooks.subprocess.SubprocessHook","filename":"subprocess.py","lineno":99}
{"timestamp":"2026-06-02T14:19:38.262085Z","level":"info","event":"26/06/02 14:19:38 INFO Executor: Finished task 0.0 in stage 9.0 (TID 49). 2002 bytes result sent to driver","logger":"airflow.task.hooks.airflow.providers.standard.hooks.subprocess.SubprocessHook","filename":"subprocess.py","lineno":99}
{"timestamp":"2026-06-02T14:19:38.263514Z","level":"info","event":"26/06/02 14:19:38 INFO TaskSetManager: Finished task 0.0 in stage 9.0 (TID 49) in 52 ms on ac0ccb30c6a7 (executor driver) (1/1)","logger":"airflow.task.hooks.airflow.providers.standard.hooks.subprocess.SubprocessHook","filename":"subprocess.py","lineno":99}
{"timestamp":"2026-06-02T14:19:38.263715Z","level":"info","event":"26/06/02 14:19:38 INFO TaskSchedulerImpl: Removed TaskSet 9.0, whose tasks have all completed, from pool","logger":"airflow.task.hooks.airflow.providers.standard.hooks.subprocess.SubprocessHook","filename":"subprocess.py","lineno":99}
{"timestamp":"2026-06-02T14:19:38.265498Z","level":"info","event":"26/06/02 14:19:38 INFO DAGScheduler: ResultStage 9 ($anonfun$recordDeltaOperationInternal$1 at DatabricksLogging.scala:128) finished in 0.098 s","logger":"airflow.task.hooks.airflow.providers.standard.hooks.subprocess.SubprocessHook","filename":"subprocess.py","lineno":99}
{"timestamp":"2026-06-02T14:19:38.265682Z","level":"info","event":"26/06/02 14:19:38 INFO DAGScheduler: Job 9 is finished. Cancelling potential speculative or zombie tasks for this job","logger":"airflow.task.hooks.airflow.providers.standard.hooks.subprocess.SubprocessHook","filename":"subprocess.py","lineno":99}
{"timestamp":"2026-06-02T14:19:38.265729Z","level":"info","event":"26/06/02 14:19:38 INFO TaskSchedulerImpl: Killing all running tasks in stage 9: Stage finished","logger":"airflow.task.hooks.airflow.providers.standard.hooks.subprocess.SubprocessHook","filename":"subprocess.py","lineno":99}
{"timestamp":"2026-06-02T14:19:38.265753Z","level":"info","event":"26/06/02 14:19:38 INFO BlockManagerInfo: Removed broadcast_9_piece0 on ac0ccb30c6a7:35159 in memory (size: 7.6 KiB, free: 434.3 MiB)","logger":"airflow.task.hooks.airflow.providers.standard.hooks.subprocess.SubprocessHook","filename":"subprocess.py","lineno":99}
{"timestamp":"2026-06-02T14:19:38.265775Z","level":"info","event":"26/06/02 14:19:38 INFO DAGScheduler: Job 9 finished: $anonfun$recordDeltaOperationInternal$1 at DatabricksLogging.scala:128, took 0.101706 s","logger":"airflow.task.hooks.airflow.providers.standard.hooks.subprocess.SubprocessHook","filename":"subprocess.py","lineno":99}
{"timestamp":"2026-06-02T14:19:38.274414Z","level":"info","event":"26/06/02 14:19:38 INFO Snapshot: [tableId=6f1e2298-3f29-4d6d-8001-a43fe5d2b957] Created snapshot Snapshot(path=s3a://silver/livestock/_delta_log, version=0, metadata=Metadata(b66c4dee-c17d-4fa9-84a6-b1ef9905bd42,null,null,Format(parquet,Map()),{\"type\":\"struct\",\"fields\":[{\"name\":\"livestock_indicator\",\"type\":\"string\",\"nullable\":true,\"metadata\":{}},{\"name\":\"value\",\"type\":\"double\",\"nullable\":true,\"metadata\":{}},{\"name\":\"unit\",\"type\":\"string\",\"nullable\":true,\"metadata\":{}},{\"name\":\"quarter\",\"type\":\"integer\",\"nullable\":true,\"metadata\":{}},{\"name\":\"year\",\"type\":\"integer\",\"nullable\":true,\"metadata\":{}},{\"name\":\"ingest_at\",\"type\":\"timestamp\",\"nullable\":true,\"metadata\":{}}]},List(),Map(),Some(1780409956297)), logSegment=LogSegment(s3a://silver/livestock/_delta_log,0,WrappedArray(S3AFileStatus{path=s3a://silver/livestock/_delta_log/00000000000000000000.json; isDirectory=false; length=1115; replication=1; blocksize=33554432; modification_time=1780409956413; access_time=0; owner=spark; group=spark; permission=rw-rw-rw-; isSymlink=false; hasAcl=false; isEncrypted=true; isErasureCoded=false} isEmptyDirectory=FALSE eTag=52d1c3025b0b361a787a9123785809c5 versionId=null),org.apache.spark.sql.delta.EmptyCheckpointProvider$@5d464a10,1780409956413), checksumOpt=None)","logger":"airflow.task.hooks.airflow.providers.standard.hooks.subprocess.SubprocessHook","filename":"subprocess.py","lineno":99}
{"timestamp":"2026-06-02T14:19:38.275590Z","level":"info","event":"26/06/02 14:19:38 INFO DeltaLog: Updated snapshot to Snapshot(path=s3a://silver/livestock/_delta_log, version=0, metadata=Metadata(b66c4dee-c17d-4fa9-84a6-b1ef9905bd42,null,null,Format(parquet,Map()),{\"type\":\"struct\",\"fields\":[{\"name\":\"livestock_indicator\",\"type\":\"string\",\"nullable\":true,\"metadata\":{}},{\"name\":\"value\",\"type\":\"double\",\"nullable\":true,\"metadata\":{}},{\"name\":\"unit\",\"type\":\"string\",\"nullable\":true,\"metadata\":{}},{\"name\":\"quarter\",\"type\":\"integer\",\"nullable\":true,\"metadata\":{}},{\"name\":\"year\",\"type\":\"integer\",\"nullable\":true,\"metadata\":{}},{\"name\":\"ingest_at\",\"type\":\"timestamp\",\"nullable\":true,\"metadata\":{}}]},List(),Map(),Some(1780409956297)), logSegment=LogSegment(s3a://silver/livestock/_delta_log,0,WrappedArray(S3AFileStatus{path=s3a://silver/livestock/_delta_log/00000000000000000000.json; isDirectory=false; length=1115; replication=1; blocksize=33554432; modification_time=1780409956413; access_time=0; owner=spark; group=spark; permission=rw-rw-rw-; isSymlink=false; hasAcl=false; isEncrypted=true; isErasureCoded=false} isEmptyDirectory=FALSE eTag=52d1c3025b0b361a787a9123785809c5 versionId=null),org.apache.spark.sql.delta.EmptyCheckpointProvider$@5d464a10,1780409956413), checksumOpt=None)","logger":"airflow.task.hooks.airflow.providers.standard.hooks.subprocess.SubprocessHook","filename":"subprocess.py","lineno":99}
{"timestamp":"2026-06-02T14:19:38.367157Z","level":"info","event":"26/06/02 14:19:38 INFO ParquetUtils: Using default output committer for Parquet: org.apache.parquet.hadoop.ParquetOutputCommitter","logger":"airflow.task.hooks.airflow.providers.standard.hooks.subprocess.SubprocessHook","filename":"subprocess.py","lineno":99}
{"timestamp":"2026-06-02T14:19:38.378921Z","level":"info","event":"26/06/02 14:19:38 INFO CodeGenerator: Code generated in 7.648209 ms","logger":"airflow.task.hooks.airflow.providers.standard.hooks.subprocess.SubprocessHook","filename":"subprocess.py","lineno":99}
{"timestamp":"2026-06-02T14:19:38.406264Z","level":"info","event":"26/06/02 14:19:38 INFO SparkContext: Starting job: saveAsTable at NativeMethodAccessorImpl.java:0","logger":"airflow.task.hooks.airflow.providers.standard.hooks.subprocess.SubprocessHook","filename":"subprocess.py","lineno":99}
{"timestamp":"2026-06-02T14:19:38.407485Z","level":"info","event":"26/06/02 14:19:38 INFO DAGScheduler: Got job 10 (saveAsTable at NativeMethodAccessorImpl.java:0) with 16 output partitions","logger":"airflow.task.hooks.airflow.providers.standard.hooks.subprocess.SubprocessHook","filename":"subprocess.py","lineno":99}
{"timestamp":"2026-06-02T14:19:38.407690Z","level":"info","event":"26/06/02 14:19:38 INFO DAGScheduler: Final stage: ResultStage 10 (saveAsTable at NativeMethodAccessorImpl.java:0)","logger":"airflow.task.hooks.airflow.providers.standard.hooks.subprocess.SubprocessHook","filename":"subprocess.py","lineno":99}
{"timestamp":"2026-06-02T14:19:38.407778Z","level":"info","event":"26/06/02 14:19:38 INFO DAGScheduler: Parents of final stage: List()","logger":"airflow.task.hooks.airflow.providers.standard.hooks.subprocess.SubprocessHook","filename":"subprocess.py","lineno":99}
{"timestamp":"2026-06-02T14:19:38.409307Z","level":"info","event":"26/06/02 14:19:38 INFO DAGScheduler: Missing parents: List()","logger":"airflow.task.hooks.airflow.providers.standard.hooks.subprocess.SubprocessHook","filename":"subprocess.py","lineno":99}
{"timestamp":"2026-06-02T14:19:38.410542Z","level":"info","event":"26/06/02 14:19:38 INFO DAGScheduler: Submitting ResultStage 10 (MapPartitionsRDD[27] at saveAsTable at NativeMethodAccessorImpl.java:0), which has no missing parents","logger":"airflow.task.hooks.airflow.providers.standard.hooks.subprocess.SubprocessHook","filename":"subprocess.py","lineno":99}
{"timestamp":"2026-06-02T14:19:38.428356Z","level":"info","event":"26/06/02 14:19:38 INFO MemoryStore: Block broadcast_13 stored as values in memory (estimated size 340.4 KiB, free 433.8 MiB)","logger":"airflow.task.hooks.airflow.providers.standard.hooks.subprocess.SubprocessHook","filename":"subprocess.py","lineno":99}
{"timestamp":"2026-06-02T14:19:38.430623Z","level":"info","event":"26/06/02 14:19:38 INFO MemoryStore: Block broadcast_13_piece0 stored as bytes in memory (estimated size 124.3 KiB, free 433.6 MiB)","logger":"airflow.task.hooks.airflow.providers.standard.hooks.subprocess.SubprocessHook","filename":"subprocess.py","lineno":99}
{"timestamp":"2026-06-02T14:19:38.431537Z","level":"info","event":"26/06/02 14:19:38 INFO BlockManagerInfo: Added broadcast_13_piece0 in memory on ac0ccb30c6a7:35159 (size: 124.3 KiB, free: 434.2 MiB)","logger":"airflow.task.hooks.airflow.providers.standard.hooks.subprocess.SubprocessHook","filename":"subprocess.py","lineno":99}
{"timestamp":"2026-06-02T14:19:38.431974Z","level":"info","event":"26/06/02 14:19:38 INFO SparkContext: Created broadcast 13 from broadcast at DAGScheduler.scala:1611","logger":"airflow.task.hooks.airflow.providers.standard.hooks.subprocess.SubprocessHook","filename":"subprocess.py","lineno":99}
{"timestamp":"2026-06-02T14:19:38.433551Z","level":"info","event":"26/06/02 14:19:38 INFO DAGScheduler: Submitting 16 missing tasks from ResultStage 10 (MapPartitionsRDD[27] at saveAsTable at NativeMethodAccessorImpl.java:0) (first 15 tasks are for partitions Vector(0, 1, 2, 3, 4, 5, 6, 7, 8, 9, 10, 11, 12, 13, 14))","logger":"airflow.task.hooks.airflow.providers.standard.hooks.subprocess.SubprocessHook","filename":"subprocess.py","lineno":99}
{"timestamp":"2026-06-02T14:19:38.433720Z","level":"info","event":"26/06/02 14:19:38 INFO TaskSchedulerImpl: Adding task set 10.0 with 16 tasks resource profile 0","logger":"airflow.task.hooks.airflow.providers.standard.hooks.subprocess.SubprocessHook","filename":"subprocess.py","lineno":99}
{"timestamp":"2026-06-02T14:19:38.435657Z","level":"info","event":"26/06/02 14:19:38 INFO TaskSetManager: Starting task 0.0 in stage 10.0 (TID 50) (ac0ccb30c6a7, executor driver, partition 0, PROCESS_LOCAL, 8979 bytes)","logger":"airflow.task.hooks.airflow.providers.standard.hooks.subprocess.SubprocessHook","filename":"subprocess.py","lineno":99}
{"timestamp":"2026-06-02T14:19:38.435929Z","level":"info","event":"26/06/02 14:19:38 INFO TaskSetManager: Starting task 1.0 in stage 10.0 (TID 51) (ac0ccb30c6a7, executor driver, partition 1, PROCESS_LOCAL, 8979 bytes)","logger":"airflow.task.hooks.airflow.providers.standard.hooks.subprocess.SubprocessHook","filename":"subprocess.py","lineno":99}
{"timestamp":"2026-06-02T14:19:38.436084Z","level":"info","event":"26/06/02 14:19:38 INFO TaskSetManager: Starting task 2.0 in stage 10.0 (TID 52) (ac0ccb30c6a7, executor driver, partition 2, PROCESS_LOCAL, 9060 bytes)","logger":"airflow.task.hooks.airflow.providers.standard.hooks.subprocess.SubprocessHook","filename":"subprocess.py","lineno":99}
{"timestamp":"2026-06-02T14:19:38.436133Z","level":"info","event":"26/06/02 14:19:38 INFO TaskSetManager: Starting task 3.0 in stage 10.0 (TID 53) (ac0ccb30c6a7, executor driver, partition 3, PROCESS_LOCAL, 8979 bytes)","logger":"airflow.task.hooks.airflow.providers.standard.hooks.subprocess.SubprocessHook","filename":"subprocess.py","lineno":99}
{"timestamp":"2026-06-02T14:19:38.437170Z","level":"info","event":"26/06/02 14:19:38 INFO TaskSetManager: Starting task 4.0 in stage 10.0 (TID 54) (ac0ccb30c6a7, executor driver, partition 4, PROCESS_LOCAL, 8979 bytes)","logger":"airflow.task.hooks.airflow.providers.standard.hooks.subprocess.SubprocessHook","filename":"subprocess.py","lineno":99}
{"timestamp":"2026-06-02T14:19:38.437865Z","level":"info","event":"26/06/02 14:19:38 INFO TaskSetManager: Starting task 5.0 in stage 10.0 (TID 55) (ac0ccb30c6a7, executor driver, partition 5, PROCESS_LOCAL, 9064 bytes)","logger":"airflow.task.hooks.airflow.providers.standard.hooks.subprocess.SubprocessHook","filename":"subprocess.py","lineno":99}
{"timestamp":"2026-06-02T14:19:38.438248Z","level":"info","event":"26/06/02 14:19:38 INFO TaskSetManager: Starting task 6.0 in stage 10.0 (TID 56) (ac0ccb30c6a7, executor driver, partition 6, PROCESS_LOCAL, 8979 bytes)","logger":"airflow.task.hooks.airflow.providers.standard.hooks.subprocess.SubprocessHook","filename":"subprocess.py","lineno":99}
{"timestamp":"2026-06-02T14:19:38.438952Z","level":"info","event":"26/06/02 14:19:38 INFO TaskSetManager: Starting task 7.0 in stage 10.0 (TID 57) (ac0ccb30c6a7, executor driver, partition 7, PROCESS_LOCAL, 9060 bytes)","logger":"airflow.task.hooks.airflow.providers.standard.hooks.subprocess.SubprocessHook","filename":"subprocess.py","lineno":99}
{"timestamp":"2026-06-02T14:19:38.439340Z","level":"info","event":"26/06/02 14:19:38 INFO TaskSetManager: Starting task 8.0 in stage 10.0 (TID 58) (ac0ccb30c6a7, executor driver, partition 8, PROCESS_LOCAL, 8979 bytes)","logger":"airflow.task.hooks.airflow.providers.standard.hooks.subprocess.SubprocessHook","filename":"subprocess.py","lineno":99}
{"timestamp":"2026-06-02T14:19:38.439468Z","level":"info","event":"26/06/02 14:19:38 INFO TaskSetManager: Starting task 9.0 in stage 10.0 (TID 59) (ac0ccb30c6a7, executor driver, partition 9, PROCESS_LOCAL, 8979 bytes)","logger":"airflow.task.hooks.airflow.providers.standard.hooks.subprocess.SubprocessHook","filename":"subprocess.py","lineno":99}
{"timestamp":"2026-06-02T14:19:38.440317Z","level":"info","event":"26/06/02 14:19:38 INFO TaskSetManager: Starting task 10.0 in stage 10.0 (TID 60) (ac0ccb30c6a7, executor driver, partition 10, PROCESS_LOCAL, 9058 bytes)","logger":"airflow.task.hooks.airflow.providers.standard.hooks.subprocess.SubprocessHook","filename":"subprocess.py","lineno":99}
{"timestamp":"2026-06-02T14:19:38.441156Z","level":"info","event":"26/06/02 14:19:38 INFO TaskSetManager: Starting task 11.0 in stage 10.0 (TID 61) (ac0ccb30c6a7, executor driver, partition 11, PROCESS_LOCAL, 8979 bytes)","logger":"airflow.task.hooks.airflow.providers.standard.hooks.subprocess.SubprocessHook","filename":"subprocess.py","lineno":99}
{"timestamp":"2026-06-02T14:19:38.441753Z","level":"info","event":"26/06/02 14:19:38 INFO TaskSetManager: Starting task 12.0 in stage 10.0 (TID 62) (ac0ccb30c6a7, executor driver, partition 12, PROCESS_LOCAL, 8979 bytes)","logger":"airflow.task.hooks.airflow.providers.standard.hooks.subprocess.SubprocessHook","filename":"subprocess.py","lineno":99}
{"timestamp":"2026-06-02T14:19:38.442753Z","level":"info","event":"26/06/02 14:19:38 INFO TaskSetManager: Starting task 13.0 in stage 10.0 (TID 63) (ac0ccb30c6a7, executor driver, partition 13, PROCESS_LOCAL, 9056 bytes)","logger":"airflow.task.hooks.airflow.providers.standard.hooks.subprocess.SubprocessHook","filename":"subprocess.py","lineno":99}
{"timestamp":"2026-06-02T14:19:38.443255Z","level":"info","event":"26/06/02 14:19:38 INFO TaskSetManager: Starting task 14.0 in stage 10.0 (TID 64) (ac0ccb30c6a7, executor driver, partition 14, PROCESS_LOCAL, 8979 bytes)","logger":"airflow.task.hooks.airflow.providers.standard.hooks.subprocess.SubprocessHook","filename":"subprocess.py","lineno":99}
{"timestamp":"2026-06-02T14:19:38.445062Z","level":"info","event":"26/06/02 14:19:38 INFO TaskSetManager: Starting task 15.0 in stage 10.0 (TID 65) (ac0ccb30c6a7, executor driver, partition 15, PROCESS_LOCAL, 9053 bytes)","logger":"airflow.task.hooks.airflow.providers.standard.hooks.subprocess.SubprocessHook","filename":"subprocess.py","lineno":99}
{"timestamp":"2026-06-02T14:19:38.447145Z","level":"info","event":"26/06/02 14:19:38 INFO Executor: Running task 3.0 in stage 10.0 (TID 53)","logger":"airflow.task.hooks.airflow.providers.standard.hooks.subprocess.SubprocessHook","filename":"subprocess.py","lineno":99}
{"timestamp":"2026-06-02T14:19:38.447531Z","level":"info","event":"26/06/02 14:19:38 INFO Executor: Running task 8.0 in stage 10.0 (TID 58)","logger":"airflow.task.hooks.airflow.providers.standard.hooks.subprocess.SubprocessHook","filename":"subprocess.py","lineno":99}
{"timestamp":"2026-06-02T14:19:38.447628Z","level":"info","event":"26/06/02 14:19:38 INFO Executor: Running task 6.0 in stage 10.0 (TID 56)","logger":"airflow.task.hooks.airflow.providers.standard.hooks.subprocess.SubprocessHook","filename":"subprocess.py","lineno":99}
{"timestamp":"2026-06-02T14:19:38.447675Z","level":"info","event":"26/06/02 14:19:38 INFO Executor: Running task 5.0 in stage 10.0 (TID 55)","logger":"airflow.task.hooks.airflow.providers.standard.hooks.subprocess.SubprocessHook","filename":"subprocess.py","lineno":99}
{"timestamp":"2026-06-02T14:19:38.447713Z","level":"info","event":"26/06/02 14:19:38 INFO Executor: Running task 9.0 in stage 10.0 (TID 59)","logger":"airflow.task.hooks.airflow.providers.standard.hooks.subprocess.SubprocessHook","filename":"subprocess.py","lineno":99}
{"timestamp":"2026-06-02T14:19:38.447745Z","level":"info","event":"26/06/02 14:19:38 INFO Executor: Running task 12.0 in stage 10.0 (TID 62)","logger":"airflow.task.hooks.airflow.providers.standard.hooks.subprocess.SubprocessHook","filename":"subprocess.py","lineno":99}
{"timestamp":"2026-06-02T14:19:38.447773Z","level":"info","event":"26/06/02 14:19:38 INFO Executor: Running task 14.0 in stage 10.0 (TID 64)","logger":"airflow.task.hooks.airflow.providers.standard.hooks.subprocess.SubprocessHook","filename":"subprocess.py","lineno":99}
{"timestamp":"2026-06-02T14:19:38.447801Z","level":"info","event":"26/06/02 14:19:38 INFO Executor: Running task 7.0 in stage 10.0 (TID 57)","logger":"airflow.task.hooks.airflow.providers.standard.hooks.subprocess.SubprocessHook","filename":"subprocess.py","lineno":99}
{"timestamp":"2026-06-02T14:19:38.447829Z","level":"info","event":"26/06/02 14:19:38 INFO Executor: Running task 0.0 in stage 10.0 (TID 50)","logger":"airflow.task.hooks.airflow.providers.standard.hooks.subprocess.SubprocessHook","filename":"subprocess.py","lineno":99}
{"timestamp":"2026-06-02T14:19:38.447858Z","level":"info","event":"26/06/02 14:19:38 INFO Executor: Running task 4.0 in stage 10.0 (TID 54)","logger":"airflow.task.hooks.airflow.providers.standard.hooks.subprocess.SubprocessHook","filename":"subprocess.py","lineno":99}
{"timestamp":"2026-06-02T14:19:38.447892Z","level":"info","event":"26/06/02 14:19:38 INFO Executor: Running task 13.0 in stage 10.0 (TID 63)","logger":"airflow.task.hooks.airflow.providers.standard.hooks.subprocess.SubprocessHook","filename":"subprocess.py","lineno":99}
{"timestamp":"2026-06-02T14:19:38.447931Z","level":"info","event":"26/06/02 14:19:38 INFO Executor: Running task 11.0 in stage 10.0 (TID 61)","logger":"airflow.task.hooks.airflow.providers.standard.hooks.subprocess.SubprocessHook","filename":"subprocess.py","lineno":99}
{"timestamp":"2026-06-02T14:19:38.447974Z","level":"info","event":"26/06/02 14:19:38 INFO Executor: Running task 15.0 in stage 10.0 (TID 65)","logger":"airflow.task.hooks.airflow.providers.standard.hooks.subprocess.SubprocessHook","filename":"subprocess.py","lineno":99}
{"timestamp":"2026-06-02T14:19:38.448013Z","level":"info","event":"26/06/02 14:19:38 INFO Executor: Running task 2.0 in stage 10.0 (TID 52)","logger":"airflow.task.hooks.airflow.providers.standard.hooks.subprocess.SubprocessHook","filename":"subprocess.py","lineno":99}
{"timestamp":"2026-06-02T14:19:38.448053Z","level":"info","event":"26/06/02 14:19:38 INFO Executor: Running task 1.0 in stage 10.0 (TID 51)","logger":"airflow.task.hooks.airflow.providers.standard.hooks.subprocess.SubprocessHook","filename":"subprocess.py","lineno":99}
{"timestamp":"2026-06-02T14:19:38.454607Z","level":"info","event":"26/06/02 14:19:38 INFO Executor: Running task 10.0 in stage 10.0 (TID 60)","logger":"airflow.task.hooks.airflow.providers.standard.hooks.subprocess.SubprocessHook","filename":"subprocess.py","lineno":99}
{"timestamp":"2026-06-02T14:19:38.531052Z","level":"info","event":"26/06/02 14:19:38 INFO CodeGenerator: Code generated in 27.943915 ms","logger":"airflow.task.hooks.airflow.providers.standard.hooks.subprocess.SubprocessHook","filename":"subprocess.py","lineno":99}
{"timestamp":"2026-06-02T14:19:38.560781Z","level":"info","event":"26/06/02 14:19:38 INFO CodeGenerator: Code generated in 13.513233 ms","logger":"airflow.task.hooks.airflow.providers.standard.hooks.subprocess.SubprocessHook","filename":"subprocess.py","lineno":99}
{"timestamp":"2026-06-02T14:19:38.661340Z","level":"info","event":"26/06/02 14:19:38 INFO PythonRunner: Times: total = 133, boot = -788, init = 921, finish = 0","logger":"airflow.task.hooks.airflow.providers.standard.hooks.subprocess.SubprocessHook","filename":"subprocess.py","lineno":99}
{"timestamp":"2026-06-02T14:19:38.661960Z","level":"info","event":"26/06/02 14:19:38 INFO PythonRunner: Times: total = 124, boot = -574, init = 698, finish = 0","logger":"airflow.task.hooks.airflow.providers.standard.hooks.subprocess.SubprocessHook","filename":"subprocess.py","lineno":99}
{"timestamp":"2026-06-02T14:19:38.662111Z","level":"info","event":"26/06/02 14:19:38 INFO PythonRunner: Times: total = 138, boot = -764, init = 902, finish = 0","logger":"airflow.task.hooks.airflow.providers.standard.hooks.subprocess.SubprocessHook","filename":"subprocess.py","lineno":99}
{"timestamp":"2026-06-02T14:19:38.662214Z","level":"info","event":"26/06/02 14:19:38 INFO CodeGenerator: Code generated in 68.341808 ms","logger":"airflow.task.hooks.airflow.providers.standard.hooks.subprocess.SubprocessHook","filename":"subprocess.py","lineno":99}
{"timestamp":"2026-06-02T14:19:38.669926Z","level":"info","event":"26/06/02 14:19:38 INFO CodecConfig: Compression: SNAPPY","logger":"airflow.task.hooks.airflow.providers.standard.hooks.subprocess.SubprocessHook","filename":"subprocess.py","lineno":99}
{"timestamp":"2026-06-02T14:19:38.670158Z","level":"info","event":"26/06/02 14:19:38 INFO CodecConfig: Compression: SNAPPY","logger":"airflow.task.hooks.airflow.providers.standard.hooks.subprocess.SubprocessHook","filename":"subprocess.py","lineno":99}
{"timestamp":"2026-06-02T14:19:38.675820Z","level":"info","event":"26/06/02 14:19:38 INFO ParquetOutputFormat: ParquetRecordWriter [block size: 134217728b, row group padding size: 8388608b, validating: false]","logger":"airflow.task.hooks.airflow.providers.standard.hooks.subprocess.SubprocessHook","filename":"subprocess.py","lineno":99}
{"timestamp":"2026-06-02T14:19:38.679213Z","level":"info","event":"26/06/02 14:19:38 INFO PythonRunner: Times: total = 140, boot = -576, init = 716, finish = 0","logger":"airflow.task.hooks.airflow.providers.standard.hooks.subprocess.SubprocessHook","filename":"subprocess.py","lineno":99}
{"timestamp":"2026-06-02T14:19:38.679453Z","level":"info","event":"26/06/02 14:19:38 INFO ParquetWriteSupport: Initialized Parquet WriteSupport with Catalyst schema:","logger":"airflow.task.hooks.airflow.providers.standard.hooks.subprocess.SubprocessHook","filename":"subprocess.py","lineno":99}
{"timestamp":"2026-06-02T14:19:38.679523Z","level":"info","event":"{","logger":"airflow.task.hooks.airflow.providers.standard.hooks.subprocess.SubprocessHook","filename":"subprocess.py","lineno":99}
{"timestamp":"2026-06-02T14:19:38.679572Z","level":"info","event":"  \"type\" : \"struct\",","logger":"airflow.task.hooks.airflow.providers.standard.hooks.subprocess.SubprocessHook","filename":"subprocess.py","lineno":99}
{"timestamp":"2026-06-02T14:19:38.679617Z","level":"info","event":"  \"fields\" : [ {","logger":"airflow.task.hooks.airflow.providers.standard.hooks.subprocess.SubprocessHook","filename":"subprocess.py","lineno":99}
{"timestamp":"2026-06-02T14:19:38.679658Z","level":"info","event":"    \"name\" : \"livestock_indicator\",","logger":"airflow.task.hooks.airflow.providers.standard.hooks.subprocess.SubprocessHook","filename":"subprocess.py","lineno":99}
{"timestamp":"2026-06-02T14:19:38.679698Z","level":"info","event":"    \"type\" : \"string\",","logger":"airflow.task.hooks.airflow.providers.standard.hooks.subprocess.SubprocessHook","filename":"subprocess.py","lineno":99}
{"timestamp":"2026-06-02T14:19:38.679737Z","level":"info","event":"    \"nullable\" : true,","logger":"airflow.task.hooks.airflow.providers.standard.hooks.subprocess.SubprocessHook","filename":"subprocess.py","lineno":99}
{"timestamp":"2026-06-02T14:19:38.679777Z","level":"info","event":"    \"metadata\" : { }","logger":"airflow.task.hooks.airflow.providers.standard.hooks.subprocess.SubprocessHook","filename":"subprocess.py","lineno":99}
{"timestamp":"2026-06-02T14:19:38.679815Z","level":"info","event":"  }, {","logger":"airflow.task.hooks.airflow.providers.standard.hooks.subprocess.SubprocessHook","filename":"subprocess.py","lineno":99}
{"timestamp":"2026-06-02T14:19:38.679855Z","level":"info","event":"    \"name\" : \"value\",","logger":"airflow.task.hooks.airflow.providers.standard.hooks.subprocess.SubprocessHook","filename":"subprocess.py","lineno":99}
{"timestamp":"2026-06-02T14:19:38.679894Z","level":"info","event":"    \"type\" : \"double\",","logger":"airflow.task.hooks.airflow.providers.standard.hooks.subprocess.SubprocessHook","filename":"subprocess.py","lineno":99}
{"timestamp":"2026-06-02T14:19:38.679937Z","level":"info","event":"    \"nullable\" : true,","logger":"airflow.task.hooks.airflow.providers.standard.hooks.subprocess.SubprocessHook","filename":"subprocess.py","lineno":99}
{"timestamp":"2026-06-02T14:19:38.679980Z","level":"info","event":"    \"metadata\" : { }","logger":"airflow.task.hooks.airflow.providers.standard.hooks.subprocess.SubprocessHook","filename":"subprocess.py","lineno":99}
{"timestamp":"2026-06-02T14:19:38.680025Z","level":"info","event":"  }, {","logger":"airflow.task.hooks.airflow.providers.standard.hooks.subprocess.SubprocessHook","filename":"subprocess.py","lineno":99}
{"timestamp":"2026-06-02T14:19:38.680074Z","level":"info","event":"    \"name\" : \"unit\",","logger":"airflow.task.hooks.airflow.providers.standard.hooks.subprocess.SubprocessHook","filename":"subprocess.py","lineno":99}
{"timestamp":"2026-06-02T14:19:38.680124Z","level":"info","event":"    \"type\" : \"string\",","logger":"airflow.task.hooks.airflow.providers.standard.hooks.subprocess.SubprocessHook","filename":"subprocess.py","lineno":99}
{"timestamp":"2026-06-02T14:19:38.680178Z","level":"info","event":"    \"nullable\" : true,","logger":"airflow.task.hooks.airflow.providers.standard.hooks.subprocess.SubprocessHook","filename":"subprocess.py","lineno":99}
{"timestamp":"2026-06-02T14:19:38.680232Z","level":"info","event":"    \"metadata\" : { }","logger":"airflow.task.hooks.airflow.providers.standard.hooks.subprocess.SubprocessHook","filename":"subprocess.py","lineno":99}
{"timestamp":"2026-06-02T14:19:38.680289Z","level":"info","event":"  }, {","logger":"airflow.task.hooks.airflow.providers.standard.hooks.subprocess.SubprocessHook","filename":"subprocess.py","lineno":99}
{"timestamp":"2026-06-02T14:19:38.680341Z","level":"info","event":"    \"name\" : \"quarter\",","logger":"airflow.task.hooks.airflow.providers.standard.hooks.subprocess.SubprocessHook","filename":"subprocess.py","lineno":99}
{"timestamp":"2026-06-02T14:19:38.680384Z","level":"info","event":"    \"type\" : \"integer\",","logger":"airflow.task.hooks.airflow.providers.standard.hooks.subprocess.SubprocessHook","filename":"subprocess.py","lineno":99}
{"timestamp":"2026-06-02T14:19:38.680430Z","level":"info","event":"    \"nullable\" : true,","logger":"airflow.task.hooks.airflow.providers.standard.hooks.subprocess.SubprocessHook","filename":"subprocess.py","lineno":99}
{"timestamp":"2026-06-02T14:19:38.680472Z","level":"info","event":"    \"metadata\" : { }","logger":"airflow.task.hooks.airflow.providers.standard.hooks.subprocess.SubprocessHook","filename":"subprocess.py","lineno":99}
{"timestamp":"2026-06-02T14:19:38.680514Z","level":"info","event":"  }, {","logger":"airflow.task.hooks.airflow.providers.standard.hooks.subprocess.SubprocessHook","filename":"subprocess.py","lineno":99}
{"timestamp":"2026-06-02T14:19:38.680607Z","level":"info","event":"    \"name\" : \"year\",","logger":"airflow.task.hooks.airflow.providers.standard.hooks.subprocess.SubprocessHook","filename":"subprocess.py","lineno":99}
{"timestamp":"2026-06-02T14:19:38.680672Z","level":"info","event":"    \"type\" : \"integer\",","logger":"airflow.task.hooks.airflow.providers.standard.hooks.subprocess.SubprocessHook","filename":"subprocess.py","lineno":99}
{"timestamp":"2026-06-02T14:19:38.680726Z","level":"info","event":"    \"nullable\" : true,","logger":"airflow.task.hooks.airflow.providers.standard.hooks.subprocess.SubprocessHook","filename":"subprocess.py","lineno":99}
{"timestamp":"2026-06-02T14:19:38.680773Z","level":"info","event":"    \"metadata\" : { }","logger":"airflow.task.hooks.airflow.providers.standard.hooks.subprocess.SubprocessHook","filename":"subprocess.py","lineno":99}
{"timestamp":"2026-06-02T14:19:38.680819Z","level":"info","event":"  }, {","logger":"airflow.task.hooks.airflow.providers.standard.hooks.subprocess.SubprocessHook","filename":"subprocess.py","lineno":99}
{"timestamp":"2026-06-02T14:19:38.680863Z","level":"info","event":"    \"name\" : \"ingest_at\",","logger":"airflow.task.hooks.airflow.providers.standard.hooks.subprocess.SubprocessHook","filename":"subprocess.py","lineno":99}
{"timestamp":"2026-06-02T14:19:38.680906Z","level":"info","event":"    \"type\" : \"timestamp\",","logger":"airflow.task.hooks.airflow.providers.standard.hooks.subprocess.SubprocessHook","filename":"subprocess.py","lineno":99}
{"timestamp":"2026-06-02T14:19:38.680994Z","level":"info","event":"    \"nullable\" : true,","logger":"airflow.task.hooks.airflow.providers.standard.hooks.subprocess.SubprocessHook","filename":"subprocess.py","lineno":99}
{"timestamp":"2026-06-02T14:19:38.681049Z","level":"info","event":"    \"metadata\" : { }","logger":"airflow.task.hooks.airflow.providers.standard.hooks.subprocess.SubprocessHook","filename":"subprocess.py","lineno":99}
{"timestamp":"2026-06-02T14:19:38.681091Z","level":"info","event":"  } ]","logger":"airflow.task.hooks.airflow.providers.standard.hooks.subprocess.SubprocessHook","filename":"subprocess.py","lineno":99}
{"timestamp":"2026-06-02T14:19:38.681131Z","level":"info","event":"}","logger":"airflow.task.hooks.airflow.providers.standard.hooks.subprocess.SubprocessHook","filename":"subprocess.py","lineno":99}
{"timestamp":"2026-06-02T14:19:38.681169Z","level":"info","event":"and corresponding Parquet message type:","logger":"airflow.task.hooks.airflow.providers.standard.hooks.subprocess.SubprocessHook","filename":"subprocess.py","lineno":99}
{"timestamp":"2026-06-02T14:19:38.681208Z","level":"info","event":"message spark_schema {","logger":"airflow.task.hooks.airflow.providers.standard.hooks.subprocess.SubprocessHook","filename":"subprocess.py","lineno":99}
{"timestamp":"2026-06-02T14:19:38.681247Z","level":"info","event":"  optional binary livestock_indicator (STRING);","logger":"airflow.task.hooks.airflow.providers.standard.hooks.subprocess.SubprocessHook","filename":"subprocess.py","lineno":99}
{"timestamp":"2026-06-02T14:19:38.681286Z","level":"info","event":"  optional double value;","logger":"airflow.task.hooks.airflow.providers.standard.hooks.subprocess.SubprocessHook","filename":"subprocess.py","lineno":99}
{"timestamp":"2026-06-02T14:19:38.681323Z","level":"info","event":"  optional binary unit (STRING);","logger":"airflow.task.hooks.airflow.providers.standard.hooks.subprocess.SubprocessHook","filename":"subprocess.py","lineno":99}
{"timestamp":"2026-06-02T14:19:38.681364Z","level":"info","event":"  optional int32 quarter;","logger":"airflow.task.hooks.airflow.providers.standard.hooks.subprocess.SubprocessHook","filename":"subprocess.py","lineno":99}
{"timestamp":"2026-06-02T14:19:38.681398Z","level":"info","event":"  optional int32 year;","logger":"airflow.task.hooks.airflow.providers.standard.hooks.subprocess.SubprocessHook","filename":"subprocess.py","lineno":99}
{"timestamp":"2026-06-02T14:19:38.681434Z","level":"info","event":"  optional int96 ingest_at;","logger":"airflow.task.hooks.airflow.providers.standard.hooks.subprocess.SubprocessHook","filename":"subprocess.py","lineno":99}
{"timestamp":"2026-06-02T14:19:38.681471Z","level":"info","event":"}","logger":"airflow.task.hooks.airflow.providers.standard.hooks.subprocess.SubprocessHook","filename":"subprocess.py","lineno":99}
{"timestamp":"2026-06-02T14:19:38.681748Z","level":"info","event":"","logger":"airflow.task.hooks.airflow.providers.standard.hooks.subprocess.SubprocessHook","filename":"subprocess.py","lineno":99}
{"timestamp":"2026-06-02T14:19:38.681831Z","level":"info","event":"","logger":"airflow.task.hooks.airflow.providers.standard.hooks.subprocess.SubprocessHook","filename":"subprocess.py","lineno":99}
{"timestamp":"2026-06-02T14:19:38.692358Z","level":"info","event":"26/06/02 14:19:38 INFO PythonRunner: Times: total = 164, boot = -583, init = 747, finish = 0","logger":"airflow.task.hooks.airflow.providers.standard.hooks.subprocess.SubprocessHook","filename":"subprocess.py","lineno":99}
{"timestamp":"2026-06-02T14:19:38.694941Z","level":"info","event":"26/06/02 14:19:38 INFO PythonRunner: Times: total = 166, boot = -574, init = 740, finish = 0","logger":"airflow.task.hooks.airflow.providers.standard.hooks.subprocess.SubprocessHook","filename":"subprocess.py","lineno":99}
{"timestamp":"2026-06-02T14:19:38.712760Z","level":"info","event":"26/06/02 14:19:38 INFO Executor: Finished task 9.0 in stage 10.0 (TID 59). 2902 bytes result sent to driver","logger":"airflow.task.hooks.airflow.providers.standard.hooks.subprocess.SubprocessHook","filename":"subprocess.py","lineno":99}
{"timestamp":"2026-06-02T14:19:38.715983Z","level":"info","event":"26/06/02 14:19:38 INFO PythonRunner: Times: total = 160, boot = -557, init = 717, finish = 0","logger":"airflow.task.hooks.airflow.providers.standard.hooks.subprocess.SubprocessHook","filename":"subprocess.py","lineno":99}
{"timestamp":"2026-06-02T14:19:38.732282Z","level":"info","event":"26/06/02 14:19:38 INFO TaskSetManager: Finished task 9.0 in stage 10.0 (TID 59) in 292 ms on ac0ccb30c6a7 (executor driver) (1/16)","logger":"airflow.task.hooks.airflow.providers.standard.hooks.subprocess.SubprocessHook","filename":"subprocess.py","lineno":99}
{"timestamp":"2026-06-02T14:19:38.758391Z","level":"info","event":"26/06/02 14:19:38 INFO PythonRunner: Times: total = 172, boot = -755, init = 927, finish = 0","logger":"airflow.task.hooks.airflow.providers.standard.hooks.subprocess.SubprocessHook","filename":"subprocess.py","lineno":99}
{"timestamp":"2026-06-02T14:19:38.765262Z","level":"info","event":"26/06/02 14:19:38 INFO CodecConfig: Compression: SNAPPY","logger":"airflow.task.hooks.airflow.providers.standard.hooks.subprocess.SubprocessHook","filename":"subprocess.py","lineno":99}
{"timestamp":"2026-06-02T14:19:38.765562Z","level":"info","event":"26/06/02 14:19:38 INFO CodecConfig: Compression: SNAPPY","logger":"airflow.task.hooks.airflow.providers.standard.hooks.subprocess.SubprocessHook","filename":"subprocess.py","lineno":99}
{"timestamp":"2026-06-02T14:19:38.765674Z","level":"info","event":"26/06/02 14:19:38 INFO ParquetOutputFormat: ParquetRecordWriter [block size: 134217728b, row group padding size: 8388608b, validating: false]","logger":"airflow.task.hooks.airflow.providers.standard.hooks.subprocess.SubprocessHook","filename":"subprocess.py","lineno":99}
{"timestamp":"2026-06-02T14:19:38.765757Z","level":"info","event":"26/06/02 14:19:38 INFO ParquetWriteSupport: Initialized Parquet WriteSupport with Catalyst schema:","logger":"airflow.task.hooks.airflow.providers.standard.hooks.subprocess.SubprocessHook","filename":"subprocess.py","lineno":99}
{"timestamp":"2026-06-02T14:19:38.765827Z","level":"info","event":"{","logger":"airflow.task.hooks.airflow.providers.standard.hooks.subprocess.SubprocessHook","filename":"subprocess.py","lineno":99}
{"timestamp":"2026-06-02T14:19:38.766094Z","level":"info","event":"  \"type\" : \"struct\",","logger":"airflow.task.hooks.airflow.providers.standard.hooks.subprocess.SubprocessHook","filename":"subprocess.py","lineno":99}
{"timestamp":"2026-06-02T14:19:38.766228Z","level":"info","event":"  \"fields\" : [ {","logger":"airflow.task.hooks.airflow.providers.standard.hooks.subprocess.SubprocessHook","filename":"subprocess.py","lineno":99}
{"timestamp":"2026-06-02T14:19:38.766325Z","level":"info","event":"    \"name\" : \"livestock_indicator\",","logger":"airflow.task.hooks.airflow.providers.standard.hooks.subprocess.SubprocessHook","filename":"subprocess.py","lineno":99}
{"timestamp":"2026-06-02T14:19:38.766410Z","level":"info","event":"    \"type\" : \"string\",","logger":"airflow.task.hooks.airflow.providers.standard.hooks.subprocess.SubprocessHook","filename":"subprocess.py","lineno":99}
{"timestamp":"2026-06-02T14:19:38.766486Z","level":"info","event":"    \"nullable\" : true,","logger":"airflow.task.hooks.airflow.providers.standard.hooks.subprocess.SubprocessHook","filename":"subprocess.py","lineno":99}
{"timestamp":"2026-06-02T14:19:38.766556Z","level":"info","event":"    \"metadata\" : { }","logger":"airflow.task.hooks.airflow.providers.standard.hooks.subprocess.SubprocessHook","filename":"subprocess.py","lineno":99}
{"timestamp":"2026-06-02T14:19:38.766626Z","level":"info","event":"  }, {","logger":"airflow.task.hooks.airflow.providers.standard.hooks.subprocess.SubprocessHook","filename":"subprocess.py","lineno":99}
{"timestamp":"2026-06-02T14:19:38.766695Z","level":"info","event":"    \"name\" : \"value\",","logger":"airflow.task.hooks.airflow.providers.standard.hooks.subprocess.SubprocessHook","filename":"subprocess.py","lineno":99}
{"timestamp":"2026-06-02T14:19:38.766763Z","level":"info","event":"    \"type\" : \"double\",","logger":"airflow.task.hooks.airflow.providers.standard.hooks.subprocess.SubprocessHook","filename":"subprocess.py","lineno":99}
{"timestamp":"2026-06-02T14:19:38.766834Z","level":"info","event":"    \"nullable\" : true,","logger":"airflow.task.hooks.airflow.providers.standard.hooks.subprocess.SubprocessHook","filename":"subprocess.py","lineno":99}
{"timestamp":"2026-06-02T14:19:38.766905Z","level":"info","event":"    \"metadata\" : { }","logger":"airflow.task.hooks.airflow.providers.standard.hooks.subprocess.SubprocessHook","filename":"subprocess.py","lineno":99}
{"timestamp":"2026-06-02T14:19:38.766977Z","level":"info","event":"  }, {","logger":"airflow.task.hooks.airflow.providers.standard.hooks.subprocess.SubprocessHook","filename":"subprocess.py","lineno":99}
{"timestamp":"2026-06-02T14:19:38.767049Z","level":"info","event":"    \"name\" : \"unit\",","logger":"airflow.task.hooks.airflow.providers.standard.hooks.subprocess.SubprocessHook","filename":"subprocess.py","lineno":99}
{"timestamp":"2026-06-02T14:19:38.767122Z","level":"info","event":"    \"type\" : \"string\",","logger":"airflow.task.hooks.airflow.providers.standard.hooks.subprocess.SubprocessHook","filename":"subprocess.py","lineno":99}
{"timestamp":"2026-06-02T14:19:38.767193Z","level":"info","event":"    \"nullable\" : true,","logger":"airflow.task.hooks.airflow.providers.standard.hooks.subprocess.SubprocessHook","filename":"subprocess.py","lineno":99}
{"timestamp":"2026-06-02T14:19:38.767330Z","level":"info","event":"    \"metadata\" : { }","logger":"airflow.task.hooks.airflow.providers.standard.hooks.subprocess.SubprocessHook","filename":"subprocess.py","lineno":99}
{"timestamp":"2026-06-02T14:19:38.767472Z","level":"info","event":"  }, {","logger":"airflow.task.hooks.airflow.providers.standard.hooks.subprocess.SubprocessHook","filename":"subprocess.py","lineno":99}
{"timestamp":"2026-06-02T14:19:38.767568Z","level":"info","event":"    \"name\" : \"quarter\",","logger":"airflow.task.hooks.airflow.providers.standard.hooks.subprocess.SubprocessHook","filename":"subprocess.py","lineno":99}
{"timestamp":"2026-06-02T14:19:38.767647Z","level":"info","event":"    \"type\" : \"integer\",","logger":"airflow.task.hooks.airflow.providers.standard.hooks.subprocess.SubprocessHook","filename":"subprocess.py","lineno":99}
{"timestamp":"2026-06-02T14:19:38.767715Z","level":"info","event":"    \"nullable\" : true,","logger":"airflow.task.hooks.airflow.providers.standard.hooks.subprocess.SubprocessHook","filename":"subprocess.py","lineno":99}
{"timestamp":"2026-06-02T14:19:38.767784Z","level":"info","event":"    \"metadata\" : { }","logger":"airflow.task.hooks.airflow.providers.standard.hooks.subprocess.SubprocessHook","filename":"subprocess.py","lineno":99}
{"timestamp":"2026-06-02T14:19:38.767847Z","level":"info","event":"  }, {","logger":"airflow.task.hooks.airflow.providers.standard.hooks.subprocess.SubprocessHook","filename":"subprocess.py","lineno":99}
{"timestamp":"2026-06-02T14:19:38.767911Z","level":"info","event":"    \"name\" : \"year\",","logger":"airflow.task.hooks.airflow.providers.standard.hooks.subprocess.SubprocessHook","filename":"subprocess.py","lineno":99}
{"timestamp":"2026-06-02T14:19:38.767977Z","level":"info","event":"    \"type\" : \"integer\",","logger":"airflow.task.hooks.airflow.providers.standard.hooks.subprocess.SubprocessHook","filename":"subprocess.py","lineno":99}
{"timestamp":"2026-06-02T14:19:38.768040Z","level":"info","event":"    \"nullable\" : true,","logger":"airflow.task.hooks.airflow.providers.standard.hooks.subprocess.SubprocessHook","filename":"subprocess.py","lineno":99}
{"timestamp":"2026-06-02T14:19:38.768103Z","level":"info","event":"    \"metadata\" : { }","logger":"airflow.task.hooks.airflow.providers.standard.hooks.subprocess.SubprocessHook","filename":"subprocess.py","lineno":99}
{"timestamp":"2026-06-02T14:19:38.768171Z","level":"info","event":"  }, {","logger":"airflow.task.hooks.airflow.providers.standard.hooks.subprocess.SubprocessHook","filename":"subprocess.py","lineno":99}
{"timestamp":"2026-06-02T14:19:38.768290Z","level":"info","event":"    \"name\" : \"ingest_at\",","logger":"airflow.task.hooks.airflow.providers.standard.hooks.subprocess.SubprocessHook","filename":"subprocess.py","lineno":99}
{"timestamp":"2026-06-02T14:19:38.768400Z","level":"info","event":"    \"type\" : \"timestamp\",","logger":"airflow.task.hooks.airflow.providers.standard.hooks.subprocess.SubprocessHook","filename":"subprocess.py","lineno":99}
{"timestamp":"2026-06-02T14:19:38.768475Z","level":"info","event":"    \"nullable\" : true,","logger":"airflow.task.hooks.airflow.providers.standard.hooks.subprocess.SubprocessHook","filename":"subprocess.py","lineno":99}
{"timestamp":"2026-06-02T14:19:38.768543Z","level":"info","event":"    \"metadata\" : { }","logger":"airflow.task.hooks.airflow.providers.standard.hooks.subprocess.SubprocessHook","filename":"subprocess.py","lineno":99}
{"timestamp":"2026-06-02T14:19:38.768602Z","level":"info","event":"  } ]","logger":"airflow.task.hooks.airflow.providers.standard.hooks.subprocess.SubprocessHook","filename":"subprocess.py","lineno":99}
{"timestamp":"2026-06-02T14:19:38.768667Z","level":"info","event":"}","logger":"airflow.task.hooks.airflow.providers.standard.hooks.subprocess.SubprocessHook","filename":"subprocess.py","lineno":99}
{"timestamp":"2026-06-02T14:19:38.768737Z","level":"info","event":"and corresponding Parquet message type:","logger":"airflow.task.hooks.airflow.providers.standard.hooks.subprocess.SubprocessHook","filename":"subprocess.py","lineno":99}
{"timestamp":"2026-06-02T14:19:38.768806Z","level":"info","event":"message spark_schema {","logger":"airflow.task.hooks.airflow.providers.standard.hooks.subprocess.SubprocessHook","filename":"subprocess.py","lineno":99}
{"timestamp":"2026-06-02T14:19:38.769061Z","level":"info","event":"  optional binary livestock_indicator (STRING);","logger":"airflow.task.hooks.airflow.providers.standard.hooks.subprocess.SubprocessHook","filename":"subprocess.py","lineno":99}
{"timestamp":"2026-06-02T14:19:38.769232Z","level":"info","event":"  optional double value;","logger":"airflow.task.hooks.airflow.providers.standard.hooks.subprocess.SubprocessHook","filename":"subprocess.py","lineno":99}
{"timestamp":"2026-06-02T14:19:38.769377Z","level":"info","event":"  optional binary unit (STRING);","logger":"airflow.task.hooks.airflow.providers.standard.hooks.subprocess.SubprocessHook","filename":"subprocess.py","lineno":99}
{"timestamp":"2026-06-02T14:19:38.769481Z","level":"info","event":"  optional int32 quarter;","logger":"airflow.task.hooks.airflow.providers.standard.hooks.subprocess.SubprocessHook","filename":"subprocess.py","lineno":99}
{"timestamp":"2026-06-02T14:19:38.769559Z","level":"info","event":"  optional int32 year;","logger":"airflow.task.hooks.airflow.providers.standard.hooks.subprocess.SubprocessHook","filename":"subprocess.py","lineno":99}
{"timestamp":"2026-06-02T14:19:38.769623Z","level":"info","event":"  optional int96 ingest_at;","logger":"airflow.task.hooks.airflow.providers.standard.hooks.subprocess.SubprocessHook","filename":"subprocess.py","lineno":99}
{"timestamp":"2026-06-02T14:19:38.769765Z","level":"info","event":"}","logger":"airflow.task.hooks.airflow.providers.standard.hooks.subprocess.SubprocessHook","filename":"subprocess.py","lineno":99}
{"timestamp":"2026-06-02T14:19:38.769880Z","level":"info","event":"","logger":"airflow.task.hooks.airflow.providers.standard.hooks.subprocess.SubprocessHook","filename":"subprocess.py","lineno":99}
{"timestamp":"2026-06-02T14:19:38.770417Z","level":"info","event":"","logger":"airflow.task.hooks.airflow.providers.standard.hooks.subprocess.SubprocessHook","filename":"subprocess.py","lineno":99}
{"timestamp":"2026-06-02T14:19:38.770577Z","level":"info","event":"26/06/02 14:19:38 INFO CodecConfig: Compression: SNAPPY","logger":"airflow.task.hooks.airflow.providers.standard.hooks.subprocess.SubprocessHook","filename":"subprocess.py","lineno":99}
{"timestamp":"2026-06-02T14:19:38.771119Z","level":"info","event":"26/06/02 14:19:38 INFO CodecConfig: Compression: SNAPPY","logger":"airflow.task.hooks.airflow.providers.standard.hooks.subprocess.SubprocessHook","filename":"subprocess.py","lineno":99}
{"timestamp":"2026-06-02T14:19:38.771279Z","level":"info","event":"26/06/02 14:19:38 INFO ParquetOutputFormat: ParquetRecordWriter [block size: 134217728b, row group padding size: 8388608b, validating: false]","logger":"airflow.task.hooks.airflow.providers.standard.hooks.subprocess.SubprocessHook","filename":"subprocess.py","lineno":99}
{"timestamp":"2026-06-02T14:19:38.771347Z","level":"info","event":"26/06/02 14:19:38 INFO ParquetWriteSupport: Initialized Parquet WriteSupport with Catalyst schema:","logger":"airflow.task.hooks.airflow.providers.standard.hooks.subprocess.SubprocessHook","filename":"subprocess.py","lineno":99}
{"timestamp":"2026-06-02T14:19:38.771395Z","level":"info","event":"{","logger":"airflow.task.hooks.airflow.providers.standard.hooks.subprocess.SubprocessHook","filename":"subprocess.py","lineno":99}
{"timestamp":"2026-06-02T14:19:38.771422Z","level":"info","event":"  \"type\" : \"struct\",","logger":"airflow.task.hooks.airflow.providers.standard.hooks.subprocess.SubprocessHook","filename":"subprocess.py","lineno":99}
{"timestamp":"2026-06-02T14:19:38.771448Z","level":"info","event":"  \"fields\" : [ {","logger":"airflow.task.hooks.airflow.providers.standard.hooks.subprocess.SubprocessHook","filename":"subprocess.py","lineno":99}
{"timestamp":"2026-06-02T14:19:38.771482Z","level":"info","event":"    \"name\" : \"livestock_indicator\",","logger":"airflow.task.hooks.airflow.providers.standard.hooks.subprocess.SubprocessHook","filename":"subprocess.py","lineno":99}
{"timestamp":"2026-06-02T14:19:38.771519Z","level":"info","event":"    \"type\" : \"string\",","logger":"airflow.task.hooks.airflow.providers.standard.hooks.subprocess.SubprocessHook","filename":"subprocess.py","lineno":99}
{"timestamp":"2026-06-02T14:19:38.771556Z","level":"info","event":"    \"nullable\" : true,","logger":"airflow.task.hooks.airflow.providers.standard.hooks.subprocess.SubprocessHook","filename":"subprocess.py","lineno":99}
{"timestamp":"2026-06-02T14:19:38.771591Z","level":"info","event":"    \"metadata\" : { }","logger":"airflow.task.hooks.airflow.providers.standard.hooks.subprocess.SubprocessHook","filename":"subprocess.py","lineno":99}
{"timestamp":"2026-06-02T14:19:38.771628Z","level":"info","event":"  }, {","logger":"airflow.task.hooks.airflow.providers.standard.hooks.subprocess.SubprocessHook","filename":"subprocess.py","lineno":99}
{"timestamp":"2026-06-02T14:19:38.771664Z","level":"info","event":"    \"name\" : \"value\",","logger":"airflow.task.hooks.airflow.providers.standard.hooks.subprocess.SubprocessHook","filename":"subprocess.py","lineno":99}
{"timestamp":"2026-06-02T14:19:38.771701Z","level":"info","event":"    \"type\" : \"double\",","logger":"airflow.task.hooks.airflow.providers.standard.hooks.subprocess.SubprocessHook","filename":"subprocess.py","lineno":99}
{"timestamp":"2026-06-02T14:19:38.771739Z","level":"info","event":"    \"nullable\" : true,","logger":"airflow.task.hooks.airflow.providers.standard.hooks.subprocess.SubprocessHook","filename":"subprocess.py","lineno":99}
{"timestamp":"2026-06-02T14:19:38.771781Z","level":"info","event":"    \"metadata\" : { }","logger":"airflow.task.hooks.airflow.providers.standard.hooks.subprocess.SubprocessHook","filename":"subprocess.py","lineno":99}
{"timestamp":"2026-06-02T14:19:38.771824Z","level":"info","event":"  }, {","logger":"airflow.task.hooks.airflow.providers.standard.hooks.subprocess.SubprocessHook","filename":"subprocess.py","lineno":99}
{"timestamp":"2026-06-02T14:19:38.771879Z","level":"info","event":"    \"name\" : \"unit\",","logger":"airflow.task.hooks.airflow.providers.standard.hooks.subprocess.SubprocessHook","filename":"subprocess.py","lineno":99}
{"timestamp":"2026-06-02T14:19:38.771927Z","level":"info","event":"    \"type\" : \"string\",","logger":"airflow.task.hooks.airflow.providers.standard.hooks.subprocess.SubprocessHook","filename":"subprocess.py","lineno":99}
{"timestamp":"2026-06-02T14:19:38.771976Z","level":"info","event":"    \"nullable\" : true,","logger":"airflow.task.hooks.airflow.providers.standard.hooks.subprocess.SubprocessHook","filename":"subprocess.py","lineno":99}
{"timestamp":"2026-06-02T14:19:38.772032Z","level":"info","event":"    \"metadata\" : { }","logger":"airflow.task.hooks.airflow.providers.standard.hooks.subprocess.SubprocessHook","filename":"subprocess.py","lineno":99}
{"timestamp":"2026-06-02T14:19:38.772090Z","level":"info","event":"  }, {","logger":"airflow.task.hooks.airflow.providers.standard.hooks.subprocess.SubprocessHook","filename":"subprocess.py","lineno":99}
{"timestamp":"2026-06-02T14:19:38.772159Z","level":"info","event":"    \"name\" : \"quarter\",","logger":"airflow.task.hooks.airflow.providers.standard.hooks.subprocess.SubprocessHook","filename":"subprocess.py","lineno":99}
{"timestamp":"2026-06-02T14:19:38.772232Z","level":"info","event":"    \"type\" : \"integer\",","logger":"airflow.task.hooks.airflow.providers.standard.hooks.subprocess.SubprocessHook","filename":"subprocess.py","lineno":99}
{"timestamp":"2026-06-02T14:19:38.772319Z","level":"info","event":"    \"nullable\" : true,","logger":"airflow.task.hooks.airflow.providers.standard.hooks.subprocess.SubprocessHook","filename":"subprocess.py","lineno":99}
{"timestamp":"2026-06-02T14:19:38.772410Z","level":"info","event":"    \"metadata\" : { }","logger":"airflow.task.hooks.airflow.providers.standard.hooks.subprocess.SubprocessHook","filename":"subprocess.py","lineno":99}
{"timestamp":"2026-06-02T14:19:38.772482Z","level":"info","event":"  }, {","logger":"airflow.task.hooks.airflow.providers.standard.hooks.subprocess.SubprocessHook","filename":"subprocess.py","lineno":99}
{"timestamp":"2026-06-02T14:19:38.772550Z","level":"info","event":"    \"name\" : \"year\",","logger":"airflow.task.hooks.airflow.providers.standard.hooks.subprocess.SubprocessHook","filename":"subprocess.py","lineno":99}
{"timestamp":"2026-06-02T14:19:38.772611Z","level":"info","event":"    \"type\" : \"integer\",","logger":"airflow.task.hooks.airflow.providers.standard.hooks.subprocess.SubprocessHook","filename":"subprocess.py","lineno":99}
{"timestamp":"2026-06-02T14:19:38.772664Z","level":"info","event":"    \"nullable\" : true,","logger":"airflow.task.hooks.airflow.providers.standard.hooks.subprocess.SubprocessHook","filename":"subprocess.py","lineno":99}
{"timestamp":"2026-06-02T14:19:38.772715Z","level":"info","event":"    \"metadata\" : { }","logger":"airflow.task.hooks.airflow.providers.standard.hooks.subprocess.SubprocessHook","filename":"subprocess.py","lineno":99}
{"timestamp":"2026-06-02T14:19:38.772756Z","level":"info","event":"  }, {","logger":"airflow.task.hooks.airflow.providers.standard.hooks.subprocess.SubprocessHook","filename":"subprocess.py","lineno":99}
{"timestamp":"2026-06-02T14:19:38.772801Z","level":"info","event":"    \"name\" : \"ingest_at\",","logger":"airflow.task.hooks.airflow.providers.standard.hooks.subprocess.SubprocessHook","filename":"subprocess.py","lineno":99}
{"timestamp":"2026-06-02T14:19:38.772844Z","level":"info","event":"    \"type\" : \"timestamp\",","logger":"airflow.task.hooks.airflow.providers.standard.hooks.subprocess.SubprocessHook","filename":"subprocess.py","lineno":99}
{"timestamp":"2026-06-02T14:19:38.772884Z","level":"info","event":"    \"nullable\" : true,","logger":"airflow.task.hooks.airflow.providers.standard.hooks.subprocess.SubprocessHook","filename":"subprocess.py","lineno":99}
{"timestamp":"2026-06-02T14:19:38.772925Z","level":"info","event":"    \"metadata\" : { }","logger":"airflow.task.hooks.airflow.providers.standard.hooks.subprocess.SubprocessHook","filename":"subprocess.py","lineno":99}
{"timestamp":"2026-06-02T14:19:38.773089Z","level":"info","event":"  } ]","logger":"airflow.task.hooks.airflow.providers.standard.hooks.subprocess.SubprocessHook","filename":"subprocess.py","lineno":99}
{"timestamp":"2026-06-02T14:19:38.773479Z","level":"info","event":"}","logger":"airflow.task.hooks.airflow.providers.standard.hooks.subprocess.SubprocessHook","filename":"subprocess.py","lineno":99}
{"timestamp":"2026-06-02T14:19:38.773597Z","level":"info","event":"and corresponding Parquet message type:","logger":"airflow.task.hooks.airflow.providers.standard.hooks.subprocess.SubprocessHook","filename":"subprocess.py","lineno":99}
{"timestamp":"2026-06-02T14:19:38.773649Z","level":"info","event":"message spark_schema {","logger":"airflow.task.hooks.airflow.providers.standard.hooks.subprocess.SubprocessHook","filename":"subprocess.py","lineno":99}
{"timestamp":"2026-06-02T14:19:38.773688Z","level":"info","event":"  optional binary livestock_indicator (STRING);","logger":"airflow.task.hooks.airflow.providers.standard.hooks.subprocess.SubprocessHook","filename":"subprocess.py","lineno":99}
{"timestamp":"2026-06-02T14:19:38.774361Z","level":"info","event":"  optional double value;","logger":"airflow.task.hooks.airflow.providers.standard.hooks.subprocess.SubprocessHook","filename":"subprocess.py","lineno":99}
{"timestamp":"2026-06-02T14:19:38.774499Z","level":"info","event":"  optional binary unit (STRING);","logger":"airflow.task.hooks.airflow.providers.standard.hooks.subprocess.SubprocessHook","filename":"subprocess.py","lineno":99}
{"timestamp":"2026-06-02T14:19:38.774755Z","level":"info","event":"  optional int32 quarter;","logger":"airflow.task.hooks.airflow.providers.standard.hooks.subprocess.SubprocessHook","filename":"subprocess.py","lineno":99}
{"timestamp":"2026-06-02T14:19:38.774922Z","level":"info","event":"  optional int32 year;","logger":"airflow.task.hooks.airflow.providers.standard.hooks.subprocess.SubprocessHook","filename":"subprocess.py","lineno":99}
{"timestamp":"2026-06-02T14:19:38.775042Z","level":"info","event":"  optional int96 ingest_at;","logger":"airflow.task.hooks.airflow.providers.standard.hooks.subprocess.SubprocessHook","filename":"subprocess.py","lineno":99}
{"timestamp":"2026-06-02T14:19:38.775130Z","level":"info","event":"}","logger":"airflow.task.hooks.airflow.providers.standard.hooks.subprocess.SubprocessHook","filename":"subprocess.py","lineno":99}
{"timestamp":"2026-06-02T14:19:38.775211Z","level":"info","event":"","logger":"airflow.task.hooks.airflow.providers.standard.hooks.subprocess.SubprocessHook","filename":"subprocess.py","lineno":99}
{"timestamp":"2026-06-02T14:19:38.775291Z","level":"info","event":"","logger":"airflow.task.hooks.airflow.providers.standard.hooks.subprocess.SubprocessHook","filename":"subprocess.py","lineno":99}
{"timestamp":"2026-06-02T14:19:38.775370Z","level":"info","event":"26/06/02 14:19:38 INFO CodecConfig: Compression: SNAPPY","logger":"airflow.task.hooks.airflow.providers.standard.hooks.subprocess.SubprocessHook","filename":"subprocess.py","lineno":99}
{"timestamp":"2026-06-02T14:19:38.775473Z","level":"info","event":"26/06/02 14:19:38 INFO PythonRunner: Times: total = 240, boot = -573, init = 813, finish = 0","logger":"airflow.task.hooks.airflow.providers.standard.hooks.subprocess.SubprocessHook","filename":"subprocess.py","lineno":99}
{"timestamp":"2026-06-02T14:19:38.781751Z","level":"info","event":"26/06/02 14:19:38 INFO CodecConfig: Compression: SNAPPY","logger":"airflow.task.hooks.airflow.providers.standard.hooks.subprocess.SubprocessHook","filename":"subprocess.py","lineno":99}
{"timestamp":"2026-06-02T14:19:38.782898Z","level":"info","event":"26/06/02 14:19:38 INFO CodecConfig: Compression: SNAPPY","logger":"airflow.task.hooks.airflow.providers.standard.hooks.subprocess.SubprocessHook","filename":"subprocess.py","lineno":99}
{"timestamp":"2026-06-02T14:19:38.783149Z","level":"info","event":"26/06/02 14:19:38 INFO Executor: Finished task 14.0 in stage 10.0 (TID 64). 2902 bytes result sent to driver","logger":"airflow.task.hooks.airflow.providers.standard.hooks.subprocess.SubprocessHook","filename":"subprocess.py","lineno":99}
{"timestamp":"2026-06-02T14:19:38.783242Z","level":"info","event":"26/06/02 14:19:38 INFO ParquetOutputFormat: ParquetRecordWriter [block size: 134217728b, row group padding size: 8388608b, validating: false]","logger":"airflow.task.hooks.airflow.providers.standard.hooks.subprocess.SubprocessHook","filename":"subprocess.py","lineno":99}
{"timestamp":"2026-06-02T14:19:38.783293Z","level":"info","event":"26/06/02 14:19:38 INFO Executor: Finished task 6.0 in stage 10.0 (TID 56). 2902 bytes result sent to driver","logger":"airflow.task.hooks.airflow.providers.standard.hooks.subprocess.SubprocessHook","filename":"subprocess.py","lineno":99}
{"timestamp":"2026-06-02T14:19:38.783335Z","level":"info","event":"26/06/02 14:19:38 INFO CodecConfig: Compression: SNAPPY","logger":"airflow.task.hooks.airflow.providers.standard.hooks.subprocess.SubprocessHook","filename":"subprocess.py","lineno":99}
{"timestamp":"2026-06-02T14:19:38.783383Z","level":"info","event":"26/06/02 14:19:38 INFO ParquetWriteSupport: Initialized Parquet WriteSupport with Catalyst schema:","logger":"airflow.task.hooks.airflow.providers.standard.hooks.subprocess.SubprocessHook","filename":"subprocess.py","lineno":99}
{"timestamp":"2026-06-02T14:19:38.783423Z","level":"info","event":"{","logger":"airflow.task.hooks.airflow.providers.standard.hooks.subprocess.SubprocessHook","filename":"subprocess.py","lineno":99}
{"timestamp":"2026-06-02T14:19:38.783540Z","level":"info","event":"  \"type\" : \"struct\",","logger":"airflow.task.hooks.airflow.providers.standard.hooks.subprocess.SubprocessHook","filename":"subprocess.py","lineno":99}
{"timestamp":"2026-06-02T14:19:38.783587Z","level":"info","event":"  \"fields\" : [ {","logger":"airflow.task.hooks.airflow.providers.standard.hooks.subprocess.SubprocessHook","filename":"subprocess.py","lineno":99}
{"timestamp":"2026-06-02T14:19:38.783628Z","level":"info","event":"    \"name\" : \"livestock_indicator\",","logger":"airflow.task.hooks.airflow.providers.standard.hooks.subprocess.SubprocessHook","filename":"subprocess.py","lineno":99}
{"timestamp":"2026-06-02T14:19:38.783665Z","level":"info","event":"    \"type\" : \"string\",","logger":"airflow.task.hooks.airflow.providers.standard.hooks.subprocess.SubprocessHook","filename":"subprocess.py","lineno":99}
{"timestamp":"2026-06-02T14:19:38.783703Z","level":"info","event":"    \"nullable\" : true,","logger":"airflow.task.hooks.airflow.providers.standard.hooks.subprocess.SubprocessHook","filename":"subprocess.py","lineno":99}
{"timestamp":"2026-06-02T14:19:38.783737Z","level":"info","event":"    \"metadata\" : { }","logger":"airflow.task.hooks.airflow.providers.standard.hooks.subprocess.SubprocessHook","filename":"subprocess.py","lineno":99}
{"timestamp":"2026-06-02T14:19:38.783773Z","level":"info","event":"  }, {","logger":"airflow.task.hooks.airflow.providers.standard.hooks.subprocess.SubprocessHook","filename":"subprocess.py","lineno":99}
{"timestamp":"2026-06-02T14:19:38.783809Z","level":"info","event":"    \"name\" : \"value\",","logger":"airflow.task.hooks.airflow.providers.standard.hooks.subprocess.SubprocessHook","filename":"subprocess.py","lineno":99}
{"timestamp":"2026-06-02T14:19:38.783863Z","level":"info","event":"    \"type\" : \"double\",","logger":"airflow.task.hooks.airflow.providers.standard.hooks.subprocess.SubprocessHook","filename":"subprocess.py","lineno":99}
{"timestamp":"2026-06-02T14:19:38.783911Z","level":"info","event":"    \"nullable\" : true,","logger":"airflow.task.hooks.airflow.providers.standard.hooks.subprocess.SubprocessHook","filename":"subprocess.py","lineno":99}
{"timestamp":"2026-06-02T14:19:38.783961Z","level":"info","event":"    \"metadata\" : { }","logger":"airflow.task.hooks.airflow.providers.standard.hooks.subprocess.SubprocessHook","filename":"subprocess.py","lineno":99}
{"timestamp":"2026-06-02T14:19:38.784004Z","level":"info","event":"  }, {","logger":"airflow.task.hooks.airflow.providers.standard.hooks.subprocess.SubprocessHook","filename":"subprocess.py","lineno":99}
{"timestamp":"2026-06-02T14:19:38.784043Z","level":"info","event":"    \"name\" : \"unit\",","logger":"airflow.task.hooks.airflow.providers.standard.hooks.subprocess.SubprocessHook","filename":"subprocess.py","lineno":99}
{"timestamp":"2026-06-02T14:19:38.784087Z","level":"info","event":"    \"type\" : \"string\",","logger":"airflow.task.hooks.airflow.providers.standard.hooks.subprocess.SubprocessHook","filename":"subprocess.py","lineno":99}
{"timestamp":"2026-06-02T14:19:38.784131Z","level":"info","event":"    \"nullable\" : true,","logger":"airflow.task.hooks.airflow.providers.standard.hooks.subprocess.SubprocessHook","filename":"subprocess.py","lineno":99}
{"timestamp":"2026-06-02T14:19:38.784196Z","level":"info","event":"    \"metadata\" : { }","logger":"airflow.task.hooks.airflow.providers.standard.hooks.subprocess.SubprocessHook","filename":"subprocess.py","lineno":99}
{"timestamp":"2026-06-02T14:19:38.784256Z","level":"info","event":"  }, {","logger":"airflow.task.hooks.airflow.providers.standard.hooks.subprocess.SubprocessHook","filename":"subprocess.py","lineno":99}
{"timestamp":"2026-06-02T14:19:38.784299Z","level":"info","event":"    \"name\" : \"quarter\",","logger":"airflow.task.hooks.airflow.providers.standard.hooks.subprocess.SubprocessHook","filename":"subprocess.py","lineno":99}
{"timestamp":"2026-06-02T14:19:38.784338Z","level":"info","event":"    \"type\" : \"integer\",","logger":"airflow.task.hooks.airflow.providers.standard.hooks.subprocess.SubprocessHook","filename":"subprocess.py","lineno":99}
{"timestamp":"2026-06-02T14:19:38.784380Z","level":"info","event":"    \"nullable\" : true,","logger":"airflow.task.hooks.airflow.providers.standard.hooks.subprocess.SubprocessHook","filename":"subprocess.py","lineno":99}
{"timestamp":"2026-06-02T14:19:38.784517Z","level":"info","event":"    \"metadata\" : { }","logger":"airflow.task.hooks.airflow.providers.standard.hooks.subprocess.SubprocessHook","filename":"subprocess.py","lineno":99}
{"timestamp":"2026-06-02T14:19:38.784617Z","level":"info","event":"  }, {","logger":"airflow.task.hooks.airflow.providers.standard.hooks.subprocess.SubprocessHook","filename":"subprocess.py","lineno":99}
{"timestamp":"2026-06-02T14:19:38.784672Z","level":"info","event":"    \"name\" : \"year\",","logger":"airflow.task.hooks.airflow.providers.standard.hooks.subprocess.SubprocessHook","filename":"subprocess.py","lineno":99}
{"timestamp":"2026-06-02T14:19:38.784722Z","level":"info","event":"    \"type\" : \"integer\",","logger":"airflow.task.hooks.airflow.providers.standard.hooks.subprocess.SubprocessHook","filename":"subprocess.py","lineno":99}
{"timestamp":"2026-06-02T14:19:38.784764Z","level":"info","event":"    \"nullable\" : true,","logger":"airflow.task.hooks.airflow.providers.standard.hooks.subprocess.SubprocessHook","filename":"subprocess.py","lineno":99}
{"timestamp":"2026-06-02T14:19:38.784804Z","level":"info","event":"    \"metadata\" : { }","logger":"airflow.task.hooks.airflow.providers.standard.hooks.subprocess.SubprocessHook","filename":"subprocess.py","lineno":99}
{"timestamp":"2026-06-02T14:19:38.784848Z","level":"info","event":"  }, {","logger":"airflow.task.hooks.airflow.providers.standard.hooks.subprocess.SubprocessHook","filename":"subprocess.py","lineno":99}
{"timestamp":"2026-06-02T14:19:38.784883Z","level":"info","event":"    \"name\" : \"ingest_at\",","logger":"airflow.task.hooks.airflow.providers.standard.hooks.subprocess.SubprocessHook","filename":"subprocess.py","lineno":99}
{"timestamp":"2026-06-02T14:19:38.784917Z","level":"info","event":"    \"type\" : \"timestamp\",","logger":"airflow.task.hooks.airflow.providers.standard.hooks.subprocess.SubprocessHook","filename":"subprocess.py","lineno":99}
{"timestamp":"2026-06-02T14:19:38.785024Z","level":"info","event":"    \"nullable\" : true,","logger":"airflow.task.hooks.airflow.providers.standard.hooks.subprocess.SubprocessHook","filename":"subprocess.py","lineno":99}
{"timestamp":"2026-06-02T14:19:38.785147Z","level":"info","event":"    \"metadata\" : { }","logger":"airflow.task.hooks.airflow.providers.standard.hooks.subprocess.SubprocessHook","filename":"subprocess.py","lineno":99}
{"timestamp":"2026-06-02T14:19:38.785236Z","level":"info","event":"  } ]","logger":"airflow.task.hooks.airflow.providers.standard.hooks.subprocess.SubprocessHook","filename":"subprocess.py","lineno":99}
{"timestamp":"2026-06-02T14:19:38.785287Z","level":"info","event":"}","logger":"airflow.task.hooks.airflow.providers.standard.hooks.subprocess.SubprocessHook","filename":"subprocess.py","lineno":99}
{"timestamp":"2026-06-02T14:19:38.785340Z","level":"info","event":"and corresponding Parquet message type:","logger":"airflow.task.hooks.airflow.providers.standard.hooks.subprocess.SubprocessHook","filename":"subprocess.py","lineno":99}
{"timestamp":"2026-06-02T14:19:38.785386Z","level":"info","event":"message spark_schema {","logger":"airflow.task.hooks.airflow.providers.standard.hooks.subprocess.SubprocessHook","filename":"subprocess.py","lineno":99}
{"timestamp":"2026-06-02T14:19:38.785428Z","level":"info","event":"  optional binary livestock_indicator (STRING);","logger":"airflow.task.hooks.airflow.providers.standard.hooks.subprocess.SubprocessHook","filename":"subprocess.py","lineno":99}
{"timestamp":"2026-06-02T14:19:38.785471Z","level":"info","event":"  optional double value;","logger":"airflow.task.hooks.airflow.providers.standard.hooks.subprocess.SubprocessHook","filename":"subprocess.py","lineno":99}
{"timestamp":"2026-06-02T14:19:38.785517Z","level":"info","event":"  optional binary unit (STRING);","logger":"airflow.task.hooks.airflow.providers.standard.hooks.subprocess.SubprocessHook","filename":"subprocess.py","lineno":99}
{"timestamp":"2026-06-02T14:19:38.785561Z","level":"info","event":"  optional int32 quarter;","logger":"airflow.task.hooks.airflow.providers.standard.hooks.subprocess.SubprocessHook","filename":"subprocess.py","lineno":99}
{"timestamp":"2026-06-02T14:19:38.785603Z","level":"info","event":"  optional int32 year;","logger":"airflow.task.hooks.airflow.providers.standard.hooks.subprocess.SubprocessHook","filename":"subprocess.py","lineno":99}
{"timestamp":"2026-06-02T14:19:38.785644Z","level":"info","event":"  optional int96 ingest_at;","logger":"airflow.task.hooks.airflow.providers.standard.hooks.subprocess.SubprocessHook","filename":"subprocess.py","lineno":99}
{"timestamp":"2026-06-02T14:19:38.785677Z","level":"info","event":"}","logger":"airflow.task.hooks.airflow.providers.standard.hooks.subprocess.SubprocessHook","filename":"subprocess.py","lineno":99}
{"timestamp":"2026-06-02T14:19:38.785713Z","level":"info","event":"","logger":"airflow.task.hooks.airflow.providers.standard.hooks.subprocess.SubprocessHook","filename":"subprocess.py","lineno":99}
{"timestamp":"2026-06-02T14:19:38.785752Z","level":"info","event":"","logger":"airflow.task.hooks.airflow.providers.standard.hooks.subprocess.SubprocessHook","filename":"subprocess.py","lineno":99}
{"timestamp":"2026-06-02T14:19:38.785789Z","level":"info","event":"26/06/02 14:19:38 INFO Executor: Finished task 8.0 in stage 10.0 (TID 58). 2902 bytes result sent to driver","logger":"airflow.task.hooks.airflow.providers.standard.hooks.subprocess.SubprocessHook","filename":"subprocess.py","lineno":99}
{"timestamp":"2026-06-02T14:19:38.786031Z","level":"info","event":"26/06/02 14:19:38 INFO ParquetOutputFormat: ParquetRecordWriter [block size: 134217728b, row group padding size: 8388608b, validating: false]","logger":"airflow.task.hooks.airflow.providers.standard.hooks.subprocess.SubprocessHook","filename":"subprocess.py","lineno":99}
{"timestamp":"2026-06-02T14:19:38.786119Z","level":"info","event":"26/06/02 14:19:38 INFO PythonRunner: Times: total = 242, boot = -539, init = 781, finish = 0","logger":"airflow.task.hooks.airflow.providers.standard.hooks.subprocess.SubprocessHook","filename":"subprocess.py","lineno":99}
{"timestamp":"2026-06-02T14:19:38.786158Z","level":"info","event":"26/06/02 14:19:38 INFO TaskSetManager: Finished task 14.0 in stage 10.0 (TID 64) in 336 ms on ac0ccb30c6a7 (executor driver) (2/16)","logger":"airflow.task.hooks.airflow.providers.standard.hooks.subprocess.SubprocessHook","filename":"subprocess.py","lineno":99}
{"timestamp":"2026-06-02T14:19:38.786195Z","level":"info","event":"26/06/02 14:19:38 INFO PythonRunner: Times: total = 143, boot = -773, init = 916, finish = 0","logger":"airflow.task.hooks.airflow.providers.standard.hooks.subprocess.SubprocessHook","filename":"subprocess.py","lineno":99}
{"timestamp":"2026-06-02T14:19:38.787701Z","level":"info","event":"26/06/02 14:19:38 INFO PythonRunner: Times: total = 166, boot = -924, init = 1090, finish = 0","logger":"airflow.task.hooks.airflow.providers.standard.hooks.subprocess.SubprocessHook","filename":"subprocess.py","lineno":99}
{"timestamp":"2026-06-02T14:19:38.789614Z","level":"info","event":"26/06/02 14:19:38 INFO TaskSetManager: Finished task 6.0 in stage 10.0 (TID 56) in 350 ms on ac0ccb30c6a7 (executor driver) (3/16)","logger":"airflow.task.hooks.airflow.providers.standard.hooks.subprocess.SubprocessHook","filename":"subprocess.py","lineno":99}
{"timestamp":"2026-06-02T14:19:38.789892Z","level":"info","event":"26/06/02 14:19:38 INFO CodecConfig: Compression: SNAPPY","logger":"airflow.task.hooks.airflow.providers.standard.hooks.subprocess.SubprocessHook","filename":"subprocess.py","lineno":99}
{"timestamp":"2026-06-02T14:19:38.790092Z","level":"info","event":"26/06/02 14:19:38 INFO CodecConfig: Compression: SNAPPY","logger":"airflow.task.hooks.airflow.providers.standard.hooks.subprocess.SubprocessHook","filename":"subprocess.py","lineno":99}
{"timestamp":"2026-06-02T14:19:38.791521Z","level":"info","event":"26/06/02 14:19:38 INFO CodecConfig: Compression: SNAPPY","logger":"airflow.task.hooks.airflow.providers.standard.hooks.subprocess.SubprocessHook","filename":"subprocess.py","lineno":99}
{"timestamp":"2026-06-02T14:19:38.797717Z","level":"info","event":"26/06/02 14:19:38 INFO CodecConfig: Compression: SNAPPY","logger":"airflow.task.hooks.airflow.providers.standard.hooks.subprocess.SubprocessHook","filename":"subprocess.py","lineno":99}
{"timestamp":"2026-06-02T14:19:38.797918Z","level":"info","event":"26/06/02 14:19:38 INFO Executor: Finished task 1.0 in stage 10.0 (TID 51). 2902 bytes result sent to driver","logger":"airflow.task.hooks.airflow.providers.standard.hooks.subprocess.SubprocessHook","filename":"subprocess.py","lineno":99}
{"timestamp":"2026-06-02T14:19:38.797996Z","level":"info","event":"26/06/02 14:19:38 INFO ParquetOutputFormat: ParquetRecordWriter [block size: 134217728b, row group padding size: 8388608b, validating: false]","logger":"airflow.task.hooks.airflow.providers.standard.hooks.subprocess.SubprocessHook","filename":"subprocess.py","lineno":99}
{"timestamp":"2026-06-02T14:19:38.798065Z","level":"info","event":"26/06/02 14:19:38 INFO ParquetWriteSupport: Initialized Parquet WriteSupport with Catalyst schema:","logger":"airflow.task.hooks.airflow.providers.standard.hooks.subprocess.SubprocessHook","filename":"subprocess.py","lineno":99}
{"timestamp":"2026-06-02T14:19:38.798131Z","level":"info","event":"{","logger":"airflow.task.hooks.airflow.providers.standard.hooks.subprocess.SubprocessHook","filename":"subprocess.py","lineno":99}
{"timestamp":"2026-06-02T14:19:38.798240Z","level":"info","event":"  \"type\" : \"struct\",","logger":"airflow.task.hooks.airflow.providers.standard.hooks.subprocess.SubprocessHook","filename":"subprocess.py","lineno":99}
{"timestamp":"2026-06-02T14:19:38.798324Z","level":"info","event":"  \"fields\" : [ {","logger":"airflow.task.hooks.airflow.providers.standard.hooks.subprocess.SubprocessHook","filename":"subprocess.py","lineno":99}
{"timestamp":"2026-06-02T14:19:38.798389Z","level":"info","event":"    \"name\" : \"livestock_indicator\",","logger":"airflow.task.hooks.airflow.providers.standard.hooks.subprocess.SubprocessHook","filename":"subprocess.py","lineno":99}
{"timestamp":"2026-06-02T14:19:38.798451Z","level":"info","event":"    \"type\" : \"string\",","logger":"airflow.task.hooks.airflow.providers.standard.hooks.subprocess.SubprocessHook","filename":"subprocess.py","lineno":99}
{"timestamp":"2026-06-02T14:19:38.798511Z","level":"info","event":"    \"nullable\" : true,","logger":"airflow.task.hooks.airflow.providers.standard.hooks.subprocess.SubprocessHook","filename":"subprocess.py","lineno":99}
{"timestamp":"2026-06-02T14:19:38.798569Z","level":"info","event":"    \"metadata\" : { }","logger":"airflow.task.hooks.airflow.providers.standard.hooks.subprocess.SubprocessHook","filename":"subprocess.py","lineno":99}
{"timestamp":"2026-06-02T14:19:38.798630Z","level":"info","event":"  }, {","logger":"airflow.task.hooks.airflow.providers.standard.hooks.subprocess.SubprocessHook","filename":"subprocess.py","lineno":99}
{"timestamp":"2026-06-02T14:19:38.798690Z","level":"info","event":"    \"name\" : \"value\",","logger":"airflow.task.hooks.airflow.providers.standard.hooks.subprocess.SubprocessHook","filename":"subprocess.py","lineno":99}
{"timestamp":"2026-06-02T14:19:38.798749Z","level":"info","event":"    \"type\" : \"double\",","logger":"airflow.task.hooks.airflow.providers.standard.hooks.subprocess.SubprocessHook","filename":"subprocess.py","lineno":99}
{"timestamp":"2026-06-02T14:19:38.798811Z","level":"info","event":"    \"nullable\" : true,","logger":"airflow.task.hooks.airflow.providers.standard.hooks.subprocess.SubprocessHook","filename":"subprocess.py","lineno":99}
{"timestamp":"2026-06-02T14:19:38.798874Z","level":"info","event":"    \"metadata\" : { }","logger":"airflow.task.hooks.airflow.providers.standard.hooks.subprocess.SubprocessHook","filename":"subprocess.py","lineno":99}
{"timestamp":"2026-06-02T14:19:38.798994Z","level":"info","event":"  }, {","logger":"airflow.task.hooks.airflow.providers.standard.hooks.subprocess.SubprocessHook","filename":"subprocess.py","lineno":99}
{"timestamp":"2026-06-02T14:19:38.799114Z","level":"info","event":"    \"name\" : \"unit\",","logger":"airflow.task.hooks.airflow.providers.standard.hooks.subprocess.SubprocessHook","filename":"subprocess.py","lineno":99}
{"timestamp":"2026-06-02T14:19:38.799200Z","level":"info","event":"    \"type\" : \"string\",","logger":"airflow.task.hooks.airflow.providers.standard.hooks.subprocess.SubprocessHook","filename":"subprocess.py","lineno":99}
{"timestamp":"2026-06-02T14:19:38.799386Z","level":"info","event":"    \"nullable\" : true,","logger":"airflow.task.hooks.airflow.providers.standard.hooks.subprocess.SubprocessHook","filename":"subprocess.py","lineno":99}
{"timestamp":"2026-06-02T14:19:38.799470Z","level":"info","event":"    \"metadata\" : { }","logger":"airflow.task.hooks.airflow.providers.standard.hooks.subprocess.SubprocessHook","filename":"subprocess.py","lineno":99}
{"timestamp":"2026-06-02T14:19:38.799522Z","level":"info","event":"  }, {","logger":"airflow.task.hooks.airflow.providers.standard.hooks.subprocess.SubprocessHook","filename":"subprocess.py","lineno":99}
{"timestamp":"2026-06-02T14:19:38.799566Z","level":"info","event":"    \"name\" : \"quarter\",","logger":"airflow.task.hooks.airflow.providers.standard.hooks.subprocess.SubprocessHook","filename":"subprocess.py","lineno":99}
{"timestamp":"2026-06-02T14:19:38.799603Z","level":"info","event":"    \"type\" : \"integer\",","logger":"airflow.task.hooks.airflow.providers.standard.hooks.subprocess.SubprocessHook","filename":"subprocess.py","lineno":99}
{"timestamp":"2026-06-02T14:19:38.799721Z","level":"info","event":"    \"nullable\" : true,","logger":"airflow.task.hooks.airflow.providers.standard.hooks.subprocess.SubprocessHook","filename":"subprocess.py","lineno":99}
{"timestamp":"2026-06-02T14:19:38.799775Z","level":"info","event":"    \"metadata\" : { }","logger":"airflow.task.hooks.airflow.providers.standard.hooks.subprocess.SubprocessHook","filename":"subprocess.py","lineno":99}
{"timestamp":"2026-06-02T14:19:38.799820Z","level":"info","event":"  }, {","logger":"airflow.task.hooks.airflow.providers.standard.hooks.subprocess.SubprocessHook","filename":"subprocess.py","lineno":99}
{"timestamp":"2026-06-02T14:19:38.799859Z","level":"info","event":"    \"name\" : \"year\",","logger":"airflow.task.hooks.airflow.providers.standard.hooks.subprocess.SubprocessHook","filename":"subprocess.py","lineno":99}
{"timestamp":"2026-06-02T14:19:38.799900Z","level":"info","event":"    \"type\" : \"integer\",","logger":"airflow.task.hooks.airflow.providers.standard.hooks.subprocess.SubprocessHook","filename":"subprocess.py","lineno":99}
{"timestamp":"2026-06-02T14:19:38.799945Z","level":"info","event":"    \"nullable\" : true,","logger":"airflow.task.hooks.airflow.providers.standard.hooks.subprocess.SubprocessHook","filename":"subprocess.py","lineno":99}
{"timestamp":"2026-06-02T14:19:38.800202Z","level":"info","event":"    \"metadata\" : { }","logger":"airflow.task.hooks.airflow.providers.standard.hooks.subprocess.SubprocessHook","filename":"subprocess.py","lineno":99}
{"timestamp":"2026-06-02T14:19:38.800330Z","level":"info","event":"  }, {","logger":"airflow.task.hooks.airflow.providers.standard.hooks.subprocess.SubprocessHook","filename":"subprocess.py","lineno":99}
{"timestamp":"2026-06-02T14:19:38.800430Z","level":"info","event":"    \"name\" : \"ingest_at\",","logger":"airflow.task.hooks.airflow.providers.standard.hooks.subprocess.SubprocessHook","filename":"subprocess.py","lineno":99}
{"timestamp":"2026-06-02T14:19:38.800499Z","level":"info","event":"    \"type\" : \"timestamp\",","logger":"airflow.task.hooks.airflow.providers.standard.hooks.subprocess.SubprocessHook","filename":"subprocess.py","lineno":99}
{"timestamp":"2026-06-02T14:19:38.800589Z","level":"info","event":"    \"nullable\" : true,","logger":"airflow.task.hooks.airflow.providers.standard.hooks.subprocess.SubprocessHook","filename":"subprocess.py","lineno":99}
{"timestamp":"2026-06-02T14:19:38.800646Z","level":"info","event":"    \"metadata\" : { }","logger":"airflow.task.hooks.airflow.providers.standard.hooks.subprocess.SubprocessHook","filename":"subprocess.py","lineno":99}
{"timestamp":"2026-06-02T14:19:38.800686Z","level":"info","event":"  } ]","logger":"airflow.task.hooks.airflow.providers.standard.hooks.subprocess.SubprocessHook","filename":"subprocess.py","lineno":99}
{"timestamp":"2026-06-02T14:19:38.800773Z","level":"info","event":"}","logger":"airflow.task.hooks.airflow.providers.standard.hooks.subprocess.SubprocessHook","filename":"subprocess.py","lineno":99}
{"timestamp":"2026-06-02T14:19:38.800834Z","level":"info","event":"and corresponding Parquet message type:","logger":"airflow.task.hooks.airflow.providers.standard.hooks.subprocess.SubprocessHook","filename":"subprocess.py","lineno":99}
{"timestamp":"2026-06-02T14:19:38.800881Z","level":"info","event":"message spark_schema {","logger":"airflow.task.hooks.airflow.providers.standard.hooks.subprocess.SubprocessHook","filename":"subprocess.py","lineno":99}
{"timestamp":"2026-06-02T14:19:38.800996Z","level":"info","event":"  optional binary livestock_indicator (STRING);","logger":"airflow.task.hooks.airflow.providers.standard.hooks.subprocess.SubprocessHook","filename":"subprocess.py","lineno":99}
{"timestamp":"2026-06-02T14:19:38.801064Z","level":"info","event":"  optional double value;","logger":"airflow.task.hooks.airflow.providers.standard.hooks.subprocess.SubprocessHook","filename":"subprocess.py","lineno":99}
{"timestamp":"2026-06-02T14:19:38.801152Z","level":"info","event":"  optional binary unit (STRING);","logger":"airflow.task.hooks.airflow.providers.standard.hooks.subprocess.SubprocessHook","filename":"subprocess.py","lineno":99}
{"timestamp":"2026-06-02T14:19:38.801223Z","level":"info","event":"  optional int32 quarter;","logger":"airflow.task.hooks.airflow.providers.standard.hooks.subprocess.SubprocessHook","filename":"subprocess.py","lineno":99}
{"timestamp":"2026-06-02T14:19:38.801459Z","level":"info","event":"  optional int32 year;","logger":"airflow.task.hooks.airflow.providers.standard.hooks.subprocess.SubprocessHook","filename":"subprocess.py","lineno":99}
{"timestamp":"2026-06-02T14:19:38.801658Z","level":"info","event":"  optional int96 ingest_at;","logger":"airflow.task.hooks.airflow.providers.standard.hooks.subprocess.SubprocessHook","filename":"subprocess.py","lineno":99}
{"timestamp":"2026-06-02T14:19:38.801729Z","level":"info","event":"}","logger":"airflow.task.hooks.airflow.providers.standard.hooks.subprocess.SubprocessHook","filename":"subprocess.py","lineno":99}
{"timestamp":"2026-06-02T14:19:38.801903Z","level":"info","event":"","logger":"airflow.task.hooks.airflow.providers.standard.hooks.subprocess.SubprocessHook","filename":"subprocess.py","lineno":99}
{"timestamp":"2026-06-02T14:19:38.801955Z","level":"info","event":"","logger":"airflow.task.hooks.airflow.providers.standard.hooks.subprocess.SubprocessHook","filename":"subprocess.py","lineno":99}
{"timestamp":"2026-06-02T14:19:38.802006Z","level":"info","event":"26/06/02 14:19:38 INFO TaskSetManager: Finished task 8.0 in stage 10.0 (TID 58) in 352 ms on ac0ccb30c6a7 (executor driver) (4/16)","logger":"airflow.task.hooks.airflow.providers.standard.hooks.subprocess.SubprocessHook","filename":"subprocess.py","lineno":99}
{"timestamp":"2026-06-02T14:19:38.802047Z","level":"info","event":"26/06/02 14:19:38 INFO ParquetWriteSupport: Initialized Parquet WriteSupport with Catalyst schema:","logger":"airflow.task.hooks.airflow.providers.standard.hooks.subprocess.SubprocessHook","filename":"subprocess.py","lineno":99}
{"timestamp":"2026-06-02T14:19:38.909640Z","level":"info","event":"{","logger":"airflow.task.hooks.airflow.providers.standard.hooks.subprocess.SubprocessHook","filename":"subprocess.py","lineno":99}
{"timestamp":"2026-06-02T14:19:38.909754Z","level":"info","event":"  \"type\" : \"struct\",","logger":"airflow.task.hooks.airflow.providers.standard.hooks.subprocess.SubprocessHook","filename":"subprocess.py","lineno":99}
{"timestamp":"2026-06-02T14:19:38.909783Z","level":"info","event":"  \"fields\" : [ {","logger":"airflow.task.hooks.airflow.providers.standard.hooks.subprocess.SubprocessHook","filename":"subprocess.py","lineno":99}
{"timestamp":"2026-06-02T14:19:38.909804Z","level":"info","event":"    \"name\" : \"livestock_indicator\",","logger":"airflow.task.hooks.airflow.providers.standard.hooks.subprocess.SubprocessHook","filename":"subprocess.py","lineno":99}
{"timestamp":"2026-06-02T14:19:38.909824Z","level":"info","event":"    \"type\" : \"string\",","logger":"airflow.task.hooks.airflow.providers.standard.hooks.subprocess.SubprocessHook","filename":"subprocess.py","lineno":99}
{"timestamp":"2026-06-02T14:19:38.909842Z","level":"info","event":"    \"nullable\" : true,","logger":"airflow.task.hooks.airflow.providers.standard.hooks.subprocess.SubprocessHook","filename":"subprocess.py","lineno":99}
{"timestamp":"2026-06-02T14:19:38.909860Z","level":"info","event":"    \"metadata\" : { }","logger":"airflow.task.hooks.airflow.providers.standard.hooks.subprocess.SubprocessHook","filename":"subprocess.py","lineno":99}
{"timestamp":"2026-06-02T14:19:38.909878Z","level":"info","event":"  }, {","logger":"airflow.task.hooks.airflow.providers.standard.hooks.subprocess.SubprocessHook","filename":"subprocess.py","lineno":99}
{"timestamp":"2026-06-02T14:19:38.909897Z","level":"info","event":"    \"name\" : \"value\",","logger":"airflow.task.hooks.airflow.providers.standard.hooks.subprocess.SubprocessHook","filename":"subprocess.py","lineno":99}
{"timestamp":"2026-06-02T14:19:38.909916Z","level":"info","event":"    \"type\" : \"double\",","logger":"airflow.task.hooks.airflow.providers.standard.hooks.subprocess.SubprocessHook","filename":"subprocess.py","lineno":99}
{"timestamp":"2026-06-02T14:19:38.909934Z","level":"info","event":"    \"nullable\" : true,","logger":"airflow.task.hooks.airflow.providers.standard.hooks.subprocess.SubprocessHook","filename":"subprocess.py","lineno":99}
{"timestamp":"2026-06-02T14:19:38.909951Z","level":"info","event":"    \"metadata\" : { }","logger":"airflow.task.hooks.airflow.providers.standard.hooks.subprocess.SubprocessHook","filename":"subprocess.py","lineno":99}
{"timestamp":"2026-06-02T14:19:38.909969Z","level":"info","event":"  }, {","logger":"airflow.task.hooks.airflow.providers.standard.hooks.subprocess.SubprocessHook","filename":"subprocess.py","lineno":99}
{"timestamp":"2026-06-02T14:19:38.909987Z","level":"info","event":"    \"name\" : \"unit\",","logger":"airflow.task.hooks.airflow.providers.standard.hooks.subprocess.SubprocessHook","filename":"subprocess.py","lineno":99}
{"timestamp":"2026-06-02T14:19:38.910004Z","level":"info","event":"    \"type\" : \"string\",","logger":"airflow.task.hooks.airflow.providers.standard.hooks.subprocess.SubprocessHook","filename":"subprocess.py","lineno":99}
{"timestamp":"2026-06-02T14:19:38.910021Z","level":"info","event":"    \"nullable\" : true,","logger":"airflow.task.hooks.airflow.providers.standard.hooks.subprocess.SubprocessHook","filename":"subprocess.py","lineno":99}
{"timestamp":"2026-06-02T14:19:38.910037Z","level":"info","event":"    \"metadata\" : { }","logger":"airflow.task.hooks.airflow.providers.standard.hooks.subprocess.SubprocessHook","filename":"subprocess.py","lineno":99}
{"timestamp":"2026-06-02T14:19:38.910054Z","level":"info","event":"  }, {","logger":"airflow.task.hooks.airflow.providers.standard.hooks.subprocess.SubprocessHook","filename":"subprocess.py","lineno":99}
{"timestamp":"2026-06-02T14:19:38.910071Z","level":"info","event":"    \"name\" : \"quarter\",","logger":"airflow.task.hooks.airflow.providers.standard.hooks.subprocess.SubprocessHook","filename":"subprocess.py","lineno":99}
{"timestamp":"2026-06-02T14:19:38.910087Z","level":"info","event":"    \"type\" : \"integer\",","logger":"airflow.task.hooks.airflow.providers.standard.hooks.subprocess.SubprocessHook","filename":"subprocess.py","lineno":99}
{"timestamp":"2026-06-02T14:19:38.910105Z","level":"info","event":"    \"nullable\" : true,","logger":"airflow.task.hooks.airflow.providers.standard.hooks.subprocess.SubprocessHook","filename":"subprocess.py","lineno":99}
{"timestamp":"2026-06-02T14:19:38.910121Z","level":"info","event":"    \"metadata\" : { }","logger":"airflow.task.hooks.airflow.providers.standard.hooks.subprocess.SubprocessHook","filename":"subprocess.py","lineno":99}
{"timestamp":"2026-06-02T14:19:38.910138Z","level":"info","event":"  }, {","logger":"airflow.task.hooks.airflow.providers.standard.hooks.subprocess.SubprocessHook","filename":"subprocess.py","lineno":99}
{"timestamp":"2026-06-02T14:19:38.910155Z","level":"info","event":"    \"name\" : \"year\",","logger":"airflow.task.hooks.airflow.providers.standard.hooks.subprocess.SubprocessHook","filename":"subprocess.py","lineno":99}
{"timestamp":"2026-06-02T14:19:38.910171Z","level":"info","event":"    \"type\" : \"integer\",","logger":"airflow.task.hooks.airflow.providers.standard.hooks.subprocess.SubprocessHook","filename":"subprocess.py","lineno":99}
{"timestamp":"2026-06-02T14:19:38.910188Z","level":"info","event":"    \"nullable\" : true,","logger":"airflow.task.hooks.airflow.providers.standard.hooks.subprocess.SubprocessHook","filename":"subprocess.py","lineno":99}
{"timestamp":"2026-06-02T14:19:38.910205Z","level":"info","event":"    \"metadata\" : { }","logger":"airflow.task.hooks.airflow.providers.standard.hooks.subprocess.SubprocessHook","filename":"subprocess.py","lineno":99}
{"timestamp":"2026-06-02T14:19:38.910227Z","level":"info","event":"  }, {","logger":"airflow.task.hooks.airflow.providers.standard.hooks.subprocess.SubprocessHook","filename":"subprocess.py","lineno":99}
{"timestamp":"2026-06-02T14:19:38.910247Z","level":"info","event":"    \"name\" : \"ingest_at\",","logger":"airflow.task.hooks.airflow.providers.standard.hooks.subprocess.SubprocessHook","filename":"subprocess.py","lineno":99}
{"timestamp":"2026-06-02T14:19:38.910264Z","level":"info","event":"    \"type\" : \"timestamp\",","logger":"airflow.task.hooks.airflow.providers.standard.hooks.subprocess.SubprocessHook","filename":"subprocess.py","lineno":99}
{"timestamp":"2026-06-02T14:19:38.910281Z","level":"info","event":"    \"nullable\" : true,","logger":"airflow.task.hooks.airflow.providers.standard.hooks.subprocess.SubprocessHook","filename":"subprocess.py","lineno":99}
{"timestamp":"2026-06-02T14:19:38.910298Z","level":"info","event":"    \"metadata\" : { }","logger":"airflow.task.hooks.airflow.providers.standard.hooks.subprocess.SubprocessHook","filename":"subprocess.py","lineno":99}
{"timestamp":"2026-06-02T14:19:38.910314Z","level":"info","event":"  } ]","logger":"airflow.task.hooks.airflow.providers.standard.hooks.subprocess.SubprocessHook","filename":"subprocess.py","lineno":99}
{"timestamp":"2026-06-02T14:19:38.910331Z","level":"info","event":"}","logger":"airflow.task.hooks.airflow.providers.standard.hooks.subprocess.SubprocessHook","filename":"subprocess.py","lineno":99}
{"timestamp":"2026-06-02T14:19:38.910349Z","level":"info","event":"and corresponding Parquet message type:","logger":"airflow.task.hooks.airflow.providers.standard.hooks.subprocess.SubprocessHook","filename":"subprocess.py","lineno":99}
{"timestamp":"2026-06-02T14:19:38.910367Z","level":"info","event":"message spark_schema {","logger":"airflow.task.hooks.airflow.providers.standard.hooks.subprocess.SubprocessHook","filename":"subprocess.py","lineno":99}
{"timestamp":"2026-06-02T14:19:38.910384Z","level":"info","event":"  optional binary livestock_indicator (STRING);","logger":"airflow.task.hooks.airflow.providers.standard.hooks.subprocess.SubprocessHook","filename":"subprocess.py","lineno":99}
{"timestamp":"2026-06-02T14:19:38.910401Z","level":"info","event":"  optional double value;","logger":"airflow.task.hooks.airflow.providers.standard.hooks.subprocess.SubprocessHook","filename":"subprocess.py","lineno":99}
{"timestamp":"2026-06-02T14:19:38.910419Z","level":"info","event":"  optional binary unit (STRING);","logger":"airflow.task.hooks.airflow.providers.standard.hooks.subprocess.SubprocessHook","filename":"subprocess.py","lineno":99}
{"timestamp":"2026-06-02T14:19:38.910435Z","level":"info","event":"  optional int32 quarter;","logger":"airflow.task.hooks.airflow.providers.standard.hooks.subprocess.SubprocessHook","filename":"subprocess.py","lineno":99}
{"timestamp":"2026-06-02T14:19:38.910451Z","level":"info","event":"  optional int32 year;","logger":"airflow.task.hooks.airflow.providers.standard.hooks.subprocess.SubprocessHook","filename":"subprocess.py","lineno":99}
{"timestamp":"2026-06-02T14:19:38.910470Z","level":"info","event":"  optional int96 ingest_at;","logger":"airflow.task.hooks.airflow.providers.standard.hooks.subprocess.SubprocessHook","filename":"subprocess.py","lineno":99}
{"timestamp":"2026-06-02T14:19:38.910492Z","level":"info","event":"}","logger":"airflow.task.hooks.airflow.providers.standard.hooks.subprocess.SubprocessHook","filename":"subprocess.py","lineno":99}
{"timestamp":"2026-06-02T14:19:38.910567Z","level":"info","event":"","logger":"airflow.task.hooks.airflow.providers.standard.hooks.subprocess.SubprocessHook","filename":"subprocess.py","lineno":99}
{"timestamp":"2026-06-02T14:19:38.910628Z","level":"info","event":"","logger":"airflow.task.hooks.airflow.providers.standard.hooks.subprocess.SubprocessHook","filename":"subprocess.py","lineno":99}
{"timestamp":"2026-06-02T14:19:38.910690Z","level":"info","event":"26/06/02 14:19:38 INFO ParquetOutputFormat: ParquetRecordWriter [block size: 134217728b, row group padding size: 8388608b, validating: false]","logger":"airflow.task.hooks.airflow.providers.standard.hooks.subprocess.SubprocessHook","filename":"subprocess.py","lineno":99}
{"timestamp":"2026-06-02T14:19:38.910744Z","level":"info","event":"26/06/02 14:19:38 INFO TaskSetManager: Finished task 1.0 in stage 10.0 (TID 51) in 366 ms on ac0ccb30c6a7 (executor driver) (5/16)","logger":"airflow.task.hooks.airflow.providers.standard.hooks.subprocess.SubprocessHook","filename":"subprocess.py","lineno":99}
{"timestamp":"2026-06-02T14:19:38.910797Z","level":"info","event":"26/06/02 14:19:38 INFO ParquetWriteSupport: Initialized Parquet WriteSupport with Catalyst schema:","logger":"airflow.task.hooks.airflow.providers.standard.hooks.subprocess.SubprocessHook","filename":"subprocess.py","lineno":99}
{"timestamp":"2026-06-02T14:19:38.910829Z","level":"info","event":"{","logger":"airflow.task.hooks.airflow.providers.standard.hooks.subprocess.SubprocessHook","filename":"subprocess.py","lineno":99}
{"timestamp":"2026-06-02T14:19:38.910852Z","level":"info","event":"  \"type\" : \"struct\",","logger":"airflow.task.hooks.airflow.providers.standard.hooks.subprocess.SubprocessHook","filename":"subprocess.py","lineno":99}
{"timestamp":"2026-06-02T14:19:38.910871Z","level":"info","event":"  \"fields\" : [ {","logger":"airflow.task.hooks.airflow.providers.standard.hooks.subprocess.SubprocessHook","filename":"subprocess.py","lineno":99}
{"timestamp":"2026-06-02T14:19:38.910889Z","level":"info","event":"    \"name\" : \"livestock_indicator\",","logger":"airflow.task.hooks.airflow.providers.standard.hooks.subprocess.SubprocessHook","filename":"subprocess.py","lineno":99}
{"timestamp":"2026-06-02T14:19:38.910929Z","level":"info","event":"    \"type\" : \"string\",","logger":"airflow.task.hooks.airflow.providers.standard.hooks.subprocess.SubprocessHook","filename":"subprocess.py","lineno":99}
{"timestamp":"2026-06-02T14:19:38.910962Z","level":"info","event":"    \"nullable\" : true,","logger":"airflow.task.hooks.airflow.providers.standard.hooks.subprocess.SubprocessHook","filename":"subprocess.py","lineno":99}
{"timestamp":"2026-06-02T14:19:38.910983Z","level":"info","event":"    \"metadata\" : { }","logger":"airflow.task.hooks.airflow.providers.standard.hooks.subprocess.SubprocessHook","filename":"subprocess.py","lineno":99}
{"timestamp":"2026-06-02T14:19:38.911002Z","level":"info","event":"  }, {","logger":"airflow.task.hooks.airflow.providers.standard.hooks.subprocess.SubprocessHook","filename":"subprocess.py","lineno":99}
{"timestamp":"2026-06-02T14:19:38.911020Z","level":"info","event":"    \"name\" : \"value\",","logger":"airflow.task.hooks.airflow.providers.standard.hooks.subprocess.SubprocessHook","filename":"subprocess.py","lineno":99}
{"timestamp":"2026-06-02T14:19:38.911060Z","level":"info","event":"    \"type\" : \"double\",","logger":"airflow.task.hooks.airflow.providers.standard.hooks.subprocess.SubprocessHook","filename":"subprocess.py","lineno":99}
{"timestamp":"2026-06-02T14:19:38.911089Z","level":"info","event":"    \"nullable\" : true,","logger":"airflow.task.hooks.airflow.providers.standard.hooks.subprocess.SubprocessHook","filename":"subprocess.py","lineno":99}
{"timestamp":"2026-06-02T14:19:38.911109Z","level":"info","event":"    \"metadata\" : { }","logger":"airflow.task.hooks.airflow.providers.standard.hooks.subprocess.SubprocessHook","filename":"subprocess.py","lineno":99}
{"timestamp":"2026-06-02T14:19:38.911150Z","level":"info","event":"  }, {","logger":"airflow.task.hooks.airflow.providers.standard.hooks.subprocess.SubprocessHook","filename":"subprocess.py","lineno":99}
{"timestamp":"2026-06-02T14:19:38.911180Z","level":"info","event":"    \"name\" : \"unit\",","logger":"airflow.task.hooks.airflow.providers.standard.hooks.subprocess.SubprocessHook","filename":"subprocess.py","lineno":99}
{"timestamp":"2026-06-02T14:19:38.911200Z","level":"info","event":"    \"type\" : \"string\",","logger":"airflow.task.hooks.airflow.providers.standard.hooks.subprocess.SubprocessHook","filename":"subprocess.py","lineno":99}
{"timestamp":"2026-06-02T14:19:38.911218Z","level":"info","event":"    \"nullable\" : true,","logger":"airflow.task.hooks.airflow.providers.standard.hooks.subprocess.SubprocessHook","filename":"subprocess.py","lineno":99}
{"timestamp":"2026-06-02T14:19:38.911235Z","level":"info","event":"    \"metadata\" : { }","logger":"airflow.task.hooks.airflow.providers.standard.hooks.subprocess.SubprocessHook","filename":"subprocess.py","lineno":99}
{"timestamp":"2026-06-02T14:19:38.911253Z","level":"info","event":"  }, {","logger":"airflow.task.hooks.airflow.providers.standard.hooks.subprocess.SubprocessHook","filename":"subprocess.py","lineno":99}
{"timestamp":"2026-06-02T14:19:38.911270Z","level":"info","event":"    \"name\" : \"quarter\",","logger":"airflow.task.hooks.airflow.providers.standard.hooks.subprocess.SubprocessHook","filename":"subprocess.py","lineno":99}
{"timestamp":"2026-06-02T14:19:38.911287Z","level":"info","event":"    \"type\" : \"integer\",","logger":"airflow.task.hooks.airflow.providers.standard.hooks.subprocess.SubprocessHook","filename":"subprocess.py","lineno":99}
{"timestamp":"2026-06-02T14:19:38.911330Z","level":"info","event":"    \"nullable\" : true,","logger":"airflow.task.hooks.airflow.providers.standard.hooks.subprocess.SubprocessHook","filename":"subprocess.py","lineno":99}
{"timestamp":"2026-06-02T14:19:38.911354Z","level":"info","event":"    \"metadata\" : { }","logger":"airflow.task.hooks.airflow.providers.standard.hooks.subprocess.SubprocessHook","filename":"subprocess.py","lineno":99}
{"timestamp":"2026-06-02T14:19:38.911373Z","level":"info","event":"  }, {","logger":"airflow.task.hooks.airflow.providers.standard.hooks.subprocess.SubprocessHook","filename":"subprocess.py","lineno":99}
{"timestamp":"2026-06-02T14:19:38.911401Z","level":"info","event":"    \"name\" : \"year\",","logger":"airflow.task.hooks.airflow.providers.standard.hooks.subprocess.SubprocessHook","filename":"subprocess.py","lineno":99}
{"timestamp":"2026-06-02T14:19:38.911436Z","level":"info","event":"    \"type\" : \"integer\",","logger":"airflow.task.hooks.airflow.providers.standard.hooks.subprocess.SubprocessHook","filename":"subprocess.py","lineno":99}
{"timestamp":"2026-06-02T14:19:38.911457Z","level":"info","event":"    \"nullable\" : true,","logger":"airflow.task.hooks.airflow.providers.standard.hooks.subprocess.SubprocessHook","filename":"subprocess.py","lineno":99}
{"timestamp":"2026-06-02T14:19:38.911475Z","level":"info","event":"    \"metadata\" : { }","logger":"airflow.task.hooks.airflow.providers.standard.hooks.subprocess.SubprocessHook","filename":"subprocess.py","lineno":99}
{"timestamp":"2026-06-02T14:19:38.911493Z","level":"info","event":"  }, {","logger":"airflow.task.hooks.airflow.providers.standard.hooks.subprocess.SubprocessHook","filename":"subprocess.py","lineno":99}
{"timestamp":"2026-06-02T14:19:38.911511Z","level":"info","event":"    \"name\" : \"ingest_at\",","logger":"airflow.task.hooks.airflow.providers.standard.hooks.subprocess.SubprocessHook","filename":"subprocess.py","lineno":99}
{"timestamp":"2026-06-02T14:19:38.911528Z","level":"info","event":"    \"type\" : \"timestamp\",","logger":"airflow.task.hooks.airflow.providers.standard.hooks.subprocess.SubprocessHook","filename":"subprocess.py","lineno":99}
{"timestamp":"2026-06-02T14:19:38.911545Z","level":"info","event":"    \"nullable\" : true,","logger":"airflow.task.hooks.airflow.providers.standard.hooks.subprocess.SubprocessHook","filename":"subprocess.py","lineno":99}
{"timestamp":"2026-06-02T14:19:38.911562Z","level":"info","event":"    \"metadata\" : { }","logger":"airflow.task.hooks.airflow.providers.standard.hooks.subprocess.SubprocessHook","filename":"subprocess.py","lineno":99}
{"timestamp":"2026-06-02T14:19:38.911580Z","level":"info","event":"  } ]","logger":"airflow.task.hooks.airflow.providers.standard.hooks.subprocess.SubprocessHook","filename":"subprocess.py","lineno":99}
{"timestamp":"2026-06-02T14:19:38.911597Z","level":"info","event":"}","logger":"airflow.task.hooks.airflow.providers.standard.hooks.subprocess.SubprocessHook","filename":"subprocess.py","lineno":99}
{"timestamp":"2026-06-02T14:19:38.911615Z","level":"info","event":"and corresponding Parquet message type:","logger":"airflow.task.hooks.airflow.providers.standard.hooks.subprocess.SubprocessHook","filename":"subprocess.py","lineno":99}
{"timestamp":"2026-06-02T14:19:38.911632Z","level":"info","event":"message spark_schema {","logger":"airflow.task.hooks.airflow.providers.standard.hooks.subprocess.SubprocessHook","filename":"subprocess.py","lineno":99}
{"timestamp":"2026-06-02T14:19:38.911649Z","level":"info","event":"  optional binary livestock_indicator (STRING);","logger":"airflow.task.hooks.airflow.providers.standard.hooks.subprocess.SubprocessHook","filename":"subprocess.py","lineno":99}
{"timestamp":"2026-06-02T14:19:38.911666Z","level":"info","event":"  optional double value;","logger":"airflow.task.hooks.airflow.providers.standard.hooks.subprocess.SubprocessHook","filename":"subprocess.py","lineno":99}
{"timestamp":"2026-06-02T14:19:38.911683Z","level":"info","event":"  optional binary unit (STRING);","logger":"airflow.task.hooks.airflow.providers.standard.hooks.subprocess.SubprocessHook","filename":"subprocess.py","lineno":99}
{"timestamp":"2026-06-02T14:19:38.911704Z","level":"info","event":"  optional int32 quarter;","logger":"airflow.task.hooks.airflow.providers.standard.hooks.subprocess.SubprocessHook","filename":"subprocess.py","lineno":99}
{"timestamp":"2026-06-02T14:19:38.911724Z","level":"info","event":"  optional int32 year;","logger":"airflow.task.hooks.airflow.providers.standard.hooks.subprocess.SubprocessHook","filename":"subprocess.py","lineno":99}
{"timestamp":"2026-06-02T14:19:38.911742Z","level":"info","event":"  optional int96 ingest_at;","logger":"airflow.task.hooks.airflow.providers.standard.hooks.subprocess.SubprocessHook","filename":"subprocess.py","lineno":99}
{"timestamp":"2026-06-02T14:19:38.911759Z","level":"info","event":"}","logger":"airflow.task.hooks.airflow.providers.standard.hooks.subprocess.SubprocessHook","filename":"subprocess.py","lineno":99}
{"timestamp":"2026-06-02T14:19:38.911777Z","level":"info","event":"","logger":"airflow.task.hooks.airflow.providers.standard.hooks.subprocess.SubprocessHook","filename":"subprocess.py","lineno":99}
{"timestamp":"2026-06-02T14:19:38.911795Z","level":"info","event":"","logger":"airflow.task.hooks.airflow.providers.standard.hooks.subprocess.SubprocessHook","filename":"subprocess.py","lineno":99}
{"timestamp":"2026-06-02T14:19:38.911812Z","level":"info","event":"26/06/02 14:19:38 INFO Executor: Finished task 4.0 in stage 10.0 (TID 54). 2902 bytes result sent to driver","logger":"airflow.task.hooks.airflow.providers.standard.hooks.subprocess.SubprocessHook","filename":"subprocess.py","lineno":99}
{"timestamp":"2026-06-02T14:19:38.911830Z","level":"info","event":"26/06/02 14:19:38 INFO TaskSetManager: Finished task 4.0 in stage 10.0 (TID 54) in 372 ms on ac0ccb30c6a7 (executor driver) (6/16)","logger":"airflow.task.hooks.airflow.providers.standard.hooks.subprocess.SubprocessHook","filename":"subprocess.py","lineno":99}
{"timestamp":"2026-06-02T14:19:38.911848Z","level":"info","event":"26/06/02 14:19:38 INFO PythonRunner: Times: total = 148, boot = -548, init = 696, finish = 0","logger":"airflow.task.hooks.airflow.providers.standard.hooks.subprocess.SubprocessHook","filename":"subprocess.py","lineno":99}
{"timestamp":"2026-06-02T14:19:38.911865Z","level":"info","event":"26/06/02 14:19:38 INFO PythonRunner: Times: total = 171, boot = -553, init = 724, finish = 0","logger":"airflow.task.hooks.airflow.providers.standard.hooks.subprocess.SubprocessHook","filename":"subprocess.py","lineno":99}
{"timestamp":"2026-06-02T14:19:38.911882Z","level":"info","event":"26/06/02 14:19:38 INFO Executor: Finished task 3.0 in stage 10.0 (TID 53). 2902 bytes result sent to driver","logger":"airflow.task.hooks.airflow.providers.standard.hooks.subprocess.SubprocessHook","filename":"subprocess.py","lineno":99}
{"timestamp":"2026-06-02T14:19:38.911900Z","level":"info","event":"26/06/02 14:19:38 INFO PythonRunner: Times: total = 134, boot = -576, init = 710, finish = 0","logger":"airflow.task.hooks.airflow.providers.standard.hooks.subprocess.SubprocessHook","filename":"subprocess.py","lineno":99}
{"timestamp":"2026-06-02T14:19:38.911918Z","level":"info","event":"26/06/02 14:19:38 INFO TaskSetManager: Finished task 3.0 in stage 10.0 (TID 53) in 386 ms on ac0ccb30c6a7 (executor driver) (7/16)","logger":"airflow.task.hooks.airflow.providers.standard.hooks.subprocess.SubprocessHook","filename":"subprocess.py","lineno":99}
{"timestamp":"2026-06-02T14:19:38.911935Z","level":"info","event":"26/06/02 14:19:38 INFO PythonRunner: Times: total = 177, boot = -574, init = 751, finish = 0","logger":"airflow.task.hooks.airflow.providers.standard.hooks.subprocess.SubprocessHook","filename":"subprocess.py","lineno":99}
{"timestamp":"2026-06-02T14:19:38.911952Z","level":"info","event":"26/06/02 14:19:38 INFO Executor: Finished task 0.0 in stage 10.0 (TID 50). 3734 bytes result sent to driver","logger":"airflow.task.hooks.airflow.providers.standard.hooks.subprocess.SubprocessHook","filename":"subprocess.py","lineno":99}
{"timestamp":"2026-06-02T14:19:38.911968Z","level":"info","event":"26/06/02 14:19:38 INFO TaskSetManager: Finished task 0.0 in stage 10.0 (TID 50) in 414 ms on ac0ccb30c6a7 (executor driver) (8/16)","logger":"airflow.task.hooks.airflow.providers.standard.hooks.subprocess.SubprocessHook","filename":"subprocess.py","lineno":99}
{"timestamp":"2026-06-02T14:19:38.911985Z","level":"info","event":"26/06/02 14:19:38 INFO Executor: Finished task 12.0 in stage 10.0 (TID 62). 2902 bytes result sent to driver","logger":"airflow.task.hooks.airflow.providers.standard.hooks.subprocess.SubprocessHook","filename":"subprocess.py","lineno":99}
{"timestamp":"2026-06-02T14:19:38.912002Z","level":"info","event":"26/06/02 14:19:38 INFO BlockManagerInfo: Removed broadcast_12_piece0 on ac0ccb30c6a7:35159 in memory (size: 17.2 KiB, free: 434.2 MiB)","logger":"airflow.task.hooks.airflow.providers.standard.hooks.subprocess.SubprocessHook","filename":"subprocess.py","lineno":99}
{"timestamp":"2026-06-02T14:19:38.912019Z","level":"info","event":"26/06/02 14:19:38 INFO TaskSetManager: Finished task 12.0 in stage 10.0 (TID 62) in 418 ms on ac0ccb30c6a7 (executor driver) (9/16)","logger":"airflow.task.hooks.airflow.providers.standard.hooks.subprocess.SubprocessHook","filename":"subprocess.py","lineno":99}
{"timestamp":"2026-06-02T14:19:38.912036Z","level":"info","event":"26/06/02 14:19:38 INFO Executor: Finished task 11.0 in stage 10.0 (TID 61). 2902 bytes result sent to driver","logger":"airflow.task.hooks.airflow.providers.standard.hooks.subprocess.SubprocessHook","filename":"subprocess.py","lineno":99}
{"timestamp":"2026-06-02T14:19:38.912053Z","level":"info","event":"26/06/02 14:19:38 INFO Executor: Finished task 7.0 in stage 10.0 (TID 57). 4151 bytes result sent to driver","logger":"airflow.task.hooks.airflow.providers.standard.hooks.subprocess.SubprocessHook","filename":"subprocess.py","lineno":99}
{"timestamp":"2026-06-02T14:19:38.912071Z","level":"info","event":"26/06/02 14:19:38 INFO TaskSetManager: Finished task 11.0 in stage 10.0 (TID 61) in 427 ms on ac0ccb30c6a7 (executor driver) (10/16)","logger":"airflow.task.hooks.airflow.providers.standard.hooks.subprocess.SubprocessHook","filename":"subprocess.py","lineno":99}
{"timestamp":"2026-06-02T14:19:38.912088Z","level":"info","event":"26/06/02 14:19:38 INFO TaskSetManager: Finished task 7.0 in stage 10.0 (TID 57) in 430 ms on ac0ccb30c6a7 (executor driver) (11/16)","logger":"airflow.task.hooks.airflow.providers.standard.hooks.subprocess.SubprocessHook","filename":"subprocess.py","lineno":99}
{"timestamp":"2026-06-02T14:19:38.912105Z","level":"info","event":"26/06/02 14:19:38 INFO BlockManagerInfo: Removed broadcast_11_piece0 on ac0ccb30c6a7:35159 in memory (size: 35.0 KiB, free: 434.3 MiB)","logger":"airflow.task.hooks.airflow.providers.standard.hooks.subprocess.SubprocessHook","filename":"subprocess.py","lineno":99}
{"timestamp":"2026-06-02T14:19:38.912122Z","level":"info","event":"26/06/02 14:19:38 INFO Executor: Finished task 13.0 in stage 10.0 (TID 63). 4145 bytes result sent to driver","logger":"airflow.task.hooks.airflow.providers.standard.hooks.subprocess.SubprocessHook","filename":"subprocess.py","lineno":99}
{"timestamp":"2026-06-02T14:19:38.912138Z","level":"info","event":"26/06/02 14:19:38 INFO TaskSetManager: Finished task 13.0 in stage 10.0 (TID 63) in 435 ms on ac0ccb30c6a7 (executor driver) (12/16)","logger":"airflow.task.hooks.airflow.providers.standard.hooks.subprocess.SubprocessHook","filename":"subprocess.py","lineno":99}
{"timestamp":"2026-06-02T14:19:38.912155Z","level":"info","event":"26/06/02 14:19:38 INFO Executor: Finished task 10.0 in stage 10.0 (TID 60). 4151 bytes result sent to driver","logger":"airflow.task.hooks.airflow.providers.standard.hooks.subprocess.SubprocessHook","filename":"subprocess.py","lineno":99}
{"timestamp":"2026-06-02T14:19:38.912171Z","level":"info","event":"26/06/02 14:19:38 INFO TaskSetManager: Finished task 10.0 in stage 10.0 (TID 60) in 450 ms on ac0ccb30c6a7 (executor driver) (13/16)","logger":"airflow.task.hooks.airflow.providers.standard.hooks.subprocess.SubprocessHook","filename":"subprocess.py","lineno":99}
{"timestamp":"2026-06-02T14:19:38.912195Z","level":"info","event":"26/06/02 14:19:38 INFO Executor: Finished task 2.0 in stage 10.0 (TID 52). 4155 bytes result sent to driver","logger":"airflow.task.hooks.airflow.providers.standard.hooks.subprocess.SubprocessHook","filename":"subprocess.py","lineno":99}
{"timestamp":"2026-06-02T14:19:38.912213Z","level":"info","event":"26/06/02 14:19:38 INFO Executor: Finished task 5.0 in stage 10.0 (TID 55). 4161 bytes result sent to driver","logger":"airflow.task.hooks.airflow.providers.standard.hooks.subprocess.SubprocessHook","filename":"subprocess.py","lineno":99}
{"timestamp":"2026-06-02T14:19:38.912236Z","level":"info","event":"26/06/02 14:19:38 INFO TaskSetManager: Finished task 5.0 in stage 10.0 (TID 55) in 461 ms on ac0ccb30c6a7 (executor driver) (14/16)","logger":"airflow.task.hooks.airflow.providers.standard.hooks.subprocess.SubprocessHook","filename":"subprocess.py","lineno":99}
{"timestamp":"2026-06-02T14:19:38.912253Z","level":"info","event":"26/06/02 14:19:38 INFO TaskSetManager: Finished task 2.0 in stage 10.0 (TID 52) in 462 ms on ac0ccb30c6a7 (executor driver) (15/16)","logger":"airflow.task.hooks.airflow.providers.standard.hooks.subprocess.SubprocessHook","filename":"subprocess.py","lineno":99}
{"timestamp":"2026-06-02T14:19:38.930433Z","level":"info","event":"26/06/02 14:19:38 INFO Executor: Finished task 15.0 in stage 10.0 (TID 65). 4139 bytes result sent to driver","logger":"airflow.task.hooks.airflow.providers.standard.hooks.subprocess.SubprocessHook","filename":"subprocess.py","lineno":99}
{"timestamp":"2026-06-02T14:19:38.931263Z","level":"info","event":"26/06/02 14:19:38 INFO TaskSetManager: Finished task 15.0 in stage 10.0 (TID 65) in 487 ms on ac0ccb30c6a7 (executor driver) (16/16)","logger":"airflow.task.hooks.airflow.providers.standard.hooks.subprocess.SubprocessHook","filename":"subprocess.py","lineno":99}
{"timestamp":"2026-06-02T14:19:38.931419Z","level":"info","event":"26/06/02 14:19:38 INFO TaskSchedulerImpl: Removed TaskSet 10.0, whose tasks have all completed, from pool","logger":"airflow.task.hooks.airflow.providers.standard.hooks.subprocess.SubprocessHook","filename":"subprocess.py","lineno":99}
{"timestamp":"2026-06-02T14:19:38.932554Z","level":"info","event":"26/06/02 14:19:38 INFO DAGScheduler: ResultStage 10 (saveAsTable at NativeMethodAccessorImpl.java:0) finished in 0.520 s","logger":"airflow.task.hooks.airflow.providers.standard.hooks.subprocess.SubprocessHook","filename":"subprocess.py","lineno":99}
{"timestamp":"2026-06-02T14:19:38.932737Z","level":"info","event":"26/06/02 14:19:38 INFO DAGScheduler: Job 10 is finished. Cancelling potential speculative or zombie tasks for this job","logger":"airflow.task.hooks.airflow.providers.standard.hooks.subprocess.SubprocessHook","filename":"subprocess.py","lineno":99}
{"timestamp":"2026-06-02T14:19:38.932820Z","level":"info","event":"26/06/02 14:19:38 INFO TaskSchedulerImpl: Killing all running tasks in stage 10: Stage finished","logger":"airflow.task.hooks.airflow.providers.standard.hooks.subprocess.SubprocessHook","filename":"subprocess.py","lineno":99}
{"timestamp":"2026-06-02T14:19:38.932893Z","level":"info","event":"26/06/02 14:19:38 INFO DAGScheduler: Job 10 finished: saveAsTable at NativeMethodAccessorImpl.java:0, took 0.526651 s","logger":"airflow.task.hooks.airflow.providers.standard.hooks.subprocess.SubprocessHook","filename":"subprocess.py","lineno":99}
{"timestamp":"2026-06-02T14:19:38.932981Z","level":"info","event":"26/06/02 14:19:38 INFO DeltaFileFormatWriter: Start to commit write Job d0a70ce6-5ecf-4745-879e-2198c27074b5.","logger":"airflow.task.hooks.airflow.providers.standard.hooks.subprocess.SubprocessHook","filename":"subprocess.py","lineno":99}
{"timestamp":"2026-06-02T14:19:38.933051Z","level":"info","event":"26/06/02 14:19:38 INFO DeltaFileFormatWriter: Write Job d0a70ce6-5ecf-4745-879e-2198c27074b5 committed. Elapsed time: 0 ms.","logger":"airflow.task.hooks.airflow.providers.standard.hooks.subprocess.SubprocessHook","filename":"subprocess.py","lineno":99}
{"timestamp":"2026-06-02T14:19:38.933215Z","level":"info","event":"26/06/02 14:19:38 INFO DeltaFileFormatWriter: Finished processing stats for write job d0a70ce6-5ecf-4745-879e-2198c27074b5.","logger":"airflow.task.hooks.airflow.providers.standard.hooks.subprocess.SubprocessHook","filename":"subprocess.py","lineno":99}
{"timestamp":"2026-06-02T14:19:38.936474Z","level":"info","event":"26/06/02 14:19:38 INFO OptimisticTransaction: [tableId=b66c4dee,txnId=dd469546] Attempting to commit version 1 with 7 actions with Serializable isolation level","logger":"airflow.task.hooks.airflow.providers.standard.hooks.subprocess.SubprocessHook","filename":"subprocess.py","lineno":99}
{"timestamp":"2026-06-02T14:19:38.978247Z","level":"info","event":"26/06/02 14:19:38 INFO DeltaLog: Creating a new snapshot v1 for commit version 1","logger":"airflow.task.hooks.airflow.providers.standard.hooks.subprocess.SubprocessHook","filename":"subprocess.py","lineno":99}
{"timestamp":"2026-06-02T14:19:38.978409Z","level":"info","event":"26/06/02 14:19:38 INFO DeltaLog: Loading version 1.","logger":"airflow.task.hooks.airflow.providers.standard.hooks.subprocess.SubprocessHook","filename":"subprocess.py","lineno":99}
{"timestamp":"2026-06-02T14:19:38.981629Z","level":"info","event":"26/06/02 14:19:38 INFO DeltaLogFileIndex: Created DeltaLogFileIndex(JSON, numFilesInSegment: 2, totalFileSize: 5489)","logger":"airflow.task.hooks.airflow.providers.standard.hooks.subprocess.SubprocessHook","filename":"subprocess.py","lineno":99}
{"timestamp":"2026-06-02T14:19:39.015953Z","level":"info","event":"26/06/02 14:19:39 INFO DataSourceStrategy: Pruning directories with:","logger":"airflow.task.hooks.airflow.providers.standard.hooks.subprocess.SubprocessHook","filename":"subprocess.py","lineno":99}
{"timestamp":"2026-06-02T14:19:39.016180Z","level":"info","event":"26/06/02 14:19:39 INFO FileSourceStrategy: Pushed Filters:","logger":"airflow.task.hooks.airflow.providers.standard.hooks.subprocess.SubprocessHook","filename":"subprocess.py","lineno":99}
{"timestamp":"2026-06-02T14:19:39.016289Z","level":"info","event":"26/06/02 14:19:39 INFO FileSourceStrategy: Post-Scan Filters: ((isnotnull(protocol#1171.minReaderVersion) OR isnotnull(metaData#1170.id)) OR (isnotnull(commitInfo#1172.inCommitTimestamp) AND (version#1173L = 1)))","logger":"airflow.task.hooks.airflow.providers.standard.hooks.subprocess.SubprocessHook","filename":"subprocess.py","lineno":99}
{"timestamp":"2026-06-02T14:19:39.031453Z","level":"info","event":"26/06/02 14:19:39 INFO MemoryStore: Block broadcast_14 stored as values in memory (estimated size 202.4 KiB, free 433.7 MiB)","logger":"airflow.task.hooks.airflow.providers.standard.hooks.subprocess.SubprocessHook","filename":"subprocess.py","lineno":99}
{"timestamp":"2026-06-02T14:19:39.038280Z","level":"info","event":"26/06/02 14:19:39 INFO MemoryStore: Block broadcast_14_piece0 stored as bytes in memory (estimated size 35.0 KiB, free 433.7 MiB)","logger":"airflow.task.hooks.airflow.providers.standard.hooks.subprocess.SubprocessHook","filename":"subprocess.py","lineno":99}
{"timestamp":"2026-06-02T14:19:39.038862Z","level":"info","event":"26/06/02 14:19:39 INFO BlockManagerInfo: Added broadcast_14_piece0 in memory on ac0ccb30c6a7:35159 (size: 35.0 KiB, free: 434.2 MiB)","logger":"airflow.task.hooks.airflow.providers.standard.hooks.subprocess.SubprocessHook","filename":"subprocess.py","lineno":99}
{"timestamp":"2026-06-02T14:19:39.040165Z","level":"info","event":"26/06/02 14:19:39 INFO SparkContext: Created broadcast 14 from $anonfun$recordDeltaOperationInternal$1 at DatabricksLogging.scala:128","logger":"airflow.task.hooks.airflow.providers.standard.hooks.subprocess.SubprocessHook","filename":"subprocess.py","lineno":99}
{"timestamp":"2026-06-02T14:19:39.041217Z","level":"info","event":"26/06/02 14:19:39 INFO FileSourceScanExec: Planning scan with bin packing, max size: 4194304 bytes, open cost is considered as scanning 4194304 bytes.","logger":"airflow.task.hooks.airflow.providers.standard.hooks.subprocess.SubprocessHook","filename":"subprocess.py","lineno":99}
{"timestamp":"2026-06-02T14:19:39.052148Z","level":"info","event":"26/06/02 14:19:39 INFO SparkContext: Starting job: $anonfun$recordDeltaOperationInternal$1 at DatabricksLogging.scala:128","logger":"airflow.task.hooks.airflow.providers.standard.hooks.subprocess.SubprocessHook","filename":"subprocess.py","lineno":99}
{"timestamp":"2026-06-02T14:19:39.052968Z","level":"info","event":"26/06/02 14:19:39 INFO DAGScheduler: Got job 11 ($anonfun$recordDeltaOperationInternal$1 at DatabricksLogging.scala:128) with 2 output partitions","logger":"airflow.task.hooks.airflow.providers.standard.hooks.subprocess.SubprocessHook","filename":"subprocess.py","lineno":99}
{"timestamp":"2026-06-02T14:19:39.053189Z","level":"info","event":"26/06/02 14:19:39 INFO DAGScheduler: Final stage: ResultStage 11 ($anonfun$recordDeltaOperationInternal$1 at DatabricksLogging.scala:128)","logger":"airflow.task.hooks.airflow.providers.standard.hooks.subprocess.SubprocessHook","filename":"subprocess.py","lineno":99}
{"timestamp":"2026-06-02T14:19:39.053283Z","level":"info","event":"26/06/02 14:19:39 INFO DAGScheduler: Parents of final stage: List()","logger":"airflow.task.hooks.airflow.providers.standard.hooks.subprocess.SubprocessHook","filename":"subprocess.py","lineno":99}
{"timestamp":"2026-06-02T14:19:39.053400Z","level":"info","event":"26/06/02 14:19:39 INFO DAGScheduler: Missing parents: List()","logger":"airflow.task.hooks.airflow.providers.standard.hooks.subprocess.SubprocessHook","filename":"subprocess.py","lineno":99}
{"timestamp":"2026-06-02T14:19:39.054850Z","level":"info","event":"26/06/02 14:19:39 INFO DAGScheduler: Submitting ResultStage 11 (MapPartitionsRDD[31] at $anonfun$recordDeltaOperationInternal$1 at DatabricksLogging.scala:128), which has no missing parents","logger":"airflow.task.hooks.airflow.providers.standard.hooks.subprocess.SubprocessHook","filename":"subprocess.py","lineno":99}
{"timestamp":"2026-06-02T14:19:39.056971Z","level":"info","event":"26/06/02 14:19:39 INFO MemoryStore: Block broadcast_15 stored as values in memory (estimated size 55.2 KiB, free 433.7 MiB)","logger":"airflow.task.hooks.airflow.providers.standard.hooks.subprocess.SubprocessHook","filename":"subprocess.py","lineno":99}
{"timestamp":"2026-06-02T14:19:39.057792Z","level":"info","event":"26/06/02 14:19:39 INFO MemoryStore: Block broadcast_15_piece0 stored as bytes in memory (estimated size 17.1 KiB, free 433.6 MiB)","logger":"airflow.task.hooks.airflow.providers.standard.hooks.subprocess.SubprocessHook","filename":"subprocess.py","lineno":99}
{"timestamp":"2026-06-02T14:19:39.058156Z","level":"info","event":"26/06/02 14:19:39 INFO BlockManagerInfo: Added broadcast_15_piece0 in memory on ac0ccb30c6a7:35159 (size: 17.1 KiB, free: 434.2 MiB)","logger":"airflow.task.hooks.airflow.providers.standard.hooks.subprocess.SubprocessHook","filename":"subprocess.py","lineno":99}
{"timestamp":"2026-06-02T14:19:39.059096Z","level":"info","event":"26/06/02 14:19:39 INFO SparkContext: Created broadcast 15 from broadcast at DAGScheduler.scala:1611","logger":"airflow.task.hooks.airflow.providers.standard.hooks.subprocess.SubprocessHook","filename":"subprocess.py","lineno":99}
{"timestamp":"2026-06-02T14:19:39.059298Z","level":"info","event":"26/06/02 14:19:39 INFO DAGScheduler: Submitting 2 missing tasks from ResultStage 11 (MapPartitionsRDD[31] at $anonfun$recordDeltaOperationInternal$1 at DatabricksLogging.scala:128) (first 15 tasks are for partitions Vector(0, 1))","logger":"airflow.task.hooks.airflow.providers.standard.hooks.subprocess.SubprocessHook","filename":"subprocess.py","lineno":99}
{"timestamp":"2026-06-02T14:19:39.059426Z","level":"info","event":"26/06/02 14:19:39 INFO TaskSchedulerImpl: Adding task set 11.0 with 2 tasks resource profile 0","logger":"airflow.task.hooks.airflow.providers.standard.hooks.subprocess.SubprocessHook","filename":"subprocess.py","lineno":99}
{"timestamp":"2026-06-02T14:19:39.060573Z","level":"info","event":"26/06/02 14:19:39 INFO TaskSetManager: Starting task 0.0 in stage 11.0 (TID 66) (ac0ccb30c6a7, executor driver, partition 0, PROCESS_LOCAL, 9672 bytes)","logger":"airflow.task.hooks.airflow.providers.standard.hooks.subprocess.SubprocessHook","filename":"subprocess.py","lineno":99}
{"timestamp":"2026-06-02T14:19:39.060745Z","level":"info","event":"26/06/02 14:19:39 INFO TaskSetManager: Starting task 1.0 in stage 11.0 (TID 67) (ac0ccb30c6a7, executor driver, partition 1, PROCESS_LOCAL, 9672 bytes)","logger":"airflow.task.hooks.airflow.providers.standard.hooks.subprocess.SubprocessHook","filename":"subprocess.py","lineno":99}
{"timestamp":"2026-06-02T14:19:39.061366Z","level":"info","event":"26/06/02 14:19:39 INFO Executor: Running task 1.0 in stage 11.0 (TID 67)","logger":"airflow.task.hooks.airflow.providers.standard.hooks.subprocess.SubprocessHook","filename":"subprocess.py","lineno":99}
{"timestamp":"2026-06-02T14:19:39.061491Z","level":"info","event":"26/06/02 14:19:39 INFO Executor: Running task 0.0 in stage 11.0 (TID 66)","logger":"airflow.task.hooks.airflow.providers.standard.hooks.subprocess.SubprocessHook","filename":"subprocess.py","lineno":99}
{"timestamp":"2026-06-02T14:19:39.065345Z","level":"info","event":"26/06/02 14:19:39 INFO FileScanRDD: Reading File path: s3a://silver/livestock/_delta_log/00000000000000000001.json, range: 0-4374, partition values: [1]","logger":"airflow.task.hooks.airflow.providers.standard.hooks.subprocess.SubprocessHook","filename":"subprocess.py","lineno":99}
{"timestamp":"2026-06-02T14:19:39.065592Z","level":"info","event":"26/06/02 14:19:39 INFO FileScanRDD: Reading File path: s3a://silver/livestock/_delta_log/00000000000000000000.json, range: 0-1115, partition values: [0]","logger":"airflow.task.hooks.airflow.providers.standard.hooks.subprocess.SubprocessHook","filename":"subprocess.py","lineno":99}
{"timestamp":"2026-06-02T14:19:39.092363Z","level":"info","event":"26/06/02 14:19:39 INFO Executor: Finished task 1.0 in stage 11.0 (TID 67). 1959 bytes result sent to driver","logger":"airflow.task.hooks.airflow.providers.standard.hooks.subprocess.SubprocessHook","filename":"subprocess.py","lineno":99}
{"timestamp":"2026-06-02T14:19:39.092618Z","level":"info","event":"26/06/02 14:19:39 INFO Executor: Finished task 0.0 in stage 11.0 (TID 66). 1587 bytes result sent to driver","logger":"airflow.task.hooks.airflow.providers.standard.hooks.subprocess.SubprocessHook","filename":"subprocess.py","lineno":99}
{"timestamp":"2026-06-02T14:19:39.093067Z","level":"info","event":"26/06/02 14:19:39 INFO TaskSetManager: Finished task 1.0 in stage 11.0 (TID 67) in 32 ms on ac0ccb30c6a7 (executor driver) (1/2)","logger":"airflow.task.hooks.airflow.providers.standard.hooks.subprocess.SubprocessHook","filename":"subprocess.py","lineno":99}
{"timestamp":"2026-06-02T14:19:39.093210Z","level":"info","event":"26/06/02 14:19:39 INFO TaskSetManager: Finished task 0.0 in stage 11.0 (TID 66) in 33 ms on ac0ccb30c6a7 (executor driver) (2/2)","logger":"airflow.task.hooks.airflow.providers.standard.hooks.subprocess.SubprocessHook","filename":"subprocess.py","lineno":99}
{"timestamp":"2026-06-02T14:19:39.093340Z","level":"info","event":"26/06/02 14:19:39 INFO TaskSchedulerImpl: Removed TaskSet 11.0, whose tasks have all completed, from pool","logger":"airflow.task.hooks.airflow.providers.standard.hooks.subprocess.SubprocessHook","filename":"subprocess.py","lineno":99}
{"timestamp":"2026-06-02T14:19:39.093963Z","level":"info","event":"26/06/02 14:19:39 INFO DAGScheduler: ResultStage 11 ($anonfun$recordDeltaOperationInternal$1 at DatabricksLogging.scala:128) finished in 0.038 s","logger":"airflow.task.hooks.airflow.providers.standard.hooks.subprocess.SubprocessHook","filename":"subprocess.py","lineno":99}
{"timestamp":"2026-06-02T14:19:39.094201Z","level":"info","event":"26/06/02 14:19:39 INFO DAGScheduler: Job 11 is finished. Cancelling potential speculative or zombie tasks for this job","logger":"airflow.task.hooks.airflow.providers.standard.hooks.subprocess.SubprocessHook","filename":"subprocess.py","lineno":99}
{"timestamp":"2026-06-02T14:19:39.094262Z","level":"info","event":"26/06/02 14:19:39 INFO TaskSchedulerImpl: Killing all running tasks in stage 11: Stage finished","logger":"airflow.task.hooks.airflow.providers.standard.hooks.subprocess.SubprocessHook","filename":"subprocess.py","lineno":99}
{"timestamp":"2026-06-02T14:19:39.094294Z","level":"info","event":"26/06/02 14:19:39 INFO DAGScheduler: Job 11 finished: $anonfun$recordDeltaOperationInternal$1 at DatabricksLogging.scala:128, took 0.042396 s","logger":"airflow.task.hooks.airflow.providers.standard.hooks.subprocess.SubprocessHook","filename":"subprocess.py","lineno":99}
{"timestamp":"2026-06-02T14:19:39.099989Z","level":"info","event":"26/06/02 14:19:39 INFO Snapshot: [tableId=b66c4dee-c17d-4fa9-84a6-b1ef9905bd42] Created snapshot Snapshot(path=s3a://silver/livestock/_delta_log, version=1, metadata=Metadata(b66c4dee-c17d-4fa9-84a6-b1ef9905bd42,null,null,Format(parquet,Map()),{\"type\":\"struct\",\"fields\":[{\"name\":\"livestock_indicator\",\"type\":\"string\",\"nullable\":true,\"metadata\":{}},{\"name\":\"value\",\"type\":\"double\",\"nullable\":true,\"metadata\":{}},{\"name\":\"unit\",\"type\":\"string\",\"nullable\":true,\"metadata\":{}},{\"name\":\"quarter\",\"type\":\"integer\",\"nullable\":true,\"metadata\":{}},{\"name\":\"year\",\"type\":\"integer\",\"nullable\":true,\"metadata\":{}},{\"name\":\"ingest_at\",\"type\":\"timestamp\",\"nullable\":true,\"metadata\":{}}]},List(),Map(),Some(1780409956297)), logSegment=LogSegment(s3a://silver/livestock/_delta_log,1,ArrayBuffer(S3AFileStatus{path=s3a://silver/livestock/_delta_log/00000000000000000000.json; isDirectory=false; length=1115; replication=1; blocksize=33554432; modification_time=1780409956413; access_time=0; owner=spark; group=spark; permission=rw-rw-rw-; isSymlink=false; hasAcl=false; isEncrypted=true; isErasureCoded=false} isEmptyDirectory=FALSE eTag=52d1c3025b0b361a787a9123785809c5 versionId=null, S3AFileStatus{path=s3a://silver/livestock/_delta_log/00000000000000000001.json; isDirectory=false; length=4374; replication=1; blocksize=33554432; modification_time=1780409978000; access_time=0; owner=spark; group=spark; permission=rw-rw-rw-; isSymlink=false; hasAcl=false; isEncrypted=true; isErasureCoded=false} isEmptyDirectory=FALSE eTag=7ebcc75933512eff3c755c899007d37e versionId=null),org.apache.spark.sql.delta.EmptyCheckpointProvider$@5d464a10,1780409978000), checksumOpt=None)","logger":"airflow.task.hooks.airflow.providers.standard.hooks.subprocess.SubprocessHook","filename":"subprocess.py","lineno":99}
{"timestamp":"2026-06-02T14:19:39.100293Z","level":"info","event":"26/06/02 14:19:39 INFO DeltaLog: Updated snapshot to Snapshot(path=s3a://silver/livestock/_delta_log, version=1, metadata=Metadata(b66c4dee-c17d-4fa9-84a6-b1ef9905bd42,null,null,Format(parquet,Map()),{\"type\":\"struct\",\"fields\":[{\"name\":\"livestock_indicator\",\"type\":\"string\",\"nullable\":true,\"metadata\":{}},{\"name\":\"value\",\"type\":\"double\",\"nullable\":true,\"metadata\":{}},{\"name\":\"unit\",\"type\":\"string\",\"nullable\":true,\"metadata\":{}},{\"name\":\"quarter\",\"type\":\"integer\",\"nullable\":true,\"metadata\":{}},{\"name\":\"year\",\"type\":\"integer\",\"nullable\":true,\"metadata\":{}},{\"name\":\"ingest_at\",\"type\":\"timestamp\",\"nullable\":true,\"metadata\":{}}]},List(),Map(),Some(1780409956297)), logSegment=LogSegment(s3a://silver/livestock/_delta_log,1,ArrayBuffer(S3AFileStatus{path=s3a://silver/livestock/_delta_log/00000000000000000000.json; isDirectory=false; length=1115; replication=1; blocksize=33554432; modification_time=1780409956413; access_time=0; owner=spark; group=spark; permission=rw-rw-rw-; isSymlink=false; hasAcl=false; isEncrypted=true; isErasureCoded=false} isEmptyDirectory=FALSE eTag=52d1c3025b0b361a787a9123785809c5 versionId=null, S3AFileStatus{path=s3a://silver/livestock/_delta_log/00000000000000000001.json; isDirectory=false; length=4374; replication=1; blocksize=33554432; modification_time=1780409978000; access_time=0; owner=spark; group=spark; permission=rw-rw-rw-; isSymlink=false; hasAcl=false; isEncrypted=true; isErasureCoded=false} isEmptyDirectory=FALSE eTag=7ebcc75933512eff3c755c899007d37e versionId=null),org.apache.spark.sql.delta.EmptyCheckpointProvider$@5d464a10,1780409978000), checksumOpt=None)","logger":"airflow.task.hooks.airflow.providers.standard.hooks.subprocess.SubprocessHook","filename":"subprocess.py","lineno":99}
{"timestamp":"2026-06-02T14:19:39.101170Z","level":"info","event":"26/06/02 14:19:39 INFO OptimisticTransaction: [tableId=b66c4dee,txnId=dd469546] Committed delta #1 to s3a://silver/livestock/_delta_log","logger":"airflow.task.hooks.airflow.providers.standard.hooks.subprocess.SubprocessHook","filename":"subprocess.py","lineno":99}
{"timestamp":"2026-06-02T14:19:39.101839Z","level":"info","event":"Tải dữ liệu vào table: livestock hoàn tất !!!!!!!! 2025 4","logger":"airflow.task.hooks.airflow.providers.standard.hooks.subprocess.SubprocessHook","filename":"subprocess.py","lineno":99}
{"timestamp":"2026-06-02T14:19:39.107862Z","level":"info","event":"/opt/spark/apps/silver/Extract_Data_From_Excel_Reports.py:592: FutureWarning: Downcasting object dtype arrays on .fillna, .ffill, .bfill is deprecated and will change in a future version. Call result.infer_objects(copy=False) instead. To opt-in to the future behavior, set `pd.set_option('future.no_silent_downcasting', True)`","logger":"airflow.task.hooks.airflow.providers.standard.hooks.subprocess.SubprocessHook","filename":"subprocess.py","lineno":99}
{"timestamp":"2026-06-02T14:19:39.108078Z","level":"info","event":"  lamnghiep_sheet = lamnghiep_sheet.fillna('Ha')","logger":"airflow.task.hooks.airflow.providers.standard.hooks.subprocess.SubprocessHook","filename":"subprocess.py","lineno":99}
{"timestamp":"2026-06-02T14:19:39.108614Z","level":"info","event":"Bắt đầu insert dữ liệu vào SILVER layer","logger":"airflow.task.hooks.airflow.providers.standard.hooks.subprocess.SubprocessHook","filename":"subprocess.py","lineno":99}
{"timestamp":"2026-06-02T14:19:39.147631Z","level":"info","event":"root","logger":"airflow.task.hooks.airflow.providers.standard.hooks.subprocess.SubprocessHook","filename":"subprocess.py","lineno":99}
{"timestamp":"2026-06-02T14:19:39.147865Z","level":"info","event":" |-- forestry_indicator: string (nullable = true)","logger":"airflow.task.hooks.airflow.providers.standard.hooks.subprocess.SubprocessHook","filename":"subprocess.py","lineno":99}
{"timestamp":"2026-06-02T14:19:39.147952Z","level":"info","event":" |-- value: double (nullable = true)","logger":"airflow.task.hooks.airflow.providers.standard.hooks.subprocess.SubprocessHook","filename":"subprocess.py","lineno":99}
{"timestamp":"2026-06-02T14:19:39.147993Z","level":"info","event":" |-- unit: string (nullable = true)","logger":"airflow.task.hooks.airflow.providers.standard.hooks.subprocess.SubprocessHook","filename":"subprocess.py","lineno":99}
{"timestamp":"2026-06-02T14:19:39.148028Z","level":"info","event":" |-- quarter: integer (nullable = true)","logger":"airflow.task.hooks.airflow.providers.standard.hooks.subprocess.SubprocessHook","filename":"subprocess.py","lineno":99}
{"timestamp":"2026-06-02T14:19:39.148062Z","level":"info","event":" |-- year: integer (nullable = true)","logger":"airflow.task.hooks.airflow.providers.standard.hooks.subprocess.SubprocessHook","filename":"subprocess.py","lineno":99}
{"timestamp":"2026-06-02T14:19:39.148090Z","level":"info","event":" |-- ingest_at: timestamp (nullable = true)","logger":"airflow.task.hooks.airflow.providers.standard.hooks.subprocess.SubprocessHook","filename":"subprocess.py","lineno":99}
{"timestamp":"2026-06-02T14:19:39.148120Z","level":"info","event":"","logger":"airflow.task.hooks.airflow.providers.standard.hooks.subprocess.SubprocessHook","filename":"subprocess.py","lineno":99}
{"timestamp":"2026-06-02T14:19:39.148153Z","level":"info","event":"Đang tải dữ liệu vào Silver.Forestry !!!!!","logger":"airflow.task.hooks.airflow.providers.standard.hooks.subprocess.SubprocessHook","filename":"subprocess.py","lineno":99}
{"timestamp":"2026-06-02T14:19:39.159786Z","level":"info","event":"26/06/02 14:19:39 INFO BlockManagerInfo: Removed broadcast_15_piece0 on ac0ccb30c6a7:35159 in memory (size: 17.1 KiB, free: 434.2 MiB)","logger":"airflow.task.hooks.airflow.providers.standard.hooks.subprocess.SubprocessHook","filename":"subprocess.py","lineno":99}
{"timestamp":"2026-06-02T14:19:39.167848Z","level":"info","event":"26/06/02 14:19:39 INFO BlockManagerInfo: Removed broadcast_14_piece0 on ac0ccb30c6a7:35159 in memory (size: 35.0 KiB, free: 434.3 MiB)","logger":"airflow.task.hooks.airflow.providers.standard.hooks.subprocess.SubprocessHook","filename":"subprocess.py","lineno":99}
{"timestamp":"2026-06-02T14:19:39.200884Z","level":"info","event":"26/06/02 14:19:39 INFO SparkContext: Starting job: showString at NativeMethodAccessorImpl.java:0","logger":"airflow.task.hooks.airflow.providers.standard.hooks.subprocess.SubprocessHook","filename":"subprocess.py","lineno":99}
{"timestamp":"2026-06-02T14:19:39.201610Z","level":"info","event":"26/06/02 14:19:39 INFO DAGScheduler: Got job 12 (showString at NativeMethodAccessorImpl.java:0) with 1 output partitions","logger":"airflow.task.hooks.airflow.providers.standard.hooks.subprocess.SubprocessHook","filename":"subprocess.py","lineno":99}
{"timestamp":"2026-06-02T14:19:39.201701Z","level":"info","event":"26/06/02 14:19:39 INFO DAGScheduler: Final stage: ResultStage 12 (showString at NativeMethodAccessorImpl.java:0)","logger":"airflow.task.hooks.airflow.providers.standard.hooks.subprocess.SubprocessHook","filename":"subprocess.py","lineno":99}
{"timestamp":"2026-06-02T14:19:39.201729Z","level":"info","event":"26/06/02 14:19:39 INFO DAGScheduler: Parents of final stage: List()","logger":"airflow.task.hooks.airflow.providers.standard.hooks.subprocess.SubprocessHook","filename":"subprocess.py","lineno":99}
{"timestamp":"2026-06-02T14:19:39.208521Z","level":"info","event":"26/06/02 14:19:39 INFO DAGScheduler: Missing parents: List()","logger":"airflow.task.hooks.airflow.providers.standard.hooks.subprocess.SubprocessHook","filename":"subprocess.py","lineno":99}
{"timestamp":"2026-06-02T14:19:39.210279Z","level":"info","event":"26/06/02 14:19:39 INFO DAGScheduler: Submitting ResultStage 12 (MapPartitionsRDD[38] at showString at NativeMethodAccessorImpl.java:0), which has no missing parents","logger":"airflow.task.hooks.airflow.providers.standard.hooks.subprocess.SubprocessHook","filename":"subprocess.py","lineno":99}
{"timestamp":"2026-06-02T14:19:39.213510Z","level":"info","event":"26/06/02 14:19:39 INFO MemoryStore: Block broadcast_16 stored as values in memory (estimated size 15.3 KiB, free 433.9 MiB)","logger":"airflow.task.hooks.airflow.providers.standard.hooks.subprocess.SubprocessHook","filename":"subprocess.py","lineno":99}
{"timestamp":"2026-06-02T14:19:39.216890Z","level":"info","event":"26/06/02 14:19:39 INFO MemoryStore: Block broadcast_16_piece0 stored as bytes in memory (estimated size 7.6 KiB, free 433.9 MiB)","logger":"airflow.task.hooks.airflow.providers.standard.hooks.subprocess.SubprocessHook","filename":"subprocess.py","lineno":99}
{"timestamp":"2026-06-02T14:19:39.217134Z","level":"info","event":"26/06/02 14:19:39 INFO BlockManagerInfo: Added broadcast_16_piece0 in memory on ac0ccb30c6a7:35159 (size: 7.6 KiB, free: 434.3 MiB)","logger":"airflow.task.hooks.airflow.providers.standard.hooks.subprocess.SubprocessHook","filename":"subprocess.py","lineno":99}
{"timestamp":"2026-06-02T14:19:39.217212Z","level":"info","event":"26/06/02 14:19:39 INFO SparkContext: Created broadcast 16 from broadcast at DAGScheduler.scala:1611","logger":"airflow.task.hooks.airflow.providers.standard.hooks.subprocess.SubprocessHook","filename":"subprocess.py","lineno":99}
{"timestamp":"2026-06-02T14:19:39.217446Z","level":"info","event":"26/06/02 14:19:39 INFO DAGScheduler: Submitting 1 missing tasks from ResultStage 12 (MapPartitionsRDD[38] at showString at NativeMethodAccessorImpl.java:0) (first 15 tasks are for partitions Vector(0))","logger":"airflow.task.hooks.airflow.providers.standard.hooks.subprocess.SubprocessHook","filename":"subprocess.py","lineno":99}
{"timestamp":"2026-06-02T14:19:39.217583Z","level":"info","event":"26/06/02 14:19:39 INFO TaskSchedulerImpl: Adding task set 12.0 with 1 tasks resource profile 0","logger":"airflow.task.hooks.airflow.providers.standard.hooks.subprocess.SubprocessHook","filename":"subprocess.py","lineno":99}
{"timestamp":"2026-06-02T14:19:39.219777Z","level":"info","event":"26/06/02 14:19:39 INFO TaskSetManager: Starting task 0.0 in stage 12.0 (TID 68) (ac0ccb30c6a7, executor driver, partition 0, PROCESS_LOCAL, 8979 bytes)","logger":"airflow.task.hooks.airflow.providers.standard.hooks.subprocess.SubprocessHook","filename":"subprocess.py","lineno":99}
{"timestamp":"2026-06-02T14:19:39.220411Z","level":"info","event":"26/06/02 14:19:39 INFO Executor: Running task 0.0 in stage 12.0 (TID 68)","logger":"airflow.task.hooks.airflow.providers.standard.hooks.subprocess.SubprocessHook","filename":"subprocess.py","lineno":99}
{"timestamp":"2026-06-02T14:19:39.299100Z","level":"info","event":"26/06/02 14:19:39 INFO PythonRunner: Times: total = 74, boot = -507, init = 581, finish = 0","logger":"airflow.task.hooks.airflow.providers.standard.hooks.subprocess.SubprocessHook","filename":"subprocess.py","lineno":99}
{"timestamp":"2026-06-02T14:19:39.308035Z","level":"info","event":"26/06/02 14:19:39 INFO Executor: Finished task 0.0 in stage 12.0 (TID 68). 1886 bytes result sent to driver","logger":"airflow.task.hooks.airflow.providers.standard.hooks.subprocess.SubprocessHook","filename":"subprocess.py","lineno":99}
{"timestamp":"2026-06-02T14:19:39.308411Z","level":"info","event":"26/06/02 14:19:39 INFO TaskSetManager: Finished task 0.0 in stage 12.0 (TID 68) in 90 ms on ac0ccb30c6a7 (executor driver) (1/1)","logger":"airflow.task.hooks.airflow.providers.standard.hooks.subprocess.SubprocessHook","filename":"subprocess.py","lineno":99}
{"timestamp":"2026-06-02T14:19:39.308564Z","level":"info","event":"26/06/02 14:19:39 INFO TaskSchedulerImpl: Removed TaskSet 12.0, whose tasks have all completed, from pool","logger":"airflow.task.hooks.airflow.providers.standard.hooks.subprocess.SubprocessHook","filename":"subprocess.py","lineno":99}
{"timestamp":"2026-06-02T14:19:39.310630Z","level":"info","event":"26/06/02 14:19:39 INFO DAGScheduler: ResultStage 12 (showString at NativeMethodAccessorImpl.java:0) finished in 0.099 s","logger":"airflow.task.hooks.airflow.providers.standard.hooks.subprocess.SubprocessHook","filename":"subprocess.py","lineno":99}
{"timestamp":"2026-06-02T14:19:39.310892Z","level":"info","event":"26/06/02 14:19:39 INFO DAGScheduler: Job 12 is finished. Cancelling potential speculative or zombie tasks for this job","logger":"airflow.task.hooks.airflow.providers.standard.hooks.subprocess.SubprocessHook","filename":"subprocess.py","lineno":99}
{"timestamp":"2026-06-02T14:19:39.310965Z","level":"info","event":"26/06/02 14:19:39 INFO TaskSchedulerImpl: Killing all running tasks in stage 12: Stage finished","logger":"airflow.task.hooks.airflow.providers.standard.hooks.subprocess.SubprocessHook","filename":"subprocess.py","lineno":99}
{"timestamp":"2026-06-02T14:19:39.311107Z","level":"info","event":"26/06/02 14:19:39 INFO DAGScheduler: Job 12 finished: showString at NativeMethodAccessorImpl.java:0, took 0.110108 s","logger":"airflow.task.hooks.airflow.providers.standard.hooks.subprocess.SubprocessHook","filename":"subprocess.py","lineno":99}
{"timestamp":"2026-06-02T14:19:39.318668Z","level":"info","event":"26/06/02 14:19:39 INFO SparkContext: Starting job: showString at NativeMethodAccessorImpl.java:0","logger":"airflow.task.hooks.airflow.providers.standard.hooks.subprocess.SubprocessHook","filename":"subprocess.py","lineno":99}
{"timestamp":"2026-06-02T14:19:39.319691Z","level":"info","event":"26/06/02 14:19:39 INFO DAGScheduler: Got job 13 (showString at NativeMethodAccessorImpl.java:0) with 4 output partitions","logger":"airflow.task.hooks.airflow.providers.standard.hooks.subprocess.SubprocessHook","filename":"subprocess.py","lineno":99}
{"timestamp":"2026-06-02T14:19:39.319968Z","level":"info","event":"26/06/02 14:19:39 INFO DAGScheduler: Final stage: ResultStage 13 (showString at NativeMethodAccessorImpl.java:0)","logger":"airflow.task.hooks.airflow.providers.standard.hooks.subprocess.SubprocessHook","filename":"subprocess.py","lineno":99}
{"timestamp":"2026-06-02T14:19:39.320089Z","level":"info","event":"26/06/02 14:19:39 INFO DAGScheduler: Parents of final stage: List()","logger":"airflow.task.hooks.airflow.providers.standard.hooks.subprocess.SubprocessHook","filename":"subprocess.py","lineno":99}
{"timestamp":"2026-06-02T14:19:39.320145Z","level":"info","event":"26/06/02 14:19:39 INFO DAGScheduler: Missing parents: List()","logger":"airflow.task.hooks.airflow.providers.standard.hooks.subprocess.SubprocessHook","filename":"subprocess.py","lineno":99}
{"timestamp":"2026-06-02T14:19:39.321927Z","level":"info","event":"26/06/02 14:19:39 INFO DAGScheduler: Submitting ResultStage 13 (MapPartitionsRDD[38] at showString at NativeMethodAccessorImpl.java:0), which has no missing parents","logger":"airflow.task.hooks.airflow.providers.standard.hooks.subprocess.SubprocessHook","filename":"subprocess.py","lineno":99}
{"timestamp":"2026-06-02T14:19:39.326860Z","level":"info","event":"26/06/02 14:19:39 INFO MemoryStore: Block broadcast_17 stored as values in memory (estimated size 15.3 KiB, free 433.9 MiB)","logger":"airflow.task.hooks.airflow.providers.standard.hooks.subprocess.SubprocessHook","filename":"subprocess.py","lineno":99}
{"timestamp":"2026-06-02T14:19:39.327807Z","level":"info","event":"26/06/02 14:19:39 INFO MemoryStore: Block broadcast_17_piece0 stored as bytes in memory (estimated size 7.6 KiB, free 433.9 MiB)","logger":"airflow.task.hooks.airflow.providers.standard.hooks.subprocess.SubprocessHook","filename":"subprocess.py","lineno":99}
{"timestamp":"2026-06-02T14:19:39.327993Z","level":"info","event":"26/06/02 14:19:39 INFO BlockManagerInfo: Added broadcast_17_piece0 in memory on ac0ccb30c6a7:35159 (size: 7.6 KiB, free: 434.3 MiB)","logger":"airflow.task.hooks.airflow.providers.standard.hooks.subprocess.SubprocessHook","filename":"subprocess.py","lineno":99}
{"timestamp":"2026-06-02T14:19:39.328998Z","level":"info","event":"26/06/02 14:19:39 INFO SparkContext: Created broadcast 17 from broadcast at DAGScheduler.scala:1611","logger":"airflow.task.hooks.airflow.providers.standard.hooks.subprocess.SubprocessHook","filename":"subprocess.py","lineno":99}
{"timestamp":"2026-06-02T14:19:39.330302Z","level":"info","event":"26/06/02 14:19:39 INFO DAGScheduler: Submitting 4 missing tasks from ResultStage 13 (MapPartitionsRDD[38] at showString at NativeMethodAccessorImpl.java:0) (first 15 tasks are for partitions Vector(1, 2, 3, 4))","logger":"airflow.task.hooks.airflow.providers.standard.hooks.subprocess.SubprocessHook","filename":"subprocess.py","lineno":99}
{"timestamp":"2026-06-02T14:19:39.330466Z","level":"info","event":"26/06/02 14:19:39 INFO TaskSchedulerImpl: Adding task set 13.0 with 4 tasks resource profile 0","logger":"airflow.task.hooks.airflow.providers.standard.hooks.subprocess.SubprocessHook","filename":"subprocess.py","lineno":99}
{"timestamp":"2026-06-02T14:19:39.332825Z","level":"info","event":"26/06/02 14:19:39 INFO TaskSetManager: Starting task 0.0 in stage 13.0 (TID 69) (ac0ccb30c6a7, executor driver, partition 1, PROCESS_LOCAL, 8979 bytes)","logger":"airflow.task.hooks.airflow.providers.standard.hooks.subprocess.SubprocessHook","filename":"subprocess.py","lineno":99}
{"timestamp":"2026-06-02T14:19:39.333080Z","level":"info","event":"26/06/02 14:19:39 INFO TaskSetManager: Starting task 1.0 in stage 13.0 (TID 70) (ac0ccb30c6a7, executor driver, partition 2, PROCESS_LOCAL, 9090 bytes)","logger":"airflow.task.hooks.airflow.providers.standard.hooks.subprocess.SubprocessHook","filename":"subprocess.py","lineno":99}
{"timestamp":"2026-06-02T14:19:39.333176Z","level":"info","event":"26/06/02 14:19:39 INFO TaskSetManager: Starting task 2.0 in stage 13.0 (TID 71) (ac0ccb30c6a7, executor driver, partition 3, PROCESS_LOCAL, 8979 bytes)","logger":"airflow.task.hooks.airflow.providers.standard.hooks.subprocess.SubprocessHook","filename":"subprocess.py","lineno":99}
{"timestamp":"2026-06-02T14:19:39.333256Z","level":"info","event":"26/06/02 14:19:39 INFO TaskSetManager: Starting task 3.0 in stage 13.0 (TID 72) (ac0ccb30c6a7, executor driver, partition 4, PROCESS_LOCAL, 8979 bytes)","logger":"airflow.task.hooks.airflow.providers.standard.hooks.subprocess.SubprocessHook","filename":"subprocess.py","lineno":99}
{"timestamp":"2026-06-02T14:19:39.334192Z","level":"info","event":"26/06/02 14:19:39 INFO Executor: Running task 0.0 in stage 13.0 (TID 69)","logger":"airflow.task.hooks.airflow.providers.standard.hooks.subprocess.SubprocessHook","filename":"subprocess.py","lineno":99}
{"timestamp":"2026-06-02T14:19:39.334441Z","level":"info","event":"26/06/02 14:19:39 INFO Executor: Running task 1.0 in stage 13.0 (TID 70)","logger":"airflow.task.hooks.airflow.providers.standard.hooks.subprocess.SubprocessHook","filename":"subprocess.py","lineno":99}
{"timestamp":"2026-06-02T14:19:39.334539Z","level":"info","event":"26/06/02 14:19:39 INFO Executor: Running task 2.0 in stage 13.0 (TID 71)","logger":"airflow.task.hooks.airflow.providers.standard.hooks.subprocess.SubprocessHook","filename":"subprocess.py","lineno":99}
{"timestamp":"2026-06-02T14:19:39.334599Z","level":"info","event":"26/06/02 14:19:39 INFO Executor: Running task 3.0 in stage 13.0 (TID 72)","logger":"airflow.task.hooks.airflow.providers.standard.hooks.subprocess.SubprocessHook","filename":"subprocess.py","lineno":99}
{"timestamp":"2026-06-02T14:19:39.376134Z","level":"info","event":"26/06/02 14:19:39 INFO BlockManagerInfo: Removed broadcast_13_piece0 on ac0ccb30c6a7:35159 in memory (size: 124.3 KiB, free: 434.4 MiB)","logger":"airflow.task.hooks.airflow.providers.standard.hooks.subprocess.SubprocessHook","filename":"subprocess.py","lineno":99}
{"timestamp":"2026-06-02T14:19:39.440196Z","level":"info","event":"26/06/02 14:19:39 INFO PythonRunner: Times: total = 100, boot = -628, init = 728, finish = 0","logger":"airflow.task.hooks.airflow.providers.standard.hooks.subprocess.SubprocessHook","filename":"subprocess.py","lineno":99}
{"timestamp":"2026-06-02T14:19:39.440584Z","level":"info","event":"26/06/02 14:19:39 INFO PythonRunner: Times: total = 98, boot = -645, init = 743, finish = 0","logger":"airflow.task.hooks.airflow.providers.standard.hooks.subprocess.SubprocessHook","filename":"subprocess.py","lineno":99}
{"timestamp":"2026-06-02T14:19:39.442988Z","level":"info","event":"26/06/02 14:19:39 INFO Executor: Finished task 1.0 in stage 13.0 (TID 70). 2027 bytes result sent to driver","logger":"airflow.task.hooks.airflow.providers.standard.hooks.subprocess.SubprocessHook","filename":"subprocess.py","lineno":99}
{"timestamp":"2026-06-02T14:19:39.443338Z","level":"info","event":"26/06/02 14:19:39 INFO Executor: Finished task 2.0 in stage 13.0 (TID 71). 1843 bytes result sent to driver","logger":"airflow.task.hooks.airflow.providers.standard.hooks.subprocess.SubprocessHook","filename":"subprocess.py","lineno":99}
{"timestamp":"2026-06-02T14:19:39.445432Z","level":"info","event":"26/06/02 14:19:39 INFO TaskSetManager: Finished task 1.0 in stage 13.0 (TID 70) in 112 ms on ac0ccb30c6a7 (executor driver) (1/4)","logger":"airflow.task.hooks.airflow.providers.standard.hooks.subprocess.SubprocessHook","filename":"subprocess.py","lineno":99}
{"timestamp":"2026-06-02T14:19:39.445838Z","level":"info","event":"26/06/02 14:19:39 INFO TaskSetManager: Finished task 2.0 in stage 13.0 (TID 71) in 112 ms on ac0ccb30c6a7 (executor driver) (2/4)","logger":"airflow.task.hooks.airflow.providers.standard.hooks.subprocess.SubprocessHook","filename":"subprocess.py","lineno":99}
{"timestamp":"2026-06-02T14:19:39.448059Z","level":"info","event":"26/06/02 14:19:39 INFO PythonRunner: Times: total = 106, boot = -606, init = 712, finish = 0","logger":"airflow.task.hooks.airflow.providers.standard.hooks.subprocess.SubprocessHook","filename":"subprocess.py","lineno":99}
{"timestamp":"2026-06-02T14:19:39.452163Z","level":"info","event":"26/06/02 14:19:39 INFO Executor: Finished task 3.0 in stage 13.0 (TID 72). 1843 bytes result sent to driver","logger":"airflow.task.hooks.airflow.providers.standard.hooks.subprocess.SubprocessHook","filename":"subprocess.py","lineno":99}
{"timestamp":"2026-06-02T14:19:39.456612Z","level":"info","event":"26/06/02 14:19:39 INFO TaskSetManager: Finished task 3.0 in stage 13.0 (TID 72) in 123 ms on ac0ccb30c6a7 (executor driver) (3/4)","logger":"airflow.task.hooks.airflow.providers.standard.hooks.subprocess.SubprocessHook","filename":"subprocess.py","lineno":99}
{"timestamp":"2026-06-02T14:19:39.468487Z","level":"info","event":"26/06/02 14:19:39 INFO PythonRunner: Times: total = 125, boot = -673, init = 798, finish = 0","logger":"airflow.task.hooks.airflow.providers.standard.hooks.subprocess.SubprocessHook","filename":"subprocess.py","lineno":99}
{"timestamp":"2026-06-02T14:19:39.470860Z","level":"info","event":"26/06/02 14:19:39 INFO Executor: Finished task 0.0 in stage 13.0 (TID 69). 1843 bytes result sent to driver","logger":"airflow.task.hooks.airflow.providers.standard.hooks.subprocess.SubprocessHook","filename":"subprocess.py","lineno":99}
{"timestamp":"2026-06-02T14:19:39.472055Z","level":"info","event":"26/06/02 14:19:39 INFO TaskSetManager: Finished task 0.0 in stage 13.0 (TID 69) in 141 ms on ac0ccb30c6a7 (executor driver) (4/4)","logger":"airflow.task.hooks.airflow.providers.standard.hooks.subprocess.SubprocessHook","filename":"subprocess.py","lineno":99}
{"timestamp":"2026-06-02T14:19:39.472318Z","level":"info","event":"26/06/02 14:19:39 INFO TaskSchedulerImpl: Removed TaskSet 13.0, whose tasks have all completed, from pool","logger":"airflow.task.hooks.airflow.providers.standard.hooks.subprocess.SubprocessHook","filename":"subprocess.py","lineno":99}
{"timestamp":"2026-06-02T14:19:39.473531Z","level":"info","event":"26/06/02 14:19:39 INFO DAGScheduler: ResultStage 13 (showString at NativeMethodAccessorImpl.java:0) finished in 0.150 s","logger":"airflow.task.hooks.airflow.providers.standard.hooks.subprocess.SubprocessHook","filename":"subprocess.py","lineno":99}
{"timestamp":"2026-06-02T14:19:39.473773Z","level":"info","event":"26/06/02 14:19:39 INFO DAGScheduler: Job 13 is finished. Cancelling potential speculative or zombie tasks for this job","logger":"airflow.task.hooks.airflow.providers.standard.hooks.subprocess.SubprocessHook","filename":"subprocess.py","lineno":99}
{"timestamp":"2026-06-02T14:19:39.473836Z","level":"info","event":"26/06/02 14:19:39 INFO TaskSchedulerImpl: Killing all running tasks in stage 13: Stage finished","logger":"airflow.task.hooks.airflow.providers.standard.hooks.subprocess.SubprocessHook","filename":"subprocess.py","lineno":99}
{"timestamp":"2026-06-02T14:19:39.474814Z","level":"info","event":"26/06/02 14:19:39 INFO DAGScheduler: Job 13 finished: showString at NativeMethodAccessorImpl.java:0, took 0.155915 s","logger":"airflow.task.hooks.airflow.providers.standard.hooks.subprocess.SubprocessHook","filename":"subprocess.py","lineno":99}
{"timestamp":"2026-06-02T14:19:39.483782Z","level":"info","event":"26/06/02 14:19:39 INFO SparkContext: Starting job: showString at NativeMethodAccessorImpl.java:0","logger":"airflow.task.hooks.airflow.providers.standard.hooks.subprocess.SubprocessHook","filename":"subprocess.py","lineno":99}
{"timestamp":"2026-06-02T14:19:39.485466Z","level":"info","event":"26/06/02 14:19:39 INFO DAGScheduler: Got job 14 (showString at NativeMethodAccessorImpl.java:0) with 11 output partitions","logger":"airflow.task.hooks.airflow.providers.standard.hooks.subprocess.SubprocessHook","filename":"subprocess.py","lineno":99}
{"timestamp":"2026-06-02T14:19:39.485732Z","level":"info","event":"26/06/02 14:19:39 INFO DAGScheduler: Final stage: ResultStage 14 (showString at NativeMethodAccessorImpl.java:0)","logger":"airflow.task.hooks.airflow.providers.standard.hooks.subprocess.SubprocessHook","filename":"subprocess.py","lineno":99}
{"timestamp":"2026-06-02T14:19:39.485796Z","level":"info","event":"26/06/02 14:19:39 INFO DAGScheduler: Parents of final stage: List()","logger":"airflow.task.hooks.airflow.providers.standard.hooks.subprocess.SubprocessHook","filename":"subprocess.py","lineno":99}
{"timestamp":"2026-06-02T14:19:39.485826Z","level":"info","event":"26/06/02 14:19:39 INFO DAGScheduler: Missing parents: List()","logger":"airflow.task.hooks.airflow.providers.standard.hooks.subprocess.SubprocessHook","filename":"subprocess.py","lineno":99}
{"timestamp":"2026-06-02T14:19:39.487757Z","level":"info","event":"26/06/02 14:19:39 INFO DAGScheduler: Submitting ResultStage 14 (MapPartitionsRDD[38] at showString at NativeMethodAccessorImpl.java:0), which has no missing parents","logger":"airflow.task.hooks.airflow.providers.standard.hooks.subprocess.SubprocessHook","filename":"subprocess.py","lineno":99}
{"timestamp":"2026-06-02T14:19:39.491331Z","level":"info","event":"26/06/02 14:19:39 INFO MemoryStore: Block broadcast_18 stored as values in memory (estimated size 15.3 KiB, free 434.3 MiB)","logger":"airflow.task.hooks.airflow.providers.standard.hooks.subprocess.SubprocessHook","filename":"subprocess.py","lineno":99}
{"timestamp":"2026-06-02T14:19:39.494418Z","level":"info","event":"26/06/02 14:19:39 INFO MemoryStore: Block broadcast_18_piece0 stored as bytes in memory (estimated size 7.6 KiB, free 434.3 MiB)","logger":"airflow.task.hooks.airflow.providers.standard.hooks.subprocess.SubprocessHook","filename":"subprocess.py","lineno":99}
{"timestamp":"2026-06-02T14:19:39.494658Z","level":"info","event":"26/06/02 14:19:39 INFO BlockManagerInfo: Added broadcast_18_piece0 in memory on ac0ccb30c6a7:35159 (size: 7.6 KiB, free: 434.4 MiB)","logger":"airflow.task.hooks.airflow.providers.standard.hooks.subprocess.SubprocessHook","filename":"subprocess.py","lineno":99}
{"timestamp":"2026-06-02T14:19:39.495482Z","level":"info","event":"26/06/02 14:19:39 INFO SparkContext: Created broadcast 18 from broadcast at DAGScheduler.scala:1611","logger":"airflow.task.hooks.airflow.providers.standard.hooks.subprocess.SubprocessHook","filename":"subprocess.py","lineno":99}
{"timestamp":"2026-06-02T14:19:39.495645Z","level":"info","event":"26/06/02 14:19:39 INFO DAGScheduler: Submitting 11 missing tasks from ResultStage 14 (MapPartitionsRDD[38] at showString at NativeMethodAccessorImpl.java:0) (first 15 tasks are for partitions Vector(5, 6, 7, 8, 9, 10, 11, 12, 13, 14, 15))","logger":"airflow.task.hooks.airflow.providers.standard.hooks.subprocess.SubprocessHook","filename":"subprocess.py","lineno":99}
{"timestamp":"2026-06-02T14:19:39.495719Z","level":"info","event":"26/06/02 14:19:39 INFO TaskSchedulerImpl: Adding task set 14.0 with 11 tasks resource profile 0","logger":"airflow.task.hooks.airflow.providers.standard.hooks.subprocess.SubprocessHook","filename":"subprocess.py","lineno":99}
{"timestamp":"2026-06-02T14:19:39.497750Z","level":"info","event":"26/06/02 14:19:39 INFO TaskSetManager: Starting task 0.0 in stage 14.0 (TID 73) (ac0ccb30c6a7, executor driver, partition 5, PROCESS_LOCAL, 9090 bytes)","logger":"airflow.task.hooks.airflow.providers.standard.hooks.subprocess.SubprocessHook","filename":"subprocess.py","lineno":99}
{"timestamp":"2026-06-02T14:19:39.498259Z","level":"info","event":"26/06/02 14:19:39 INFO TaskSetManager: Starting task 1.0 in stage 14.0 (TID 74) (ac0ccb30c6a7, executor driver, partition 6, PROCESS_LOCAL, 8979 bytes)","logger":"airflow.task.hooks.airflow.providers.standard.hooks.subprocess.SubprocessHook","filename":"subprocess.py","lineno":99}
{"timestamp":"2026-06-02T14:19:39.498416Z","level":"info","event":"26/06/02 14:19:39 INFO TaskSetManager: Starting task 2.0 in stage 14.0 (TID 75) (ac0ccb30c6a7, executor driver, partition 7, PROCESS_LOCAL, 9075 bytes)","logger":"airflow.task.hooks.airflow.providers.standard.hooks.subprocess.SubprocessHook","filename":"subprocess.py","lineno":99}
{"timestamp":"2026-06-02T14:19:39.498661Z","level":"info","event":"26/06/02 14:19:39 INFO TaskSetManager: Starting task 3.0 in stage 14.0 (TID 76) (ac0ccb30c6a7, executor driver, partition 8, PROCESS_LOCAL, 8979 bytes)","logger":"airflow.task.hooks.airflow.providers.standard.hooks.subprocess.SubprocessHook","filename":"subprocess.py","lineno":99}
{"timestamp":"2026-06-02T14:19:39.498839Z","level":"info","event":"26/06/02 14:19:39 INFO TaskSetManager: Starting task 4.0 in stage 14.0 (TID 77) (ac0ccb30c6a7, executor driver, partition 9, PROCESS_LOCAL, 8979 bytes)","logger":"airflow.task.hooks.airflow.providers.standard.hooks.subprocess.SubprocessHook","filename":"subprocess.py","lineno":99}
{"timestamp":"2026-06-02T14:19:39.498895Z","level":"info","event":"26/06/02 14:19:39 INFO TaskSetManager: Starting task 5.0 in stage 14.0 (TID 78) (ac0ccb30c6a7, executor driver, partition 10, PROCESS_LOCAL, 9076 bytes)","logger":"airflow.task.hooks.airflow.providers.standard.hooks.subprocess.SubprocessHook","filename":"subprocess.py","lineno":99}
{"timestamp":"2026-06-02T14:19:39.498942Z","level":"info","event":"26/06/02 14:19:39 INFO TaskSetManager: Starting task 6.0 in stage 14.0 (TID 79) (ac0ccb30c6a7, executor driver, partition 11, PROCESS_LOCAL, 8979 bytes)","logger":"airflow.task.hooks.airflow.providers.standard.hooks.subprocess.SubprocessHook","filename":"subprocess.py","lineno":99}
{"timestamp":"2026-06-02T14:19:39.500504Z","level":"info","event":"26/06/02 14:19:39 INFO TaskSetManager: Starting task 7.0 in stage 14.0 (TID 80) (ac0ccb30c6a7, executor driver, partition 12, PROCESS_LOCAL, 8979 bytes)","logger":"airflow.task.hooks.airflow.providers.standard.hooks.subprocess.SubprocessHook","filename":"subprocess.py","lineno":99}
{"timestamp":"2026-06-02T14:19:39.502050Z","level":"info","event":"26/06/02 14:19:39 INFO TaskSetManager: Starting task 8.0 in stage 14.0 (TID 81) (ac0ccb30c6a7, executor driver, partition 13, PROCESS_LOCAL, 9050 bytes)","logger":"airflow.task.hooks.airflow.providers.standard.hooks.subprocess.SubprocessHook","filename":"subprocess.py","lineno":99}
{"timestamp":"2026-06-02T14:19:39.502555Z","level":"info","event":"26/06/02 14:19:39 INFO TaskSetManager: Starting task 9.0 in stage 14.0 (TID 82) (ac0ccb30c6a7, executor driver, partition 14, PROCESS_LOCAL, 8979 bytes)","logger":"airflow.task.hooks.airflow.providers.standard.hooks.subprocess.SubprocessHook","filename":"subprocess.py","lineno":99}
{"timestamp":"2026-06-02T14:19:39.502713Z","level":"info","event":"26/06/02 14:19:39 INFO TaskSetManager: Starting task 10.0 in stage 14.0 (TID 83) (ac0ccb30c6a7, executor driver, partition 15, PROCESS_LOCAL, 9056 bytes)","logger":"airflow.task.hooks.airflow.providers.standard.hooks.subprocess.SubprocessHook","filename":"subprocess.py","lineno":99}
{"timestamp":"2026-06-02T14:19:39.504749Z","level":"info","event":"26/06/02 14:19:39 INFO Executor: Running task 0.0 in stage 14.0 (TID 73)","logger":"airflow.task.hooks.airflow.providers.standard.hooks.subprocess.SubprocessHook","filename":"subprocess.py","lineno":99}
{"timestamp":"2026-06-02T14:19:39.505409Z","level":"info","event":"26/06/02 14:19:39 INFO Executor: Running task 1.0 in stage 14.0 (TID 74)","logger":"airflow.task.hooks.airflow.providers.standard.hooks.subprocess.SubprocessHook","filename":"subprocess.py","lineno":99}
{"timestamp":"2026-06-02T14:19:39.505567Z","level":"info","event":"26/06/02 14:19:39 INFO Executor: Running task 2.0 in stage 14.0 (TID 75)","logger":"airflow.task.hooks.airflow.providers.standard.hooks.subprocess.SubprocessHook","filename":"subprocess.py","lineno":99}
{"timestamp":"2026-06-02T14:19:39.505961Z","level":"info","event":"26/06/02 14:19:39 INFO Executor: Running task 3.0 in stage 14.0 (TID 76)","logger":"airflow.task.hooks.airflow.providers.standard.hooks.subprocess.SubprocessHook","filename":"subprocess.py","lineno":99}
{"timestamp":"2026-06-02T14:19:39.510053Z","level":"info","event":"26/06/02 14:19:39 INFO Executor: Running task 4.0 in stage 14.0 (TID 77)","logger":"airflow.task.hooks.airflow.providers.standard.hooks.subprocess.SubprocessHook","filename":"subprocess.py","lineno":99}
{"timestamp":"2026-06-02T14:19:39.510334Z","level":"info","event":"26/06/02 14:19:39 INFO Executor: Running task 5.0 in stage 14.0 (TID 78)","logger":"airflow.task.hooks.airflow.providers.standard.hooks.subprocess.SubprocessHook","filename":"subprocess.py","lineno":99}
{"timestamp":"2026-06-02T14:19:39.510413Z","level":"info","event":"26/06/02 14:19:39 INFO Executor: Running task 6.0 in stage 14.0 (TID 79)","logger":"airflow.task.hooks.airflow.providers.standard.hooks.subprocess.SubprocessHook","filename":"subprocess.py","lineno":99}
{"timestamp":"2026-06-02T14:19:39.510452Z","level":"info","event":"26/06/02 14:19:39 INFO Executor: Running task 7.0 in stage 14.0 (TID 80)","logger":"airflow.task.hooks.airflow.providers.standard.hooks.subprocess.SubprocessHook","filename":"subprocess.py","lineno":99}
{"timestamp":"2026-06-02T14:19:39.510488Z","level":"info","event":"26/06/02 14:19:39 INFO Executor: Running task 10.0 in stage 14.0 (TID 83)","logger":"airflow.task.hooks.airflow.providers.standard.hooks.subprocess.SubprocessHook","filename":"subprocess.py","lineno":99}
{"timestamp":"2026-06-02T14:19:39.510524Z","level":"info","event":"26/06/02 14:19:39 INFO Executor: Running task 9.0 in stage 14.0 (TID 82)","logger":"airflow.task.hooks.airflow.providers.standard.hooks.subprocess.SubprocessHook","filename":"subprocess.py","lineno":99}
{"timestamp":"2026-06-02T14:19:39.510898Z","level":"info","event":"26/06/02 14:19:39 INFO Executor: Running task 8.0 in stage 14.0 (TID 81)","logger":"airflow.task.hooks.airflow.providers.standard.hooks.subprocess.SubprocessHook","filename":"subprocess.py","lineno":99}
{"timestamp":"2026-06-02T14:19:39.648139Z","level":"info","event":"26/06/02 14:19:39 INFO PythonRunner: Times: total = 135, boot = -780, init = 915, finish = 0","logger":"airflow.task.hooks.airflow.providers.standard.hooks.subprocess.SubprocessHook","filename":"subprocess.py","lineno":99}
{"timestamp":"2026-06-02T14:19:39.653336Z","level":"info","event":"26/06/02 14:19:39 INFO Executor: Finished task 2.0 in stage 14.0 (TID 75). 2010 bytes result sent to driver","logger":"airflow.task.hooks.airflow.providers.standard.hooks.subprocess.SubprocessHook","filename":"subprocess.py","lineno":99}
{"timestamp":"2026-06-02T14:19:39.655499Z","level":"info","event":"26/06/02 14:19:39 INFO PythonRunner: Times: total = 139, boot = -779, init = 918, finish = 0","logger":"airflow.task.hooks.airflow.providers.standard.hooks.subprocess.SubprocessHook","filename":"subprocess.py","lineno":99}
{"timestamp":"2026-06-02T14:19:39.662334Z","level":"info","event":"26/06/02 14:19:39 INFO TaskSetManager: Finished task 2.0 in stage 14.0 (TID 75) in 159 ms on ac0ccb30c6a7 (executor driver) (1/11)","logger":"airflow.task.hooks.airflow.providers.standard.hooks.subprocess.SubprocessHook","filename":"subprocess.py","lineno":99}
{"timestamp":"2026-06-02T14:19:39.662659Z","level":"info","event":"26/06/02 14:19:39 INFO PythonRunner: Times: total = 143, boot = -789, init = 932, finish = 0","logger":"airflow.task.hooks.airflow.providers.standard.hooks.subprocess.SubprocessHook","filename":"subprocess.py","lineno":99}
{"timestamp":"2026-06-02T14:19:39.662733Z","level":"info","event":"26/06/02 14:19:39 INFO PythonRunner: Times: total = 142, boot = -784, init = 926, finish = 0","logger":"airflow.task.hooks.airflow.providers.standard.hooks.subprocess.SubprocessHook","filename":"subprocess.py","lineno":99}
{"timestamp":"2026-06-02T14:19:39.662776Z","level":"info","event":"26/06/02 14:19:39 INFO Executor: Finished task 9.0 in stage 14.0 (TID 82). 1843 bytes result sent to driver","logger":"airflow.task.hooks.airflow.providers.standard.hooks.subprocess.SubprocessHook","filename":"subprocess.py","lineno":99}
{"timestamp":"2026-06-02T14:19:39.669421Z","level":"info","event":"26/06/02 14:19:39 INFO Executor: Finished task 1.0 in stage 14.0 (TID 74). 1843 bytes result sent to driver","logger":"airflow.task.hooks.airflow.providers.standard.hooks.subprocess.SubprocessHook","filename":"subprocess.py","lineno":99}
{"timestamp":"2026-06-02T14:19:39.669797Z","level":"info","event":"26/06/02 14:19:39 INFO PythonRunner: Times: total = 147, boot = -716, init = 863, finish = 0","logger":"airflow.task.hooks.airflow.providers.standard.hooks.subprocess.SubprocessHook","filename":"subprocess.py","lineno":99}
{"timestamp":"2026-06-02T14:19:39.670908Z","level":"info","event":"26/06/02 14:19:39 INFO PythonRunner: Times: total = 150, boot = -811, init = 961, finish = 0","logger":"airflow.task.hooks.airflow.providers.standard.hooks.subprocess.SubprocessHook","filename":"subprocess.py","lineno":99}
{"timestamp":"2026-06-02T14:19:39.678105Z","level":"info","event":"26/06/02 14:19:39 INFO Executor: Finished task 3.0 in stage 14.0 (TID 76). 1886 bytes result sent to driver","logger":"airflow.task.hooks.airflow.providers.standard.hooks.subprocess.SubprocessHook","filename":"subprocess.py","lineno":99}
{"timestamp":"2026-06-02T14:19:39.682331Z","level":"info","event":"26/06/02 14:19:39 INFO PythonRunner: Times: total = 158, boot = -714, init = 872, finish = 0","logger":"airflow.task.hooks.airflow.providers.standard.hooks.subprocess.SubprocessHook","filename":"subprocess.py","lineno":99}
{"timestamp":"2026-06-02T14:19:39.682767Z","level":"info","event":"26/06/02 14:19:39 INFO PythonRunner: Times: total = 161, boot = -816, init = 977, finish = 0","logger":"airflow.task.hooks.airflow.providers.standard.hooks.subprocess.SubprocessHook","filename":"subprocess.py","lineno":99}
{"timestamp":"2026-06-02T14:19:39.682842Z","level":"info","event":"26/06/02 14:19:39 INFO PythonRunner: Times: total = 157, boot = -776, init = 933, finish = 0","logger":"airflow.task.hooks.airflow.providers.standard.hooks.subprocess.SubprocessHook","filename":"subprocess.py","lineno":99}
{"timestamp":"2026-06-02T14:19:39.682893Z","level":"info","event":"26/06/02 14:19:39 INFO PythonRunner: Times: total = 157, boot = -783, init = 940, finish = 0","logger":"airflow.task.hooks.airflow.providers.standard.hooks.subprocess.SubprocessHook","filename":"subprocess.py","lineno":99}
{"timestamp":"2026-06-02T14:19:39.683959Z","level":"info","event":"26/06/02 14:19:39 INFO TaskSetManager: Finished task 9.0 in stage 14.0 (TID 82) in 170 ms on ac0ccb30c6a7 (executor driver) (2/11)","logger":"airflow.task.hooks.airflow.providers.standard.hooks.subprocess.SubprocessHook","filename":"subprocess.py","lineno":99}
{"timestamp":"2026-06-02T14:19:39.684327Z","level":"info","event":"26/06/02 14:19:39 INFO Executor: Finished task 10.0 in stage 14.0 (TID 83). 2026 bytes result sent to driver","logger":"airflow.task.hooks.airflow.providers.standard.hooks.subprocess.SubprocessHook","filename":"subprocess.py","lineno":99}
{"timestamp":"2026-06-02T14:19:39.686375Z","level":"info","event":"26/06/02 14:19:39 INFO Executor: Finished task 0.0 in stage 14.0 (TID 73). 2027 bytes result sent to driver","logger":"airflow.task.hooks.airflow.providers.standard.hooks.subprocess.SubprocessHook","filename":"subprocess.py","lineno":99}
{"timestamp":"2026-06-02T14:19:39.686917Z","level":"info","event":"26/06/02 14:19:39 INFO Executor: Finished task 5.0 in stage 14.0 (TID 78). 2050 bytes result sent to driver","logger":"airflow.task.hooks.airflow.providers.standard.hooks.subprocess.SubprocessHook","filename":"subprocess.py","lineno":99}
{"timestamp":"2026-06-02T14:19:39.694393Z","level":"info","event":"26/06/02 14:19:39 INFO Executor: Finished task 4.0 in stage 14.0 (TID 77). 1886 bytes result sent to driver","logger":"airflow.task.hooks.airflow.providers.standard.hooks.subprocess.SubprocessHook","filename":"subprocess.py","lineno":99}
{"timestamp":"2026-06-02T14:19:39.694760Z","level":"info","event":"26/06/02 14:19:39 INFO Executor: Finished task 6.0 in stage 14.0 (TID 79). 1843 bytes result sent to driver","logger":"airflow.task.hooks.airflow.providers.standard.hooks.subprocess.SubprocessHook","filename":"subprocess.py","lineno":99}
{"timestamp":"2026-06-02T14:19:39.694866Z","level":"info","event":"26/06/02 14:19:39 INFO Executor: Finished task 7.0 in stage 14.0 (TID 80). 1843 bytes result sent to driver","logger":"airflow.task.hooks.airflow.providers.standard.hooks.subprocess.SubprocessHook","filename":"subprocess.py","lineno":99}
{"timestamp":"2026-06-02T14:19:39.694958Z","level":"info","event":"26/06/02 14:19:39 INFO TaskSetManager: Finished task 1.0 in stage 14.0 (TID 74) in 192 ms on ac0ccb30c6a7 (executor driver) (3/11)","logger":"airflow.task.hooks.airflow.providers.standard.hooks.subprocess.SubprocessHook","filename":"subprocess.py","lineno":99}
{"timestamp":"2026-06-02T14:19:39.696409Z","level":"info","event":"26/06/02 14:19:39 INFO TaskSetManager: Finished task 0.0 in stage 14.0 (TID 73) in 198 ms on ac0ccb30c6a7 (executor driver) (4/11)","logger":"airflow.task.hooks.airflow.providers.standard.hooks.subprocess.SubprocessHook","filename":"subprocess.py","lineno":99}
{"timestamp":"2026-06-02T14:19:39.699422Z","level":"info","event":"26/06/02 14:19:39 INFO TaskSetManager: Finished task 10.0 in stage 14.0 (TID 83) in 194 ms on ac0ccb30c6a7 (executor driver) (5/11)","logger":"airflow.task.hooks.airflow.providers.standard.hooks.subprocess.SubprocessHook","filename":"subprocess.py","lineno":99}
{"timestamp":"2026-06-02T14:19:39.705223Z","level":"info","event":"26/06/02 14:19:39 INFO TaskSetManager: Finished task 5.0 in stage 14.0 (TID 78) in 204 ms on ac0ccb30c6a7 (executor driver) (6/11)","logger":"airflow.task.hooks.airflow.providers.standard.hooks.subprocess.SubprocessHook","filename":"subprocess.py","lineno":99}
{"timestamp":"2026-06-02T14:19:39.705495Z","level":"info","event":"26/06/02 14:19:39 INFO TaskSetManager: Finished task 7.0 in stage 14.0 (TID 80) in 205 ms on ac0ccb30c6a7 (executor driver) (7/11)","logger":"airflow.task.hooks.airflow.providers.standard.hooks.subprocess.SubprocessHook","filename":"subprocess.py","lineno":99}
{"timestamp":"2026-06-02T14:19:39.705567Z","level":"info","event":"26/06/02 14:19:39 INFO PythonRunner: Times: total = 184, boot = -780, init = 964, finish = 0","logger":"airflow.task.hooks.airflow.providers.standard.hooks.subprocess.SubprocessHook","filename":"subprocess.py","lineno":99}
{"timestamp":"2026-06-02T14:19:39.706172Z","level":"info","event":"26/06/02 14:19:39 INFO TaskSetManager: Finished task 4.0 in stage 14.0 (TID 77) in 207 ms on ac0ccb30c6a7 (executor driver) (8/11)","logger":"airflow.task.hooks.airflow.providers.standard.hooks.subprocess.SubprocessHook","filename":"subprocess.py","lineno":99}
{"timestamp":"2026-06-02T14:19:39.708411Z","level":"info","event":"26/06/02 14:19:39 INFO TaskSetManager: Finished task 6.0 in stage 14.0 (TID 79) in 209 ms on ac0ccb30c6a7 (executor driver) (9/11)","logger":"airflow.task.hooks.airflow.providers.standard.hooks.subprocess.SubprocessHook","filename":"subprocess.py","lineno":99}
{"timestamp":"2026-06-02T14:19:39.718964Z","level":"info","event":"26/06/02 14:19:39 INFO TaskSetManager: Finished task 3.0 in stage 14.0 (TID 76) in 211 ms on ac0ccb30c6a7 (executor driver) (10/11)","logger":"airflow.task.hooks.airflow.providers.standard.hooks.subprocess.SubprocessHook","filename":"subprocess.py","lineno":99}
{"timestamp":"2026-06-02T14:19:39.719232Z","level":"info","event":"26/06/02 14:19:39 INFO Executor: Finished task 8.0 in stage 14.0 (TID 81). 1984 bytes result sent to driver","logger":"airflow.task.hooks.airflow.providers.standard.hooks.subprocess.SubprocessHook","filename":"subprocess.py","lineno":99}
{"timestamp":"2026-06-02T14:19:39.721804Z","level":"info","event":"26/06/02 14:19:39 INFO TaskSetManager: Finished task 8.0 in stage 14.0 (TID 81) in 215 ms on ac0ccb30c6a7 (executor driver) (11/11)","logger":"airflow.task.hooks.airflow.providers.standard.hooks.subprocess.SubprocessHook","filename":"subprocess.py","lineno":99}
{"timestamp":"2026-06-02T14:19:39.722129Z","level":"info","event":"26/06/02 14:19:39 INFO TaskSchedulerImpl: Removed TaskSet 14.0, whose tasks have all completed, from pool","logger":"airflow.task.hooks.airflow.providers.standard.hooks.subprocess.SubprocessHook","filename":"subprocess.py","lineno":99}
{"timestamp":"2026-06-02T14:19:39.723541Z","level":"info","event":"26/06/02 14:19:39 INFO DAGScheduler: ResultStage 14 (showString at NativeMethodAccessorImpl.java:0) finished in 0.233 s","logger":"airflow.task.hooks.airflow.providers.standard.hooks.subprocess.SubprocessHook","filename":"subprocess.py","lineno":99}
{"timestamp":"2026-06-02T14:19:39.727406Z","level":"info","event":"26/06/02 14:19:39 INFO DAGScheduler: Job 14 is finished. Cancelling potential speculative or zombie tasks for this job","logger":"airflow.task.hooks.airflow.providers.standard.hooks.subprocess.SubprocessHook","filename":"subprocess.py","lineno":99}
{"timestamp":"2026-06-02T14:19:39.727648Z","level":"info","event":"26/06/02 14:19:39 INFO TaskSchedulerImpl: Killing all running tasks in stage 14: Stage finished","logger":"airflow.task.hooks.airflow.providers.standard.hooks.subprocess.SubprocessHook","filename":"subprocess.py","lineno":99}
{"timestamp":"2026-06-02T14:19:39.727752Z","level":"info","event":"26/06/02 14:19:39 INFO DAGScheduler: Job 14 finished: showString at NativeMethodAccessorImpl.java:0, took 0.242729 s","logger":"airflow.task.hooks.airflow.providers.standard.hooks.subprocess.SubprocessHook","filename":"subprocess.py","lineno":99}
{"timestamp":"2026-06-02T14:19:39.739203Z","level":"info","event":"+--------------------+------------------+---------+-------+----+--------------------+","logger":"airflow.task.hooks.airflow.providers.standard.hooks.subprocess.SubprocessHook","filename":"subprocess.py","lineno":99}
{"timestamp":"2026-06-02T14:19:39.739504Z","level":"info","event":"|  forestry_indicator|             value|     unit|quarter|year|           ingest_at|","logger":"airflow.task.hooks.airflow.providers.standard.hooks.subprocess.SubprocessHook","filename":"subprocess.py","lineno":99}
{"timestamp":"2026-06-02T14:19:39.739619Z","level":"info","event":"+--------------------+------------------+---------+-------+----+--------------------+","logger":"airflow.task.hooks.airflow.providers.standard.hooks.subprocess.SubprocessHook","filename":"subprocess.py","lineno":99}
{"timestamp":"2026-06-02T14:19:39.739703Z","level":"info","event":"|Diện tích rừng tr...|103.50479075026209| Nghìn ha|      4|2025|2026-06-02 14:19:...|","logger":"airflow.task.hooks.airflow.providers.standard.hooks.subprocess.SubprocessHook","filename":"subprocess.py","lineno":99}
{"timestamp":"2026-06-02T14:19:39.739780Z","level":"info","event":"|Số cây lâm nghiệp...|15.654494361616003|Triệu cây|      4|2025|2026-06-02 14:19:...|","logger":"airflow.task.hooks.airflow.providers.standard.hooks.subprocess.SubprocessHook","filename":"subprocess.py","lineno":99}
{"timestamp":"2026-06-02T14:19:39.739846Z","level":"info","event":"|Sản lượng gỗ khai...| 7752.329694177017| Nghìn m3|      4|2025|2026-06-02 14:19:...|","logger":"airflow.task.hooks.airflow.providers.standard.hooks.subprocess.SubprocessHook","filename":"subprocess.py","lineno":99}
{"timestamp":"2026-06-02T14:19:39.739912Z","level":"info","event":"|Diện tích rừng bị...|129.32000000000016|       Ha|      4|2025|2026-06-02 14:19:...|","logger":"airflow.task.hooks.airflow.providers.standard.hooks.subprocess.SubprocessHook","filename":"subprocess.py","lineno":99}
{"timestamp":"2026-06-02T14:19:39.739982Z","level":"info","event":"|           Cháy rừng|11.622000000000014|       Ha|      4|2025|2026-06-02 14:19:...|","logger":"airflow.task.hooks.airflow.providers.standard.hooks.subprocess.SubprocessHook","filename":"subprocess.py","lineno":99}
{"timestamp":"2026-06-02T14:19:39.740155Z","level":"info","event":"|       Chặt phá rừng|117.69800000000009|       Ha|      4|2025|2026-06-02 14:19:...|","logger":"airflow.task.hooks.airflow.providers.standard.hooks.subprocess.SubprocessHook","filename":"subprocess.py","lineno":99}
{"timestamp":"2026-06-02T14:19:39.740237Z","level":"info","event":"+--------------------+------------------+---------+-------+----+--------------------+","logger":"airflow.task.hooks.airflow.providers.standard.hooks.subprocess.SubprocessHook","filename":"subprocess.py","lineno":99}
{"timestamp":"2026-06-02T14:19:39.740265Z","level":"info","event":"","logger":"airflow.task.hooks.airflow.providers.standard.hooks.subprocess.SubprocessHook","filename":"subprocess.py","lineno":99}
{"timestamp":"2026-06-02T14:19:39.783998Z","level":"info","event":"26/06/02 14:19:39 INFO DelegatingLogStore: LogStore `LogStoreAdapter(io.delta.storage.S3SingleDriverLogStore)` is used for scheme `s3a`","logger":"airflow.task.hooks.airflow.providers.standard.hooks.subprocess.SubprocessHook","filename":"subprocess.py","lineno":99}
{"timestamp":"2026-06-02T14:19:39.804913Z","level":"info","event":"26/06/02 14:19:39 INFO DeltaLog: Loading version 0.","logger":"airflow.task.hooks.airflow.providers.standard.hooks.subprocess.SubprocessHook","filename":"subprocess.py","lineno":99}
{"timestamp":"2026-06-02T14:19:39.808912Z","level":"info","event":"26/06/02 14:19:39 INFO DeltaLogFileIndex: Created DeltaLogFileIndex(JSON, numFilesInSegment: 1, totalFileSize: 1114)","logger":"airflow.task.hooks.airflow.providers.standard.hooks.subprocess.SubprocessHook","filename":"subprocess.py","lineno":99}
{"timestamp":"2026-06-02T14:19:39.853521Z","level":"info","event":"26/06/02 14:19:39 INFO DataSourceStrategy: Pruning directories with:","logger":"airflow.task.hooks.airflow.providers.standard.hooks.subprocess.SubprocessHook","filename":"subprocess.py","lineno":99}
{"timestamp":"2026-06-02T14:19:39.853774Z","level":"info","event":"26/06/02 14:19:39 INFO FileSourceStrategy: Pushed Filters:","logger":"airflow.task.hooks.airflow.providers.standard.hooks.subprocess.SubprocessHook","filename":"subprocess.py","lineno":99}
{"timestamp":"2026-06-02T14:19:39.853902Z","level":"info","event":"26/06/02 14:19:39 INFO FileSourceStrategy: Post-Scan Filters: ((isnotnull(protocol#1270.minReaderVersion) OR isnotnull(metaData#1269.id)) OR (isnotnull(commitInfo#1271.inCommitTimestamp) AND (version#1272L = 0)))","logger":"airflow.task.hooks.airflow.providers.standard.hooks.subprocess.SubprocessHook","filename":"subprocess.py","lineno":99}
{"timestamp":"2026-06-02T14:19:39.879729Z","level":"info","event":"26/06/02 14:19:39 INFO MemoryStore: Block broadcast_19 stored as values in memory (estimated size 202.4 KiB, free 434.1 MiB)","logger":"airflow.task.hooks.airflow.providers.standard.hooks.subprocess.SubprocessHook","filename":"subprocess.py","lineno":99}
{"timestamp":"2026-06-02T14:19:39.906578Z","level":"info","event":"26/06/02 14:19:39 INFO MemoryStore: Block broadcast_19_piece0 stored as bytes in memory (estimated size 35.0 KiB, free 434.1 MiB)","logger":"airflow.task.hooks.airflow.providers.standard.hooks.subprocess.SubprocessHook","filename":"subprocess.py","lineno":99}
{"timestamp":"2026-06-02T14:19:39.906941Z","level":"info","event":"26/06/02 14:19:39 INFO BlockManagerInfo: Added broadcast_19_piece0 in memory on ac0ccb30c6a7:35159 (size: 35.0 KiB, free: 434.3 MiB)","logger":"airflow.task.hooks.airflow.providers.standard.hooks.subprocess.SubprocessHook","filename":"subprocess.py","lineno":99}
{"timestamp":"2026-06-02T14:19:39.908738Z","level":"info","event":"26/06/02 14:19:39 INFO SparkContext: Created broadcast 19 from $anonfun$recordDeltaOperationInternal$1 at DatabricksLogging.scala:128","logger":"airflow.task.hooks.airflow.providers.standard.hooks.subprocess.SubprocessHook","filename":"subprocess.py","lineno":99}
{"timestamp":"2026-06-02T14:19:39.912272Z","level":"info","event":"26/06/02 14:19:39 INFO FileSourceScanExec: Planning scan with bin packing, max size: 4194304 bytes, open cost is considered as scanning 4194304 bytes.","logger":"airflow.task.hooks.airflow.providers.standard.hooks.subprocess.SubprocessHook","filename":"subprocess.py","lineno":99}
{"timestamp":"2026-06-02T14:19:39.933375Z","level":"info","event":"26/06/02 14:19:39 INFO BlockManagerInfo: Removed broadcast_18_piece0 on ac0ccb30c6a7:35159 in memory (size: 7.6 KiB, free: 434.4 MiB)","logger":"airflow.task.hooks.airflow.providers.standard.hooks.subprocess.SubprocessHook","filename":"subprocess.py","lineno":99}
{"timestamp":"2026-06-02T14:19:39.947119Z","level":"info","event":"26/06/02 14:19:39 INFO BlockManagerInfo: Removed broadcast_16_piece0 on ac0ccb30c6a7:35159 in memory (size: 7.6 KiB, free: 434.4 MiB)","logger":"airflow.task.hooks.airflow.providers.standard.hooks.subprocess.SubprocessHook","filename":"subprocess.py","lineno":99}
{"timestamp":"2026-06-02T14:19:39.956675Z","level":"info","event":"26/06/02 14:19:39 INFO BlockManagerInfo: Removed broadcast_17_piece0 on ac0ccb30c6a7:35159 in memory (size: 7.6 KiB, free: 434.4 MiB)","logger":"airflow.task.hooks.airflow.providers.standard.hooks.subprocess.SubprocessHook","filename":"subprocess.py","lineno":99}
{"timestamp":"2026-06-02T14:19:39.958906Z","level":"info","event":"26/06/02 14:19:39 INFO SparkContext: Starting job: $anonfun$recordDeltaOperationInternal$1 at DatabricksLogging.scala:128","logger":"airflow.task.hooks.airflow.providers.standard.hooks.subprocess.SubprocessHook","filename":"subprocess.py","lineno":99}
{"timestamp":"2026-06-02T14:19:39.962811Z","level":"info","event":"26/06/02 14:19:39 INFO DAGScheduler: Got job 15 ($anonfun$recordDeltaOperationInternal$1 at DatabricksLogging.scala:128) with 1 output partitions","logger":"airflow.task.hooks.airflow.providers.standard.hooks.subprocess.SubprocessHook","filename":"subprocess.py","lineno":99}
{"timestamp":"2026-06-02T14:19:39.963265Z","level":"info","event":"26/06/02 14:19:39 INFO DAGScheduler: Final stage: ResultStage 15 ($anonfun$recordDeltaOperationInternal$1 at DatabricksLogging.scala:128)","logger":"airflow.task.hooks.airflow.providers.standard.hooks.subprocess.SubprocessHook","filename":"subprocess.py","lineno":99}
{"timestamp":"2026-06-02T14:19:39.963642Z","level":"info","event":"26/06/02 14:19:39 INFO DAGScheduler: Parents of final stage: List()","logger":"airflow.task.hooks.airflow.providers.standard.hooks.subprocess.SubprocessHook","filename":"subprocess.py","lineno":99}
{"timestamp":"2026-06-02T14:19:39.965121Z","level":"info","event":"26/06/02 14:19:39 INFO DAGScheduler: Missing parents: List()","logger":"airflow.task.hooks.airflow.providers.standard.hooks.subprocess.SubprocessHook","filename":"subprocess.py","lineno":99}
{"timestamp":"2026-06-02T14:19:39.965287Z","level":"info","event":"26/06/02 14:19:39 INFO DAGScheduler: Submitting ResultStage 15 (MapPartitionsRDD[42] at $anonfun$recordDeltaOperationInternal$1 at DatabricksLogging.scala:128), which has no missing parents","logger":"airflow.task.hooks.airflow.providers.standard.hooks.subprocess.SubprocessHook","filename":"subprocess.py","lineno":99}
{"timestamp":"2026-06-02T14:19:39.973394Z","level":"info","event":"26/06/02 14:19:39 INFO MemoryStore: Block broadcast_20 stored as values in memory (estimated size 55.2 KiB, free 434.1 MiB)","logger":"airflow.task.hooks.airflow.providers.standard.hooks.subprocess.SubprocessHook","filename":"subprocess.py","lineno":99}
{"timestamp":"2026-06-02T14:19:39.977876Z","level":"info","event":"26/06/02 14:19:39 INFO MemoryStore: Block broadcast_20_piece0 stored as bytes in memory (estimated size 17.1 KiB, free 434.1 MiB)","logger":"airflow.task.hooks.airflow.providers.standard.hooks.subprocess.SubprocessHook","filename":"subprocess.py","lineno":99}
{"timestamp":"2026-06-02T14:19:39.980471Z","level":"info","event":"26/06/02 14:19:39 INFO BlockManagerInfo: Added broadcast_20_piece0 in memory on ac0ccb30c6a7:35159 (size: 17.1 KiB, free: 434.3 MiB)","logger":"airflow.task.hooks.airflow.providers.standard.hooks.subprocess.SubprocessHook","filename":"subprocess.py","lineno":99}
{"timestamp":"2026-06-02T14:19:39.981224Z","level":"info","event":"26/06/02 14:19:39 INFO SparkContext: Created broadcast 20 from broadcast at DAGScheduler.scala:1611","logger":"airflow.task.hooks.airflow.providers.standard.hooks.subprocess.SubprocessHook","filename":"subprocess.py","lineno":99}
{"timestamp":"2026-06-02T14:19:39.982224Z","level":"info","event":"26/06/02 14:19:39 INFO DAGScheduler: Submitting 1 missing tasks from ResultStage 15 (MapPartitionsRDD[42] at $anonfun$recordDeltaOperationInternal$1 at DatabricksLogging.scala:128) (first 15 tasks are for partitions Vector(0))","logger":"airflow.task.hooks.airflow.providers.standard.hooks.subprocess.SubprocessHook","filename":"subprocess.py","lineno":99}
{"timestamp":"2026-06-02T14:19:39.982393Z","level":"info","event":"26/06/02 14:19:39 INFO TaskSchedulerImpl: Adding task set 15.0 with 1 tasks resource profile 0","logger":"airflow.task.hooks.airflow.providers.standard.hooks.subprocess.SubprocessHook","filename":"subprocess.py","lineno":99}
{"timestamp":"2026-06-02T14:19:39.988655Z","level":"info","event":"26/06/02 14:19:39 INFO TaskSetManager: Starting task 0.0 in stage 15.0 (TID 84) (ac0ccb30c6a7, executor driver, partition 0, PROCESS_LOCAL, 9671 bytes)","logger":"airflow.task.hooks.airflow.providers.standard.hooks.subprocess.SubprocessHook","filename":"subprocess.py","lineno":99}
{"timestamp":"2026-06-02T14:19:39.990047Z","level":"info","event":"26/06/02 14:19:39 INFO Executor: Running task 0.0 in stage 15.0 (TID 84)","logger":"airflow.task.hooks.airflow.providers.standard.hooks.subprocess.SubprocessHook","filename":"subprocess.py","lineno":99}
{"timestamp":"2026-06-02T14:19:39.998174Z","level":"info","event":"26/06/02 14:19:39 INFO FileScanRDD: Reading File path: s3a://silver/forestry/_delta_log/00000000000000000000.json, range: 0-1114, partition values: [0]","logger":"airflow.task.hooks.airflow.providers.standard.hooks.subprocess.SubprocessHook","filename":"subprocess.py","lineno":99}
{"timestamp":"2026-06-02T14:19:40.062714Z","level":"info","event":"26/06/02 14:19:40 INFO Executor: Finished task 0.0 in stage 15.0 (TID 84). 2001 bytes result sent to driver","logger":"airflow.task.hooks.airflow.providers.standard.hooks.subprocess.SubprocessHook","filename":"subprocess.py","lineno":99}
{"timestamp":"2026-06-02T14:19:40.063215Z","level":"info","event":"26/06/02 14:19:40 INFO TaskSetManager: Finished task 0.0 in stage 15.0 (TID 84) in 77 ms on ac0ccb30c6a7 (executor driver) (1/1)","logger":"airflow.task.hooks.airflow.providers.standard.hooks.subprocess.SubprocessHook","filename":"subprocess.py","lineno":99}
{"timestamp":"2026-06-02T14:19:40.063326Z","level":"info","event":"26/06/02 14:19:40 INFO TaskSchedulerImpl: Removed TaskSet 15.0, whose tasks have all completed, from pool","logger":"airflow.task.hooks.airflow.providers.standard.hooks.subprocess.SubprocessHook","filename":"subprocess.py","lineno":99}
{"timestamp":"2026-06-02T14:19:40.064154Z","level":"info","event":"26/06/02 14:19:40 INFO DAGScheduler: ResultStage 15 ($anonfun$recordDeltaOperationInternal$1 at DatabricksLogging.scala:128) finished in 0.101 s","logger":"airflow.task.hooks.airflow.providers.standard.hooks.subprocess.SubprocessHook","filename":"subprocess.py","lineno":99}
{"timestamp":"2026-06-02T14:19:40.064303Z","level":"info","event":"26/06/02 14:19:40 INFO DAGScheduler: Job 15 is finished. Cancelling potential speculative or zombie tasks for this job","logger":"airflow.task.hooks.airflow.providers.standard.hooks.subprocess.SubprocessHook","filename":"subprocess.py","lineno":99}
{"timestamp":"2026-06-02T14:19:40.064348Z","level":"info","event":"26/06/02 14:19:40 INFO TaskSchedulerImpl: Killing all running tasks in stage 15: Stage finished","logger":"airflow.task.hooks.airflow.providers.standard.hooks.subprocess.SubprocessHook","filename":"subprocess.py","lineno":99}
{"timestamp":"2026-06-02T14:19:40.065027Z","level":"info","event":"26/06/02 14:19:40 INFO DAGScheduler: Job 15 finished: $anonfun$recordDeltaOperationInternal$1 at DatabricksLogging.scala:128, took 0.106861 s","logger":"airflow.task.hooks.airflow.providers.standard.hooks.subprocess.SubprocessHook","filename":"subprocess.py","lineno":99}
{"timestamp":"2026-06-02T14:19:40.071907Z","level":"info","event":"26/06/02 14:19:40 INFO Snapshot: [tableId=19c06592-3d41-4bc0-95bd-adb15d6b5578] Created snapshot Snapshot(path=s3a://silver/forestry/_delta_log, version=0, metadata=Metadata(52ab094e-b4ff-4c10-a702-e0e566d608bf,null,null,Format(parquet,Map()),{\"type\":\"struct\",\"fields\":[{\"name\":\"forestry_indicator\",\"type\":\"string\",\"nullable\":true,\"metadata\":{}},{\"name\":\"value\",\"type\":\"double\",\"nullable\":true,\"metadata\":{}},{\"name\":\"unit\",\"type\":\"string\",\"nullable\":true,\"metadata\":{}},{\"name\":\"quarter\",\"type\":\"integer\",\"nullable\":true,\"metadata\":{}},{\"name\":\"year\",\"type\":\"integer\",\"nullable\":true,\"metadata\":{}},{\"name\":\"ingest_at\",\"type\":\"timestamp\",\"nullable\":true,\"metadata\":{}}]},List(),Map(),Some(1780409955441)), logSegment=LogSegment(s3a://silver/forestry/_delta_log,0,WrappedArray(S3AFileStatus{path=s3a://silver/forestry/_delta_log/00000000000000000000.json; isDirectory=false; length=1114; replication=1; blocksize=33554432; modification_time=1780409955513; access_time=0; owner=spark; group=spark; permission=rw-rw-rw-; isSymlink=false; hasAcl=false; isEncrypted=true; isErasureCoded=false} isEmptyDirectory=FALSE eTag=b2b6fb11c0c0f5ba4dca4e5dc7bc9b5b versionId=null),org.apache.spark.sql.delta.EmptyCheckpointProvider$@5d464a10,1780409955513), checksumOpt=None)","logger":"airflow.task.hooks.airflow.providers.standard.hooks.subprocess.SubprocessHook","filename":"subprocess.py","lineno":99}
{"timestamp":"2026-06-02T14:19:40.072134Z","level":"info","event":"26/06/02 14:19:40 INFO DeltaLog: Updated snapshot to Snapshot(path=s3a://silver/forestry/_delta_log, version=0, metadata=Metadata(52ab094e-b4ff-4c10-a702-e0e566d608bf,null,null,Format(parquet,Map()),{\"type\":\"struct\",\"fields\":[{\"name\":\"forestry_indicator\",\"type\":\"string\",\"nullable\":true,\"metadata\":{}},{\"name\":\"value\",\"type\":\"double\",\"nullable\":true,\"metadata\":{}},{\"name\":\"unit\",\"type\":\"string\",\"nullable\":true,\"metadata\":{}},{\"name\":\"quarter\",\"type\":\"integer\",\"nullable\":true,\"metadata\":{}},{\"name\":\"year\",\"type\":\"integer\",\"nullable\":true,\"metadata\":{}},{\"name\":\"ingest_at\",\"type\":\"timestamp\",\"nullable\":true,\"metadata\":{}}]},List(),Map(),Some(1780409955441)), logSegment=LogSegment(s3a://silver/forestry/_delta_log,0,WrappedArray(S3AFileStatus{path=s3a://silver/forestry/_delta_log/00000000000000000000.json; isDirectory=false; length=1114; replication=1; blocksize=33554432; modification_time=1780409955513; access_time=0; owner=spark; group=spark; permission=rw-rw-rw-; isSymlink=false; hasAcl=false; isEncrypted=true; isErasureCoded=false} isEmptyDirectory=FALSE eTag=b2b6fb11c0c0f5ba4dca4e5dc7bc9b5b versionId=null),org.apache.spark.sql.delta.EmptyCheckpointProvider$@5d464a10,1780409955513), checksumOpt=None)","logger":"airflow.task.hooks.airflow.providers.standard.hooks.subprocess.SubprocessHook","filename":"subprocess.py","lineno":99}
{"timestamp":"2026-06-02T14:19:40.180153Z","level":"info","event":"26/06/02 14:19:40 INFO ParquetUtils: Using default output committer for Parquet: org.apache.parquet.hadoop.ParquetOutputCommitter","logger":"airflow.task.hooks.airflow.providers.standard.hooks.subprocess.SubprocessHook","filename":"subprocess.py","lineno":99}
{"timestamp":"2026-06-02T14:19:40.211045Z","level":"info","event":"26/06/02 14:19:40 INFO SparkContext: Starting job: saveAsTable at NativeMethodAccessorImpl.java:0","logger":"airflow.task.hooks.airflow.providers.standard.hooks.subprocess.SubprocessHook","filename":"subprocess.py","lineno":99}
{"timestamp":"2026-06-02T14:19:40.211874Z","level":"info","event":"26/06/02 14:19:40 INFO DAGScheduler: Got job 16 (saveAsTable at NativeMethodAccessorImpl.java:0) with 16 output partitions","logger":"airflow.task.hooks.airflow.providers.standard.hooks.subprocess.SubprocessHook","filename":"subprocess.py","lineno":99}
{"timestamp":"2026-06-02T14:19:40.212007Z","level":"info","event":"26/06/02 14:19:40 INFO DAGScheduler: Final stage: ResultStage 16 (saveAsTable at NativeMethodAccessorImpl.java:0)","logger":"airflow.task.hooks.airflow.providers.standard.hooks.subprocess.SubprocessHook","filename":"subprocess.py","lineno":99}
{"timestamp":"2026-06-02T14:19:40.212063Z","level":"info","event":"26/06/02 14:19:40 INFO DAGScheduler: Parents of final stage: List()","logger":"airflow.task.hooks.airflow.providers.standard.hooks.subprocess.SubprocessHook","filename":"subprocess.py","lineno":99}
{"timestamp":"2026-06-02T14:19:40.212100Z","level":"info","event":"26/06/02 14:19:40 INFO DAGScheduler: Missing parents: List()","logger":"airflow.task.hooks.airflow.providers.standard.hooks.subprocess.SubprocessHook","filename":"subprocess.py","lineno":99}
{"timestamp":"2026-06-02T14:19:40.214642Z","level":"info","event":"26/06/02 14:19:40 INFO DAGScheduler: Submitting ResultStage 16 (MapPartitionsRDD[43] at saveAsTable at NativeMethodAccessorImpl.java:0), which has no missing parents","logger":"airflow.task.hooks.airflow.providers.standard.hooks.subprocess.SubprocessHook","filename":"subprocess.py","lineno":99}
{"timestamp":"2026-06-02T14:19:40.230869Z","level":"info","event":"26/06/02 14:19:40 INFO MemoryStore: Block broadcast_21 stored as values in memory (estimated size 340.3 KiB, free 433.8 MiB)","logger":"airflow.task.hooks.airflow.providers.standard.hooks.subprocess.SubprocessHook","filename":"subprocess.py","lineno":99}
{"timestamp":"2026-06-02T14:19:40.233275Z","level":"info","event":"26/06/02 14:19:40 INFO MemoryStore: Block broadcast_21_piece0 stored as bytes in memory (estimated size 124.2 KiB, free 433.6 MiB)","logger":"airflow.task.hooks.airflow.providers.standard.hooks.subprocess.SubprocessHook","filename":"subprocess.py","lineno":99}
{"timestamp":"2026-06-02T14:19:40.234192Z","level":"info","event":"26/06/02 14:19:40 INFO BlockManagerInfo: Added broadcast_21_piece0 in memory on ac0ccb30c6a7:35159 (size: 124.2 KiB, free: 434.2 MiB)","logger":"airflow.task.hooks.airflow.providers.standard.hooks.subprocess.SubprocessHook","filename":"subprocess.py","lineno":99}
{"timestamp":"2026-06-02T14:19:40.234953Z","level":"info","event":"26/06/02 14:19:40 INFO SparkContext: Created broadcast 21 from broadcast at DAGScheduler.scala:1611","logger":"airflow.task.hooks.airflow.providers.standard.hooks.subprocess.SubprocessHook","filename":"subprocess.py","lineno":99}
{"timestamp":"2026-06-02T14:19:40.236251Z","level":"info","event":"26/06/02 14:19:40 INFO DAGScheduler: Submitting 16 missing tasks from ResultStage 16 (MapPartitionsRDD[43] at saveAsTable at NativeMethodAccessorImpl.java:0) (first 15 tasks are for partitions Vector(0, 1, 2, 3, 4, 5, 6, 7, 8, 9, 10, 11, 12, 13, 14))","logger":"airflow.task.hooks.airflow.providers.standard.hooks.subprocess.SubprocessHook","filename":"subprocess.py","lineno":99}
{"timestamp":"2026-06-02T14:19:40.236453Z","level":"info","event":"26/06/02 14:19:40 INFO TaskSchedulerImpl: Adding task set 16.0 with 16 tasks resource profile 0","logger":"airflow.task.hooks.airflow.providers.standard.hooks.subprocess.SubprocessHook","filename":"subprocess.py","lineno":99}
{"timestamp":"2026-06-02T14:19:40.238500Z","level":"info","event":"26/06/02 14:19:40 INFO TaskSetManager: Starting task 0.0 in stage 16.0 (TID 85) (ac0ccb30c6a7, executor driver, partition 0, PROCESS_LOCAL, 8979 bytes)","logger":"airflow.task.hooks.airflow.providers.standard.hooks.subprocess.SubprocessHook","filename":"subprocess.py","lineno":99}
{"timestamp":"2026-06-02T14:19:40.238723Z","level":"info","event":"26/06/02 14:19:40 INFO TaskSetManager: Starting task 1.0 in stage 16.0 (TID 86) (ac0ccb30c6a7, executor driver, partition 1, PROCESS_LOCAL, 8979 bytes)","logger":"airflow.task.hooks.airflow.providers.standard.hooks.subprocess.SubprocessHook","filename":"subprocess.py","lineno":99}
{"timestamp":"2026-06-02T14:19:40.238808Z","level":"info","event":"26/06/02 14:19:40 INFO TaskSetManager: Starting task 2.0 in stage 16.0 (TID 87) (ac0ccb30c6a7, executor driver, partition 2, PROCESS_LOCAL, 9090 bytes)","logger":"airflow.task.hooks.airflow.providers.standard.hooks.subprocess.SubprocessHook","filename":"subprocess.py","lineno":99}
{"timestamp":"2026-06-02T14:19:40.238857Z","level":"info","event":"26/06/02 14:19:40 INFO TaskSetManager: Starting task 3.0 in stage 16.0 (TID 88) (ac0ccb30c6a7, executor driver, partition 3, PROCESS_LOCAL, 8979 bytes)","logger":"airflow.task.hooks.airflow.providers.standard.hooks.subprocess.SubprocessHook","filename":"subprocess.py","lineno":99}
{"timestamp":"2026-06-02T14:19:40.238895Z","level":"info","event":"26/06/02 14:19:40 INFO TaskSetManager: Starting task 4.0 in stage 16.0 (TID 89) (ac0ccb30c6a7, executor driver, partition 4, PROCESS_LOCAL, 8979 bytes)","logger":"airflow.task.hooks.airflow.providers.standard.hooks.subprocess.SubprocessHook","filename":"subprocess.py","lineno":99}
{"timestamp":"2026-06-02T14:19:40.238932Z","level":"info","event":"26/06/02 14:19:40 INFO TaskSetManager: Starting task 5.0 in stage 16.0 (TID 90) (ac0ccb30c6a7, executor driver, partition 5, PROCESS_LOCAL, 9090 bytes)","logger":"airflow.task.hooks.airflow.providers.standard.hooks.subprocess.SubprocessHook","filename":"subprocess.py","lineno":99}
{"timestamp":"2026-06-02T14:19:40.239371Z","level":"info","event":"26/06/02 14:19:40 INFO TaskSetManager: Starting task 6.0 in stage 16.0 (TID 91) (ac0ccb30c6a7, executor driver, partition 6, PROCESS_LOCAL, 8979 bytes)","logger":"airflow.task.hooks.airflow.providers.standard.hooks.subprocess.SubprocessHook","filename":"subprocess.py","lineno":99}
{"timestamp":"2026-06-02T14:19:40.239978Z","level":"info","event":"26/06/02 14:19:40 INFO TaskSetManager: Starting task 7.0 in stage 16.0 (TID 92) (ac0ccb30c6a7, executor driver, partition 7, PROCESS_LOCAL, 9075 bytes)","logger":"airflow.task.hooks.airflow.providers.standard.hooks.subprocess.SubprocessHook","filename":"subprocess.py","lineno":99}
{"timestamp":"2026-06-02T14:19:40.240927Z","level":"info","event":"26/06/02 14:19:40 INFO TaskSetManager: Starting task 8.0 in stage 16.0 (TID 93) (ac0ccb30c6a7, executor driver, partition 8, PROCESS_LOCAL, 8979 bytes)","logger":"airflow.task.hooks.airflow.providers.standard.hooks.subprocess.SubprocessHook","filename":"subprocess.py","lineno":99}
{"timestamp":"2026-06-02T14:19:40.241235Z","level":"info","event":"26/06/02 14:19:40 INFO TaskSetManager: Starting task 9.0 in stage 16.0 (TID 94) (ac0ccb30c6a7, executor driver, partition 9, PROCESS_LOCAL, 8979 bytes)","logger":"airflow.task.hooks.airflow.providers.standard.hooks.subprocess.SubprocessHook","filename":"subprocess.py","lineno":99}
{"timestamp":"2026-06-02T14:19:40.241331Z","level":"info","event":"26/06/02 14:19:40 INFO TaskSetManager: Starting task 10.0 in stage 16.0 (TID 95) (ac0ccb30c6a7, executor driver, partition 10, PROCESS_LOCAL, 9076 bytes)","logger":"airflow.task.hooks.airflow.providers.standard.hooks.subprocess.SubprocessHook","filename":"subprocess.py","lineno":99}
{"timestamp":"2026-06-02T14:19:40.241402Z","level":"info","event":"26/06/02 14:19:40 INFO TaskSetManager: Starting task 11.0 in stage 16.0 (TID 96) (ac0ccb30c6a7, executor driver, partition 11, PROCESS_LOCAL, 8979 bytes)","logger":"airflow.task.hooks.airflow.providers.standard.hooks.subprocess.SubprocessHook","filename":"subprocess.py","lineno":99}
{"timestamp":"2026-06-02T14:19:40.241465Z","level":"info","event":"26/06/02 14:19:40 INFO TaskSetManager: Starting task 12.0 in stage 16.0 (TID 97) (ac0ccb30c6a7, executor driver, partition 12, PROCESS_LOCAL, 8979 bytes)","logger":"airflow.task.hooks.airflow.providers.standard.hooks.subprocess.SubprocessHook","filename":"subprocess.py","lineno":99}
{"timestamp":"2026-06-02T14:19:40.242509Z","level":"info","event":"26/06/02 14:19:40 INFO TaskSetManager: Starting task 13.0 in stage 16.0 (TID 98) (ac0ccb30c6a7, executor driver, partition 13, PROCESS_LOCAL, 9050 bytes)","logger":"airflow.task.hooks.airflow.providers.standard.hooks.subprocess.SubprocessHook","filename":"subprocess.py","lineno":99}
{"timestamp":"2026-06-02T14:19:40.243513Z","level":"info","event":"26/06/02 14:19:40 INFO TaskSetManager: Starting task 14.0 in stage 16.0 (TID 99) (ac0ccb30c6a7, executor driver, partition 14, PROCESS_LOCAL, 8979 bytes)","logger":"airflow.task.hooks.airflow.providers.standard.hooks.subprocess.SubprocessHook","filename":"subprocess.py","lineno":99}
{"timestamp":"2026-06-02T14:19:40.243741Z","level":"info","event":"26/06/02 14:19:40 INFO TaskSetManager: Starting task 15.0 in stage 16.0 (TID 100) (ac0ccb30c6a7, executor driver, partition 15, PROCESS_LOCAL, 9056 bytes)","logger":"airflow.task.hooks.airflow.providers.standard.hooks.subprocess.SubprocessHook","filename":"subprocess.py","lineno":99}
{"timestamp":"2026-06-02T14:19:40.243954Z","level":"info","event":"26/06/02 14:19:40 INFO Executor: Running task 0.0 in stage 16.0 (TID 85)","logger":"airflow.task.hooks.airflow.providers.standard.hooks.subprocess.SubprocessHook","filename":"subprocess.py","lineno":99}
{"timestamp":"2026-06-02T14:19:40.244075Z","level":"info","event":"26/06/02 14:19:40 INFO Executor: Running task 1.0 in stage 16.0 (TID 86)","logger":"airflow.task.hooks.airflow.providers.standard.hooks.subprocess.SubprocessHook","filename":"subprocess.py","lineno":99}
{"timestamp":"2026-06-02T14:19:40.246777Z","level":"info","event":"26/06/02 14:19:40 INFO Executor: Running task 2.0 in stage 16.0 (TID 87)","logger":"airflow.task.hooks.airflow.providers.standard.hooks.subprocess.SubprocessHook","filename":"subprocess.py","lineno":99}
{"timestamp":"2026-06-02T14:19:40.246995Z","level":"info","event":"26/06/02 14:19:40 INFO Executor: Running task 3.0 in stage 16.0 (TID 88)","logger":"airflow.task.hooks.airflow.providers.standard.hooks.subprocess.SubprocessHook","filename":"subprocess.py","lineno":99}
{"timestamp":"2026-06-02T14:19:40.247093Z","level":"info","event":"26/06/02 14:19:40 INFO Executor: Running task 4.0 in stage 16.0 (TID 89)","logger":"airflow.task.hooks.airflow.providers.standard.hooks.subprocess.SubprocessHook","filename":"subprocess.py","lineno":99}
{"timestamp":"2026-06-02T14:19:40.250236Z","level":"info","event":"26/06/02 14:19:40 INFO Executor: Running task 5.0 in stage 16.0 (TID 90)","logger":"airflow.task.hooks.airflow.providers.standard.hooks.subprocess.SubprocessHook","filename":"subprocess.py","lineno":99}
{"timestamp":"2026-06-02T14:19:40.250442Z","level":"info","event":"26/06/02 14:19:40 INFO Executor: Running task 6.0 in stage 16.0 (TID 91)","logger":"airflow.task.hooks.airflow.providers.standard.hooks.subprocess.SubprocessHook","filename":"subprocess.py","lineno":99}
{"timestamp":"2026-06-02T14:19:40.250527Z","level":"info","event":"26/06/02 14:19:40 INFO Executor: Running task 7.0 in stage 16.0 (TID 92)","logger":"airflow.task.hooks.airflow.providers.standard.hooks.subprocess.SubprocessHook","filename":"subprocess.py","lineno":99}
{"timestamp":"2026-06-02T14:19:40.250638Z","level":"info","event":"26/06/02 14:19:40 INFO Executor: Running task 10.0 in stage 16.0 (TID 95)","logger":"airflow.task.hooks.airflow.providers.standard.hooks.subprocess.SubprocessHook","filename":"subprocess.py","lineno":99}
{"timestamp":"2026-06-02T14:19:40.250696Z","level":"info","event":"26/06/02 14:19:40 INFO Executor: Running task 13.0 in stage 16.0 (TID 98)","logger":"airflow.task.hooks.airflow.providers.standard.hooks.subprocess.SubprocessHook","filename":"subprocess.py","lineno":99}
{"timestamp":"2026-06-02T14:19:40.250744Z","level":"info","event":"26/06/02 14:19:40 INFO Executor: Running task 8.0 in stage 16.0 (TID 93)","logger":"airflow.task.hooks.airflow.providers.standard.hooks.subprocess.SubprocessHook","filename":"subprocess.py","lineno":99}
{"timestamp":"2026-06-02T14:19:40.250786Z","level":"info","event":"26/06/02 14:19:40 INFO Executor: Running task 14.0 in stage 16.0 (TID 99)","logger":"airflow.task.hooks.airflow.providers.standard.hooks.subprocess.SubprocessHook","filename":"subprocess.py","lineno":99}
{"timestamp":"2026-06-02T14:19:40.250831Z","level":"info","event":"26/06/02 14:19:40 INFO Executor: Running task 15.0 in stage 16.0 (TID 100)","logger":"airflow.task.hooks.airflow.providers.standard.hooks.subprocess.SubprocessHook","filename":"subprocess.py","lineno":99}
{"timestamp":"2026-06-02T14:19:40.250878Z","level":"info","event":"26/06/02 14:19:40 INFO Executor: Running task 9.0 in stage 16.0 (TID 94)","logger":"airflow.task.hooks.airflow.providers.standard.hooks.subprocess.SubprocessHook","filename":"subprocess.py","lineno":99}
{"timestamp":"2026-06-02T14:19:40.250915Z","level":"info","event":"26/06/02 14:19:40 INFO Executor: Running task 11.0 in stage 16.0 (TID 96)","logger":"airflow.task.hooks.airflow.providers.standard.hooks.subprocess.SubprocessHook","filename":"subprocess.py","lineno":99}
{"timestamp":"2026-06-02T14:19:40.250959Z","level":"info","event":"26/06/02 14:19:40 INFO Executor: Running task 12.0 in stage 16.0 (TID 97)","logger":"airflow.task.hooks.airflow.providers.standard.hooks.subprocess.SubprocessHook","filename":"subprocess.py","lineno":99}
{"timestamp":"2026-06-02T14:19:40.282451Z","level":"info","event":"26/06/02 14:19:40 INFO BlockManagerInfo: Removed broadcast_20_piece0 on ac0ccb30c6a7:35159 in memory (size: 17.1 KiB, free: 434.2 MiB)","logger":"airflow.task.hooks.airflow.providers.standard.hooks.subprocess.SubprocessHook","filename":"subprocess.py","lineno":99}
{"timestamp":"2026-06-02T14:19:40.461101Z","level":"info","event":"26/06/02 14:19:40 INFO PythonRunner: Times: total = 142, boot = -812, init = 954, finish = 0","logger":"airflow.task.hooks.airflow.providers.standard.hooks.subprocess.SubprocessHook","filename":"subprocess.py","lineno":99}
{"timestamp":"2026-06-02T14:19:40.461386Z","level":"info","event":"26/06/02 14:19:40 INFO PythonRunner: Times: total = 158, boot = -816, init = 974, finish = 0","logger":"airflow.task.hooks.airflow.providers.standard.hooks.subprocess.SubprocessHook","filename":"subprocess.py","lineno":99}
{"timestamp":"2026-06-02T14:19:40.464682Z","level":"info","event":"26/06/02 14:19:40 INFO PythonRunner: Times: total = 165, boot = -814, init = 979, finish = 0","logger":"airflow.task.hooks.airflow.providers.standard.hooks.subprocess.SubprocessHook","filename":"subprocess.py","lineno":99}
{"timestamp":"2026-06-02T14:19:40.496657Z","level":"info","event":"26/06/02 14:19:40 INFO PythonRunner: Times: total = 187, boot = -570, init = 757, finish = 0","logger":"airflow.task.hooks.airflow.providers.standard.hooks.subprocess.SubprocessHook","filename":"subprocess.py","lineno":99}
{"timestamp":"2026-06-02T14:19:40.505499Z","level":"info","event":"26/06/02 14:19:40 INFO PythonRunner: Times: total = 166, boot = -590, init = 756, finish = 0","logger":"airflow.task.hooks.airflow.providers.standard.hooks.subprocess.SubprocessHook","filename":"subprocess.py","lineno":99}
{"timestamp":"2026-06-02T14:19:40.509984Z","level":"info","event":"26/06/02 14:19:40 INFO PythonRunner: Times: total = 173, boot = -602, init = 775, finish = 0","logger":"airflow.task.hooks.airflow.providers.standard.hooks.subprocess.SubprocessHook","filename":"subprocess.py","lineno":99}
{"timestamp":"2026-06-02T14:19:40.534489Z","level":"info","event":"26/06/02 14:19:40 INFO PythonRunner: Times: total = 228, boot = -583, init = 810, finish = 1","logger":"airflow.task.hooks.airflow.providers.standard.hooks.subprocess.SubprocessHook","filename":"subprocess.py","lineno":99}
{"timestamp":"2026-06-02T14:19:40.567854Z","level":"info","event":"26/06/02 14:19:40 INFO PythonRunner: Times: total = 214, boot = -609, init = 823, finish = 0","logger":"airflow.task.hooks.airflow.providers.standard.hooks.subprocess.SubprocessHook","filename":"subprocess.py","lineno":99}
{"timestamp":"2026-06-02T14:19:40.614073Z","level":"info","event":"26/06/02 14:19:40 INFO PythonRunner: Times: total = 269, boot = -604, init = 873, finish = 0","logger":"airflow.task.hooks.airflow.providers.standard.hooks.subprocess.SubprocessHook","filename":"subprocess.py","lineno":99}
{"timestamp":"2026-06-02T14:19:40.646397Z","level":"info","event":"26/06/02 14:19:40 INFO CodeGenerator: Code generated in 200.473416 ms","logger":"airflow.task.hooks.airflow.providers.standard.hooks.subprocess.SubprocessHook","filename":"subprocess.py","lineno":99}
{"timestamp":"2026-06-02T14:19:40.665023Z","level":"info","event":"26/06/02 14:19:40 INFO CodecConfig: Compression: SNAPPY","logger":"airflow.task.hooks.airflow.providers.standard.hooks.subprocess.SubprocessHook","filename":"subprocess.py","lineno":99}
{"timestamp":"2026-06-02T14:19:40.665319Z","level":"info","event":"26/06/02 14:19:40 INFO CodecConfig: Compression: SNAPPY","logger":"airflow.task.hooks.airflow.providers.standard.hooks.subprocess.SubprocessHook","filename":"subprocess.py","lineno":99}
{"timestamp":"2026-06-02T14:19:40.665435Z","level":"info","event":"26/06/02 14:19:40 INFO Executor: Finished task 6.0 in stage 16.0 (TID 91). 2902 bytes result sent to driver","logger":"airflow.task.hooks.airflow.providers.standard.hooks.subprocess.SubprocessHook","filename":"subprocess.py","lineno":99}
{"timestamp":"2026-06-02T14:19:40.665536Z","level":"info","event":"26/06/02 14:19:40 INFO ParquetOutputFormat: ParquetRecordWriter [block size: 134217728b, row group padding size: 8388608b, validating: false]","logger":"airflow.task.hooks.airflow.providers.standard.hooks.subprocess.SubprocessHook","filename":"subprocess.py","lineno":99}
{"timestamp":"2026-06-02T14:19:40.669169Z","level":"info","event":"26/06/02 14:19:40 INFO Executor: Finished task 4.0 in stage 16.0 (TID 89). 2902 bytes result sent to driver","logger":"airflow.task.hooks.airflow.providers.standard.hooks.subprocess.SubprocessHook","filename":"subprocess.py","lineno":99}
{"timestamp":"2026-06-02T14:19:40.669409Z","level":"info","event":"26/06/02 14:19:40 INFO Executor: Finished task 12.0 in stage 16.0 (TID 97). 2945 bytes result sent to driver","logger":"airflow.task.hooks.airflow.providers.standard.hooks.subprocess.SubprocessHook","filename":"subprocess.py","lineno":99}
{"timestamp":"2026-06-02T14:19:40.674397Z","level":"info","event":"26/06/02 14:19:40 INFO ParquetWriteSupport: Initialized Parquet WriteSupport with Catalyst schema:","logger":"airflow.task.hooks.airflow.providers.standard.hooks.subprocess.SubprocessHook","filename":"subprocess.py","lineno":99}
{"timestamp":"2026-06-02T14:19:40.676279Z","level":"info","event":"{","logger":"airflow.task.hooks.airflow.providers.standard.hooks.subprocess.SubprocessHook","filename":"subprocess.py","lineno":99}
{"timestamp":"2026-06-02T14:19:40.677308Z","level":"info","event":"  \"type\" : \"struct\",","logger":"airflow.task.hooks.airflow.providers.standard.hooks.subprocess.SubprocessHook","filename":"subprocess.py","lineno":99}
{"timestamp":"2026-06-02T14:19:40.677455Z","level":"info","event":"  \"fields\" : [ {","logger":"airflow.task.hooks.airflow.providers.standard.hooks.subprocess.SubprocessHook","filename":"subprocess.py","lineno":99}
{"timestamp":"2026-06-02T14:19:40.677548Z","level":"info","event":"    \"name\" : \"forestry_indicator\",","logger":"airflow.task.hooks.airflow.providers.standard.hooks.subprocess.SubprocessHook","filename":"subprocess.py","lineno":99}
{"timestamp":"2026-06-02T14:19:40.677630Z","level":"info","event":"    \"type\" : \"string\",","logger":"airflow.task.hooks.airflow.providers.standard.hooks.subprocess.SubprocessHook","filename":"subprocess.py","lineno":99}
{"timestamp":"2026-06-02T14:19:40.677864Z","level":"info","event":"    \"nullable\" : true,","logger":"airflow.task.hooks.airflow.providers.standard.hooks.subprocess.SubprocessHook","filename":"subprocess.py","lineno":99}
{"timestamp":"2026-06-02T14:19:40.678176Z","level":"info","event":"    \"metadata\" : { }","logger":"airflow.task.hooks.airflow.providers.standard.hooks.subprocess.SubprocessHook","filename":"subprocess.py","lineno":99}
{"timestamp":"2026-06-02T14:19:40.679283Z","level":"info","event":"  }, {","logger":"airflow.task.hooks.airflow.providers.standard.hooks.subprocess.SubprocessHook","filename":"subprocess.py","lineno":99}
{"timestamp":"2026-06-02T14:19:40.680516Z","level":"info","event":"    \"name\" : \"value\",","logger":"airflow.task.hooks.airflow.providers.standard.hooks.subprocess.SubprocessHook","filename":"subprocess.py","lineno":99}
{"timestamp":"2026-06-02T14:19:40.680718Z","level":"info","event":"    \"type\" : \"double\",","logger":"airflow.task.hooks.airflow.providers.standard.hooks.subprocess.SubprocessHook","filename":"subprocess.py","lineno":99}
{"timestamp":"2026-06-02T14:19:40.680818Z","level":"info","event":"    \"nullable\" : true,","logger":"airflow.task.hooks.airflow.providers.standard.hooks.subprocess.SubprocessHook","filename":"subprocess.py","lineno":99}
{"timestamp":"2026-06-02T14:19:40.680900Z","level":"info","event":"    \"metadata\" : { }","logger":"airflow.task.hooks.airflow.providers.standard.hooks.subprocess.SubprocessHook","filename":"subprocess.py","lineno":99}
{"timestamp":"2026-06-02T14:19:40.681059Z","level":"info","event":"  }, {","logger":"airflow.task.hooks.airflow.providers.standard.hooks.subprocess.SubprocessHook","filename":"subprocess.py","lineno":99}
{"timestamp":"2026-06-02T14:19:40.681146Z","level":"info","event":"    \"name\" : \"unit\",","logger":"airflow.task.hooks.airflow.providers.standard.hooks.subprocess.SubprocessHook","filename":"subprocess.py","lineno":99}
{"timestamp":"2026-06-02T14:19:40.681269Z","level":"info","event":"    \"type\" : \"string\",","logger":"airflow.task.hooks.airflow.providers.standard.hooks.subprocess.SubprocessHook","filename":"subprocess.py","lineno":99}
{"timestamp":"2026-06-02T14:19:40.681359Z","level":"info","event":"    \"nullable\" : true,","logger":"airflow.task.hooks.airflow.providers.standard.hooks.subprocess.SubprocessHook","filename":"subprocess.py","lineno":99}
{"timestamp":"2026-06-02T14:19:40.681431Z","level":"info","event":"    \"metadata\" : { }","logger":"airflow.task.hooks.airflow.providers.standard.hooks.subprocess.SubprocessHook","filename":"subprocess.py","lineno":99}
{"timestamp":"2026-06-02T14:19:40.681506Z","level":"info","event":"  }, {","logger":"airflow.task.hooks.airflow.providers.standard.hooks.subprocess.SubprocessHook","filename":"subprocess.py","lineno":99}
{"timestamp":"2026-06-02T14:19:40.681588Z","level":"info","event":"    \"name\" : \"quarter\",","logger":"airflow.task.hooks.airflow.providers.standard.hooks.subprocess.SubprocessHook","filename":"subprocess.py","lineno":99}
{"timestamp":"2026-06-02T14:19:40.681663Z","level":"info","event":"    \"type\" : \"integer\",","logger":"airflow.task.hooks.airflow.providers.standard.hooks.subprocess.SubprocessHook","filename":"subprocess.py","lineno":99}
{"timestamp":"2026-06-02T14:19:40.681755Z","level":"info","event":"    \"nullable\" : true,","logger":"airflow.task.hooks.airflow.providers.standard.hooks.subprocess.SubprocessHook","filename":"subprocess.py","lineno":99}
{"timestamp":"2026-06-02T14:19:40.681830Z","level":"info","event":"    \"metadata\" : { }","logger":"airflow.task.hooks.airflow.providers.standard.hooks.subprocess.SubprocessHook","filename":"subprocess.py","lineno":99}
{"timestamp":"2026-06-02T14:19:40.681897Z","level":"info","event":"  }, {","logger":"airflow.task.hooks.airflow.providers.standard.hooks.subprocess.SubprocessHook","filename":"subprocess.py","lineno":99}
{"timestamp":"2026-06-02T14:19:40.681970Z","level":"info","event":"    \"name\" : \"year\",","logger":"airflow.task.hooks.airflow.providers.standard.hooks.subprocess.SubprocessHook","filename":"subprocess.py","lineno":99}
{"timestamp":"2026-06-02T14:19:40.682042Z","level":"info","event":"    \"type\" : \"integer\",","logger":"airflow.task.hooks.airflow.providers.standard.hooks.subprocess.SubprocessHook","filename":"subprocess.py","lineno":99}
{"timestamp":"2026-06-02T14:19:40.682108Z","level":"info","event":"    \"nullable\" : true,","logger":"airflow.task.hooks.airflow.providers.standard.hooks.subprocess.SubprocessHook","filename":"subprocess.py","lineno":99}
{"timestamp":"2026-06-02T14:19:40.682173Z","level":"info","event":"    \"metadata\" : { }","logger":"airflow.task.hooks.airflow.providers.standard.hooks.subprocess.SubprocessHook","filename":"subprocess.py","lineno":99}
{"timestamp":"2026-06-02T14:19:40.682237Z","level":"info","event":"  }, {","logger":"airflow.task.hooks.airflow.providers.standard.hooks.subprocess.SubprocessHook","filename":"subprocess.py","lineno":99}
{"timestamp":"2026-06-02T14:19:40.682301Z","level":"info","event":"    \"name\" : \"ingest_at\",","logger":"airflow.task.hooks.airflow.providers.standard.hooks.subprocess.SubprocessHook","filename":"subprocess.py","lineno":99}
{"timestamp":"2026-06-02T14:19:40.682368Z","level":"info","event":"    \"type\" : \"timestamp\",","logger":"airflow.task.hooks.airflow.providers.standard.hooks.subprocess.SubprocessHook","filename":"subprocess.py","lineno":99}
{"timestamp":"2026-06-02T14:19:40.682429Z","level":"info","event":"    \"nullable\" : true,","logger":"airflow.task.hooks.airflow.providers.standard.hooks.subprocess.SubprocessHook","filename":"subprocess.py","lineno":99}
{"timestamp":"2026-06-02T14:19:40.682491Z","level":"info","event":"    \"metadata\" : { }","logger":"airflow.task.hooks.airflow.providers.standard.hooks.subprocess.SubprocessHook","filename":"subprocess.py","lineno":99}
{"timestamp":"2026-06-02T14:19:40.682555Z","level":"info","event":"  } ]","logger":"airflow.task.hooks.airflow.providers.standard.hooks.subprocess.SubprocessHook","filename":"subprocess.py","lineno":99}
{"timestamp":"2026-06-02T14:19:40.682620Z","level":"info","event":"}","logger":"airflow.task.hooks.airflow.providers.standard.hooks.subprocess.SubprocessHook","filename":"subprocess.py","lineno":99}
{"timestamp":"2026-06-02T14:19:40.682684Z","level":"info","event":"and corresponding Parquet message type:","logger":"airflow.task.hooks.airflow.providers.standard.hooks.subprocess.SubprocessHook","filename":"subprocess.py","lineno":99}
{"timestamp":"2026-06-02T14:19:40.682746Z","level":"info","event":"message spark_schema {","logger":"airflow.task.hooks.airflow.providers.standard.hooks.subprocess.SubprocessHook","filename":"subprocess.py","lineno":99}
{"timestamp":"2026-06-02T14:19:40.682809Z","level":"info","event":"  optional binary forestry_indicator (STRING);","logger":"airflow.task.hooks.airflow.providers.standard.hooks.subprocess.SubprocessHook","filename":"subprocess.py","lineno":99}
{"timestamp":"2026-06-02T14:19:40.682866Z","level":"info","event":"  optional double value;","logger":"airflow.task.hooks.airflow.providers.standard.hooks.subprocess.SubprocessHook","filename":"subprocess.py","lineno":99}
{"timestamp":"2026-06-02T14:19:40.682922Z","level":"info","event":"  optional binary unit (STRING);","logger":"airflow.task.hooks.airflow.providers.standard.hooks.subprocess.SubprocessHook","filename":"subprocess.py","lineno":99}
{"timestamp":"2026-06-02T14:19:40.682982Z","level":"info","event":"  optional int32 quarter;","logger":"airflow.task.hooks.airflow.providers.standard.hooks.subprocess.SubprocessHook","filename":"subprocess.py","lineno":99}
{"timestamp":"2026-06-02T14:19:40.683608Z","level":"info","event":"  optional int32 year;","logger":"airflow.task.hooks.airflow.providers.standard.hooks.subprocess.SubprocessHook","filename":"subprocess.py","lineno":99}
{"timestamp":"2026-06-02T14:19:40.683761Z","level":"info","event":"  optional int96 ingest_at;","logger":"airflow.task.hooks.airflow.providers.standard.hooks.subprocess.SubprocessHook","filename":"subprocess.py","lineno":99}
{"timestamp":"2026-06-02T14:19:40.683846Z","level":"info","event":"}","logger":"airflow.task.hooks.airflow.providers.standard.hooks.subprocess.SubprocessHook","filename":"subprocess.py","lineno":99}
{"timestamp":"2026-06-02T14:19:40.683912Z","level":"info","event":"","logger":"airflow.task.hooks.airflow.providers.standard.hooks.subprocess.SubprocessHook","filename":"subprocess.py","lineno":99}
{"timestamp":"2026-06-02T14:19:40.683975Z","level":"info","event":"","logger":"airflow.task.hooks.airflow.providers.standard.hooks.subprocess.SubprocessHook","filename":"subprocess.py","lineno":99}
{"timestamp":"2026-06-02T14:19:40.684035Z","level":"info","event":"26/06/02 14:19:40 INFO Executor: Finished task 3.0 in stage 16.0 (TID 88). 2902 bytes result sent to driver","logger":"airflow.task.hooks.airflow.providers.standard.hooks.subprocess.SubprocessHook","filename":"subprocess.py","lineno":99}
{"timestamp":"2026-06-02T14:19:40.684119Z","level":"info","event":"26/06/02 14:19:40 INFO Executor: Finished task 8.0 in stage 16.0 (TID 93). 2902 bytes result sent to driver","logger":"airflow.task.hooks.airflow.providers.standard.hooks.subprocess.SubprocessHook","filename":"subprocess.py","lineno":99}
{"timestamp":"2026-06-02T14:19:40.684190Z","level":"info","event":"26/06/02 14:19:40 INFO TaskSetManager: Finished task 6.0 in stage 16.0 (TID 91) in 433 ms on ac0ccb30c6a7 (executor driver) (1/16)","logger":"airflow.task.hooks.airflow.providers.standard.hooks.subprocess.SubprocessHook","filename":"subprocess.py","lineno":99}
{"timestamp":"2026-06-02T14:19:40.684254Z","level":"info","event":"26/06/02 14:19:40 INFO CodecConfig: Compression: SNAPPY","logger":"airflow.task.hooks.airflow.providers.standard.hooks.subprocess.SubprocessHook","filename":"subprocess.py","lineno":99}
{"timestamp":"2026-06-02T14:19:40.684316Z","level":"info","event":"26/06/02 14:19:40 INFO TaskSetManager: Finished task 4.0 in stage 16.0 (TID 89) in 436 ms on ac0ccb30c6a7 (executor driver) (2/16)","logger":"airflow.task.hooks.airflow.providers.standard.hooks.subprocess.SubprocessHook","filename":"subprocess.py","lineno":99}
{"timestamp":"2026-06-02T14:19:40.684378Z","level":"info","event":"26/06/02 14:19:40 INFO TaskSetManager: Finished task 12.0 in stage 16.0 (TID 97) in 435 ms on ac0ccb30c6a7 (executor driver) (3/16)","logger":"airflow.task.hooks.airflow.providers.standard.hooks.subprocess.SubprocessHook","filename":"subprocess.py","lineno":99}
{"timestamp":"2026-06-02T14:19:40.684438Z","level":"info","event":"26/06/02 14:19:40 INFO Executor: Finished task 11.0 in stage 16.0 (TID 96). 2945 bytes result sent to driver","logger":"airflow.task.hooks.airflow.providers.standard.hooks.subprocess.SubprocessHook","filename":"subprocess.py","lineno":99}
{"timestamp":"2026-06-02T14:19:40.684496Z","level":"info","event":"26/06/02 14:19:40 INFO CodecConfig: Compression: SNAPPY","logger":"airflow.task.hooks.airflow.providers.standard.hooks.subprocess.SubprocessHook","filename":"subprocess.py","lineno":99}
{"timestamp":"2026-06-02T14:19:40.684561Z","level":"info","event":"26/06/02 14:19:40 INFO TaskSetManager: Finished task 3.0 in stage 16.0 (TID 88) in 440 ms on ac0ccb30c6a7 (executor driver) (4/16)","logger":"airflow.task.hooks.airflow.providers.standard.hooks.subprocess.SubprocessHook","filename":"subprocess.py","lineno":99}
{"timestamp":"2026-06-02T14:19:40.684675Z","level":"info","event":"26/06/02 14:19:40 INFO TaskSetManager: Finished task 8.0 in stage 16.0 (TID 93) in 439 ms on ac0ccb30c6a7 (executor driver) (5/16)","logger":"airflow.task.hooks.airflow.providers.standard.hooks.subprocess.SubprocessHook","filename":"subprocess.py","lineno":99}
{"timestamp":"2026-06-02T14:19:40.684773Z","level":"info","event":"26/06/02 14:19:40 INFO CodecConfig: Compression: SNAPPY","logger":"airflow.task.hooks.airflow.providers.standard.hooks.subprocess.SubprocessHook","filename":"subprocess.py","lineno":99}
{"timestamp":"2026-06-02T14:19:40.686956Z","level":"info","event":"26/06/02 14:19:40 INFO CodecConfig: Compression: SNAPPY","logger":"airflow.task.hooks.airflow.providers.standard.hooks.subprocess.SubprocessHook","filename":"subprocess.py","lineno":99}
{"timestamp":"2026-06-02T14:19:40.687158Z","level":"info","event":"26/06/02 14:19:40 INFO CodecConfig: Compression: SNAPPY","logger":"airflow.task.hooks.airflow.providers.standard.hooks.subprocess.SubprocessHook","filename":"subprocess.py","lineno":99}
{"timestamp":"2026-06-02T14:19:40.687224Z","level":"info","event":"26/06/02 14:19:40 INFO ParquetOutputFormat: ParquetRecordWriter [block size: 134217728b, row group padding size: 8388608b, validating: false]","logger":"airflow.task.hooks.airflow.providers.standard.hooks.subprocess.SubprocessHook","filename":"subprocess.py","lineno":99}
{"timestamp":"2026-06-02T14:19:40.719600Z","level":"info","event":"26/06/02 14:19:40 INFO ParquetWriteSupport: Initialized Parquet WriteSupport with Catalyst schema:","logger":"airflow.task.hooks.airflow.providers.standard.hooks.subprocess.SubprocessHook","filename":"subprocess.py","lineno":99}
{"timestamp":"2026-06-02T14:19:40.720206Z","level":"info","event":"{","logger":"airflow.task.hooks.airflow.providers.standard.hooks.subprocess.SubprocessHook","filename":"subprocess.py","lineno":99}
{"timestamp":"2026-06-02T14:19:40.725882Z","level":"info","event":"  \"type\" : \"struct\",","logger":"airflow.task.hooks.airflow.providers.standard.hooks.subprocess.SubprocessHook","filename":"subprocess.py","lineno":99}
{"timestamp":"2026-06-02T14:19:40.726280Z","level":"info","event":"  \"fields\" : [ {","logger":"airflow.task.hooks.airflow.providers.standard.hooks.subprocess.SubprocessHook","filename":"subprocess.py","lineno":99}
{"timestamp":"2026-06-02T14:19:40.726405Z","level":"info","event":"    \"name\" : \"forestry_indicator\",","logger":"airflow.task.hooks.airflow.providers.standard.hooks.subprocess.SubprocessHook","filename":"subprocess.py","lineno":99}
{"timestamp":"2026-06-02T14:19:40.726494Z","level":"info","event":"    \"type\" : \"string\",","logger":"airflow.task.hooks.airflow.providers.standard.hooks.subprocess.SubprocessHook","filename":"subprocess.py","lineno":99}
{"timestamp":"2026-06-02T14:19:40.726567Z","level":"info","event":"    \"nullable\" : true,","logger":"airflow.task.hooks.airflow.providers.standard.hooks.subprocess.SubprocessHook","filename":"subprocess.py","lineno":99}
{"timestamp":"2026-06-02T14:19:40.726637Z","level":"info","event":"    \"metadata\" : { }","logger":"airflow.task.hooks.airflow.providers.standard.hooks.subprocess.SubprocessHook","filename":"subprocess.py","lineno":99}
{"timestamp":"2026-06-02T14:19:40.726707Z","level":"info","event":"  }, {","logger":"airflow.task.hooks.airflow.providers.standard.hooks.subprocess.SubprocessHook","filename":"subprocess.py","lineno":99}
{"timestamp":"2026-06-02T14:19:40.726771Z","level":"info","event":"    \"name\" : \"value\",","logger":"airflow.task.hooks.airflow.providers.standard.hooks.subprocess.SubprocessHook","filename":"subprocess.py","lineno":99}
{"timestamp":"2026-06-02T14:19:40.726832Z","level":"info","event":"    \"type\" : \"double\",","logger":"airflow.task.hooks.airflow.providers.standard.hooks.subprocess.SubprocessHook","filename":"subprocess.py","lineno":99}
{"timestamp":"2026-06-02T14:19:40.726979Z","level":"info","event":"    \"nullable\" : true,","logger":"airflow.task.hooks.airflow.providers.standard.hooks.subprocess.SubprocessHook","filename":"subprocess.py","lineno":99}
{"timestamp":"2026-06-02T14:19:40.727062Z","level":"info","event":"    \"metadata\" : { }","logger":"airflow.task.hooks.airflow.providers.standard.hooks.subprocess.SubprocessHook","filename":"subprocess.py","lineno":99}
{"timestamp":"2026-06-02T14:19:40.727130Z","level":"info","event":"  }, {","logger":"airflow.task.hooks.airflow.providers.standard.hooks.subprocess.SubprocessHook","filename":"subprocess.py","lineno":99}
{"timestamp":"2026-06-02T14:19:40.727192Z","level":"info","event":"    \"name\" : \"unit\",","logger":"airflow.task.hooks.airflow.providers.standard.hooks.subprocess.SubprocessHook","filename":"subprocess.py","lineno":99}
{"timestamp":"2026-06-02T14:19:40.727250Z","level":"info","event":"    \"type\" : \"string\",","logger":"airflow.task.hooks.airflow.providers.standard.hooks.subprocess.SubprocessHook","filename":"subprocess.py","lineno":99}
{"timestamp":"2026-06-02T14:19:40.727307Z","level":"info","event":"    \"nullable\" : true,","logger":"airflow.task.hooks.airflow.providers.standard.hooks.subprocess.SubprocessHook","filename":"subprocess.py","lineno":99}
{"timestamp":"2026-06-02T14:19:40.727362Z","level":"info","event":"    \"metadata\" : { }","logger":"airflow.task.hooks.airflow.providers.standard.hooks.subprocess.SubprocessHook","filename":"subprocess.py","lineno":99}
{"timestamp":"2026-06-02T14:19:40.727420Z","level":"info","event":"  }, {","logger":"airflow.task.hooks.airflow.providers.standard.hooks.subprocess.SubprocessHook","filename":"subprocess.py","lineno":99}
{"timestamp":"2026-06-02T14:19:40.727477Z","level":"info","event":"    \"name\" : \"quarter\",","logger":"airflow.task.hooks.airflow.providers.standard.hooks.subprocess.SubprocessHook","filename":"subprocess.py","lineno":99}
{"timestamp":"2026-06-02T14:19:40.727532Z","level":"info","event":"    \"type\" : \"integer\",","logger":"airflow.task.hooks.airflow.providers.standard.hooks.subprocess.SubprocessHook","filename":"subprocess.py","lineno":99}
{"timestamp":"2026-06-02T14:19:40.727592Z","level":"info","event":"    \"nullable\" : true,","logger":"airflow.task.hooks.airflow.providers.standard.hooks.subprocess.SubprocessHook","filename":"subprocess.py","lineno":99}
{"timestamp":"2026-06-02T14:19:40.727653Z","level":"info","event":"    \"metadata\" : { }","logger":"airflow.task.hooks.airflow.providers.standard.hooks.subprocess.SubprocessHook","filename":"subprocess.py","lineno":99}
{"timestamp":"2026-06-02T14:19:40.727710Z","level":"info","event":"  }, {","logger":"airflow.task.hooks.airflow.providers.standard.hooks.subprocess.SubprocessHook","filename":"subprocess.py","lineno":99}
{"timestamp":"2026-06-02T14:19:40.727769Z","level":"info","event":"    \"name\" : \"year\",","logger":"airflow.task.hooks.airflow.providers.standard.hooks.subprocess.SubprocessHook","filename":"subprocess.py","lineno":99}
{"timestamp":"2026-06-02T14:19:40.727832Z","level":"info","event":"    \"type\" : \"integer\",","logger":"airflow.task.hooks.airflow.providers.standard.hooks.subprocess.SubprocessHook","filename":"subprocess.py","lineno":99}
{"timestamp":"2026-06-02T14:19:40.727895Z","level":"info","event":"    \"nullable\" : true,","logger":"airflow.task.hooks.airflow.providers.standard.hooks.subprocess.SubprocessHook","filename":"subprocess.py","lineno":99}
{"timestamp":"2026-06-02T14:19:40.727953Z","level":"info","event":"    \"metadata\" : { }","logger":"airflow.task.hooks.airflow.providers.standard.hooks.subprocess.SubprocessHook","filename":"subprocess.py","lineno":99}
{"timestamp":"2026-06-02T14:19:40.728017Z","level":"info","event":"  }, {","logger":"airflow.task.hooks.airflow.providers.standard.hooks.subprocess.SubprocessHook","filename":"subprocess.py","lineno":99}
{"timestamp":"2026-06-02T14:19:40.728082Z","level":"info","event":"    \"name\" : \"ingest_at\",","logger":"airflow.task.hooks.airflow.providers.standard.hooks.subprocess.SubprocessHook","filename":"subprocess.py","lineno":99}
{"timestamp":"2026-06-02T14:19:40.728142Z","level":"info","event":"    \"type\" : \"timestamp\",","logger":"airflow.task.hooks.airflow.providers.standard.hooks.subprocess.SubprocessHook","filename":"subprocess.py","lineno":99}
{"timestamp":"2026-06-02T14:19:40.728266Z","level":"info","event":"    \"nullable\" : true,","logger":"airflow.task.hooks.airflow.providers.standard.hooks.subprocess.SubprocessHook","filename":"subprocess.py","lineno":99}
{"timestamp":"2026-06-02T14:19:40.728364Z","level":"info","event":"    \"metadata\" : { }","logger":"airflow.task.hooks.airflow.providers.standard.hooks.subprocess.SubprocessHook","filename":"subprocess.py","lineno":99}
{"timestamp":"2026-06-02T14:19:40.728434Z","level":"info","event":"  } ]","logger":"airflow.task.hooks.airflow.providers.standard.hooks.subprocess.SubprocessHook","filename":"subprocess.py","lineno":99}
{"timestamp":"2026-06-02T14:19:40.728496Z","level":"info","event":"}","logger":"airflow.task.hooks.airflow.providers.standard.hooks.subprocess.SubprocessHook","filename":"subprocess.py","lineno":99}
{"timestamp":"2026-06-02T14:19:40.728555Z","level":"info","event":"and corresponding Parquet message type:","logger":"airflow.task.hooks.airflow.providers.standard.hooks.subprocess.SubprocessHook","filename":"subprocess.py","lineno":99}
{"timestamp":"2026-06-02T14:19:40.728614Z","level":"info","event":"message spark_schema {","logger":"airflow.task.hooks.airflow.providers.standard.hooks.subprocess.SubprocessHook","filename":"subprocess.py","lineno":99}
{"timestamp":"2026-06-02T14:19:40.728671Z","level":"info","event":"  optional binary forestry_indicator (STRING);","logger":"airflow.task.hooks.airflow.providers.standard.hooks.subprocess.SubprocessHook","filename":"subprocess.py","lineno":99}
{"timestamp":"2026-06-02T14:19:40.728730Z","level":"info","event":"  optional double value;","logger":"airflow.task.hooks.airflow.providers.standard.hooks.subprocess.SubprocessHook","filename":"subprocess.py","lineno":99}
{"timestamp":"2026-06-02T14:19:40.728787Z","level":"info","event":"  optional binary unit (STRING);","logger":"airflow.task.hooks.airflow.providers.standard.hooks.subprocess.SubprocessHook","filename":"subprocess.py","lineno":99}
{"timestamp":"2026-06-02T14:19:40.728843Z","level":"info","event":"  optional int32 quarter;","logger":"airflow.task.hooks.airflow.providers.standard.hooks.subprocess.SubprocessHook","filename":"subprocess.py","lineno":99}
{"timestamp":"2026-06-02T14:19:40.729033Z","level":"info","event":"  optional int32 year;","logger":"airflow.task.hooks.airflow.providers.standard.hooks.subprocess.SubprocessHook","filename":"subprocess.py","lineno":99}
{"timestamp":"2026-06-02T14:19:40.729116Z","level":"info","event":"  optional int96 ingest_at;","logger":"airflow.task.hooks.airflow.providers.standard.hooks.subprocess.SubprocessHook","filename":"subprocess.py","lineno":99}
{"timestamp":"2026-06-02T14:19:40.729183Z","level":"info","event":"}","logger":"airflow.task.hooks.airflow.providers.standard.hooks.subprocess.SubprocessHook","filename":"subprocess.py","lineno":99}
{"timestamp":"2026-06-02T14:19:40.729246Z","level":"info","event":"","logger":"airflow.task.hooks.airflow.providers.standard.hooks.subprocess.SubprocessHook","filename":"subprocess.py","lineno":99}
{"timestamp":"2026-06-02T14:19:40.729307Z","level":"info","event":"","logger":"airflow.task.hooks.airflow.providers.standard.hooks.subprocess.SubprocessHook","filename":"subprocess.py","lineno":99}
{"timestamp":"2026-06-02T14:19:40.729369Z","level":"info","event":"26/06/02 14:19:40 INFO CodecConfig: Compression: SNAPPY","logger":"airflow.task.hooks.airflow.providers.standard.hooks.subprocess.SubprocessHook","filename":"subprocess.py","lineno":99}
{"timestamp":"2026-06-02T14:19:40.752134Z","level":"info","event":"26/06/02 14:19:40 INFO BlockManagerInfo: Removed broadcast_19_piece0 on ac0ccb30c6a7:35159 in memory (size: 35.0 KiB, free: 434.3 MiB)","logger":"airflow.task.hooks.airflow.providers.standard.hooks.subprocess.SubprocessHook","filename":"subprocess.py","lineno":99}
{"timestamp":"2026-06-02T14:19:40.752369Z","level":"info","event":"26/06/02 14:19:40 INFO Executor: Finished task 14.0 in stage 16.0 (TID 99). 2945 bytes result sent to driver","logger":"airflow.task.hooks.airflow.providers.standard.hooks.subprocess.SubprocessHook","filename":"subprocess.py","lineno":99}
{"timestamp":"2026-06-02T14:19:40.752468Z","level":"info","event":"26/06/02 14:19:40 INFO CodecConfig: Compression: SNAPPY","logger":"airflow.task.hooks.airflow.providers.standard.hooks.subprocess.SubprocessHook","filename":"subprocess.py","lineno":99}
{"timestamp":"2026-06-02T14:19:40.765311Z","level":"info","event":"26/06/02 14:19:40 INFO CodecConfig: Compression: SNAPPY","logger":"airflow.task.hooks.airflow.providers.standard.hooks.subprocess.SubprocessHook","filename":"subprocess.py","lineno":99}
{"timestamp":"2026-06-02T14:19:40.800553Z","level":"info","event":"26/06/02 14:19:40 INFO ParquetOutputFormat: ParquetRecordWriter [block size: 134217728b, row group padding size: 8388608b, validating: false]","logger":"airflow.task.hooks.airflow.providers.standard.hooks.subprocess.SubprocessHook","filename":"subprocess.py","lineno":99}
{"timestamp":"2026-06-02T14:19:40.801235Z","level":"info","event":"26/06/02 14:19:40 INFO ParquetOutputFormat: ParquetRecordWriter [block size: 134217728b, row group padding size: 8388608b, validating: false]","logger":"airflow.task.hooks.airflow.providers.standard.hooks.subprocess.SubprocessHook","filename":"subprocess.py","lineno":99}
{"timestamp":"2026-06-02T14:19:40.801423Z","level":"info","event":"26/06/02 14:19:40 INFO ParquetWriteSupport: Initialized Parquet WriteSupport with Catalyst schema:","logger":"airflow.task.hooks.airflow.providers.standard.hooks.subprocess.SubprocessHook","filename":"subprocess.py","lineno":99}
{"timestamp":"2026-06-02T14:19:40.801541Z","level":"info","event":"{","logger":"airflow.task.hooks.airflow.providers.standard.hooks.subprocess.SubprocessHook","filename":"subprocess.py","lineno":99}
{"timestamp":"2026-06-02T14:19:40.801761Z","level":"info","event":"  \"type\" : \"struct\",","logger":"airflow.task.hooks.airflow.providers.standard.hooks.subprocess.SubprocessHook","filename":"subprocess.py","lineno":99}
{"timestamp":"2026-06-02T14:19:40.801862Z","level":"info","event":"  \"fields\" : [ {","logger":"airflow.task.hooks.airflow.providers.standard.hooks.subprocess.SubprocessHook","filename":"subprocess.py","lineno":99}
{"timestamp":"2026-06-02T14:19:40.801929Z","level":"info","event":"    \"name\" : \"forestry_indicator\",","logger":"airflow.task.hooks.airflow.providers.standard.hooks.subprocess.SubprocessHook","filename":"subprocess.py","lineno":99}
{"timestamp":"2026-06-02T14:19:40.802109Z","level":"info","event":"    \"type\" : \"string\",","logger":"airflow.task.hooks.airflow.providers.standard.hooks.subprocess.SubprocessHook","filename":"subprocess.py","lineno":99}
{"timestamp":"2026-06-02T14:19:40.802297Z","level":"info","event":"    \"nullable\" : true,","logger":"airflow.task.hooks.airflow.providers.standard.hooks.subprocess.SubprocessHook","filename":"subprocess.py","lineno":99}
{"timestamp":"2026-06-02T14:19:40.802373Z","level":"info","event":"    \"metadata\" : { }","logger":"airflow.task.hooks.airflow.providers.standard.hooks.subprocess.SubprocessHook","filename":"subprocess.py","lineno":99}
{"timestamp":"2026-06-02T14:19:40.802418Z","level":"info","event":"  }, {","logger":"airflow.task.hooks.airflow.providers.standard.hooks.subprocess.SubprocessHook","filename":"subprocess.py","lineno":99}
{"timestamp":"2026-06-02T14:19:40.802453Z","level":"info","event":"    \"name\" : \"value\",","logger":"airflow.task.hooks.airflow.providers.standard.hooks.subprocess.SubprocessHook","filename":"subprocess.py","lineno":99}
{"timestamp":"2026-06-02T14:19:40.802489Z","level":"info","event":"    \"type\" : \"double\",","logger":"airflow.task.hooks.airflow.providers.standard.hooks.subprocess.SubprocessHook","filename":"subprocess.py","lineno":99}
{"timestamp":"2026-06-02T14:19:40.802525Z","level":"info","event":"    \"nullable\" : true,","logger":"airflow.task.hooks.airflow.providers.standard.hooks.subprocess.SubprocessHook","filename":"subprocess.py","lineno":99}
{"timestamp":"2026-06-02T14:19:40.802580Z","level":"info","event":"    \"metadata\" : { }","logger":"airflow.task.hooks.airflow.providers.standard.hooks.subprocess.SubprocessHook","filename":"subprocess.py","lineno":99}
{"timestamp":"2026-06-02T14:19:40.802622Z","level":"info","event":"  }, {","logger":"airflow.task.hooks.airflow.providers.standard.hooks.subprocess.SubprocessHook","filename":"subprocess.py","lineno":99}
{"timestamp":"2026-06-02T14:19:40.802660Z","level":"info","event":"    \"name\" : \"unit\",","logger":"airflow.task.hooks.airflow.providers.standard.hooks.subprocess.SubprocessHook","filename":"subprocess.py","lineno":99}
{"timestamp":"2026-06-02T14:19:40.802722Z","level":"info","event":"    \"type\" : \"string\",","logger":"airflow.task.hooks.airflow.providers.standard.hooks.subprocess.SubprocessHook","filename":"subprocess.py","lineno":99}
{"timestamp":"2026-06-02T14:19:40.802770Z","level":"info","event":"    \"nullable\" : true,","logger":"airflow.task.hooks.airflow.providers.standard.hooks.subprocess.SubprocessHook","filename":"subprocess.py","lineno":99}
{"timestamp":"2026-06-02T14:19:40.802815Z","level":"info","event":"    \"metadata\" : { }","logger":"airflow.task.hooks.airflow.providers.standard.hooks.subprocess.SubprocessHook","filename":"subprocess.py","lineno":99}
{"timestamp":"2026-06-02T14:19:40.802857Z","level":"info","event":"  }, {","logger":"airflow.task.hooks.airflow.providers.standard.hooks.subprocess.SubprocessHook","filename":"subprocess.py","lineno":99}
{"timestamp":"2026-06-02T14:19:40.802903Z","level":"info","event":"    \"name\" : \"quarter\",","logger":"airflow.task.hooks.airflow.providers.standard.hooks.subprocess.SubprocessHook","filename":"subprocess.py","lineno":99}
{"timestamp":"2026-06-02T14:19:40.802952Z","level":"info","event":"    \"type\" : \"integer\",","logger":"airflow.task.hooks.airflow.providers.standard.hooks.subprocess.SubprocessHook","filename":"subprocess.py","lineno":99}
{"timestamp":"2026-06-02T14:19:40.802998Z","level":"info","event":"    \"nullable\" : true,","logger":"airflow.task.hooks.airflow.providers.standard.hooks.subprocess.SubprocessHook","filename":"subprocess.py","lineno":99}
{"timestamp":"2026-06-02T14:19:40.803081Z","level":"info","event":"    \"metadata\" : { }","logger":"airflow.task.hooks.airflow.providers.standard.hooks.subprocess.SubprocessHook","filename":"subprocess.py","lineno":99}
{"timestamp":"2026-06-02T14:19:40.803174Z","level":"info","event":"  }, {","logger":"airflow.task.hooks.airflow.providers.standard.hooks.subprocess.SubprocessHook","filename":"subprocess.py","lineno":99}
{"timestamp":"2026-06-02T14:19:40.803614Z","level":"info","event":"    \"name\" : \"year\",","logger":"airflow.task.hooks.airflow.providers.standard.hooks.subprocess.SubprocessHook","filename":"subprocess.py","lineno":99}
{"timestamp":"2026-06-02T14:19:40.806587Z","level":"info","event":"    \"type\" : \"integer\",","logger":"airflow.task.hooks.airflow.providers.standard.hooks.subprocess.SubprocessHook","filename":"subprocess.py","lineno":99}
{"timestamp":"2026-06-02T14:19:40.808339Z","level":"info","event":"    \"nullable\" : true,","logger":"airflow.task.hooks.airflow.providers.standard.hooks.subprocess.SubprocessHook","filename":"subprocess.py","lineno":99}
{"timestamp":"2026-06-02T14:19:40.809375Z","level":"info","event":"    \"metadata\" : { }","logger":"airflow.task.hooks.airflow.providers.standard.hooks.subprocess.SubprocessHook","filename":"subprocess.py","lineno":99}
{"timestamp":"2026-06-02T14:19:40.809689Z","level":"info","event":"  }, {","logger":"airflow.task.hooks.airflow.providers.standard.hooks.subprocess.SubprocessHook","filename":"subprocess.py","lineno":99}
{"timestamp":"2026-06-02T14:19:40.809826Z","level":"info","event":"    \"name\" : \"ingest_at\",","logger":"airflow.task.hooks.airflow.providers.standard.hooks.subprocess.SubprocessHook","filename":"subprocess.py","lineno":99}
{"timestamp":"2026-06-02T14:19:40.809915Z","level":"info","event":"    \"type\" : \"timestamp\",","logger":"airflow.task.hooks.airflow.providers.standard.hooks.subprocess.SubprocessHook","filename":"subprocess.py","lineno":99}
{"timestamp":"2026-06-02T14:19:40.809987Z","level":"info","event":"    \"nullable\" : true,","logger":"airflow.task.hooks.airflow.providers.standard.hooks.subprocess.SubprocessHook","filename":"subprocess.py","lineno":99}
{"timestamp":"2026-06-02T14:19:40.810062Z","level":"info","event":"    \"metadata\" : { }","logger":"airflow.task.hooks.airflow.providers.standard.hooks.subprocess.SubprocessHook","filename":"subprocess.py","lineno":99}
{"timestamp":"2026-06-02T14:19:40.810131Z","level":"info","event":"  } ]","logger":"airflow.task.hooks.airflow.providers.standard.hooks.subprocess.SubprocessHook","filename":"subprocess.py","lineno":99}
{"timestamp":"2026-06-02T14:19:40.810194Z","level":"info","event":"}","logger":"airflow.task.hooks.airflow.providers.standard.hooks.subprocess.SubprocessHook","filename":"subprocess.py","lineno":99}
{"timestamp":"2026-06-02T14:19:40.810322Z","level":"info","event":"and corresponding Parquet message type:","logger":"airflow.task.hooks.airflow.providers.standard.hooks.subprocess.SubprocessHook","filename":"subprocess.py","lineno":99}
{"timestamp":"2026-06-02T14:19:40.810468Z","level":"info","event":"message spark_schema {","logger":"airflow.task.hooks.airflow.providers.standard.hooks.subprocess.SubprocessHook","filename":"subprocess.py","lineno":99}
{"timestamp":"2026-06-02T14:19:40.810553Z","level":"info","event":"  optional binary forestry_indicator (STRING);","logger":"airflow.task.hooks.airflow.providers.standard.hooks.subprocess.SubprocessHook","filename":"subprocess.py","lineno":99}
{"timestamp":"2026-06-02T14:19:40.810619Z","level":"info","event":"  optional double value;","logger":"airflow.task.hooks.airflow.providers.standard.hooks.subprocess.SubprocessHook","filename":"subprocess.py","lineno":99}
{"timestamp":"2026-06-02T14:19:40.810680Z","level":"info","event":"  optional binary unit (STRING);","logger":"airflow.task.hooks.airflow.providers.standard.hooks.subprocess.SubprocessHook","filename":"subprocess.py","lineno":99}
{"timestamp":"2026-06-02T14:19:40.810740Z","level":"info","event":"  optional int32 quarter;","logger":"airflow.task.hooks.airflow.providers.standard.hooks.subprocess.SubprocessHook","filename":"subprocess.py","lineno":99}
{"timestamp":"2026-06-02T14:19:40.810809Z","level":"info","event":"  optional int32 year;","logger":"airflow.task.hooks.airflow.providers.standard.hooks.subprocess.SubprocessHook","filename":"subprocess.py","lineno":99}
{"timestamp":"2026-06-02T14:19:40.810873Z","level":"info","event":"  optional int96 ingest_at;","logger":"airflow.task.hooks.airflow.providers.standard.hooks.subprocess.SubprocessHook","filename":"subprocess.py","lineno":99}
{"timestamp":"2026-06-02T14:19:40.810937Z","level":"info","event":"}","logger":"airflow.task.hooks.airflow.providers.standard.hooks.subprocess.SubprocessHook","filename":"subprocess.py","lineno":99}
{"timestamp":"2026-06-02T14:19:40.811018Z","level":"info","event":"","logger":"airflow.task.hooks.airflow.providers.standard.hooks.subprocess.SubprocessHook","filename":"subprocess.py","lineno":99}
{"timestamp":"2026-06-02T14:19:40.811086Z","level":"info","event":"","logger":"airflow.task.hooks.airflow.providers.standard.hooks.subprocess.SubprocessHook","filename":"subprocess.py","lineno":99}
{"timestamp":"2026-06-02T14:19:40.811149Z","level":"info","event":"26/06/02 14:19:40 INFO Executor: Finished task 1.0 in stage 16.0 (TID 86). 2902 bytes result sent to driver","logger":"airflow.task.hooks.airflow.providers.standard.hooks.subprocess.SubprocessHook","filename":"subprocess.py","lineno":99}
{"timestamp":"2026-06-02T14:19:40.818137Z","level":"info","event":"26/06/02 14:19:40 INFO ParquetWriteSupport: Initialized Parquet WriteSupport with Catalyst schema:","logger":"airflow.task.hooks.airflow.providers.standard.hooks.subprocess.SubprocessHook","filename":"subprocess.py","lineno":99}
{"timestamp":"2026-06-02T14:19:40.818728Z","level":"info","event":"{","logger":"airflow.task.hooks.airflow.providers.standard.hooks.subprocess.SubprocessHook","filename":"subprocess.py","lineno":99}
{"timestamp":"2026-06-02T14:19:40.819236Z","level":"info","event":"  \"type\" : \"struct\",","logger":"airflow.task.hooks.airflow.providers.standard.hooks.subprocess.SubprocessHook","filename":"subprocess.py","lineno":99}
{"timestamp":"2026-06-02T14:19:40.819476Z","level":"info","event":"  \"fields\" : [ {","logger":"airflow.task.hooks.airflow.providers.standard.hooks.subprocess.SubprocessHook","filename":"subprocess.py","lineno":99}
{"timestamp":"2026-06-02T14:19:40.819573Z","level":"info","event":"    \"name\" : \"forestry_indicator\",","logger":"airflow.task.hooks.airflow.providers.standard.hooks.subprocess.SubprocessHook","filename":"subprocess.py","lineno":99}
{"timestamp":"2026-06-02T14:19:40.819708Z","level":"info","event":"    \"type\" : \"string\",","logger":"airflow.task.hooks.airflow.providers.standard.hooks.subprocess.SubprocessHook","filename":"subprocess.py","lineno":99}
{"timestamp":"2026-06-02T14:19:40.819813Z","level":"info","event":"    \"nullable\" : true,","logger":"airflow.task.hooks.airflow.providers.standard.hooks.subprocess.SubprocessHook","filename":"subprocess.py","lineno":99}
{"timestamp":"2026-06-02T14:19:40.819865Z","level":"info","event":"    \"metadata\" : { }","logger":"airflow.task.hooks.airflow.providers.standard.hooks.subprocess.SubprocessHook","filename":"subprocess.py","lineno":99}
{"timestamp":"2026-06-02T14:19:40.819958Z","level":"info","event":"  }, {","logger":"airflow.task.hooks.airflow.providers.standard.hooks.subprocess.SubprocessHook","filename":"subprocess.py","lineno":99}
{"timestamp":"2026-06-02T14:19:40.820013Z","level":"info","event":"    \"name\" : \"value\",","logger":"airflow.task.hooks.airflow.providers.standard.hooks.subprocess.SubprocessHook","filename":"subprocess.py","lineno":99}
{"timestamp":"2026-06-02T14:19:40.820053Z","level":"info","event":"    \"type\" : \"double\",","logger":"airflow.task.hooks.airflow.providers.standard.hooks.subprocess.SubprocessHook","filename":"subprocess.py","lineno":99}
{"timestamp":"2026-06-02T14:19:40.820091Z","level":"info","event":"    \"nullable\" : true,","logger":"airflow.task.hooks.airflow.providers.standard.hooks.subprocess.SubprocessHook","filename":"subprocess.py","lineno":99}
{"timestamp":"2026-06-02T14:19:40.820125Z","level":"info","event":"    \"metadata\" : { }","logger":"airflow.task.hooks.airflow.providers.standard.hooks.subprocess.SubprocessHook","filename":"subprocess.py","lineno":99}
{"timestamp":"2026-06-02T14:19:40.820149Z","level":"info","event":"  }, {","logger":"airflow.task.hooks.airflow.providers.standard.hooks.subprocess.SubprocessHook","filename":"subprocess.py","lineno":99}
{"timestamp":"2026-06-02T14:19:40.820172Z","level":"info","event":"    \"name\" : \"unit\",","logger":"airflow.task.hooks.airflow.providers.standard.hooks.subprocess.SubprocessHook","filename":"subprocess.py","lineno":99}
{"timestamp":"2026-06-02T14:19:40.820193Z","level":"info","event":"    \"type\" : \"string\",","logger":"airflow.task.hooks.airflow.providers.standard.hooks.subprocess.SubprocessHook","filename":"subprocess.py","lineno":99}
{"timestamp":"2026-06-02T14:19:40.820213Z","level":"info","event":"    \"nullable\" : true,","logger":"airflow.task.hooks.airflow.providers.standard.hooks.subprocess.SubprocessHook","filename":"subprocess.py","lineno":99}
{"timestamp":"2026-06-02T14:19:40.820239Z","level":"info","event":"    \"metadata\" : { }","logger":"airflow.task.hooks.airflow.providers.standard.hooks.subprocess.SubprocessHook","filename":"subprocess.py","lineno":99}
{"timestamp":"2026-06-02T14:19:40.820279Z","level":"info","event":"  }, {","logger":"airflow.task.hooks.airflow.providers.standard.hooks.subprocess.SubprocessHook","filename":"subprocess.py","lineno":99}
{"timestamp":"2026-06-02T14:19:40.820314Z","level":"info","event":"    \"name\" : \"quarter\",","logger":"airflow.task.hooks.airflow.providers.standard.hooks.subprocess.SubprocessHook","filename":"subprocess.py","lineno":99}
{"timestamp":"2026-06-02T14:19:40.820343Z","level":"info","event":"    \"type\" : \"integer\",","logger":"airflow.task.hooks.airflow.providers.standard.hooks.subprocess.SubprocessHook","filename":"subprocess.py","lineno":99}
{"timestamp":"2026-06-02T14:19:40.820377Z","level":"info","event":"    \"nullable\" : true,","logger":"airflow.task.hooks.airflow.providers.standard.hooks.subprocess.SubprocessHook","filename":"subprocess.py","lineno":99}
{"timestamp":"2026-06-02T14:19:40.820401Z","level":"info","event":"    \"metadata\" : { }","logger":"airflow.task.hooks.airflow.providers.standard.hooks.subprocess.SubprocessHook","filename":"subprocess.py","lineno":99}
{"timestamp":"2026-06-02T14:19:40.820424Z","level":"info","event":"  }, {","logger":"airflow.task.hooks.airflow.providers.standard.hooks.subprocess.SubprocessHook","filename":"subprocess.py","lineno":99}
{"timestamp":"2026-06-02T14:19:40.820444Z","level":"info","event":"    \"name\" : \"year\",","logger":"airflow.task.hooks.airflow.providers.standard.hooks.subprocess.SubprocessHook","filename":"subprocess.py","lineno":99}
{"timestamp":"2026-06-02T14:19:40.820468Z","level":"info","event":"    \"type\" : \"integer\",","logger":"airflow.task.hooks.airflow.providers.standard.hooks.subprocess.SubprocessHook","filename":"subprocess.py","lineno":99}
{"timestamp":"2026-06-02T14:19:40.820491Z","level":"info","event":"    \"nullable\" : true,","logger":"airflow.task.hooks.airflow.providers.standard.hooks.subprocess.SubprocessHook","filename":"subprocess.py","lineno":99}
{"timestamp":"2026-06-02T14:19:40.820528Z","level":"info","event":"    \"metadata\" : { }","logger":"airflow.task.hooks.airflow.providers.standard.hooks.subprocess.SubprocessHook","filename":"subprocess.py","lineno":99}
{"timestamp":"2026-06-02T14:19:40.820555Z","level":"info","event":"  }, {","logger":"airflow.task.hooks.airflow.providers.standard.hooks.subprocess.SubprocessHook","filename":"subprocess.py","lineno":99}
{"timestamp":"2026-06-02T14:19:40.820581Z","level":"info","event":"    \"name\" : \"ingest_at\",","logger":"airflow.task.hooks.airflow.providers.standard.hooks.subprocess.SubprocessHook","filename":"subprocess.py","lineno":99}
{"timestamp":"2026-06-02T14:19:40.820619Z","level":"info","event":"    \"type\" : \"timestamp\",","logger":"airflow.task.hooks.airflow.providers.standard.hooks.subprocess.SubprocessHook","filename":"subprocess.py","lineno":99}
{"timestamp":"2026-06-02T14:19:40.820647Z","level":"info","event":"    \"nullable\" : true,","logger":"airflow.task.hooks.airflow.providers.standard.hooks.subprocess.SubprocessHook","filename":"subprocess.py","lineno":99}
{"timestamp":"2026-06-02T14:19:40.820669Z","level":"info","event":"    \"metadata\" : { }","logger":"airflow.task.hooks.airflow.providers.standard.hooks.subprocess.SubprocessHook","filename":"subprocess.py","lineno":99}
{"timestamp":"2026-06-02T14:19:40.820690Z","level":"info","event":"  } ]","logger":"airflow.task.hooks.airflow.providers.standard.hooks.subprocess.SubprocessHook","filename":"subprocess.py","lineno":99}
{"timestamp":"2026-06-02T14:19:40.820710Z","level":"info","event":"}","logger":"airflow.task.hooks.airflow.providers.standard.hooks.subprocess.SubprocessHook","filename":"subprocess.py","lineno":99}
{"timestamp":"2026-06-02T14:19:40.820737Z","level":"info","event":"and corresponding Parquet message type:","logger":"airflow.task.hooks.airflow.providers.standard.hooks.subprocess.SubprocessHook","filename":"subprocess.py","lineno":99}
{"timestamp":"2026-06-02T14:19:40.820767Z","level":"info","event":"message spark_schema {","logger":"airflow.task.hooks.airflow.providers.standard.hooks.subprocess.SubprocessHook","filename":"subprocess.py","lineno":99}
{"timestamp":"2026-06-02T14:19:40.820792Z","level":"info","event":"  optional binary forestry_indicator (STRING);","logger":"airflow.task.hooks.airflow.providers.standard.hooks.subprocess.SubprocessHook","filename":"subprocess.py","lineno":99}
{"timestamp":"2026-06-02T14:19:40.820816Z","level":"info","event":"  optional double value;","logger":"airflow.task.hooks.airflow.providers.standard.hooks.subprocess.SubprocessHook","filename":"subprocess.py","lineno":99}
{"timestamp":"2026-06-02T14:19:40.821166Z","level":"info","event":"  optional binary unit (STRING);","logger":"airflow.task.hooks.airflow.providers.standard.hooks.subprocess.SubprocessHook","filename":"subprocess.py","lineno":99}
{"timestamp":"2026-06-02T14:19:40.821637Z","level":"info","event":"  optional int32 quarter;","logger":"airflow.task.hooks.airflow.providers.standard.hooks.subprocess.SubprocessHook","filename":"subprocess.py","lineno":99}
{"timestamp":"2026-06-02T14:19:40.821828Z","level":"info","event":"  optional int32 year;","logger":"airflow.task.hooks.airflow.providers.standard.hooks.subprocess.SubprocessHook","filename":"subprocess.py","lineno":99}
{"timestamp":"2026-06-02T14:19:40.821919Z","level":"info","event":"  optional int96 ingest_at;","logger":"airflow.task.hooks.airflow.providers.standard.hooks.subprocess.SubprocessHook","filename":"subprocess.py","lineno":99}
{"timestamp":"2026-06-02T14:19:40.822000Z","level":"info","event":"}","logger":"airflow.task.hooks.airflow.providers.standard.hooks.subprocess.SubprocessHook","filename":"subprocess.py","lineno":99}
{"timestamp":"2026-06-02T14:19:40.822340Z","level":"info","event":"","logger":"airflow.task.hooks.airflow.providers.standard.hooks.subprocess.SubprocessHook","filename":"subprocess.py","lineno":99}
{"timestamp":"2026-06-02T14:19:40.826899Z","level":"info","event":"","logger":"airflow.task.hooks.airflow.providers.standard.hooks.subprocess.SubprocessHook","filename":"subprocess.py","lineno":99}
{"timestamp":"2026-06-02T14:19:40.828309Z","level":"info","event":"26/06/02 14:19:40 INFO ParquetOutputFormat: ParquetRecordWriter [block size: 134217728b, row group padding size: 8388608b, validating: false]","logger":"airflow.task.hooks.airflow.providers.standard.hooks.subprocess.SubprocessHook","filename":"subprocess.py","lineno":99}
{"timestamp":"2026-06-02T14:19:40.828781Z","level":"info","event":"26/06/02 14:19:40 INFO CodecConfig: Compression: SNAPPY","logger":"airflow.task.hooks.airflow.providers.standard.hooks.subprocess.SubprocessHook","filename":"subprocess.py","lineno":99}
{"timestamp":"2026-06-02T14:19:40.828903Z","level":"info","event":"26/06/02 14:19:40 INFO TaskSetManager: Finished task 11.0 in stage 16.0 (TID 96) in 574 ms on ac0ccb30c6a7 (executor driver) (6/16)","logger":"airflow.task.hooks.airflow.providers.standard.hooks.subprocess.SubprocessHook","filename":"subprocess.py","lineno":99}
{"timestamp":"2026-06-02T14:19:40.829028Z","level":"info","event":"26/06/02 14:19:40 INFO TaskSetManager: Finished task 14.0 in stage 16.0 (TID 99) in 574 ms on ac0ccb30c6a7 (executor driver) (7/16)","logger":"airflow.task.hooks.airflow.providers.standard.hooks.subprocess.SubprocessHook","filename":"subprocess.py","lineno":99}
{"timestamp":"2026-06-02T14:19:40.829100Z","level":"info","event":"26/06/02 14:19:40 INFO ParquetWriteSupport: Initialized Parquet WriteSupport with Catalyst schema:","logger":"airflow.task.hooks.airflow.providers.standard.hooks.subprocess.SubprocessHook","filename":"subprocess.py","lineno":99}
{"timestamp":"2026-06-02T14:19:40.829166Z","level":"info","event":"{","logger":"airflow.task.hooks.airflow.providers.standard.hooks.subprocess.SubprocessHook","filename":"subprocess.py","lineno":99}
{"timestamp":"2026-06-02T14:19:40.829228Z","level":"info","event":"  \"type\" : \"struct\",","logger":"airflow.task.hooks.airflow.providers.standard.hooks.subprocess.SubprocessHook","filename":"subprocess.py","lineno":99}
{"timestamp":"2026-06-02T14:19:40.829353Z","level":"info","event":"  \"fields\" : [ {","logger":"airflow.task.hooks.airflow.providers.standard.hooks.subprocess.SubprocessHook","filename":"subprocess.py","lineno":99}
{"timestamp":"2026-06-02T14:19:40.829445Z","level":"info","event":"    \"name\" : \"forestry_indicator\",","logger":"airflow.task.hooks.airflow.providers.standard.hooks.subprocess.SubprocessHook","filename":"subprocess.py","lineno":99}
{"timestamp":"2026-06-02T14:19:40.829520Z","level":"info","event":"    \"type\" : \"string\",","logger":"airflow.task.hooks.airflow.providers.standard.hooks.subprocess.SubprocessHook","filename":"subprocess.py","lineno":99}
{"timestamp":"2026-06-02T14:19:40.829588Z","level":"info","event":"    \"nullable\" : true,","logger":"airflow.task.hooks.airflow.providers.standard.hooks.subprocess.SubprocessHook","filename":"subprocess.py","lineno":99}
{"timestamp":"2026-06-02T14:19:40.829660Z","level":"info","event":"    \"metadata\" : { }","logger":"airflow.task.hooks.airflow.providers.standard.hooks.subprocess.SubprocessHook","filename":"subprocess.py","lineno":99}
{"timestamp":"2026-06-02T14:19:40.829727Z","level":"info","event":"  }, {","logger":"airflow.task.hooks.airflow.providers.standard.hooks.subprocess.SubprocessHook","filename":"subprocess.py","lineno":99}
{"timestamp":"2026-06-02T14:19:40.829788Z","level":"info","event":"    \"name\" : \"value\",","logger":"airflow.task.hooks.airflow.providers.standard.hooks.subprocess.SubprocessHook","filename":"subprocess.py","lineno":99}
{"timestamp":"2026-06-02T14:19:40.829853Z","level":"info","event":"    \"type\" : \"double\",","logger":"airflow.task.hooks.airflow.providers.standard.hooks.subprocess.SubprocessHook","filename":"subprocess.py","lineno":99}
{"timestamp":"2026-06-02T14:19:40.829914Z","level":"info","event":"    \"nullable\" : true,","logger":"airflow.task.hooks.airflow.providers.standard.hooks.subprocess.SubprocessHook","filename":"subprocess.py","lineno":99}
{"timestamp":"2026-06-02T14:19:40.830588Z","level":"info","event":"    \"metadata\" : { }","logger":"airflow.task.hooks.airflow.providers.standard.hooks.subprocess.SubprocessHook","filename":"subprocess.py","lineno":99}
{"timestamp":"2026-06-02T14:19:40.831143Z","level":"info","event":"  }, {","logger":"airflow.task.hooks.airflow.providers.standard.hooks.subprocess.SubprocessHook","filename":"subprocess.py","lineno":99}
{"timestamp":"2026-06-02T14:19:40.831448Z","level":"info","event":"    \"name\" : \"unit\",","logger":"airflow.task.hooks.airflow.providers.standard.hooks.subprocess.SubprocessHook","filename":"subprocess.py","lineno":99}
{"timestamp":"2026-06-02T14:19:40.831642Z","level":"info","event":"    \"type\" : \"string\",","logger":"airflow.task.hooks.airflow.providers.standard.hooks.subprocess.SubprocessHook","filename":"subprocess.py","lineno":99}
{"timestamp":"2026-06-02T14:19:40.831761Z","level":"info","event":"    \"nullable\" : true,","logger":"airflow.task.hooks.airflow.providers.standard.hooks.subprocess.SubprocessHook","filename":"subprocess.py","lineno":99}
{"timestamp":"2026-06-02T14:19:40.831844Z","level":"info","event":"    \"metadata\" : { }","logger":"airflow.task.hooks.airflow.providers.standard.hooks.subprocess.SubprocessHook","filename":"subprocess.py","lineno":99}
{"timestamp":"2026-06-02T14:19:40.831930Z","level":"info","event":"  }, {","logger":"airflow.task.hooks.airflow.providers.standard.hooks.subprocess.SubprocessHook","filename":"subprocess.py","lineno":99}
{"timestamp":"2026-06-02T14:19:40.832002Z","level":"info","event":"    \"name\" : \"quarter\",","logger":"airflow.task.hooks.airflow.providers.standard.hooks.subprocess.SubprocessHook","filename":"subprocess.py","lineno":99}
{"timestamp":"2026-06-02T14:19:40.832077Z","level":"info","event":"    \"type\" : \"integer\",","logger":"airflow.task.hooks.airflow.providers.standard.hooks.subprocess.SubprocessHook","filename":"subprocess.py","lineno":99}
{"timestamp":"2026-06-02T14:19:40.832147Z","level":"info","event":"    \"nullable\" : true,","logger":"airflow.task.hooks.airflow.providers.standard.hooks.subprocess.SubprocessHook","filename":"subprocess.py","lineno":99}
{"timestamp":"2026-06-02T14:19:40.832234Z","level":"info","event":"    \"metadata\" : { }","logger":"airflow.task.hooks.airflow.providers.standard.hooks.subprocess.SubprocessHook","filename":"subprocess.py","lineno":99}
{"timestamp":"2026-06-02T14:19:40.832309Z","level":"info","event":"  }, {","logger":"airflow.task.hooks.airflow.providers.standard.hooks.subprocess.SubprocessHook","filename":"subprocess.py","lineno":99}
{"timestamp":"2026-06-02T14:19:40.832383Z","level":"info","event":"    \"name\" : \"year\",","logger":"airflow.task.hooks.airflow.providers.standard.hooks.subprocess.SubprocessHook","filename":"subprocess.py","lineno":99}
{"timestamp":"2026-06-02T14:19:40.832470Z","level":"info","event":"    \"type\" : \"integer\",","logger":"airflow.task.hooks.airflow.providers.standard.hooks.subprocess.SubprocessHook","filename":"subprocess.py","lineno":99}
{"timestamp":"2026-06-02T14:19:40.832558Z","level":"info","event":"    \"nullable\" : true,","logger":"airflow.task.hooks.airflow.providers.standard.hooks.subprocess.SubprocessHook","filename":"subprocess.py","lineno":99}
{"timestamp":"2026-06-02T14:19:40.832654Z","level":"info","event":"    \"metadata\" : { }","logger":"airflow.task.hooks.airflow.providers.standard.hooks.subprocess.SubprocessHook","filename":"subprocess.py","lineno":99}
{"timestamp":"2026-06-02T14:19:40.832762Z","level":"info","event":"  }, {","logger":"airflow.task.hooks.airflow.providers.standard.hooks.subprocess.SubprocessHook","filename":"subprocess.py","lineno":99}
{"timestamp":"2026-06-02T14:19:40.832862Z","level":"info","event":"    \"name\" : \"ingest_at\",","logger":"airflow.task.hooks.airflow.providers.standard.hooks.subprocess.SubprocessHook","filename":"subprocess.py","lineno":99}
{"timestamp":"2026-06-02T14:19:40.833079Z","level":"info","event":"    \"type\" : \"timestamp\",","logger":"airflow.task.hooks.airflow.providers.standard.hooks.subprocess.SubprocessHook","filename":"subprocess.py","lineno":99}
{"timestamp":"2026-06-02T14:19:40.833223Z","level":"info","event":"    \"nullable\" : true,","logger":"airflow.task.hooks.airflow.providers.standard.hooks.subprocess.SubprocessHook","filename":"subprocess.py","lineno":99}
{"timestamp":"2026-06-02T14:19:40.833289Z","level":"info","event":"    \"metadata\" : { }","logger":"airflow.task.hooks.airflow.providers.standard.hooks.subprocess.SubprocessHook","filename":"subprocess.py","lineno":99}
{"timestamp":"2026-06-02T14:19:40.833415Z","level":"info","event":"  } ]","logger":"airflow.task.hooks.airflow.providers.standard.hooks.subprocess.SubprocessHook","filename":"subprocess.py","lineno":99}
{"timestamp":"2026-06-02T14:19:40.833525Z","level":"info","event":"}","logger":"airflow.task.hooks.airflow.providers.standard.hooks.subprocess.SubprocessHook","filename":"subprocess.py","lineno":99}
{"timestamp":"2026-06-02T14:19:41.047223Z","level":"info","event":"and corresponding Parquet message type:","logger":"airflow.task.hooks.airflow.providers.standard.hooks.subprocess.SubprocessHook","filename":"subprocess.py","lineno":99}
{"timestamp":"2026-06-02T14:19:41.047856Z","level":"info","event":"message spark_schema {","logger":"airflow.task.hooks.airflow.providers.standard.hooks.subprocess.SubprocessHook","filename":"subprocess.py","lineno":99}
{"timestamp":"2026-06-02T14:19:41.047990Z","level":"info","event":"  optional binary forestry_indicator (STRING);","logger":"airflow.task.hooks.airflow.providers.standard.hooks.subprocess.SubprocessHook","filename":"subprocess.py","lineno":99}
{"timestamp":"2026-06-02T14:19:41.048092Z","level":"info","event":"  optional double value;","logger":"airflow.task.hooks.airflow.providers.standard.hooks.subprocess.SubprocessHook","filename":"subprocess.py","lineno":99}
{"timestamp":"2026-06-02T14:19:41.048474Z","level":"info","event":"  optional binary unit (STRING);","logger":"airflow.task.hooks.airflow.providers.standard.hooks.subprocess.SubprocessHook","filename":"subprocess.py","lineno":99}
{"timestamp":"2026-06-02T14:19:41.048883Z","level":"info","event":"  optional int32 quarter;","logger":"airflow.task.hooks.airflow.providers.standard.hooks.subprocess.SubprocessHook","filename":"subprocess.py","lineno":99}
{"timestamp":"2026-06-02T14:19:41.049473Z","level":"info","event":"  optional int32 year;","logger":"airflow.task.hooks.airflow.providers.standard.hooks.subprocess.SubprocessHook","filename":"subprocess.py","lineno":99}
{"timestamp":"2026-06-02T14:19:41.049623Z","level":"info","event":"  optional int96 ingest_at;","logger":"airflow.task.hooks.airflow.providers.standard.hooks.subprocess.SubprocessHook","filename":"subprocess.py","lineno":99}
{"timestamp":"2026-06-02T14:19:41.049678Z","level":"info","event":"}","logger":"airflow.task.hooks.airflow.providers.standard.hooks.subprocess.SubprocessHook","filename":"subprocess.py","lineno":99}
{"timestamp":"2026-06-02T14:19:41.049884Z","level":"info","event":"","logger":"airflow.task.hooks.airflow.providers.standard.hooks.subprocess.SubprocessHook","filename":"subprocess.py","lineno":99}
{"timestamp":"2026-06-02T14:19:41.050103Z","level":"info","event":"","logger":"airflow.task.hooks.airflow.providers.standard.hooks.subprocess.SubprocessHook","filename":"subprocess.py","lineno":99}
{"timestamp":"2026-06-02T14:19:41.050175Z","level":"info","event":"26/06/02 14:19:40 INFO CodecConfig: Compression: SNAPPY","logger":"airflow.task.hooks.airflow.providers.standard.hooks.subprocess.SubprocessHook","filename":"subprocess.py","lineno":99}
{"timestamp":"2026-06-02T14:19:41.050228Z","level":"info","event":"26/06/02 14:19:40 INFO PythonRunner: Times: total = 205, boot = -616, init = 821, finish = 0","logger":"airflow.task.hooks.airflow.providers.standard.hooks.subprocess.SubprocessHook","filename":"subprocess.py","lineno":99}
{"timestamp":"2026-06-02T14:19:41.050278Z","level":"info","event":"26/06/02 14:19:40 INFO ParquetOutputFormat: ParquetRecordWriter [block size: 134217728b, row group padding size: 8388608b, validating: false]","logger":"airflow.task.hooks.airflow.providers.standard.hooks.subprocess.SubprocessHook","filename":"subprocess.py","lineno":99}
{"timestamp":"2026-06-02T14:19:41.050332Z","level":"info","event":"26/06/02 14:19:40 INFO ParquetWriteSupport: Initialized Parquet WriteSupport with Catalyst schema:","logger":"airflow.task.hooks.airflow.providers.standard.hooks.subprocess.SubprocessHook","filename":"subprocess.py","lineno":99}
{"timestamp":"2026-06-02T14:19:41.050380Z","level":"info","event":"{","logger":"airflow.task.hooks.airflow.providers.standard.hooks.subprocess.SubprocessHook","filename":"subprocess.py","lineno":99}
{"timestamp":"2026-06-02T14:19:41.050434Z","level":"info","event":"  \"type\" : \"struct\",","logger":"airflow.task.hooks.airflow.providers.standard.hooks.subprocess.SubprocessHook","filename":"subprocess.py","lineno":99}
{"timestamp":"2026-06-02T14:19:41.050494Z","level":"info","event":"  \"fields\" : [ {","logger":"airflow.task.hooks.airflow.providers.standard.hooks.subprocess.SubprocessHook","filename":"subprocess.py","lineno":99}
{"timestamp":"2026-06-02T14:19:41.050563Z","level":"info","event":"    \"name\" : \"forestry_indicator\",","logger":"airflow.task.hooks.airflow.providers.standard.hooks.subprocess.SubprocessHook","filename":"subprocess.py","lineno":99}
{"timestamp":"2026-06-02T14:19:41.050613Z","level":"info","event":"    \"type\" : \"string\",","logger":"airflow.task.hooks.airflow.providers.standard.hooks.subprocess.SubprocessHook","filename":"subprocess.py","lineno":99}
{"timestamp":"2026-06-02T14:19:41.050669Z","level":"info","event":"    \"nullable\" : true,","logger":"airflow.task.hooks.airflow.providers.standard.hooks.subprocess.SubprocessHook","filename":"subprocess.py","lineno":99}
{"timestamp":"2026-06-02T14:19:41.050730Z","level":"info","event":"    \"metadata\" : { }","logger":"airflow.task.hooks.airflow.providers.standard.hooks.subprocess.SubprocessHook","filename":"subprocess.py","lineno":99}
{"timestamp":"2026-06-02T14:19:41.050795Z","level":"info","event":"  }, {","logger":"airflow.task.hooks.airflow.providers.standard.hooks.subprocess.SubprocessHook","filename":"subprocess.py","lineno":99}
{"timestamp":"2026-06-02T14:19:41.051149Z","level":"info","event":"    \"name\" : \"value\",","logger":"airflow.task.hooks.airflow.providers.standard.hooks.subprocess.SubprocessHook","filename":"subprocess.py","lineno":99}
{"timestamp":"2026-06-02T14:19:41.051266Z","level":"info","event":"    \"type\" : \"double\",","logger":"airflow.task.hooks.airflow.providers.standard.hooks.subprocess.SubprocessHook","filename":"subprocess.py","lineno":99}
{"timestamp":"2026-06-02T14:19:41.051342Z","level":"info","event":"    \"nullable\" : true,","logger":"airflow.task.hooks.airflow.providers.standard.hooks.subprocess.SubprocessHook","filename":"subprocess.py","lineno":99}
{"timestamp":"2026-06-02T14:19:41.051420Z","level":"info","event":"    \"metadata\" : { }","logger":"airflow.task.hooks.airflow.providers.standard.hooks.subprocess.SubprocessHook","filename":"subprocess.py","lineno":99}
{"timestamp":"2026-06-02T14:19:41.051606Z","level":"info","event":"  }, {","logger":"airflow.task.hooks.airflow.providers.standard.hooks.subprocess.SubprocessHook","filename":"subprocess.py","lineno":99}
{"timestamp":"2026-06-02T14:19:41.051718Z","level":"info","event":"    \"name\" : \"unit\",","logger":"airflow.task.hooks.airflow.providers.standard.hooks.subprocess.SubprocessHook","filename":"subprocess.py","lineno":99}
{"timestamp":"2026-06-02T14:19:41.051793Z","level":"info","event":"    \"type\" : \"string\",","logger":"airflow.task.hooks.airflow.providers.standard.hooks.subprocess.SubprocessHook","filename":"subprocess.py","lineno":99}
{"timestamp":"2026-06-02T14:19:41.051894Z","level":"info","event":"    \"nullable\" : true,","logger":"airflow.task.hooks.airflow.providers.standard.hooks.subprocess.SubprocessHook","filename":"subprocess.py","lineno":99}
{"timestamp":"2026-06-02T14:19:41.051955Z","level":"info","event":"    \"metadata\" : { }","logger":"airflow.task.hooks.airflow.providers.standard.hooks.subprocess.SubprocessHook","filename":"subprocess.py","lineno":99}
{"timestamp":"2026-06-02T14:19:41.051998Z","level":"info","event":"  }, {","logger":"airflow.task.hooks.airflow.providers.standard.hooks.subprocess.SubprocessHook","filename":"subprocess.py","lineno":99}
{"timestamp":"2026-06-02T14:19:41.052044Z","level":"info","event":"    \"name\" : \"quarter\",","logger":"airflow.task.hooks.airflow.providers.standard.hooks.subprocess.SubprocessHook","filename":"subprocess.py","lineno":99}
{"timestamp":"2026-06-02T14:19:41.052090Z","level":"info","event":"    \"type\" : \"integer\",","logger":"airflow.task.hooks.airflow.providers.standard.hooks.subprocess.SubprocessHook","filename":"subprocess.py","lineno":99}
{"timestamp":"2026-06-02T14:19:41.052134Z","level":"info","event":"    \"nullable\" : true,","logger":"airflow.task.hooks.airflow.providers.standard.hooks.subprocess.SubprocessHook","filename":"subprocess.py","lineno":99}
{"timestamp":"2026-06-02T14:19:41.052176Z","level":"info","event":"    \"metadata\" : { }","logger":"airflow.task.hooks.airflow.providers.standard.hooks.subprocess.SubprocessHook","filename":"subprocess.py","lineno":99}
{"timestamp":"2026-06-02T14:19:41.052224Z","level":"info","event":"  }, {","logger":"airflow.task.hooks.airflow.providers.standard.hooks.subprocess.SubprocessHook","filename":"subprocess.py","lineno":99}
{"timestamp":"2026-06-02T14:19:41.052274Z","level":"info","event":"    \"name\" : \"year\",","logger":"airflow.task.hooks.airflow.providers.standard.hooks.subprocess.SubprocessHook","filename":"subprocess.py","lineno":99}
{"timestamp":"2026-06-02T14:19:41.052312Z","level":"info","event":"    \"type\" : \"integer\",","logger":"airflow.task.hooks.airflow.providers.standard.hooks.subprocess.SubprocessHook","filename":"subprocess.py","lineno":99}
{"timestamp":"2026-06-02T14:19:41.052354Z","level":"info","event":"    \"nullable\" : true,","logger":"airflow.task.hooks.airflow.providers.standard.hooks.subprocess.SubprocessHook","filename":"subprocess.py","lineno":99}
{"timestamp":"2026-06-02T14:19:41.052397Z","level":"info","event":"    \"metadata\" : { }","logger":"airflow.task.hooks.airflow.providers.standard.hooks.subprocess.SubprocessHook","filename":"subprocess.py","lineno":99}
{"timestamp":"2026-06-02T14:19:41.052440Z","level":"info","event":"  }, {","logger":"airflow.task.hooks.airflow.providers.standard.hooks.subprocess.SubprocessHook","filename":"subprocess.py","lineno":99}
{"timestamp":"2026-06-02T14:19:41.052486Z","level":"info","event":"    \"name\" : \"ingest_at\",","logger":"airflow.task.hooks.airflow.providers.standard.hooks.subprocess.SubprocessHook","filename":"subprocess.py","lineno":99}
{"timestamp":"2026-06-02T14:19:41.052520Z","level":"info","event":"    \"type\" : \"timestamp\",","logger":"airflow.task.hooks.airflow.providers.standard.hooks.subprocess.SubprocessHook","filename":"subprocess.py","lineno":99}
{"timestamp":"2026-06-02T14:19:41.052555Z","level":"info","event":"    \"nullable\" : true,","logger":"airflow.task.hooks.airflow.providers.standard.hooks.subprocess.SubprocessHook","filename":"subprocess.py","lineno":99}
{"timestamp":"2026-06-02T14:19:41.052603Z","level":"info","event":"    \"metadata\" : { }","logger":"airflow.task.hooks.airflow.providers.standard.hooks.subprocess.SubprocessHook","filename":"subprocess.py","lineno":99}
{"timestamp":"2026-06-02T14:19:41.052648Z","level":"info","event":"  } ]","logger":"airflow.task.hooks.airflow.providers.standard.hooks.subprocess.SubprocessHook","filename":"subprocess.py","lineno":99}
{"timestamp":"2026-06-02T14:19:41.052689Z","level":"info","event":"}","logger":"airflow.task.hooks.airflow.providers.standard.hooks.subprocess.SubprocessHook","filename":"subprocess.py","lineno":99}
{"timestamp":"2026-06-02T14:19:41.052727Z","level":"info","event":"and corresponding Parquet message type:","logger":"airflow.task.hooks.airflow.providers.standard.hooks.subprocess.SubprocessHook","filename":"subprocess.py","lineno":99}
{"timestamp":"2026-06-02T14:19:41.052764Z","level":"info","event":"message spark_schema {","logger":"airflow.task.hooks.airflow.providers.standard.hooks.subprocess.SubprocessHook","filename":"subprocess.py","lineno":99}
{"timestamp":"2026-06-02T14:19:41.052790Z","level":"info","event":"  optional binary forestry_indicator (STRING);","logger":"airflow.task.hooks.airflow.providers.standard.hooks.subprocess.SubprocessHook","filename":"subprocess.py","lineno":99}
{"timestamp":"2026-06-02T14:19:41.052830Z","level":"info","event":"  optional double value;","logger":"airflow.task.hooks.airflow.providers.standard.hooks.subprocess.SubprocessHook","filename":"subprocess.py","lineno":99}
{"timestamp":"2026-06-02T14:19:41.052874Z","level":"info","event":"  optional binary unit (STRING);","logger":"airflow.task.hooks.airflow.providers.standard.hooks.subprocess.SubprocessHook","filename":"subprocess.py","lineno":99}
{"timestamp":"2026-06-02T14:19:41.052906Z","level":"info","event":"  optional int32 quarter;","logger":"airflow.task.hooks.airflow.providers.standard.hooks.subprocess.SubprocessHook","filename":"subprocess.py","lineno":99}
{"timestamp":"2026-06-02T14:19:41.052929Z","level":"info","event":"  optional int32 year;","logger":"airflow.task.hooks.airflow.providers.standard.hooks.subprocess.SubprocessHook","filename":"subprocess.py","lineno":99}
{"timestamp":"2026-06-02T14:19:41.053140Z","level":"info","event":"  optional int96 ingest_at;","logger":"airflow.task.hooks.airflow.providers.standard.hooks.subprocess.SubprocessHook","filename":"subprocess.py","lineno":99}
{"timestamp":"2026-06-02T14:19:41.053188Z","level":"info","event":"}","logger":"airflow.task.hooks.airflow.providers.standard.hooks.subprocess.SubprocessHook","filename":"subprocess.py","lineno":99}
{"timestamp":"2026-06-02T14:19:41.053255Z","level":"info","event":"","logger":"airflow.task.hooks.airflow.providers.standard.hooks.subprocess.SubprocessHook","filename":"subprocess.py","lineno":99}
{"timestamp":"2026-06-02T14:19:41.053313Z","level":"info","event":"","logger":"airflow.task.hooks.airflow.providers.standard.hooks.subprocess.SubprocessHook","filename":"subprocess.py","lineno":99}
{"timestamp":"2026-06-02T14:19:41.053353Z","level":"info","event":"26/06/02 14:19:40 INFO TaskSetManager: Finished task 1.0 in stage 16.0 (TID 86) in 586 ms on ac0ccb30c6a7 (executor driver) (8/16)","logger":"airflow.task.hooks.airflow.providers.standard.hooks.subprocess.SubprocessHook","filename":"subprocess.py","lineno":99}
{"timestamp":"2026-06-02T14:19:41.053411Z","level":"info","event":"26/06/02 14:19:40 INFO PythonRunner: Times: total = 177, boot = -976, init = 1153, finish = 0","logger":"airflow.task.hooks.airflow.providers.standard.hooks.subprocess.SubprocessHook","filename":"subprocess.py","lineno":99}
{"timestamp":"2026-06-02T14:19:41.053451Z","level":"info","event":"26/06/02 14:19:40 INFO CodecConfig: Compression: SNAPPY","logger":"airflow.task.hooks.airflow.providers.standard.hooks.subprocess.SubprocessHook","filename":"subprocess.py","lineno":99}
{"timestamp":"2026-06-02T14:19:41.053486Z","level":"info","event":"26/06/02 14:19:40 INFO CodecConfig: Compression: SNAPPY","logger":"airflow.task.hooks.airflow.providers.standard.hooks.subprocess.SubprocessHook","filename":"subprocess.py","lineno":99}
{"timestamp":"2026-06-02T14:19:41.053522Z","level":"info","event":"26/06/02 14:19:40 INFO ParquetOutputFormat: ParquetRecordWriter [block size: 134217728b, row group padding size: 8388608b, validating: false]","logger":"airflow.task.hooks.airflow.providers.standard.hooks.subprocess.SubprocessHook","filename":"subprocess.py","lineno":99}
{"timestamp":"2026-06-02T14:19:41.053561Z","level":"info","event":"26/06/02 14:19:40 INFO PythonRunner: Times: total = 202, boot = -578, init = 780, finish = 0","logger":"airflow.task.hooks.airflow.providers.standard.hooks.subprocess.SubprocessHook","filename":"subprocess.py","lineno":99}
{"timestamp":"2026-06-02T14:19:41.053691Z","level":"info","event":"26/06/02 14:19:40 INFO PythonRunner: Times: total = 161, boot = -593, init = 754, finish = 0","logger":"airflow.task.hooks.airflow.providers.standard.hooks.subprocess.SubprocessHook","filename":"subprocess.py","lineno":99}
{"timestamp":"2026-06-02T14:19:41.053734Z","level":"info","event":"26/06/02 14:19:40 INFO PythonRunner: Times: total = 168, boot = -601, init = 769, finish = 0","logger":"airflow.task.hooks.airflow.providers.standard.hooks.subprocess.SubprocessHook","filename":"subprocess.py","lineno":99}
{"timestamp":"2026-06-02T14:19:41.053756Z","level":"info","event":"26/06/02 14:19:40 INFO ParquetWriteSupport: Initialized Parquet WriteSupport with Catalyst schema:","logger":"airflow.task.hooks.airflow.providers.standard.hooks.subprocess.SubprocessHook","filename":"subprocess.py","lineno":99}
{"timestamp":"2026-06-02T14:19:41.053776Z","level":"info","event":"{","logger":"airflow.task.hooks.airflow.providers.standard.hooks.subprocess.SubprocessHook","filename":"subprocess.py","lineno":99}
{"timestamp":"2026-06-02T14:19:41.053797Z","level":"info","event":"  \"type\" : \"struct\",","logger":"airflow.task.hooks.airflow.providers.standard.hooks.subprocess.SubprocessHook","filename":"subprocess.py","lineno":99}
{"timestamp":"2026-06-02T14:19:41.053817Z","level":"info","event":"  \"fields\" : [ {","logger":"airflow.task.hooks.airflow.providers.standard.hooks.subprocess.SubprocessHook","filename":"subprocess.py","lineno":99}
{"timestamp":"2026-06-02T14:19:41.053848Z","level":"info","event":"    \"name\" : \"forestry_indicator\",","logger":"airflow.task.hooks.airflow.providers.standard.hooks.subprocess.SubprocessHook","filename":"subprocess.py","lineno":99}
{"timestamp":"2026-06-02T14:19:41.053878Z","level":"info","event":"    \"type\" : \"string\",","logger":"airflow.task.hooks.airflow.providers.standard.hooks.subprocess.SubprocessHook","filename":"subprocess.py","lineno":99}
{"timestamp":"2026-06-02T14:19:41.053899Z","level":"info","event":"    \"nullable\" : true,","logger":"airflow.task.hooks.airflow.providers.standard.hooks.subprocess.SubprocessHook","filename":"subprocess.py","lineno":99}
{"timestamp":"2026-06-02T14:19:41.053917Z","level":"info","event":"    \"metadata\" : { }","logger":"airflow.task.hooks.airflow.providers.standard.hooks.subprocess.SubprocessHook","filename":"subprocess.py","lineno":99}
{"timestamp":"2026-06-02T14:19:41.053935Z","level":"info","event":"  }, {","logger":"airflow.task.hooks.airflow.providers.standard.hooks.subprocess.SubprocessHook","filename":"subprocess.py","lineno":99}
{"timestamp":"2026-06-02T14:19:41.053953Z","level":"info","event":"    \"name\" : \"value\",","logger":"airflow.task.hooks.airflow.providers.standard.hooks.subprocess.SubprocessHook","filename":"subprocess.py","lineno":99}
{"timestamp":"2026-06-02T14:19:41.054008Z","level":"info","event":"    \"type\" : \"double\",","logger":"airflow.task.hooks.airflow.providers.standard.hooks.subprocess.SubprocessHook","filename":"subprocess.py","lineno":99}
{"timestamp":"2026-06-02T14:19:41.054031Z","level":"info","event":"    \"nullable\" : true,","logger":"airflow.task.hooks.airflow.providers.standard.hooks.subprocess.SubprocessHook","filename":"subprocess.py","lineno":99}
{"timestamp":"2026-06-02T14:19:41.054050Z","level":"info","event":"    \"metadata\" : { }","logger":"airflow.task.hooks.airflow.providers.standard.hooks.subprocess.SubprocessHook","filename":"subprocess.py","lineno":99}
{"timestamp":"2026-06-02T14:19:41.054069Z","level":"info","event":"  }, {","logger":"airflow.task.hooks.airflow.providers.standard.hooks.subprocess.SubprocessHook","filename":"subprocess.py","lineno":99}
{"timestamp":"2026-06-02T14:19:41.054087Z","level":"info","event":"    \"name\" : \"unit\",","logger":"airflow.task.hooks.airflow.providers.standard.hooks.subprocess.SubprocessHook","filename":"subprocess.py","lineno":99}
{"timestamp":"2026-06-02T14:19:41.054108Z","level":"info","event":"    \"type\" : \"string\",","logger":"airflow.task.hooks.airflow.providers.standard.hooks.subprocess.SubprocessHook","filename":"subprocess.py","lineno":99}
{"timestamp":"2026-06-02T14:19:41.054168Z","level":"info","event":"    \"nullable\" : true,","logger":"airflow.task.hooks.airflow.providers.standard.hooks.subprocess.SubprocessHook","filename":"subprocess.py","lineno":99}
{"timestamp":"2026-06-02T14:19:41.054198Z","level":"info","event":"    \"metadata\" : { }","logger":"airflow.task.hooks.airflow.providers.standard.hooks.subprocess.SubprocessHook","filename":"subprocess.py","lineno":99}
{"timestamp":"2026-06-02T14:19:41.054221Z","level":"info","event":"  }, {","logger":"airflow.task.hooks.airflow.providers.standard.hooks.subprocess.SubprocessHook","filename":"subprocess.py","lineno":99}
{"timestamp":"2026-06-02T14:19:41.054240Z","level":"info","event":"    \"name\" : \"quarter\",","logger":"airflow.task.hooks.airflow.providers.standard.hooks.subprocess.SubprocessHook","filename":"subprocess.py","lineno":99}
{"timestamp":"2026-06-02T14:19:41.054257Z","level":"info","event":"    \"type\" : \"integer\",","logger":"airflow.task.hooks.airflow.providers.standard.hooks.subprocess.SubprocessHook","filename":"subprocess.py","lineno":99}
{"timestamp":"2026-06-02T14:19:41.054274Z","level":"info","event":"    \"nullable\" : true,","logger":"airflow.task.hooks.airflow.providers.standard.hooks.subprocess.SubprocessHook","filename":"subprocess.py","lineno":99}
{"timestamp":"2026-06-02T14:19:41.054292Z","level":"info","event":"    \"metadata\" : { }","logger":"airflow.task.hooks.airflow.providers.standard.hooks.subprocess.SubprocessHook","filename":"subprocess.py","lineno":99}
{"timestamp":"2026-06-02T14:19:41.054309Z","level":"info","event":"  }, {","logger":"airflow.task.hooks.airflow.providers.standard.hooks.subprocess.SubprocessHook","filename":"subprocess.py","lineno":99}
{"timestamp":"2026-06-02T14:19:41.054326Z","level":"info","event":"    \"name\" : \"year\",","logger":"airflow.task.hooks.airflow.providers.standard.hooks.subprocess.SubprocessHook","filename":"subprocess.py","lineno":99}
{"timestamp":"2026-06-02T14:19:41.054344Z","level":"info","event":"    \"type\" : \"integer\",","logger":"airflow.task.hooks.airflow.providers.standard.hooks.subprocess.SubprocessHook","filename":"subprocess.py","lineno":99}
{"timestamp":"2026-06-02T14:19:41.054362Z","level":"info","event":"    \"nullable\" : true,","logger":"airflow.task.hooks.airflow.providers.standard.hooks.subprocess.SubprocessHook","filename":"subprocess.py","lineno":99}
{"timestamp":"2026-06-02T14:19:41.054380Z","level":"info","event":"    \"metadata\" : { }","logger":"airflow.task.hooks.airflow.providers.standard.hooks.subprocess.SubprocessHook","filename":"subprocess.py","lineno":99}
{"timestamp":"2026-06-02T14:19:41.054397Z","level":"info","event":"  }, {","logger":"airflow.task.hooks.airflow.providers.standard.hooks.subprocess.SubprocessHook","filename":"subprocess.py","lineno":99}
{"timestamp":"2026-06-02T14:19:41.054414Z","level":"info","event":"    \"name\" : \"ingest_at\",","logger":"airflow.task.hooks.airflow.providers.standard.hooks.subprocess.SubprocessHook","filename":"subprocess.py","lineno":99}
{"timestamp":"2026-06-02T14:19:41.054432Z","level":"info","event":"    \"type\" : \"timestamp\",","logger":"airflow.task.hooks.airflow.providers.standard.hooks.subprocess.SubprocessHook","filename":"subprocess.py","lineno":99}
{"timestamp":"2026-06-02T14:19:41.054450Z","level":"info","event":"    \"nullable\" : true,","logger":"airflow.task.hooks.airflow.providers.standard.hooks.subprocess.SubprocessHook","filename":"subprocess.py","lineno":99}
{"timestamp":"2026-06-02T14:19:41.054469Z","level":"info","event":"    \"metadata\" : { }","logger":"airflow.task.hooks.airflow.providers.standard.hooks.subprocess.SubprocessHook","filename":"subprocess.py","lineno":99}
{"timestamp":"2026-06-02T14:19:41.054515Z","level":"info","event":"  } ]","logger":"airflow.task.hooks.airflow.providers.standard.hooks.subprocess.SubprocessHook","filename":"subprocess.py","lineno":99}
{"timestamp":"2026-06-02T14:19:41.054545Z","level":"info","event":"}","logger":"airflow.task.hooks.airflow.providers.standard.hooks.subprocess.SubprocessHook","filename":"subprocess.py","lineno":99}
{"timestamp":"2026-06-02T14:19:41.054565Z","level":"info","event":"and corresponding Parquet message type:","logger":"airflow.task.hooks.airflow.providers.standard.hooks.subprocess.SubprocessHook","filename":"subprocess.py","lineno":99}
{"timestamp":"2026-06-02T14:19:41.054585Z","level":"info","event":"message spark_schema {","logger":"airflow.task.hooks.airflow.providers.standard.hooks.subprocess.SubprocessHook","filename":"subprocess.py","lineno":99}
{"timestamp":"2026-06-02T14:19:41.054604Z","level":"info","event":"  optional binary forestry_indicator (STRING);","logger":"airflow.task.hooks.airflow.providers.standard.hooks.subprocess.SubprocessHook","filename":"subprocess.py","lineno":99}
{"timestamp":"2026-06-02T14:19:41.054622Z","level":"info","event":"  optional double value;","logger":"airflow.task.hooks.airflow.providers.standard.hooks.subprocess.SubprocessHook","filename":"subprocess.py","lineno":99}
{"timestamp":"2026-06-02T14:19:41.054643Z","level":"info","event":"  optional binary unit (STRING);","logger":"airflow.task.hooks.airflow.providers.standard.hooks.subprocess.SubprocessHook","filename":"subprocess.py","lineno":99}
{"timestamp":"2026-06-02T14:19:41.054674Z","level":"info","event":"  optional int32 quarter;","logger":"airflow.task.hooks.airflow.providers.standard.hooks.subprocess.SubprocessHook","filename":"subprocess.py","lineno":99}
{"timestamp":"2026-06-02T14:19:41.054693Z","level":"info","event":"  optional int32 year;","logger":"airflow.task.hooks.airflow.providers.standard.hooks.subprocess.SubprocessHook","filename":"subprocess.py","lineno":99}
{"timestamp":"2026-06-02T14:19:41.054710Z","level":"info","event":"  optional int96 ingest_at;","logger":"airflow.task.hooks.airflow.providers.standard.hooks.subprocess.SubprocessHook","filename":"subprocess.py","lineno":99}
{"timestamp":"2026-06-02T14:19:41.054727Z","level":"info","event":"}","logger":"airflow.task.hooks.airflow.providers.standard.hooks.subprocess.SubprocessHook","filename":"subprocess.py","lineno":99}
{"timestamp":"2026-06-02T14:19:41.054861Z","level":"info","event":"","logger":"airflow.task.hooks.airflow.providers.standard.hooks.subprocess.SubprocessHook","filename":"subprocess.py","lineno":99}
{"timestamp":"2026-06-02T14:19:41.054963Z","level":"info","event":"","logger":"airflow.task.hooks.airflow.providers.standard.hooks.subprocess.SubprocessHook","filename":"subprocess.py","lineno":99}
{"timestamp":"2026-06-02T14:19:41.054994Z","level":"info","event":"26/06/02 14:19:40 INFO Executor: Finished task 9.0 in stage 16.0 (TID 94). 2902 bytes result sent to driver","logger":"airflow.task.hooks.airflow.providers.standard.hooks.subprocess.SubprocessHook","filename":"subprocess.py","lineno":99}
{"timestamp":"2026-06-02T14:19:41.055016Z","level":"info","event":"26/06/02 14:19:40 INFO TaskSetManager: Finished task 9.0 in stage 16.0 (TID 94) in 632 ms on ac0ccb30c6a7 (executor driver) (9/16)","logger":"airflow.task.hooks.airflow.providers.standard.hooks.subprocess.SubprocessHook","filename":"subprocess.py","lineno":99}
{"timestamp":"2026-06-02T14:19:41.055038Z","level":"info","event":"26/06/02 14:19:40 INFO PythonRunner: Times: total = 201, boot = -603, init = 804, finish = 0","logger":"airflow.task.hooks.airflow.providers.standard.hooks.subprocess.SubprocessHook","filename":"subprocess.py","lineno":99}
{"timestamp":"2026-06-02T14:19:41.055068Z","level":"info","event":"26/06/02 14:19:40 INFO PythonRunner: Times: total = 271, boot = -808, init = 1079, finish = 0","logger":"airflow.task.hooks.airflow.providers.standard.hooks.subprocess.SubprocessHook","filename":"subprocess.py","lineno":99}
{"timestamp":"2026-06-02T14:19:41.055146Z","level":"info","event":"26/06/02 14:19:40 INFO Executor: Finished task 5.0 in stage 16.0 (TID 90). 4255 bytes result sent to driver","logger":"airflow.task.hooks.airflow.providers.standard.hooks.subprocess.SubprocessHook","filename":"subprocess.py","lineno":99}
{"timestamp":"2026-06-02T14:19:41.055181Z","level":"info","event":"26/06/02 14:19:40 INFO Executor: Finished task 0.0 in stage 16.0 (TID 85). 3734 bytes result sent to driver","logger":"airflow.task.hooks.airflow.providers.standard.hooks.subprocess.SubprocessHook","filename":"subprocess.py","lineno":99}
{"timestamp":"2026-06-02T14:19:41.055209Z","level":"info","event":"26/06/02 14:19:40 INFO TaskSetManager: Finished task 5.0 in stage 16.0 (TID 90) in 756 ms on ac0ccb30c6a7 (executor driver) (10/16)","logger":"airflow.task.hooks.airflow.providers.standard.hooks.subprocess.SubprocessHook","filename":"subprocess.py","lineno":99}
{"timestamp":"2026-06-02T14:19:41.055278Z","level":"info","event":"26/06/02 14:19:40 INFO Executor: Finished task 13.0 in stage 16.0 (TID 98). 4132 bytes result sent to driver","logger":"airflow.task.hooks.airflow.providers.standard.hooks.subprocess.SubprocessHook","filename":"subprocess.py","lineno":99}
{"timestamp":"2026-06-02T14:19:41.055345Z","level":"info","event":"26/06/02 14:19:40 INFO Executor: Finished task 2.0 in stage 16.0 (TID 87). 4211 bytes result sent to driver","logger":"airflow.task.hooks.airflow.providers.standard.hooks.subprocess.SubprocessHook","filename":"subprocess.py","lineno":99}
{"timestamp":"2026-06-02T14:19:41.055373Z","level":"info","event":"26/06/02 14:19:40 INFO TaskSetManager: Finished task 0.0 in stage 16.0 (TID 85) in 759 ms on ac0ccb30c6a7 (executor driver) (11/16)","logger":"airflow.task.hooks.airflow.providers.standard.hooks.subprocess.SubprocessHook","filename":"subprocess.py","lineno":99}
{"timestamp":"2026-06-02T14:19:41.055394Z","level":"info","event":"26/06/02 14:19:40 INFO TaskSetManager: Finished task 2.0 in stage 16.0 (TID 87) in 759 ms on ac0ccb30c6a7 (executor driver) (12/16)","logger":"airflow.task.hooks.airflow.providers.standard.hooks.subprocess.SubprocessHook","filename":"subprocess.py","lineno":99}
{"timestamp":"2026-06-02T14:19:41.055415Z","level":"info","event":"26/06/02 14:19:40 INFO TaskSetManager: Finished task 13.0 in stage 16.0 (TID 98) in 756 ms on ac0ccb30c6a7 (executor driver) (13/16)","logger":"airflow.task.hooks.airflow.providers.standard.hooks.subprocess.SubprocessHook","filename":"subprocess.py","lineno":99}
{"timestamp":"2026-06-02T14:19:41.055433Z","level":"info","event":"26/06/02 14:19:41 INFO Executor: Finished task 7.0 in stage 16.0 (TID 92). 4180 bytes result sent to driver","logger":"airflow.task.hooks.airflow.providers.standard.hooks.subprocess.SubprocessHook","filename":"subprocess.py","lineno":99}
{"timestamp":"2026-06-02T14:19:41.055451Z","level":"info","event":"26/06/02 14:19:41 INFO TaskSetManager: Finished task 7.0 in stage 16.0 (TID 92) in 769 ms on ac0ccb30c6a7 (executor driver) (14/16)","logger":"airflow.task.hooks.airflow.providers.standard.hooks.subprocess.SubprocessHook","filename":"subprocess.py","lineno":99}
{"timestamp":"2026-06-02T14:19:41.162899Z","level":"info","event":"26/06/02 14:19:41 INFO Executor: Finished task 15.0 in stage 16.0 (TID 100). 4144 bytes result sent to driver","logger":"airflow.task.hooks.airflow.providers.standard.hooks.subprocess.SubprocessHook","filename":"subprocess.py","lineno":99}
{"timestamp":"2026-06-02T14:19:41.163097Z","level":"info","event":"26/06/02 14:19:41 INFO Executor: Finished task 10.0 in stage 16.0 (TID 95). 4184 bytes result sent to driver","logger":"airflow.task.hooks.airflow.providers.standard.hooks.subprocess.SubprocessHook","filename":"subprocess.py","lineno":99}
{"timestamp":"2026-06-02T14:19:41.163165Z","level":"info","event":"26/06/02 14:19:41 INFO TaskSetManager: Finished task 10.0 in stage 16.0 (TID 95) in 772 ms on ac0ccb30c6a7 (executor driver) (15/16)","logger":"airflow.task.hooks.airflow.providers.standard.hooks.subprocess.SubprocessHook","filename":"subprocess.py","lineno":99}
{"timestamp":"2026-06-02T14:19:41.163216Z","level":"info","event":"26/06/02 14:19:41 INFO TaskSetManager: Finished task 15.0 in stage 16.0 (TID 100) in 770 ms on ac0ccb30c6a7 (executor driver) (16/16)","logger":"airflow.task.hooks.airflow.providers.standard.hooks.subprocess.SubprocessHook","filename":"subprocess.py","lineno":99}
{"timestamp":"2026-06-02T14:19:41.163268Z","level":"info","event":"26/06/02 14:19:41 INFO TaskSchedulerImpl: Removed TaskSet 16.0, whose tasks have all completed, from pool","logger":"airflow.task.hooks.airflow.providers.standard.hooks.subprocess.SubprocessHook","filename":"subprocess.py","lineno":99}
{"timestamp":"2026-06-02T14:19:41.163308Z","level":"info","event":"26/06/02 14:19:41 INFO DAGScheduler: ResultStage 16 (saveAsTable at NativeMethodAccessorImpl.java:0) finished in 0.800 s","logger":"airflow.task.hooks.airflow.providers.standard.hooks.subprocess.SubprocessHook","filename":"subprocess.py","lineno":99}
{"timestamp":"2026-06-02T14:19:41.163352Z","level":"info","event":"26/06/02 14:19:41 INFO DAGScheduler: Job 16 is finished. Cancelling potential speculative or zombie tasks for this job","logger":"airflow.task.hooks.airflow.providers.standard.hooks.subprocess.SubprocessHook","filename":"subprocess.py","lineno":99}
{"timestamp":"2026-06-02T14:19:41.163404Z","level":"info","event":"26/06/02 14:19:41 INFO TaskSchedulerImpl: Killing all running tasks in stage 16: Stage finished","logger":"airflow.task.hooks.airflow.providers.standard.hooks.subprocess.SubprocessHook","filename":"subprocess.py","lineno":99}
{"timestamp":"2026-06-02T14:19:41.163444Z","level":"info","event":"26/06/02 14:19:41 INFO DAGScheduler: Job 16 finished: saveAsTable at NativeMethodAccessorImpl.java:0, took 0.803878 s","logger":"airflow.task.hooks.airflow.providers.standard.hooks.subprocess.SubprocessHook","filename":"subprocess.py","lineno":99}
{"timestamp":"2026-06-02T14:19:41.163480Z","level":"info","event":"26/06/02 14:19:41 INFO DeltaFileFormatWriter: Start to commit write Job 33cab4fb-3185-4227-8977-c0a98291022b.","logger":"airflow.task.hooks.airflow.providers.standard.hooks.subprocess.SubprocessHook","filename":"subprocess.py","lineno":99}
{"timestamp":"2026-06-02T14:19:41.163512Z","level":"info","event":"26/06/02 14:19:41 INFO DeltaFileFormatWriter: Write Job 33cab4fb-3185-4227-8977-c0a98291022b committed. Elapsed time: 0 ms.","logger":"airflow.task.hooks.airflow.providers.standard.hooks.subprocess.SubprocessHook","filename":"subprocess.py","lineno":99}
{"timestamp":"2026-06-02T14:19:41.163543Z","level":"info","event":"26/06/02 14:19:41 INFO DeltaFileFormatWriter: Finished processing stats for write job 33cab4fb-3185-4227-8977-c0a98291022b.","logger":"airflow.task.hooks.airflow.providers.standard.hooks.subprocess.SubprocessHook","filename":"subprocess.py","lineno":99}
{"timestamp":"2026-06-02T14:19:41.163571Z","level":"info","event":"26/06/02 14:19:41 INFO OptimisticTransaction: [tableId=52ab094e,txnId=2d3d0259] Attempting to commit version 1 with 7 actions with Serializable isolation level","logger":"airflow.task.hooks.airflow.providers.standard.hooks.subprocess.SubprocessHook","filename":"subprocess.py","lineno":99}
{"timestamp":"2026-06-02T14:19:41.163603Z","level":"info","event":"26/06/02 14:19:41 INFO DeltaLog: Creating a new snapshot v1 for commit version 1","logger":"airflow.task.hooks.airflow.providers.standard.hooks.subprocess.SubprocessHook","filename":"subprocess.py","lineno":99}
{"timestamp":"2026-06-02T14:19:41.163633Z","level":"info","event":"26/06/02 14:19:41 INFO DeltaLog: Loading version 1.","logger":"airflow.task.hooks.airflow.providers.standard.hooks.subprocess.SubprocessHook","filename":"subprocess.py","lineno":99}
{"timestamp":"2026-06-02T14:19:41.163672Z","level":"info","event":"26/06/02 14:19:41 INFO DeltaLogFileIndex: Created DeltaLogFileIndex(JSON, numFilesInSegment: 2, totalFileSize: 5649)","logger":"airflow.task.hooks.airflow.providers.standard.hooks.subprocess.SubprocessHook","filename":"subprocess.py","lineno":99}
{"timestamp":"2026-06-02T14:19:41.218127Z","level":"info","event":"26/06/02 14:19:41 INFO DataSourceStrategy: Pruning directories with:","logger":"airflow.task.hooks.airflow.providers.standard.hooks.subprocess.SubprocessHook","filename":"subprocess.py","lineno":99}
{"timestamp":"2026-06-02T14:19:41.218695Z","level":"info","event":"26/06/02 14:19:41 INFO FileSourceStrategy: Pushed Filters:","logger":"airflow.task.hooks.airflow.providers.standard.hooks.subprocess.SubprocessHook","filename":"subprocess.py","lineno":99}
{"timestamp":"2026-06-02T14:19:41.219580Z","level":"info","event":"26/06/02 14:19:41 INFO FileSourceStrategy: Post-Scan Filters: ((isnotnull(protocol#1700.minReaderVersion) OR isnotnull(metaData#1699.id)) OR (isnotnull(commitInfo#1701.inCommitTimestamp) AND (version#1702L = 1)))","logger":"airflow.task.hooks.airflow.providers.standard.hooks.subprocess.SubprocessHook","filename":"subprocess.py","lineno":99}
{"timestamp":"2026-06-02T14:19:41.247611Z","level":"info","event":"26/06/02 14:19:41 INFO MemoryStore: Block broadcast_22 stored as values in memory (estimated size 202.4 KiB, free 433.7 MiB)","logger":"airflow.task.hooks.airflow.providers.standard.hooks.subprocess.SubprocessHook","filename":"subprocess.py","lineno":99}
{"timestamp":"2026-06-02T14:19:41.267357Z","level":"info","event":"26/06/02 14:19:41 INFO MemoryStore: Block broadcast_22_piece0 stored as bytes in memory (estimated size 35.0 KiB, free 433.7 MiB)","logger":"airflow.task.hooks.airflow.providers.standard.hooks.subprocess.SubprocessHook","filename":"subprocess.py","lineno":99}
{"timestamp":"2026-06-02T14:19:41.269411Z","level":"info","event":"26/06/02 14:19:41 INFO BlockManagerInfo: Added broadcast_22_piece0 in memory on ac0ccb30c6a7:35159 (size: 35.0 KiB, free: 434.2 MiB)","logger":"airflow.task.hooks.airflow.providers.standard.hooks.subprocess.SubprocessHook","filename":"subprocess.py","lineno":99}
{"timestamp":"2026-06-02T14:19:41.272344Z","level":"info","event":"26/06/02 14:19:41 INFO SparkContext: Created broadcast 22 from $anonfun$recordDeltaOperationInternal$1 at DatabricksLogging.scala:128","logger":"airflow.task.hooks.airflow.providers.standard.hooks.subprocess.SubprocessHook","filename":"subprocess.py","lineno":99}
{"timestamp":"2026-06-02T14:19:41.274333Z","level":"info","event":"26/06/02 14:19:41 INFO FileSourceScanExec: Planning scan with bin packing, max size: 4194304 bytes, open cost is considered as scanning 4194304 bytes.","logger":"airflow.task.hooks.airflow.providers.standard.hooks.subprocess.SubprocessHook","filename":"subprocess.py","lineno":99}
{"timestamp":"2026-06-02T14:19:41.291634Z","level":"info","event":"26/06/02 14:19:41 INFO SparkContext: Starting job: $anonfun$recordDeltaOperationInternal$1 at DatabricksLogging.scala:128","logger":"airflow.task.hooks.airflow.providers.standard.hooks.subprocess.SubprocessHook","filename":"subprocess.py","lineno":99}
{"timestamp":"2026-06-02T14:19:41.292629Z","level":"info","event":"26/06/02 14:19:41 INFO DAGScheduler: Got job 17 ($anonfun$recordDeltaOperationInternal$1 at DatabricksLogging.scala:128) with 2 output partitions","logger":"airflow.task.hooks.airflow.providers.standard.hooks.subprocess.SubprocessHook","filename":"subprocess.py","lineno":99}
{"timestamp":"2026-06-02T14:19:41.292882Z","level":"info","event":"26/06/02 14:19:41 INFO DAGScheduler: Final stage: ResultStage 17 ($anonfun$recordDeltaOperationInternal$1 at DatabricksLogging.scala:128)","logger":"airflow.task.hooks.airflow.providers.standard.hooks.subprocess.SubprocessHook","filename":"subprocess.py","lineno":99}
{"timestamp":"2026-06-02T14:19:41.293041Z","level":"info","event":"26/06/02 14:19:41 INFO DAGScheduler: Parents of final stage: List()","logger":"airflow.task.hooks.airflow.providers.standard.hooks.subprocess.SubprocessHook","filename":"subprocess.py","lineno":99}
{"timestamp":"2026-06-02T14:19:41.293130Z","level":"info","event":"26/06/02 14:19:41 INFO DAGScheduler: Missing parents: List()","logger":"airflow.task.hooks.airflow.providers.standard.hooks.subprocess.SubprocessHook","filename":"subprocess.py","lineno":99}
{"timestamp":"2026-06-02T14:19:41.294316Z","level":"info","event":"26/06/02 14:19:41 INFO DAGScheduler: Submitting ResultStage 17 (MapPartitionsRDD[47] at $anonfun$recordDeltaOperationInternal$1 at DatabricksLogging.scala:128), which has no missing parents","logger":"airflow.task.hooks.airflow.providers.standard.hooks.subprocess.SubprocessHook","filename":"subprocess.py","lineno":99}
{"timestamp":"2026-06-02T14:19:41.296913Z","level":"info","event":"26/06/02 14:19:41 INFO MemoryStore: Block broadcast_23 stored as values in memory (estimated size 55.2 KiB, free 433.7 MiB)","logger":"airflow.task.hooks.airflow.providers.standard.hooks.subprocess.SubprocessHook","filename":"subprocess.py","lineno":99}
{"timestamp":"2026-06-02T14:19:41.297999Z","level":"info","event":"26/06/02 14:19:41 INFO MemoryStore: Block broadcast_23_piece0 stored as bytes in memory (estimated size 17.2 KiB, free 433.6 MiB)","logger":"airflow.task.hooks.airflow.providers.standard.hooks.subprocess.SubprocessHook","filename":"subprocess.py","lineno":99}
{"timestamp":"2026-06-02T14:19:41.298872Z","level":"info","event":"26/06/02 14:19:41 INFO BlockManagerInfo: Added broadcast_23_piece0 in memory on ac0ccb30c6a7:35159 (size: 17.2 KiB, free: 434.2 MiB)","logger":"airflow.task.hooks.airflow.providers.standard.hooks.subprocess.SubprocessHook","filename":"subprocess.py","lineno":99}
{"timestamp":"2026-06-02T14:19:41.299784Z","level":"info","event":"26/06/02 14:19:41 INFO SparkContext: Created broadcast 23 from broadcast at DAGScheduler.scala:1611","logger":"airflow.task.hooks.airflow.providers.standard.hooks.subprocess.SubprocessHook","filename":"subprocess.py","lineno":99}
{"timestamp":"2026-06-02T14:19:41.300360Z","level":"info","event":"26/06/02 14:19:41 INFO DAGScheduler: Submitting 2 missing tasks from ResultStage 17 (MapPartitionsRDD[47] at $anonfun$recordDeltaOperationInternal$1 at DatabricksLogging.scala:128) (first 15 tasks are for partitions Vector(0, 1))","logger":"airflow.task.hooks.airflow.providers.standard.hooks.subprocess.SubprocessHook","filename":"subprocess.py","lineno":99}
{"timestamp":"2026-06-02T14:19:41.300524Z","level":"info","event":"26/06/02 14:19:41 INFO TaskSchedulerImpl: Adding task set 17.0 with 2 tasks resource profile 0","logger":"airflow.task.hooks.airflow.providers.standard.hooks.subprocess.SubprocessHook","filename":"subprocess.py","lineno":99}
{"timestamp":"2026-06-02T14:19:41.302745Z","level":"info","event":"26/06/02 14:19:41 INFO TaskSetManager: Starting task 0.0 in stage 17.0 (TID 101) (ac0ccb30c6a7, executor driver, partition 0, PROCESS_LOCAL, 9671 bytes)","logger":"airflow.task.hooks.airflow.providers.standard.hooks.subprocess.SubprocessHook","filename":"subprocess.py","lineno":99}
{"timestamp":"2026-06-02T14:19:41.303046Z","level":"info","event":"26/06/02 14:19:41 INFO TaskSetManager: Starting task 1.0 in stage 17.0 (TID 102) (ac0ccb30c6a7, executor driver, partition 1, PROCESS_LOCAL, 9671 bytes)","logger":"airflow.task.hooks.airflow.providers.standard.hooks.subprocess.SubprocessHook","filename":"subprocess.py","lineno":99}
{"timestamp":"2026-06-02T14:19:41.303384Z","level":"info","event":"26/06/02 14:19:41 INFO Executor: Running task 0.0 in stage 17.0 (TID 101)","logger":"airflow.task.hooks.airflow.providers.standard.hooks.subprocess.SubprocessHook","filename":"subprocess.py","lineno":99}
{"timestamp":"2026-06-02T14:19:41.303519Z","level":"info","event":"26/06/02 14:19:41 INFO Executor: Running task 1.0 in stage 17.0 (TID 102)","logger":"airflow.task.hooks.airflow.providers.standard.hooks.subprocess.SubprocessHook","filename":"subprocess.py","lineno":99}
{"timestamp":"2026-06-02T14:19:41.308816Z","level":"info","event":"26/06/02 14:19:41 INFO FileScanRDD: Reading File path: s3a://silver/forestry/_delta_log/00000000000000000001.json, range: 0-4535, partition values: [1]","logger":"airflow.task.hooks.airflow.providers.standard.hooks.subprocess.SubprocessHook","filename":"subprocess.py","lineno":99}
{"timestamp":"2026-06-02T14:19:41.309728Z","level":"info","event":"26/06/02 14:19:41 INFO FileScanRDD: Reading File path: s3a://silver/forestry/_delta_log/00000000000000000000.json, range: 0-1114, partition values: [0]","logger":"airflow.task.hooks.airflow.providers.standard.hooks.subprocess.SubprocessHook","filename":"subprocess.py","lineno":99}
{"timestamp":"2026-06-02T14:19:41.370160Z","level":"info","event":"26/06/02 14:19:41 INFO Executor: Finished task 1.0 in stage 17.0 (TID 102). 1958 bytes result sent to driver","logger":"airflow.task.hooks.airflow.providers.standard.hooks.subprocess.SubprocessHook","filename":"subprocess.py","lineno":99}
{"timestamp":"2026-06-02T14:19:41.370427Z","level":"info","event":"26/06/02 14:19:41 INFO Executor: Finished task 0.0 in stage 17.0 (TID 101). 1587 bytes result sent to driver","logger":"airflow.task.hooks.airflow.providers.standard.hooks.subprocess.SubprocessHook","filename":"subprocess.py","lineno":99}
{"timestamp":"2026-06-02T14:19:41.370625Z","level":"info","event":"26/06/02 14:19:41 INFO TaskSetManager: Finished task 1.0 in stage 17.0 (TID 102) in 68 ms on ac0ccb30c6a7 (executor driver) (1/2)","logger":"airflow.task.hooks.airflow.providers.standard.hooks.subprocess.SubprocessHook","filename":"subprocess.py","lineno":99}
{"timestamp":"2026-06-02T14:19:41.371105Z","level":"info","event":"26/06/02 14:19:41 INFO TaskSetManager: Finished task 0.0 in stage 17.0 (TID 101) in 69 ms on ac0ccb30c6a7 (executor driver) (2/2)","logger":"airflow.task.hooks.airflow.providers.standard.hooks.subprocess.SubprocessHook","filename":"subprocess.py","lineno":99}
{"timestamp":"2026-06-02T14:19:41.371258Z","level":"info","event":"26/06/02 14:19:41 INFO TaskSchedulerImpl: Removed TaskSet 17.0, whose tasks have all completed, from pool","logger":"airflow.task.hooks.airflow.providers.standard.hooks.subprocess.SubprocessHook","filename":"subprocess.py","lineno":99}
{"timestamp":"2026-06-02T14:19:41.372196Z","level":"info","event":"26/06/02 14:19:41 INFO DAGScheduler: ResultStage 17 ($anonfun$recordDeltaOperationInternal$1 at DatabricksLogging.scala:128) finished in 0.077 s","logger":"airflow.task.hooks.airflow.providers.standard.hooks.subprocess.SubprocessHook","filename":"subprocess.py","lineno":99}
{"timestamp":"2026-06-02T14:19:41.372444Z","level":"info","event":"26/06/02 14:19:41 INFO DAGScheduler: Job 17 is finished. Cancelling potential speculative or zombie tasks for this job","logger":"airflow.task.hooks.airflow.providers.standard.hooks.subprocess.SubprocessHook","filename":"subprocess.py","lineno":99}
{"timestamp":"2026-06-02T14:19:41.372538Z","level":"info","event":"26/06/02 14:19:41 INFO TaskSchedulerImpl: Killing all running tasks in stage 17: Stage finished","logger":"airflow.task.hooks.airflow.providers.standard.hooks.subprocess.SubprocessHook","filename":"subprocess.py","lineno":99}
{"timestamp":"2026-06-02T14:19:41.373026Z","level":"info","event":"26/06/02 14:19:41 INFO DAGScheduler: Job 17 finished: $anonfun$recordDeltaOperationInternal$1 at DatabricksLogging.scala:128, took 0.081609 s","logger":"airflow.task.hooks.airflow.providers.standard.hooks.subprocess.SubprocessHook","filename":"subprocess.py","lineno":99}
{"timestamp":"2026-06-02T14:19:41.393645Z","level":"info","event":"26/06/02 14:19:41 INFO Snapshot: [tableId=52ab094e-b4ff-4c10-a702-e0e566d608bf] Created snapshot Snapshot(path=s3a://silver/forestry/_delta_log, version=1, metadata=Metadata(52ab094e-b4ff-4c10-a702-e0e566d608bf,null,null,Format(parquet,Map()),{\"type\":\"struct\",\"fields\":[{\"name\":\"forestry_indicator\",\"type\":\"string\",\"nullable\":true,\"metadata\":{}},{\"name\":\"value\",\"type\":\"double\",\"nullable\":true,\"metadata\":{}},{\"name\":\"unit\",\"type\":\"string\",\"nullable\":true,\"metadata\":{}},{\"name\":\"quarter\",\"type\":\"integer\",\"nullable\":true,\"metadata\":{}},{\"name\":\"year\",\"type\":\"integer\",\"nullable\":true,\"metadata\":{}},{\"name\":\"ingest_at\",\"type\":\"timestamp\",\"nullable\":true,\"metadata\":{}}]},List(),Map(),Some(1780409955441)), logSegment=LogSegment(s3a://silver/forestry/_delta_log,1,ArrayBuffer(S3AFileStatus{path=s3a://silver/forestry/_delta_log/00000000000000000000.json; isDirectory=false; length=1114; replication=1; blocksize=33554432; modification_time=1780409955513; access_time=0; owner=spark; group=spark; permission=rw-rw-rw-; isSymlink=false; hasAcl=false; isEncrypted=true; isErasureCoded=false} isEmptyDirectory=FALSE eTag=b2b6fb11c0c0f5ba4dca4e5dc7bc9b5b versionId=null, S3AFileStatus{path=s3a://silver/forestry/_delta_log/00000000000000000001.json; isDirectory=false; length=4535; replication=1; blocksize=33554432; modification_time=1780409981000; access_time=0; owner=spark; group=spark; permission=rw-rw-rw-; isSymlink=false; hasAcl=false; isEncrypted=true; isErasureCoded=false} isEmptyDirectory=FALSE eTag=33dbdcf5aa967880987d85bfbbd6c761 versionId=null),org.apache.spark.sql.delta.EmptyCheckpointProvider$@5d464a10,1780409981000), checksumOpt=None)","logger":"airflow.task.hooks.airflow.providers.standard.hooks.subprocess.SubprocessHook","filename":"subprocess.py","lineno":99}
{"timestamp":"2026-06-02T14:19:41.394049Z","level":"info","event":"26/06/02 14:19:41 INFO DeltaLog: Updated snapshot to Snapshot(path=s3a://silver/forestry/_delta_log, version=1, metadata=Metadata(52ab094e-b4ff-4c10-a702-e0e566d608bf,null,null,Format(parquet,Map()),{\"type\":\"struct\",\"fields\":[{\"name\":\"forestry_indicator\",\"type\":\"string\",\"nullable\":true,\"metadata\":{}},{\"name\":\"value\",\"type\":\"double\",\"nullable\":true,\"metadata\":{}},{\"name\":\"unit\",\"type\":\"string\",\"nullable\":true,\"metadata\":{}},{\"name\":\"quarter\",\"type\":\"integer\",\"nullable\":true,\"metadata\":{}},{\"name\":\"year\",\"type\":\"integer\",\"nullable\":true,\"metadata\":{}},{\"name\":\"ingest_at\",\"type\":\"timestamp\",\"nullable\":true,\"metadata\":{}}]},List(),Map(),Some(1780409955441)), logSegment=LogSegment(s3a://silver/forestry/_delta_log,1,ArrayBuffer(S3AFileStatus{path=s3a://silver/forestry/_delta_log/00000000000000000000.json; isDirectory=false; length=1114; replication=1; blocksize=33554432; modification_time=1780409955513; access_time=0; owner=spark; group=spark; permission=rw-rw-rw-; isSymlink=false; hasAcl=false; isEncrypted=true; isErasureCoded=false} isEmptyDirectory=FALSE eTag=b2b6fb11c0c0f5ba4dca4e5dc7bc9b5b versionId=null, S3AFileStatus{path=s3a://silver/forestry/_delta_log/00000000000000000001.json; isDirectory=false; length=4535; replication=1; blocksize=33554432; modification_time=1780409981000; access_time=0; owner=spark; group=spark; permission=rw-rw-rw-; isSymlink=false; hasAcl=false; isEncrypted=true; isErasureCoded=false} isEmptyDirectory=FALSE eTag=33dbdcf5aa967880987d85bfbbd6c761 versionId=null),org.apache.spark.sql.delta.EmptyCheckpointProvider$@5d464a10,1780409981000), checksumOpt=None)","logger":"airflow.task.hooks.airflow.providers.standard.hooks.subprocess.SubprocessHook","filename":"subprocess.py","lineno":99}
{"timestamp":"2026-06-02T14:19:41.395236Z","level":"info","event":"26/06/02 14:19:41 INFO OptimisticTransaction: [tableId=52ab094e,txnId=2d3d0259] Committed delta #1 to s3a://silver/forestry/_delta_log","logger":"airflow.task.hooks.airflow.providers.standard.hooks.subprocess.SubprocessHook","filename":"subprocess.py","lineno":99}
{"timestamp":"2026-06-02T14:19:41.397197Z","level":"info","event":"26/06/02 14:19:41 INFO BlockManagerInfo: Removed broadcast_23_piece0 on ac0ccb30c6a7:35159 in memory (size: 17.2 KiB, free: 434.2 MiB)","logger":"airflow.task.hooks.airflow.providers.standard.hooks.subprocess.SubprocessHook","filename":"subprocess.py","lineno":99}
{"timestamp":"2026-06-02T14:19:41.397488Z","level":"info","event":"Tải dữ liệu vào table: forestry hoàn tất !!!!!!!! 2025 4","logger":"airflow.task.hooks.airflow.providers.standard.hooks.subprocess.SubprocessHook","filename":"subprocess.py","lineno":99}
{"timestamp":"2026-06-02T14:19:41.409592Z","level":"info","event":"Traceback (most recent call last):","logger":"airflow.task.hooks.airflow.providers.standard.hooks.subprocess.SubprocessHook","filename":"subprocess.py","lineno":99}
{"timestamp":"2026-06-02T14:19:41.410436Z","level":"info","event":"  File \"/opt/spark/apps/silver/Extract_Data_From_Excel_Reports.py\", line 945, in <module>","logger":"airflow.task.hooks.airflow.providers.standard.hooks.subprocess.SubprocessHook","filename":"subprocess.py","lineno":99}
{"timestamp":"2026-06-02T14:19:41.421960Z","level":"info","event":"    main_func()","logger":"airflow.task.hooks.airflow.providers.standard.hooks.subprocess.SubprocessHook","filename":"subprocess.py","lineno":99}
{"timestamp":"2026-06-02T14:19:41.422284Z","level":"info","event":"  File \"/opt/spark/apps/silver/Extract_Data_From_Excel_Reports.py\", line 941, in main_func","logger":"airflow.task.hooks.airflow.providers.standard.hooks.subprocess.SubprocessHook","filename":"subprocess.py","lineno":99}
{"timestamp":"2026-06-02T14:19:41.429460Z","level":"info","event":"    extract_data_for_Product_Productivity_fact(excel_file, year, month)","logger":"airflow.task.hooks.airflow.providers.standard.hooks.subprocess.SubprocessHook","filename":"subprocess.py","lineno":99}
{"timestamp":"2026-06-02T14:19:41.429694Z","level":"info","event":"  File \"/opt/spark/apps/silver/Extract_Data_From_Excel_Reports.py\", line 610, in extract_data_for_Product_Productivity_fact","logger":"airflow.task.hooks.airflow.providers.standard.hooks.subprocess.SubprocessHook","filename":"subprocess.py","lineno":99}
{"timestamp":"2026-06-02T14:19:41.434282Z","level":"info","event":"    idx = thuysan_sheet[thuysan_sheet['aquatic_type'].str.strip() == 'Nuôi trồng'].index[0]","logger":"airflow.task.hooks.airflow.providers.standard.hooks.subprocess.SubprocessHook","filename":"subprocess.py","lineno":99}
{"timestamp":"2026-06-02T14:19:41.434436Z","level":"info","event":"  File \"/usr/local/lib/python3.10/dist-packages/pandas/core/indexes/base.py\", line 5401, in __getitem__","logger":"airflow.task.hooks.airflow.providers.standard.hooks.subprocess.SubprocessHook","filename":"subprocess.py","lineno":99}
{"timestamp":"2026-06-02T14:19:41.444900Z","level":"info","event":"    return getitem(key)","logger":"airflow.task.hooks.airflow.providers.standard.hooks.subprocess.SubprocessHook","filename":"subprocess.py","lineno":99}
{"timestamp":"2026-06-02T14:19:41.445315Z","level":"info","event":"IndexError: index 0 is out of bounds for axis 0 with size 0","logger":"airflow.task.hooks.airflow.providers.standard.hooks.subprocess.SubprocessHook","filename":"subprocess.py","lineno":99}
{"timestamp":"2026-06-02T14:19:41.951900Z","level":"info","event":"26/06/02 14:19:41 INFO SparkContext: Invoking stop() from shutdown hook","logger":"airflow.task.hooks.airflow.providers.standard.hooks.subprocess.SubprocessHook","filename":"subprocess.py","lineno":99}
{"timestamp":"2026-06-02T14:19:41.952127Z","level":"info","event":"26/06/02 14:19:41 INFO SparkContext: SparkContext is stopping with exitCode 0.","logger":"airflow.task.hooks.airflow.providers.standard.hooks.subprocess.SubprocessHook","filename":"subprocess.py","lineno":99}
{"timestamp":"2026-06-02T14:19:41.967804Z","level":"info","event":"26/06/02 14:19:41 INFO SparkUI: Stopped Spark web UI at http://ac0ccb30c6a7:4040","logger":"airflow.task.hooks.airflow.providers.standard.hooks.subprocess.SubprocessHook","filename":"subprocess.py","lineno":99}
{"timestamp":"2026-06-02T14:19:42.005355Z","level":"info","event":"26/06/02 14:19:42 INFO MapOutputTrackerMasterEndpoint: MapOutputTrackerMasterEndpoint stopped!","logger":"airflow.task.hooks.airflow.providers.standard.hooks.subprocess.SubprocessHook","filename":"subprocess.py","lineno":99}
{"timestamp":"2026-06-02T14:19:42.036468Z","level":"info","event":"26/06/02 14:19:42 INFO MemoryStore: MemoryStore cleared","logger":"airflow.task.hooks.airflow.providers.standard.hooks.subprocess.SubprocessHook","filename":"subprocess.py","lineno":99}
{"timestamp":"2026-06-02T14:19:42.036720Z","level":"info","event":"26/06/02 14:19:42 INFO BlockManager: BlockManager stopped","logger":"airflow.task.hooks.airflow.providers.standard.hooks.subprocess.SubprocessHook","filename":"subprocess.py","lineno":99}
{"timestamp":"2026-06-02T14:19:42.040436Z","level":"info","event":"26/06/02 14:19:42 INFO BlockManagerMaster: BlockManagerMaster stopped","logger":"airflow.task.hooks.airflow.providers.standard.hooks.subprocess.SubprocessHook","filename":"subprocess.py","lineno":99}
{"timestamp":"2026-06-02T14:19:42.049112Z","level":"info","event":"26/06/02 14:19:42 INFO OutputCommitCoordinator$OutputCommitCoordinatorEndpoint: OutputCommitCoordinator stopped!","logger":"airflow.task.hooks.airflow.providers.standard.hooks.subprocess.SubprocessHook","filename":"subprocess.py","lineno":99}
{"timestamp":"2026-06-02T14:19:42.079883Z","level":"info","event":"26/06/02 14:19:42 INFO SparkContext: Successfully stopped SparkContext","logger":"airflow.task.hooks.airflow.providers.standard.hooks.subprocess.SubprocessHook","filename":"subprocess.py","lineno":99}
{"timestamp":"2026-06-02T14:19:42.080649Z","level":"info","event":"26/06/02 14:19:42 INFO ShutdownHookManager: Shutdown hook called","logger":"airflow.task.hooks.airflow.providers.standard.hooks.subprocess.SubprocessHook","filename":"subprocess.py","lineno":99}
{"timestamp":"2026-06-02T14:19:42.081308Z","level":"info","event":"26/06/02 14:19:42 INFO ShutdownHookManager: Deleting directory /tmp/spark-afc3aed8-fb25-4958-9607-c8306f46c413","logger":"airflow.task.hooks.airflow.providers.standard.hooks.subprocess.SubprocessHook","filename":"subprocess.py","lineno":99}
{"timestamp":"2026-06-02T14:19:42.086888Z","level":"info","event":"26/06/02 14:19:42 INFO ShutdownHookManager: Deleting directory /tmp/spark-afc3aed8-fb25-4958-9607-c8306f46c413/pyspark-07c7b82e-8112-4f49-b402-8ac8609c7414","logger":"airflow.task.hooks.airflow.providers.standard.hooks.subprocess.SubprocessHook","filename":"subprocess.py","lineno":99}
{"timestamp":"2026-06-02T14:19:42.091480Z","level":"info","event":"26/06/02 14:19:42 INFO ShutdownHookManager: Deleting directory /tmp/spark-2078ff52-aa2d-413c-9e28-376a9f11bc9a","logger":"airflow.task.hooks.airflow.providers.standard.hooks.subprocess.SubprocessHook","filename":"subprocess.py","lineno":99}
{"timestamp":"2026-06-02T14:19:42.123012Z","level":"info","event":"26/06/02 14:19:42 INFO MetricsSystemImpl: Stopping s3a-file-system metrics system...","logger":"airflow.task.hooks.airflow.providers.standard.hooks.subprocess.SubprocessHook","filename":"subprocess.py","lineno":99}
{"timestamp":"2026-06-02T14:19:42.123275Z","level":"info","event":"26/06/02 14:19:42 INFO MetricsSystemImpl: s3a-file-system metrics system stopped.","logger":"airflow.task.hooks.airflow.providers.standard.hooks.subprocess.SubprocessHook","filename":"subprocess.py","lineno":99}
{"timestamp":"2026-06-02T14:19:42.123347Z","level":"info","event":"26/06/02 14:19:42 INFO MetricsSystemImpl: s3a-file-system metrics system shutdown complete.","logger":"airflow.task.hooks.airflow.providers.standard.hooks.subprocess.SubprocessHook","filename":"subprocess.py","lineno":99}
{"timestamp":"2026-06-02T14:19:42.242829Z","level":"info","event":"Command exited with return code 1","logger":"airflow.task.hooks.airflow.providers.standard.hooks.subprocess.SubprocessHook","filename":"subprocess.py","lineno":103}
{"timestamp":"2026-06-02T14:19:42.244369Z","level":"error","event":"Task failed with exception","logger":"task","filename":"task_runner.py","lineno":1325,"error_detail":[{"exc_type":"AirflowException","exc_value":"Bash command failed. The command returned a non-zero exit code 1.","exc_notes":[],"syntax_error":null,"is_cause":false,"frames":[{"filename":"/home/airflow/.local/lib/python3.13/site-packages/airflow/sdk/execution_time/task_runner.py","lineno":1263,"name":"run"},{"filename":"/home/airflow/.local/lib/python3.13/site-packages/airflow/sdk/execution_time/task_runner.py","lineno":1678,"name":"_execute_task"},{"filename":"/home/airflow/.local/lib/python3.13/site-packages/airflow/sdk/bases/operator.py","lineno":443,"name":"wrapper"},{"filename":"/home/airflow/.local/lib/python3.13/site-packages/airflow/providers/standard/operators/bash.py","lineno":226,"name":"execute"}],"is_group":false,"exceptions":[]}]}
