{"timestamp":"2026-06-02T14:53:42.825194Z","level":"info","event":"DAG bundles loaded: dags-folder","logger":"airflow.dag_processing.bundles.manager.DagBundlesManager","filename":"manager.py","lineno":209}
{"timestamp":"2026-06-02T14:53:42.826943Z","level":"info","event":"Filling up the DagBag from /opt/airflow/dags/init_report_data_dag.py","logger":"airflow.dag_processing.dagbag.BundleDagBag","filename":"dagbag.py","lineno":469}
{"timestamp":"2026-06-02T14:53:42.839705Z","level":"warning","event":"The `airflow.operators.python.PythonOperator` attribute is deprecated. Please use `'airflow.providers.standard.operators.python.PythonOperator'`.","category":"UserWarning","filename":"/opt/airflow/dags/init_report_data_dag.py","lineno":2,"logger":"py.warnings"}
{"timestamp":"2026-06-02T14:53:42.839856Z","level":"warning","event":"The `airflow.operators.bash.BashOperator` attribute is deprecated. Please use `'airflow.providers.standard.operators.bash.BashOperator'`.","category":"UserWarning","filename":"/opt/airflow/dags/init_report_data_dag.py","lineno":3,"logger":"py.warnings"}
{"timestamp":"2026-06-02T14:53:42.860156Z","level":"info","event":"Tmp dir root location: /tmp","logger":"airflow.task.hooks.airflow.providers.standard.hooks.subprocess.SubprocessHook","filename":"subprocess.py","lineno":78}
{"timestamp":"2026-06-02T14:53:42.860774Z","level":"info","event":"Running command: ['/usr/bin/bash', '-c', 'docker exec spark-master /opt/spark/bin/spark-submit silver/Extract_Data_From_Excel_Reports.py']","logger":"airflow.task.hooks.airflow.providers.standard.hooks.subprocess.SubprocessHook","filename":"subprocess.py","lineno":80}
{"timestamp":"2026-06-02T14:53:42.861327Z","level":"info","event":"Output:","logger":"airflow.task.hooks.airflow.providers.standard.hooks.subprocess.SubprocessHook","filename":"subprocess.py","lineno":92}
{"timestamp":"2026-06-02T14:53:45.320591Z","level":"info","event":"/opt/spark/python/lib/pyspark.zip/pyspark/pandas/__init__.py:50: UserWarning: 'PYARROW_IGNORE_TIMEZONE' environment variable was not set. It is required to set this environment variable to '1' in both driver and executor sides if you use pyarrow>=2.0.0. pandas-on-Spark will set it for you but it does not work if there is a Spark context already launched.","logger":"airflow.task.hooks.airflow.providers.standard.hooks.subprocess.SubprocessHook","filename":"subprocess.py","lineno":99}
{"timestamp":"2026-06-02T14:53:46.082320Z","level":"info","event":"26/06/02 14:53:46 INFO SparkContext: Running Spark version 3.5.8","logger":"airflow.task.hooks.airflow.providers.standard.hooks.subprocess.SubprocessHook","filename":"subprocess.py","lineno":99}
{"timestamp":"2026-06-02T14:53:46.084566Z","level":"info","event":"26/06/02 14:53:46 INFO SparkContext: OS info Linux, 6.6.87.2-microsoft-standard-WSL2, amd64","logger":"airflow.task.hooks.airflow.providers.standard.hooks.subprocess.SubprocessHook","filename":"subprocess.py","lineno":99}
{"timestamp":"2026-06-02T14:53:46.084860Z","level":"info","event":"26/06/02 14:53:46 INFO SparkContext: Java version 11.0.29","logger":"airflow.task.hooks.airflow.providers.standard.hooks.subprocess.SubprocessHook","filename":"subprocess.py","lineno":99}
{"timestamp":"2026-06-02T14:53:46.151411Z","level":"info","event":"26/06/02 14:53:46 WARN NativeCodeLoader: Unable to load native-hadoop library for your platform... using builtin-java classes where applicable","logger":"airflow.task.hooks.airflow.providers.standard.hooks.subprocess.SubprocessHook","filename":"subprocess.py","lineno":99}
{"timestamp":"2026-06-02T14:53:46.244120Z","level":"info","event":"26/06/02 14:53:46 INFO ResourceUtils: ==============================================================","logger":"airflow.task.hooks.airflow.providers.standard.hooks.subprocess.SubprocessHook","filename":"subprocess.py","lineno":99}
{"timestamp":"2026-06-02T14:53:46.244376Z","level":"info","event":"26/06/02 14:53:46 INFO ResourceUtils: No custom resources configured for spark.driver.","logger":"airflow.task.hooks.airflow.providers.standard.hooks.subprocess.SubprocessHook","filename":"subprocess.py","lineno":99}
{"timestamp":"2026-06-02T14:53:46.244463Z","level":"info","event":"26/06/02 14:53:46 INFO ResourceUtils: ==============================================================","logger":"airflow.task.hooks.airflow.providers.standard.hooks.subprocess.SubprocessHook","filename":"subprocess.py","lineno":99}
{"timestamp":"2026-06-02T14:53:46.244524Z","level":"info","event":"26/06/02 14:53:46 INFO SparkContext: Submitted application: Delta-MinIO","logger":"airflow.task.hooks.airflow.providers.standard.hooks.subprocess.SubprocessHook","filename":"subprocess.py","lineno":99}
{"timestamp":"2026-06-02T14:53:46.266141Z","level":"info","event":"26/06/02 14:53:46 INFO ResourceProfile: Default ResourceProfile created, executor resources: Map(cores -> name: cores, amount: 1, script: , vendor: , memory -> name: memory, amount: 1024, script: , vendor: , offHeap -> name: offHeap, amount: 0, script: , vendor: ), task resources: Map(cpus -> name: cpus, amount: 1.0)","logger":"airflow.task.hooks.airflow.providers.standard.hooks.subprocess.SubprocessHook","filename":"subprocess.py","lineno":99}
{"timestamp":"2026-06-02T14:53:46.276616Z","level":"info","event":"26/06/02 14:53:46 INFO ResourceProfile: Limiting resource is cpu","logger":"airflow.task.hooks.airflow.providers.standard.hooks.subprocess.SubprocessHook","filename":"subprocess.py","lineno":99}
{"timestamp":"2026-06-02T14:53:46.276801Z","level":"info","event":"26/06/02 14:53:46 INFO ResourceProfileManager: Added ResourceProfile id: 0","logger":"airflow.task.hooks.airflow.providers.standard.hooks.subprocess.SubprocessHook","filename":"subprocess.py","lineno":99}
{"timestamp":"2026-06-02T14:53:46.326584Z","level":"info","event":"26/06/02 14:53:46 INFO SecurityManager: Changing view acls to: spark","logger":"airflow.task.hooks.airflow.providers.standard.hooks.subprocess.SubprocessHook","filename":"subprocess.py","lineno":99}
{"timestamp":"2026-06-02T14:53:46.326976Z","level":"info","event":"26/06/02 14:53:46 INFO SecurityManager: Changing modify acls to: spark","logger":"airflow.task.hooks.airflow.providers.standard.hooks.subprocess.SubprocessHook","filename":"subprocess.py","lineno":99}
{"timestamp":"2026-06-02T14:53:46.327175Z","level":"info","event":"26/06/02 14:53:46 INFO SecurityManager: Changing view acls groups to:","logger":"airflow.task.hooks.airflow.providers.standard.hooks.subprocess.SubprocessHook","filename":"subprocess.py","lineno":99}
{"timestamp":"2026-06-02T14:53:46.328033Z","level":"info","event":"26/06/02 14:53:46 INFO SecurityManager: Changing modify acls groups to:","logger":"airflow.task.hooks.airflow.providers.standard.hooks.subprocess.SubprocessHook","filename":"subprocess.py","lineno":99}
{"timestamp":"2026-06-02T14:53:46.328404Z","level":"info","event":"26/06/02 14:53:46 INFO SecurityManager: SecurityManager: authentication disabled; ui acls disabled; users with view permissions: spark; groups with view permissions: EMPTY; users with modify permissions: spark; groups with modify permissions: EMPTY","logger":"airflow.task.hooks.airflow.providers.standard.hooks.subprocess.SubprocessHook","filename":"subprocess.py","lineno":99}
{"timestamp":"2026-06-02T14:53:46.565999Z","level":"info","event":"26/06/02 14:53:46 INFO Utils: Successfully started service 'sparkDriver' on port 42577.","logger":"airflow.task.hooks.airflow.providers.standard.hooks.subprocess.SubprocessHook","filename":"subprocess.py","lineno":99}
{"timestamp":"2026-06-02T14:53:46.602747Z","level":"info","event":"26/06/02 14:53:46 INFO SparkEnv: Registering MapOutputTracker","logger":"airflow.task.hooks.airflow.providers.standard.hooks.subprocess.SubprocessHook","filename":"subprocess.py","lineno":99}
{"timestamp":"2026-06-02T14:53:46.641371Z","level":"info","event":"26/06/02 14:53:46 INFO SparkEnv: Registering BlockManagerMaster","logger":"airflow.task.hooks.airflow.providers.standard.hooks.subprocess.SubprocessHook","filename":"subprocess.py","lineno":99}
{"timestamp":"2026-06-02T14:53:46.657205Z","level":"info","event":"26/06/02 14:53:46 INFO BlockManagerMasterEndpoint: Using org.apache.spark.storage.DefaultTopologyMapper for getting topology information","logger":"airflow.task.hooks.airflow.providers.standard.hooks.subprocess.SubprocessHook","filename":"subprocess.py","lineno":99}
{"timestamp":"2026-06-02T14:53:46.658275Z","level":"info","event":"26/06/02 14:53:46 INFO BlockManagerMasterEndpoint: BlockManagerMasterEndpoint up","logger":"airflow.task.hooks.airflow.providers.standard.hooks.subprocess.SubprocessHook","filename":"subprocess.py","lineno":99}
{"timestamp":"2026-06-02T14:53:46.663187Z","level":"info","event":"26/06/02 14:53:46 INFO SparkEnv: Registering BlockManagerMasterHeartbeat","logger":"airflow.task.hooks.airflow.providers.standard.hooks.subprocess.SubprocessHook","filename":"subprocess.py","lineno":99}
{"timestamp":"2026-06-02T14:53:46.682957Z","level":"info","event":"26/06/02 14:53:46 INFO DiskBlockManager: Created local directory at /tmp/blockmgr-deb7760f-e387-4ec0-9783-2b9f013f1afc","logger":"airflow.task.hooks.airflow.providers.standard.hooks.subprocess.SubprocessHook","filename":"subprocess.py","lineno":99}
{"timestamp":"2026-06-02T14:53:46.697614Z","level":"info","event":"26/06/02 14:53:46 INFO MemoryStore: MemoryStore started with capacity 434.4 MiB","logger":"airflow.task.hooks.airflow.providers.standard.hooks.subprocess.SubprocessHook","filename":"subprocess.py","lineno":99}
{"timestamp":"2026-06-02T14:53:46.710909Z","level":"info","event":"26/06/02 14:53:46 INFO SparkEnv: Registering OutputCommitCoordinator","logger":"airflow.task.hooks.airflow.providers.standard.hooks.subprocess.SubprocessHook","filename":"subprocess.py","lineno":99}
{"timestamp":"2026-06-02T14:53:46.837923Z","level":"info","event":"26/06/02 14:53:46 INFO JettyUtils: Start Jetty 0.0.0.0:4040 for SparkUI","logger":"airflow.task.hooks.airflow.providers.standard.hooks.subprocess.SubprocessHook","filename":"subprocess.py","lineno":99}
{"timestamp":"2026-06-02T14:53:46.910502Z","level":"info","event":"26/06/02 14:53:46 INFO Utils: Successfully started service 'SparkUI' on port 4040.","logger":"airflow.task.hooks.airflow.providers.standard.hooks.subprocess.SubprocessHook","filename":"subprocess.py","lineno":99}
{"timestamp":"2026-06-02T14:53:47.025217Z","level":"info","event":"26/06/02 14:53:47 INFO Executor: Starting executor ID driver on host ac0ccb30c6a7","logger":"airflow.task.hooks.airflow.providers.standard.hooks.subprocess.SubprocessHook","filename":"subprocess.py","lineno":99}
{"timestamp":"2026-06-02T14:53:47.025383Z","level":"info","event":"26/06/02 14:53:47 INFO Executor: OS info Linux, 6.6.87.2-microsoft-standard-WSL2, amd64","logger":"airflow.task.hooks.airflow.providers.standard.hooks.subprocess.SubprocessHook","filename":"subprocess.py","lineno":99}
{"timestamp":"2026-06-02T14:53:47.025735Z","level":"info","event":"26/06/02 14:53:47 INFO Executor: Java version 11.0.29","logger":"airflow.task.hooks.airflow.providers.standard.hooks.subprocess.SubprocessHook","filename":"subprocess.py","lineno":99}
{"timestamp":"2026-06-02T14:53:47.031901Z","level":"info","event":"26/06/02 14:53:47 INFO Executor: Starting executor with user classpath (userClassPathFirst = false): ''","logger":"airflow.task.hooks.airflow.providers.standard.hooks.subprocess.SubprocessHook","filename":"subprocess.py","lineno":99}
{"timestamp":"2026-06-02T14:53:47.032821Z","level":"info","event":"26/06/02 14:53:47 INFO Executor: Created or updated repl class loader org.apache.spark.util.MutableURLClassLoader@74dcef2c for default.","logger":"airflow.task.hooks.airflow.providers.standard.hooks.subprocess.SubprocessHook","filename":"subprocess.py","lineno":99}
{"timestamp":"2026-06-02T14:53:47.061905Z","level":"info","event":"26/06/02 14:53:47 INFO Utils: Successfully started service 'org.apache.spark.network.netty.NettyBlockTransferService' on port 44397.","logger":"airflow.task.hooks.airflow.providers.standard.hooks.subprocess.SubprocessHook","filename":"subprocess.py","lineno":99}
{"timestamp":"2026-06-02T14:53:47.062149Z","level":"info","event":"26/06/02 14:53:47 INFO NettyBlockTransferService: Server created on ac0ccb30c6a7:44397","logger":"airflow.task.hooks.airflow.providers.standard.hooks.subprocess.SubprocessHook","filename":"subprocess.py","lineno":99}
{"timestamp":"2026-06-02T14:53:47.064355Z","level":"info","event":"26/06/02 14:53:47 INFO BlockManager: Using org.apache.spark.storage.RandomBlockReplicationPolicy for block replication policy","logger":"airflow.task.hooks.airflow.providers.standard.hooks.subprocess.SubprocessHook","filename":"subprocess.py","lineno":99}
{"timestamp":"2026-06-02T14:53:47.071631Z","level":"info","event":"26/06/02 14:53:47 INFO BlockManagerMaster: Registering BlockManager BlockManagerId(driver, ac0ccb30c6a7, 44397, None)","logger":"airflow.task.hooks.airflow.providers.standard.hooks.subprocess.SubprocessHook","filename":"subprocess.py","lineno":99}
{"timestamp":"2026-06-02T14:53:47.075650Z","level":"info","event":"26/06/02 14:53:47 INFO BlockManagerMasterEndpoint: Registering block manager ac0ccb30c6a7:44397 with 434.4 MiB RAM, BlockManagerId(driver, ac0ccb30c6a7, 44397, None)","logger":"airflow.task.hooks.airflow.providers.standard.hooks.subprocess.SubprocessHook","filename":"subprocess.py","lineno":99}
{"timestamp":"2026-06-02T14:53:47.078404Z","level":"info","event":"26/06/02 14:53:47 INFO BlockManagerMaster: Registered BlockManager BlockManagerId(driver, ac0ccb30c6a7, 44397, None)","logger":"airflow.task.hooks.airflow.providers.standard.hooks.subprocess.SubprocessHook","filename":"subprocess.py","lineno":99}
{"timestamp":"2026-06-02T14:53:47.079194Z","level":"info","event":"26/06/02 14:53:47 INFO BlockManager: Initialized BlockManager: BlockManagerId(driver, ac0ccb30c6a7, 44397, None)","logger":"airflow.task.hooks.airflow.providers.standard.hooks.subprocess.SubprocessHook","filename":"subprocess.py","lineno":99}
{"timestamp":"2026-06-02T14:53:47.469523Z","level":"info","event":"Dang lay danh sach duong dan file excel trong bucket = bronze, prefix = economic_report_excel_files/","logger":"airflow.task.hooks.airflow.providers.standard.hooks.subprocess.SubprocessHook","filename":"subprocess.py","lineno":99}
{"timestamp":"2026-06-02T14:53:47.469680Z","level":"info","event":"GET FILE EXCEL PATHS SUCCESSFULLY !!!!","logger":"airflow.task.hooks.airflow.providers.standard.hooks.subprocess.SubprocessHook","filename":"subprocess.py","lineno":99}
{"timestamp":"2026-06-02T14:53:47.739921Z","level":"info","event":"duyệt qua từng đường dẫn đọc file và trích xuất dữ liệu","logger":"airflow.task.hooks.airflow.providers.standard.hooks.subprocess.SubprocessHook","filename":"subprocess.py","lineno":99}
{"timestamp":"2026-06-02T14:53:47.740267Z","level":"info","event":"FILE EXCEL: YEAR : 2025, MONTH = 12","logger":"airflow.task.hooks.airflow.providers.standard.hooks.subprocess.SubprocessHook","filename":"subprocess.py","lineno":99}
{"timestamp":"2026-06-02T14:53:47.746301Z","level":"info","event":"-1","logger":"airflow.task.hooks.airflow.providers.standard.hooks.subprocess.SubprocessHook","filename":"subprocess.py","lineno":99}
{"timestamp":"2026-06-02T14:53:47.750139Z","level":"info","event":"-1","logger":"airflow.task.hooks.airflow.providers.standard.hooks.subprocess.SubprocessHook","filename":"subprocess.py","lineno":99}
{"timestamp":"2026-06-02T14:53:47.758125Z","level":"info","event":"-1","logger":"airflow.task.hooks.airflow.providers.standard.hooks.subprocess.SubprocessHook","filename":"subprocess.py","lineno":99}
{"timestamp":"2026-06-02T14:53:47.761511Z","level":"info","event":"-1","logger":"airflow.task.hooks.airflow.providers.standard.hooks.subprocess.SubprocessHook","filename":"subprocess.py","lineno":99}
{"timestamp":"2026-06-02T14:53:47.766042Z","level":"info","event":"-1","logger":"airflow.task.hooks.airflow.providers.standard.hooks.subprocess.SubprocessHook","filename":"subprocess.py","lineno":99}
{"timestamp":"2026-06-02T14:53:47.768968Z","level":"info","event":"-1","logger":"airflow.task.hooks.airflow.providers.standard.hooks.subprocess.SubprocessHook","filename":"subprocess.py","lineno":99}
{"timestamp":"2026-06-02T14:53:47.771162Z","level":"info","event":"-1","logger":"airflow.task.hooks.airflow.providers.standard.hooks.subprocess.SubprocessHook","filename":"subprocess.py","lineno":99}
{"timestamp":"2026-06-02T14:53:47.773691Z","level":"info","event":"-1","logger":"airflow.task.hooks.airflow.providers.standard.hooks.subprocess.SubprocessHook","filename":"subprocess.py","lineno":99}
{"timestamp":"2026-06-02T14:53:47.776097Z","level":"info","event":"-1","logger":"airflow.task.hooks.airflow.providers.standard.hooks.subprocess.SubprocessHook","filename":"subprocess.py","lineno":99}
{"timestamp":"2026-06-02T14:53:47.781600Z","level":"info","event":"-1","logger":"airflow.task.hooks.airflow.providers.standard.hooks.subprocess.SubprocessHook","filename":"subprocess.py","lineno":99}
{"timestamp":"2026-06-02T14:53:47.785643Z","level":"info","event":"-1","logger":"airflow.task.hooks.airflow.providers.standard.hooks.subprocess.SubprocessHook","filename":"subprocess.py","lineno":99}
{"timestamp":"2026-06-02T14:53:47.790210Z","level":"info","event":"11","logger":"airflow.task.hooks.airflow.providers.standard.hooks.subprocess.SubprocessHook","filename":"subprocess.py","lineno":99}
{"timestamp":"2026-06-02T14:53:47.824627Z","level":"info","event":"Bắt đầu insert dữ liệu vào SILVER layer","logger":"airflow.task.hooks.airflow.providers.standard.hooks.subprocess.SubprocessHook","filename":"subprocess.py","lineno":99}
{"timestamp":"2026-06-02T14:53:47.880878Z","level":"info","event":"26/06/02 14:53:47 INFO SharedState: Setting hive.metastore.warehouse.dir ('null') to the value of spark.sql.warehouse.dir.","logger":"airflow.task.hooks.airflow.providers.standard.hooks.subprocess.SubprocessHook","filename":"subprocess.py","lineno":99}
{"timestamp":"2026-06-02T14:53:48.002323Z","level":"info","event":"26/06/02 14:53:48 WARN MetricsConfig: Cannot locate configuration: tried hadoop-metrics2-s3a-file-system.properties,hadoop-metrics2.properties","logger":"airflow.task.hooks.airflow.providers.standard.hooks.subprocess.SubprocessHook","filename":"subprocess.py","lineno":99}
{"timestamp":"2026-06-02T14:53:48.014055Z","level":"info","event":"26/06/02 14:53:48 INFO MetricsSystemImpl: Scheduled Metric snapshot period at 10 second(s).","logger":"airflow.task.hooks.airflow.providers.standard.hooks.subprocess.SubprocessHook","filename":"subprocess.py","lineno":99}
{"timestamp":"2026-06-02T14:53:48.014334Z","level":"info","event":"26/06/02 14:53:48 INFO MetricsSystemImpl: s3a-file-system metrics system started","logger":"airflow.task.hooks.airflow.providers.standard.hooks.subprocess.SubprocessHook","filename":"subprocess.py","lineno":99}
{"timestamp":"2026-06-02T14:53:48.729035Z","level":"info","event":"26/06/02 14:53:48 INFO SharedState: Warehouse path is 's3a://warehouse/'.","logger":"airflow.task.hooks.airflow.providers.standard.hooks.subprocess.SubprocessHook","filename":"subprocess.py","lineno":99}
{"timestamp":"2026-06-02T14:53:50.419243Z","level":"info","event":"root","logger":"airflow.task.hooks.airflow.providers.standard.hooks.subprocess.SubprocessHook","filename":"subprocess.py","lineno":99}
{"timestamp":"2026-06-02T14:53:50.419480Z","level":"info","event":" |-- product_name: string (nullable = true)","logger":"airflow.task.hooks.airflow.providers.standard.hooks.subprocess.SubprocessHook","filename":"subprocess.py","lineno":99}
{"timestamp":"2026-06-02T14:53:50.419572Z","level":"info","event":" |-- unit: string (nullable = true)","logger":"airflow.task.hooks.airflow.providers.standard.hooks.subprocess.SubprocessHook","filename":"subprocess.py","lineno":99}
{"timestamp":"2026-06-02T14:53:50.419645Z","level":"info","event":" |-- value: double (nullable = true)","logger":"airflow.task.hooks.airflow.providers.standard.hooks.subprocess.SubprocessHook","filename":"subprocess.py","lineno":99}
{"timestamp":"2026-06-02T14:53:50.419706Z","level":"info","event":" |-- month: long (nullable = true)","logger":"airflow.task.hooks.airflow.providers.standard.hooks.subprocess.SubprocessHook","filename":"subprocess.py","lineno":99}
{"timestamp":"2026-06-02T14:53:50.419764Z","level":"info","event":" |-- quarter: integer (nullable = true)","logger":"airflow.task.hooks.airflow.providers.standard.hooks.subprocess.SubprocessHook","filename":"subprocess.py","lineno":99}
{"timestamp":"2026-06-02T14:53:50.419823Z","level":"info","event":" |-- year: integer (nullable = true)","logger":"airflow.task.hooks.airflow.providers.standard.hooks.subprocess.SubprocessHook","filename":"subprocess.py","lineno":99}
{"timestamp":"2026-06-02T14:53:50.419876Z","level":"info","event":" |-- ingest_at: timestamp (nullable = true)","logger":"airflow.task.hooks.airflow.providers.standard.hooks.subprocess.SubprocessHook","filename":"subprocess.py","lineno":99}
{"timestamp":"2026-06-02T14:53:50.419931Z","level":"info","event":"","logger":"airflow.task.hooks.airflow.providers.standard.hooks.subprocess.SubprocessHook","filename":"subprocess.py","lineno":99}
{"timestamp":"2026-06-02T14:53:50.419988Z","level":"info","event":"Đang tải dữ liệu vào SILVER.Industry_product !!!!!","logger":"airflow.task.hooks.airflow.providers.standard.hooks.subprocess.SubprocessHook","filename":"subprocess.py","lineno":99}
{"timestamp":"2026-06-02T14:53:51.277570Z","level":"info","event":"26/06/02 14:53:51 INFO CodeGenerator: Code generated in 150.471663 ms","logger":"airflow.task.hooks.airflow.providers.standard.hooks.subprocess.SubprocessHook","filename":"subprocess.py","lineno":99}
{"timestamp":"2026-06-02T14:53:51.325780Z","level":"info","event":"26/06/02 14:53:51 INFO SparkContext: Starting job: showString at NativeMethodAccessorImpl.java:0","logger":"airflow.task.hooks.airflow.providers.standard.hooks.subprocess.SubprocessHook","filename":"subprocess.py","lineno":99}
{"timestamp":"2026-06-02T14:53:51.337147Z","level":"info","event":"26/06/02 14:53:51 INFO DAGScheduler: Got job 0 (showString at NativeMethodAccessorImpl.java:0) with 1 output partitions","logger":"airflow.task.hooks.airflow.providers.standard.hooks.subprocess.SubprocessHook","filename":"subprocess.py","lineno":99}
{"timestamp":"2026-06-02T14:53:51.337301Z","level":"info","event":"26/06/02 14:53:51 INFO DAGScheduler: Final stage: ResultStage 0 (showString at NativeMethodAccessorImpl.java:0)","logger":"airflow.task.hooks.airflow.providers.standard.hooks.subprocess.SubprocessHook","filename":"subprocess.py","lineno":99}
{"timestamp":"2026-06-02T14:53:51.337991Z","level":"info","event":"26/06/02 14:53:51 INFO DAGScheduler: Parents of final stage: List()","logger":"airflow.task.hooks.airflow.providers.standard.hooks.subprocess.SubprocessHook","filename":"subprocess.py","lineno":99}
{"timestamp":"2026-06-02T14:53:51.341319Z","level":"info","event":"26/06/02 14:53:51 INFO DAGScheduler: Missing parents: List()","logger":"airflow.task.hooks.airflow.providers.standard.hooks.subprocess.SubprocessHook","filename":"subprocess.py","lineno":99}
{"timestamp":"2026-06-02T14:53:51.344210Z","level":"info","event":"26/06/02 14:53:51 INFO DAGScheduler: Submitting ResultStage 0 (MapPartitionsRDD[6] at showString at NativeMethodAccessorImpl.java:0), which has no missing parents","logger":"airflow.task.hooks.airflow.providers.standard.hooks.subprocess.SubprocessHook","filename":"subprocess.py","lineno":99}
{"timestamp":"2026-06-02T14:53:51.436319Z","level":"info","event":"26/06/02 14:53:51 INFO MemoryStore: Block broadcast_0 stored as values in memory (estimated size 15.8 KiB, free 434.4 MiB)","logger":"airflow.task.hooks.airflow.providers.standard.hooks.subprocess.SubprocessHook","filename":"subprocess.py","lineno":99}
{"timestamp":"2026-06-02T14:53:51.476954Z","level":"info","event":"26/06/02 14:53:51 INFO MemoryStore: Block broadcast_0_piece0 stored as bytes in memory (estimated size 7.7 KiB, free 434.4 MiB)","logger":"airflow.task.hooks.airflow.providers.standard.hooks.subprocess.SubprocessHook","filename":"subprocess.py","lineno":99}
{"timestamp":"2026-06-02T14:53:51.484702Z","level":"info","event":"26/06/02 14:53:51 INFO BlockManagerInfo: Added broadcast_0_piece0 in memory on ac0ccb30c6a7:44397 (size: 7.7 KiB, free: 434.4 MiB)","logger":"airflow.task.hooks.airflow.providers.standard.hooks.subprocess.SubprocessHook","filename":"subprocess.py","lineno":99}
{"timestamp":"2026-06-02T14:53:51.488310Z","level":"info","event":"26/06/02 14:53:51 INFO SparkContext: Created broadcast 0 from broadcast at DAGScheduler.scala:1611","logger":"airflow.task.hooks.airflow.providers.standard.hooks.subprocess.SubprocessHook","filename":"subprocess.py","lineno":99}
{"timestamp":"2026-06-02T14:53:51.504135Z","level":"info","event":"26/06/02 14:53:51 INFO DAGScheduler: Submitting 1 missing tasks from ResultStage 0 (MapPartitionsRDD[6] at showString at NativeMethodAccessorImpl.java:0) (first 15 tasks are for partitions Vector(0))","logger":"airflow.task.hooks.airflow.providers.standard.hooks.subprocess.SubprocessHook","filename":"subprocess.py","lineno":99}
{"timestamp":"2026-06-02T14:53:51.505210Z","level":"info","event":"26/06/02 14:53:51 INFO TaskSchedulerImpl: Adding task set 0.0 with 1 tasks resource profile 0","logger":"airflow.task.hooks.airflow.providers.standard.hooks.subprocess.SubprocessHook","filename":"subprocess.py","lineno":99}
{"timestamp":"2026-06-02T14:53:51.541688Z","level":"info","event":"26/06/02 14:53:51 INFO TaskSetManager: Starting task 0.0 in stage 0.0 (TID 0) (ac0ccb30c6a7, executor driver, partition 0, PROCESS_LOCAL, 9133 bytes)","logger":"airflow.task.hooks.airflow.providers.standard.hooks.subprocess.SubprocessHook","filename":"subprocess.py","lineno":99}
{"timestamp":"2026-06-02T14:53:51.554654Z","level":"info","event":"26/06/02 14:53:51 INFO Executor: Running task 0.0 in stage 0.0 (TID 0)","logger":"airflow.task.hooks.airflow.providers.standard.hooks.subprocess.SubprocessHook","filename":"subprocess.py","lineno":99}
{"timestamp":"2026-06-02T14:53:52.127161Z","level":"info","event":"26/06/02 14:53:52 INFO CodeGenerator: Code generated in 22.45838 ms","logger":"airflow.task.hooks.airflow.providers.standard.hooks.subprocess.SubprocessHook","filename":"subprocess.py","lineno":99}
{"timestamp":"2026-06-02T14:53:52.206568Z","level":"info","event":"26/06/02 14:53:52 INFO PythonRunner: Times: total = 541, boot = 445, init = 96, finish = 0","logger":"airflow.task.hooks.airflow.providers.standard.hooks.subprocess.SubprocessHook","filename":"subprocess.py","lineno":99}
{"timestamp":"2026-06-02T14:53:52.235443Z","level":"info","event":"26/06/02 14:53:52 INFO Executor: Finished task 0.0 in stage 0.0 (TID 0). 2202 bytes result sent to driver","logger":"airflow.task.hooks.airflow.providers.standard.hooks.subprocess.SubprocessHook","filename":"subprocess.py","lineno":99}
{"timestamp":"2026-06-02T14:53:52.243927Z","level":"info","event":"26/06/02 14:53:52 INFO TaskSetManager: Finished task 0.0 in stage 0.0 (TID 0) in 712 ms on ac0ccb30c6a7 (executor driver) (1/1)","logger":"airflow.task.hooks.airflow.providers.standard.hooks.subprocess.SubprocessHook","filename":"subprocess.py","lineno":99}
{"timestamp":"2026-06-02T14:53:52.245191Z","level":"info","event":"26/06/02 14:53:52 INFO TaskSchedulerImpl: Removed TaskSet 0.0, whose tasks have all completed, from pool","logger":"airflow.task.hooks.airflow.providers.standard.hooks.subprocess.SubprocessHook","filename":"subprocess.py","lineno":99}
{"timestamp":"2026-06-02T14:53:52.247770Z","level":"info","event":"26/06/02 14:53:52 INFO PythonAccumulatorV2: Connected to AccumulatorServer at host: 127.0.0.1 port: 48849","logger":"airflow.task.hooks.airflow.providers.standard.hooks.subprocess.SubprocessHook","filename":"subprocess.py","lineno":99}
{"timestamp":"2026-06-02T14:53:52.251546Z","level":"info","event":"26/06/02 14:53:52 INFO DAGScheduler: ResultStage 0 (showString at NativeMethodAccessorImpl.java:0) finished in 0.897 s","logger":"airflow.task.hooks.airflow.providers.standard.hooks.subprocess.SubprocessHook","filename":"subprocess.py","lineno":99}
{"timestamp":"2026-06-02T14:53:52.254147Z","level":"info","event":"26/06/02 14:53:52 INFO DAGScheduler: Job 0 is finished. Cancelling potential speculative or zombie tasks for this job","logger":"airflow.task.hooks.airflow.providers.standard.hooks.subprocess.SubprocessHook","filename":"subprocess.py","lineno":99}
{"timestamp":"2026-06-02T14:53:52.254381Z","level":"info","event":"26/06/02 14:53:52 INFO TaskSchedulerImpl: Killing all running tasks in stage 0: Stage finished","logger":"airflow.task.hooks.airflow.providers.standard.hooks.subprocess.SubprocessHook","filename":"subprocess.py","lineno":99}
{"timestamp":"2026-06-02T14:53:52.256150Z","level":"info","event":"26/06/02 14:53:52 INFO DAGScheduler: Job 0 finished: showString at NativeMethodAccessorImpl.java:0, took 0.929507 s","logger":"airflow.task.hooks.airflow.providers.standard.hooks.subprocess.SubprocessHook","filename":"subprocess.py","lineno":99}
{"timestamp":"2026-06-02T14:53:52.267100Z","level":"info","event":"26/06/02 14:53:52 INFO SparkContext: Starting job: showString at NativeMethodAccessorImpl.java:0","logger":"airflow.task.hooks.airflow.providers.standard.hooks.subprocess.SubprocessHook","filename":"subprocess.py","lineno":99}
{"timestamp":"2026-06-02T14:53:52.268284Z","level":"info","event":"26/06/02 14:53:52 INFO DAGScheduler: Got job 1 (showString at NativeMethodAccessorImpl.java:0) with 4 output partitions","logger":"airflow.task.hooks.airflow.providers.standard.hooks.subprocess.SubprocessHook","filename":"subprocess.py","lineno":99}
{"timestamp":"2026-06-02T14:53:52.268397Z","level":"info","event":"26/06/02 14:53:52 INFO DAGScheduler: Final stage: ResultStage 1 (showString at NativeMethodAccessorImpl.java:0)","logger":"airflow.task.hooks.airflow.providers.standard.hooks.subprocess.SubprocessHook","filename":"subprocess.py","lineno":99}
{"timestamp":"2026-06-02T14:53:52.268429Z","level":"info","event":"26/06/02 14:53:52 INFO DAGScheduler: Parents of final stage: List()","logger":"airflow.task.hooks.airflow.providers.standard.hooks.subprocess.SubprocessHook","filename":"subprocess.py","lineno":99}
{"timestamp":"2026-06-02T14:53:52.268456Z","level":"info","event":"26/06/02 14:53:52 INFO DAGScheduler: Missing parents: List()","logger":"airflow.task.hooks.airflow.providers.standard.hooks.subprocess.SubprocessHook","filename":"subprocess.py","lineno":99}
{"timestamp":"2026-06-02T14:53:52.270847Z","level":"info","event":"26/06/02 14:53:52 INFO DAGScheduler: Submitting ResultStage 1 (MapPartitionsRDD[6] at showString at NativeMethodAccessorImpl.java:0), which has no missing parents","logger":"airflow.task.hooks.airflow.providers.standard.hooks.subprocess.SubprocessHook","filename":"subprocess.py","lineno":99}
{"timestamp":"2026-06-02T14:53:52.276322Z","level":"info","event":"26/06/02 14:53:52 INFO MemoryStore: Block broadcast_1 stored as values in memory (estimated size 15.8 KiB, free 434.4 MiB)","logger":"airflow.task.hooks.airflow.providers.standard.hooks.subprocess.SubprocessHook","filename":"subprocess.py","lineno":99}
{"timestamp":"2026-06-02T14:53:52.285263Z","level":"info","event":"26/06/02 14:53:52 INFO MemoryStore: Block broadcast_1_piece0 stored as bytes in memory (estimated size 7.7 KiB, free 434.4 MiB)","logger":"airflow.task.hooks.airflow.providers.standard.hooks.subprocess.SubprocessHook","filename":"subprocess.py","lineno":99}
{"timestamp":"2026-06-02T14:53:52.285894Z","level":"info","event":"26/06/02 14:53:52 INFO BlockManagerInfo: Added broadcast_1_piece0 in memory on ac0ccb30c6a7:44397 (size: 7.7 KiB, free: 434.4 MiB)","logger":"airflow.task.hooks.airflow.providers.standard.hooks.subprocess.SubprocessHook","filename":"subprocess.py","lineno":99}
{"timestamp":"2026-06-02T14:53:52.287068Z","level":"info","event":"26/06/02 14:53:52 INFO SparkContext: Created broadcast 1 from broadcast at DAGScheduler.scala:1611","logger":"airflow.task.hooks.airflow.providers.standard.hooks.subprocess.SubprocessHook","filename":"subprocess.py","lineno":99}
{"timestamp":"2026-06-02T14:53:52.290089Z","level":"info","event":"26/06/02 14:53:52 INFO DAGScheduler: Submitting 4 missing tasks from ResultStage 1 (MapPartitionsRDD[6] at showString at NativeMethodAccessorImpl.java:0) (first 15 tasks are for partitions Vector(1, 2, 3, 4))","logger":"airflow.task.hooks.airflow.providers.standard.hooks.subprocess.SubprocessHook","filename":"subprocess.py","lineno":99}
{"timestamp":"2026-06-02T14:53:52.290398Z","level":"info","event":"26/06/02 14:53:52 INFO TaskSchedulerImpl: Adding task set 1.0 with 4 tasks resource profile 0","logger":"airflow.task.hooks.airflow.providers.standard.hooks.subprocess.SubprocessHook","filename":"subprocess.py","lineno":99}
{"timestamp":"2026-06-02T14:53:52.293413Z","level":"info","event":"26/06/02 14:53:52 INFO TaskSetManager: Starting task 0.0 in stage 1.0 (TID 1) (ac0ccb30c6a7, executor driver, partition 1, PROCESS_LOCAL, 9154 bytes)","logger":"airflow.task.hooks.airflow.providers.standard.hooks.subprocess.SubprocessHook","filename":"subprocess.py","lineno":99}
{"timestamp":"2026-06-02T14:53:52.294226Z","level":"info","event":"26/06/02 14:53:52 INFO TaskSetManager: Starting task 1.0 in stage 1.0 (TID 2) (ac0ccb30c6a7, executor driver, partition 2, PROCESS_LOCAL, 9102 bytes)","logger":"airflow.task.hooks.airflow.providers.standard.hooks.subprocess.SubprocessHook","filename":"subprocess.py","lineno":99}
{"timestamp":"2026-06-02T14:53:52.295378Z","level":"info","event":"26/06/02 14:53:52 INFO TaskSetManager: Starting task 2.0 in stage 1.0 (TID 3) (ac0ccb30c6a7, executor driver, partition 3, PROCESS_LOCAL, 9140 bytes)","logger":"airflow.task.hooks.airflow.providers.standard.hooks.subprocess.SubprocessHook","filename":"subprocess.py","lineno":99}
{"timestamp":"2026-06-02T14:53:52.297508Z","level":"info","event":"26/06/02 14:53:52 INFO TaskSetManager: Starting task 3.0 in stage 1.0 (TID 4) (ac0ccb30c6a7, executor driver, partition 4, PROCESS_LOCAL, 9110 bytes)","logger":"airflow.task.hooks.airflow.providers.standard.hooks.subprocess.SubprocessHook","filename":"subprocess.py","lineno":99}
{"timestamp":"2026-06-02T14:53:52.301688Z","level":"info","event":"26/06/02 14:53:52 INFO Executor: Running task 0.0 in stage 1.0 (TID 1)","logger":"airflow.task.hooks.airflow.providers.standard.hooks.subprocess.SubprocessHook","filename":"subprocess.py","lineno":99}
{"timestamp":"2026-06-02T14:53:52.302868Z","level":"info","event":"26/06/02 14:53:52 INFO Executor: Running task 2.0 in stage 1.0 (TID 3)","logger":"airflow.task.hooks.airflow.providers.standard.hooks.subprocess.SubprocessHook","filename":"subprocess.py","lineno":99}
{"timestamp":"2026-06-02T14:53:52.303130Z","level":"info","event":"26/06/02 14:53:52 INFO Executor: Running task 1.0 in stage 1.0 (TID 2)","logger":"airflow.task.hooks.airflow.providers.standard.hooks.subprocess.SubprocessHook","filename":"subprocess.py","lineno":99}
{"timestamp":"2026-06-02T14:53:52.304297Z","level":"info","event":"26/06/02 14:53:52 INFO Executor: Running task 3.0 in stage 1.0 (TID 4)","logger":"airflow.task.hooks.airflow.providers.standard.hooks.subprocess.SubprocessHook","filename":"subprocess.py","lineno":99}
{"timestamp":"2026-06-02T14:53:52.342374Z","level":"info","event":"26/06/02 14:53:52 INFO BlockManagerInfo: Removed broadcast_0_piece0 on ac0ccb30c6a7:44397 in memory (size: 7.7 KiB, free: 434.4 MiB)","logger":"airflow.task.hooks.airflow.providers.standard.hooks.subprocess.SubprocessHook","filename":"subprocess.py","lineno":99}
{"timestamp":"2026-06-02T14:53:52.411559Z","level":"info","event":"26/06/02 14:53:52 INFO PythonRunner: Times: total = 93, boot = -121, init = 214, finish = 0","logger":"airflow.task.hooks.airflow.providers.standard.hooks.subprocess.SubprocessHook","filename":"subprocess.py","lineno":99}
{"timestamp":"2026-06-02T14:53:52.423192Z","level":"info","event":"26/06/02 14:53:52 INFO Executor: Finished task 0.0 in stage 1.0 (TID 1). 2142 bytes result sent to driver","logger":"airflow.task.hooks.airflow.providers.standard.hooks.subprocess.SubprocessHook","filename":"subprocess.py","lineno":99}
{"timestamp":"2026-06-02T14:53:52.427542Z","level":"info","event":"26/06/02 14:53:52 INFO TaskSetManager: Finished task 0.0 in stage 1.0 (TID 1) in 135 ms on ac0ccb30c6a7 (executor driver) (1/4)","logger":"airflow.task.hooks.airflow.providers.standard.hooks.subprocess.SubprocessHook","filename":"subprocess.py","lineno":99}
{"timestamp":"2026-06-02T14:53:52.465667Z","level":"info","event":"26/06/02 14:53:52 INFO PythonRunner: Times: total = 135, boot = 14, init = 121, finish = 0","logger":"airflow.task.hooks.airflow.providers.standard.hooks.subprocess.SubprocessHook","filename":"subprocess.py","lineno":99}
{"timestamp":"2026-06-02T14:53:52.476404Z","level":"info","event":"26/06/02 14:53:52 INFO Executor: Finished task 3.0 in stage 1.0 (TID 4). 2130 bytes result sent to driver","logger":"airflow.task.hooks.airflow.providers.standard.hooks.subprocess.SubprocessHook","filename":"subprocess.py","lineno":99}
{"timestamp":"2026-06-02T14:53:52.479776Z","level":"info","event":"26/06/02 14:53:52 INFO TaskSetManager: Finished task 3.0 in stage 1.0 (TID 4) in 183 ms on ac0ccb30c6a7 (executor driver) (2/4)","logger":"airflow.task.hooks.airflow.providers.standard.hooks.subprocess.SubprocessHook","filename":"subprocess.py","lineno":99}
{"timestamp":"2026-06-02T14:53:52.481747Z","level":"info","event":"26/06/02 14:53:52 INFO PythonRunner: Times: total = 151, boot = 8, init = 143, finish = 0","logger":"airflow.task.hooks.airflow.providers.standard.hooks.subprocess.SubprocessHook","filename":"subprocess.py","lineno":99}
{"timestamp":"2026-06-02T14:53:52.486258Z","level":"info","event":"26/06/02 14:53:52 INFO Executor: Finished task 2.0 in stage 1.0 (TID 3). 2176 bytes result sent to driver","logger":"airflow.task.hooks.airflow.providers.standard.hooks.subprocess.SubprocessHook","filename":"subprocess.py","lineno":99}
{"timestamp":"2026-06-02T14:53:52.490281Z","level":"info","event":"26/06/02 14:53:52 INFO TaskSetManager: Finished task 2.0 in stage 1.0 (TID 3) in 195 ms on ac0ccb30c6a7 (executor driver) (3/4)","logger":"airflow.task.hooks.airflow.providers.standard.hooks.subprocess.SubprocessHook","filename":"subprocess.py","lineno":99}
{"timestamp":"2026-06-02T14:53:52.495548Z","level":"info","event":"26/06/02 14:53:52 INFO PythonRunner: Times: total = 165, boot = 20, init = 145, finish = 0","logger":"airflow.task.hooks.airflow.providers.standard.hooks.subprocess.SubprocessHook","filename":"subprocess.py","lineno":99}
{"timestamp":"2026-06-02T14:53:52.507780Z","level":"info","event":"26/06/02 14:53:52 INFO Executor: Finished task 1.0 in stage 1.0 (TID 2). 2119 bytes result sent to driver","logger":"airflow.task.hooks.airflow.providers.standard.hooks.subprocess.SubprocessHook","filename":"subprocess.py","lineno":99}
{"timestamp":"2026-06-02T14:53:52.509606Z","level":"info","event":"26/06/02 14:53:52 INFO TaskSetManager: Finished task 1.0 in stage 1.0 (TID 2) in 216 ms on ac0ccb30c6a7 (executor driver) (4/4)","logger":"airflow.task.hooks.airflow.providers.standard.hooks.subprocess.SubprocessHook","filename":"subprocess.py","lineno":99}
{"timestamp":"2026-06-02T14:53:52.509805Z","level":"info","event":"26/06/02 14:53:52 INFO TaskSchedulerImpl: Removed TaskSet 1.0, whose tasks have all completed, from pool","logger":"airflow.task.hooks.airflow.providers.standard.hooks.subprocess.SubprocessHook","filename":"subprocess.py","lineno":99}
{"timestamp":"2026-06-02T14:53:52.511134Z","level":"info","event":"26/06/02 14:53:52 INFO DAGScheduler: ResultStage 1 (showString at NativeMethodAccessorImpl.java:0) finished in 0.238 s","logger":"airflow.task.hooks.airflow.providers.standard.hooks.subprocess.SubprocessHook","filename":"subprocess.py","lineno":99}
{"timestamp":"2026-06-02T14:53:52.511622Z","level":"info","event":"26/06/02 14:53:52 INFO DAGScheduler: Job 1 is finished. Cancelling potential speculative or zombie tasks for this job","logger":"airflow.task.hooks.airflow.providers.standard.hooks.subprocess.SubprocessHook","filename":"subprocess.py","lineno":99}
{"timestamp":"2026-06-02T14:53:52.511884Z","level":"info","event":"26/06/02 14:53:52 INFO TaskSchedulerImpl: Killing all running tasks in stage 1: Stage finished","logger":"airflow.task.hooks.airflow.providers.standard.hooks.subprocess.SubprocessHook","filename":"subprocess.py","lineno":99}
{"timestamp":"2026-06-02T14:53:52.512940Z","level":"info","event":"26/06/02 14:53:52 INFO DAGScheduler: Job 1 finished: showString at NativeMethodAccessorImpl.java:0, took 0.245135 s","logger":"airflow.task.hooks.airflow.providers.standard.hooks.subprocess.SubprocessHook","filename":"subprocess.py","lineno":99}
{"timestamp":"2026-06-02T14:53:52.523531Z","level":"info","event":"26/06/02 14:53:52 INFO SparkContext: Starting job: showString at NativeMethodAccessorImpl.java:0","logger":"airflow.task.hooks.airflow.providers.standard.hooks.subprocess.SubprocessHook","filename":"subprocess.py","lineno":99}
{"timestamp":"2026-06-02T14:53:52.525411Z","level":"info","event":"26/06/02 14:53:52 INFO DAGScheduler: Got job 2 (showString at NativeMethodAccessorImpl.java:0) with 9 output partitions","logger":"airflow.task.hooks.airflow.providers.standard.hooks.subprocess.SubprocessHook","filename":"subprocess.py","lineno":99}
{"timestamp":"2026-06-02T14:53:52.525577Z","level":"info","event":"26/06/02 14:53:52 INFO DAGScheduler: Final stage: ResultStage 2 (showString at NativeMethodAccessorImpl.java:0)","logger":"airflow.task.hooks.airflow.providers.standard.hooks.subprocess.SubprocessHook","filename":"subprocess.py","lineno":99}
{"timestamp":"2026-06-02T14:53:52.525621Z","level":"info","event":"26/06/02 14:53:52 INFO DAGScheduler: Parents of final stage: List()","logger":"airflow.task.hooks.airflow.providers.standard.hooks.subprocess.SubprocessHook","filename":"subprocess.py","lineno":99}
{"timestamp":"2026-06-02T14:53:52.526355Z","level":"info","event":"26/06/02 14:53:52 INFO DAGScheduler: Missing parents: List()","logger":"airflow.task.hooks.airflow.providers.standard.hooks.subprocess.SubprocessHook","filename":"subprocess.py","lineno":99}
{"timestamp":"2026-06-02T14:53:52.528211Z","level":"info","event":"26/06/02 14:53:52 INFO DAGScheduler: Submitting ResultStage 2 (MapPartitionsRDD[6] at showString at NativeMethodAccessorImpl.java:0), which has no missing parents","logger":"airflow.task.hooks.airflow.providers.standard.hooks.subprocess.SubprocessHook","filename":"subprocess.py","lineno":99}
{"timestamp":"2026-06-02T14:53:52.535752Z","level":"info","event":"26/06/02 14:53:52 INFO MemoryStore: Block broadcast_2 stored as values in memory (estimated size 15.8 KiB, free 434.4 MiB)","logger":"airflow.task.hooks.airflow.providers.standard.hooks.subprocess.SubprocessHook","filename":"subprocess.py","lineno":99}
{"timestamp":"2026-06-02T14:53:52.546865Z","level":"info","event":"26/06/02 14:53:52 INFO MemoryStore: Block broadcast_2_piece0 stored as bytes in memory (estimated size 7.7 KiB, free 434.4 MiB)","logger":"airflow.task.hooks.airflow.providers.standard.hooks.subprocess.SubprocessHook","filename":"subprocess.py","lineno":99}
{"timestamp":"2026-06-02T14:53:52.550031Z","level":"info","event":"26/06/02 14:53:52 INFO BlockManagerInfo: Added broadcast_2_piece0 in memory on ac0ccb30c6a7:44397 (size: 7.7 KiB, free: 434.4 MiB)","logger":"airflow.task.hooks.airflow.providers.standard.hooks.subprocess.SubprocessHook","filename":"subprocess.py","lineno":99}
{"timestamp":"2026-06-02T14:53:52.550857Z","level":"info","event":"26/06/02 14:53:52 INFO BlockManagerInfo: Removed broadcast_1_piece0 on ac0ccb30c6a7:44397 in memory (size: 7.7 KiB, free: 434.4 MiB)","logger":"airflow.task.hooks.airflow.providers.standard.hooks.subprocess.SubprocessHook","filename":"subprocess.py","lineno":99}
{"timestamp":"2026-06-02T14:53:52.551069Z","level":"info","event":"26/06/02 14:53:52 INFO SparkContext: Created broadcast 2 from broadcast at DAGScheduler.scala:1611","logger":"airflow.task.hooks.airflow.providers.standard.hooks.subprocess.SubprocessHook","filename":"subprocess.py","lineno":99}
{"timestamp":"2026-06-02T14:53:52.552377Z","level":"info","event":"26/06/02 14:53:52 INFO DAGScheduler: Submitting 9 missing tasks from ResultStage 2 (MapPartitionsRDD[6] at showString at NativeMethodAccessorImpl.java:0) (first 15 tasks are for partitions Vector(5, 6, 7, 8, 9, 10, 11, 12, 13))","logger":"airflow.task.hooks.airflow.providers.standard.hooks.subprocess.SubprocessHook","filename":"subprocess.py","lineno":99}
{"timestamp":"2026-06-02T14:53:52.552564Z","level":"info","event":"26/06/02 14:53:52 INFO TaskSchedulerImpl: Adding task set 2.0 with 9 tasks resource profile 0","logger":"airflow.task.hooks.airflow.providers.standard.hooks.subprocess.SubprocessHook","filename":"subprocess.py","lineno":99}
{"timestamp":"2026-06-02T14:53:52.556835Z","level":"info","event":"26/06/02 14:53:52 INFO TaskSetManager: Starting task 0.0 in stage 2.0 (TID 5) (ac0ccb30c6a7, executor driver, partition 5, PROCESS_LOCAL, 9119 bytes)","logger":"airflow.task.hooks.airflow.providers.standard.hooks.subprocess.SubprocessHook","filename":"subprocess.py","lineno":99}
{"timestamp":"2026-06-02T14:53:52.557475Z","level":"info","event":"26/06/02 14:53:52 INFO TaskSetManager: Starting task 1.0 in stage 2.0 (TID 6) (ac0ccb30c6a7, executor driver, partition 6, PROCESS_LOCAL, 9127 bytes)","logger":"airflow.task.hooks.airflow.providers.standard.hooks.subprocess.SubprocessHook","filename":"subprocess.py","lineno":99}
{"timestamp":"2026-06-02T14:53:52.558502Z","level":"info","event":"26/06/02 14:53:52 INFO TaskSetManager: Starting task 2.0 in stage 2.0 (TID 7) (ac0ccb30c6a7, executor driver, partition 7, PROCESS_LOCAL, 9147 bytes)","logger":"airflow.task.hooks.airflow.providers.standard.hooks.subprocess.SubprocessHook","filename":"subprocess.py","lineno":99}
{"timestamp":"2026-06-02T14:53:52.558787Z","level":"info","event":"26/06/02 14:53:52 INFO TaskSetManager: Starting task 3.0 in stage 2.0 (TID 8) (ac0ccb30c6a7, executor driver, partition 8, PROCESS_LOCAL, 9182 bytes)","logger":"airflow.task.hooks.airflow.providers.standard.hooks.subprocess.SubprocessHook","filename":"subprocess.py","lineno":99}
{"timestamp":"2026-06-02T14:53:52.559677Z","level":"info","event":"26/06/02 14:53:52 INFO TaskSetManager: Starting task 4.0 in stage 2.0 (TID 9) (ac0ccb30c6a7, executor driver, partition 9, PROCESS_LOCAL, 9123 bytes)","logger":"airflow.task.hooks.airflow.providers.standard.hooks.subprocess.SubprocessHook","filename":"subprocess.py","lineno":99}
{"timestamp":"2026-06-02T14:53:52.560724Z","level":"info","event":"26/06/02 14:53:52 INFO TaskSetManager: Starting task 5.0 in stage 2.0 (TID 10) (ac0ccb30c6a7, executor driver, partition 10, PROCESS_LOCAL, 9122 bytes)","logger":"airflow.task.hooks.airflow.providers.standard.hooks.subprocess.SubprocessHook","filename":"subprocess.py","lineno":99}
{"timestamp":"2026-06-02T14:53:52.561153Z","level":"info","event":"26/06/02 14:53:52 INFO TaskSetManager: Starting task 6.0 in stage 2.0 (TID 11) (ac0ccb30c6a7, executor driver, partition 11, PROCESS_LOCAL, 9123 bytes)","logger":"airflow.task.hooks.airflow.providers.standard.hooks.subprocess.SubprocessHook","filename":"subprocess.py","lineno":99}
{"timestamp":"2026-06-02T14:53:52.562337Z","level":"info","event":"26/06/02 14:53:52 INFO TaskSetManager: Starting task 7.0 in stage 2.0 (TID 12) (ac0ccb30c6a7, executor driver, partition 12, PROCESS_LOCAL, 9117 bytes)","logger":"airflow.task.hooks.airflow.providers.standard.hooks.subprocess.SubprocessHook","filename":"subprocess.py","lineno":99}
{"timestamp":"2026-06-02T14:53:52.564327Z","level":"info","event":"26/06/02 14:53:52 INFO TaskSetManager: Starting task 8.0 in stage 2.0 (TID 13) (ac0ccb30c6a7, executor driver, partition 13, PROCESS_LOCAL, 9157 bytes)","logger":"airflow.task.hooks.airflow.providers.standard.hooks.subprocess.SubprocessHook","filename":"subprocess.py","lineno":99}
{"timestamp":"2026-06-02T14:53:52.566096Z","level":"info","event":"26/06/02 14:53:52 INFO Executor: Running task 1.0 in stage 2.0 (TID 6)","logger":"airflow.task.hooks.airflow.providers.standard.hooks.subprocess.SubprocessHook","filename":"subprocess.py","lineno":99}
{"timestamp":"2026-06-02T14:53:52.566402Z","level":"info","event":"26/06/02 14:53:52 INFO Executor: Running task 2.0 in stage 2.0 (TID 7)","logger":"airflow.task.hooks.airflow.providers.standard.hooks.subprocess.SubprocessHook","filename":"subprocess.py","lineno":99}
{"timestamp":"2026-06-02T14:53:52.567575Z","level":"info","event":"26/06/02 14:53:52 INFO Executor: Running task 3.0 in stage 2.0 (TID 8)","logger":"airflow.task.hooks.airflow.providers.standard.hooks.subprocess.SubprocessHook","filename":"subprocess.py","lineno":99}
{"timestamp":"2026-06-02T14:53:52.567787Z","level":"info","event":"26/06/02 14:53:52 INFO Executor: Running task 0.0 in stage 2.0 (TID 5)","logger":"airflow.task.hooks.airflow.providers.standard.hooks.subprocess.SubprocessHook","filename":"subprocess.py","lineno":99}
{"timestamp":"2026-06-02T14:53:52.570203Z","level":"info","event":"26/06/02 14:53:52 INFO Executor: Running task 4.0 in stage 2.0 (TID 9)","logger":"airflow.task.hooks.airflow.providers.standard.hooks.subprocess.SubprocessHook","filename":"subprocess.py","lineno":99}
{"timestamp":"2026-06-02T14:53:52.578210Z","level":"info","event":"26/06/02 14:53:52 INFO Executor: Running task 6.0 in stage 2.0 (TID 11)","logger":"airflow.task.hooks.airflow.providers.standard.hooks.subprocess.SubprocessHook","filename":"subprocess.py","lineno":99}
{"timestamp":"2026-06-02T14:53:52.580964Z","level":"info","event":"26/06/02 14:53:52 INFO Executor: Running task 7.0 in stage 2.0 (TID 12)","logger":"airflow.task.hooks.airflow.providers.standard.hooks.subprocess.SubprocessHook","filename":"subprocess.py","lineno":99}
{"timestamp":"2026-06-02T14:53:52.581804Z","level":"info","event":"26/06/02 14:53:52 INFO Executor: Running task 5.0 in stage 2.0 (TID 10)","logger":"airflow.task.hooks.airflow.providers.standard.hooks.subprocess.SubprocessHook","filename":"subprocess.py","lineno":99}
{"timestamp":"2026-06-02T14:53:52.582787Z","level":"info","event":"26/06/02 14:53:52 INFO Executor: Running task 8.0 in stage 2.0 (TID 13)","logger":"airflow.task.hooks.airflow.providers.standard.hooks.subprocess.SubprocessHook","filename":"subprocess.py","lineno":99}
{"timestamp":"2026-06-02T14:53:52.702412Z","level":"info","event":"26/06/02 14:53:52 INFO PythonRunner: Times: total = 111, boot = -164, init = 275, finish = 0","logger":"airflow.task.hooks.airflow.providers.standard.hooks.subprocess.SubprocessHook","filename":"subprocess.py","lineno":99}
{"timestamp":"2026-06-02T14:53:52.743867Z","level":"info","event":"26/06/02 14:53:52 INFO PythonRunner: Times: total = 127, boot = -112, init = 239, finish = 0","logger":"airflow.task.hooks.airflow.providers.standard.hooks.subprocess.SubprocessHook","filename":"subprocess.py","lineno":99}
{"timestamp":"2026-06-02T14:53:52.744213Z","level":"info","event":"26/06/02 14:53:52 INFO PythonRunner: Times: total = 122, boot = -81, init = 203, finish = 0","logger":"airflow.task.hooks.airflow.providers.standard.hooks.subprocess.SubprocessHook","filename":"subprocess.py","lineno":99}
{"timestamp":"2026-06-02T14:53:52.744375Z","level":"info","event":"26/06/02 14:53:52 INFO Executor: Finished task 4.0 in stage 2.0 (TID 9). 2152 bytes result sent to driver","logger":"airflow.task.hooks.airflow.providers.standard.hooks.subprocess.SubprocessHook","filename":"subprocess.py","lineno":99}
{"timestamp":"2026-06-02T14:53:52.744452Z","level":"info","event":"26/06/02 14:53:52 INFO PythonRunner: Times: total = 128, boot = -94, init = 222, finish = 0","logger":"airflow.task.hooks.airflow.providers.standard.hooks.subprocess.SubprocessHook","filename":"subprocess.py","lineno":99}
{"timestamp":"2026-06-02T14:53:52.746578Z","level":"info","event":"26/06/02 14:53:52 INFO Executor: Finished task 1.0 in stage 2.0 (TID 6). 2158 bytes result sent to driver","logger":"airflow.task.hooks.airflow.providers.standard.hooks.subprocess.SubprocessHook","filename":"subprocess.py","lineno":99}
{"timestamp":"2026-06-02T14:53:52.749094Z","level":"info","event":"26/06/02 14:53:52 INFO Executor: Finished task 6.0 in stage 2.0 (TID 11). 2151 bytes result sent to driver","logger":"airflow.task.hooks.airflow.providers.standard.hooks.subprocess.SubprocessHook","filename":"subprocess.py","lineno":99}
{"timestamp":"2026-06-02T14:53:52.764455Z","level":"info","event":"26/06/02 14:53:52 INFO TaskSetManager: Finished task 6.0 in stage 2.0 (TID 11) in 199 ms on ac0ccb30c6a7 (executor driver) (1/9)","logger":"airflow.task.hooks.airflow.providers.standard.hooks.subprocess.SubprocessHook","filename":"subprocess.py","lineno":99}
{"timestamp":"2026-06-02T14:53:52.764798Z","level":"info","event":"26/06/02 14:53:52 INFO Executor: Finished task 0.0 in stage 2.0 (TID 5). 2150 bytes result sent to driver","logger":"airflow.task.hooks.airflow.providers.standard.hooks.subprocess.SubprocessHook","filename":"subprocess.py","lineno":99}
{"timestamp":"2026-06-02T14:53:52.764955Z","level":"info","event":"26/06/02 14:53:52 INFO TaskSetManager: Finished task 1.0 in stage 2.0 (TID 6) in 205 ms on ac0ccb30c6a7 (executor driver) (2/9)","logger":"airflow.task.hooks.airflow.providers.standard.hooks.subprocess.SubprocessHook","filename":"subprocess.py","lineno":99}
{"timestamp":"2026-06-02T14:53:52.766603Z","level":"info","event":"26/06/02 14:53:52 INFO TaskSetManager: Finished task 4.0 in stage 2.0 (TID 9) in 203 ms on ac0ccb30c6a7 (executor driver) (3/9)","logger":"airflow.task.hooks.airflow.providers.standard.hooks.subprocess.SubprocessHook","filename":"subprocess.py","lineno":99}
{"timestamp":"2026-06-02T14:53:52.767710Z","level":"info","event":"26/06/02 14:53:52 INFO TaskSetManager: Finished task 0.0 in stage 2.0 (TID 5) in 210 ms on ac0ccb30c6a7 (executor driver) (4/9)","logger":"airflow.task.hooks.airflow.providers.standard.hooks.subprocess.SubprocessHook","filename":"subprocess.py","lineno":99}
{"timestamp":"2026-06-02T14:53:52.824784Z","level":"info","event":"26/06/02 14:53:52 INFO PythonRunner: Times: total = 233, boot = 8, init = 224, finish = 1","logger":"airflow.task.hooks.airflow.providers.standard.hooks.subprocess.SubprocessHook","filename":"subprocess.py","lineno":99}
{"timestamp":"2026-06-02T14:53:52.825194Z","level":"info","event":"26/06/02 14:53:52 INFO PythonRunner: Times: total = 230, boot = 15, init = 215, finish = 0","logger":"airflow.task.hooks.airflow.providers.standard.hooks.subprocess.SubprocessHook","filename":"subprocess.py","lineno":99}
{"timestamp":"2026-06-02T14:53:52.841291Z","level":"info","event":"26/06/02 14:53:52 INFO PythonRunner: Times: total = 236, boot = 26, init = 210, finish = 0","logger":"airflow.task.hooks.airflow.providers.standard.hooks.subprocess.SubprocessHook","filename":"subprocess.py","lineno":99}
{"timestamp":"2026-06-02T14:53:52.841624Z","level":"info","event":"26/06/02 14:53:52 INFO Executor: Finished task 5.0 in stage 2.0 (TID 10). 2187 bytes result sent to driver","logger":"airflow.task.hooks.airflow.providers.standard.hooks.subprocess.SubprocessHook","filename":"subprocess.py","lineno":99}
{"timestamp":"2026-06-02T14:53:52.841755Z","level":"info","event":"26/06/02 14:53:52 INFO Executor: Finished task 8.0 in stage 2.0 (TID 13). 2173 bytes result sent to driver","logger":"airflow.task.hooks.airflow.providers.standard.hooks.subprocess.SubprocessHook","filename":"subprocess.py","lineno":99}
{"timestamp":"2026-06-02T14:53:52.843793Z","level":"info","event":"26/06/02 14:53:52 INFO TaskSetManager: Finished task 5.0 in stage 2.0 (TID 10) in 283 ms on ac0ccb30c6a7 (executor driver) (5/9)","logger":"airflow.task.hooks.airflow.providers.standard.hooks.subprocess.SubprocessHook","filename":"subprocess.py","lineno":99}
{"timestamp":"2026-06-02T14:53:52.844000Z","level":"info","event":"26/06/02 14:53:52 INFO Executor: Finished task 2.0 in stage 2.0 (TID 7). 2178 bytes result sent to driver","logger":"airflow.task.hooks.airflow.providers.standard.hooks.subprocess.SubprocessHook","filename":"subprocess.py","lineno":99}
{"timestamp":"2026-06-02T14:53:52.844085Z","level":"info","event":"26/06/02 14:53:52 INFO TaskSetManager: Finished task 8.0 in stage 2.0 (TID 13) in 282 ms on ac0ccb30c6a7 (executor driver) (6/9)","logger":"airflow.task.hooks.airflow.providers.standard.hooks.subprocess.SubprocessHook","filename":"subprocess.py","lineno":99}
{"timestamp":"2026-06-02T14:53:52.845586Z","level":"info","event":"26/06/02 14:53:52 INFO TaskSetManager: Finished task 2.0 in stage 2.0 (TID 7) in 288 ms on ac0ccb30c6a7 (executor driver) (7/9)","logger":"airflow.task.hooks.airflow.providers.standard.hooks.subprocess.SubprocessHook","filename":"subprocess.py","lineno":99}
{"timestamp":"2026-06-02T14:53:52.852686Z","level":"info","event":"26/06/02 14:53:52 INFO PythonRunner: Times: total = 261, boot = 43, init = 218, finish = 0","logger":"airflow.task.hooks.airflow.providers.standard.hooks.subprocess.SubprocessHook","filename":"subprocess.py","lineno":99}
{"timestamp":"2026-06-02T14:53:52.857161Z","level":"info","event":"26/06/02 14:53:52 INFO Executor: Finished task 3.0 in stage 2.0 (TID 8). 2213 bytes result sent to driver","logger":"airflow.task.hooks.airflow.providers.standard.hooks.subprocess.SubprocessHook","filename":"subprocess.py","lineno":99}
{"timestamp":"2026-06-02T14:53:52.859460Z","level":"info","event":"26/06/02 14:53:52 INFO TaskSetManager: Finished task 3.0 in stage 2.0 (TID 8) in 301 ms on ac0ccb30c6a7 (executor driver) (8/9)","logger":"airflow.task.hooks.airflow.providers.standard.hooks.subprocess.SubprocessHook","filename":"subprocess.py","lineno":99}
{"timestamp":"2026-06-02T14:53:52.868422Z","level":"info","event":"26/06/02 14:53:52 INFO PythonRunner: Times: total = 271, boot = 35, init = 236, finish = 0","logger":"airflow.task.hooks.airflow.providers.standard.hooks.subprocess.SubprocessHook","filename":"subprocess.py","lineno":99}
{"timestamp":"2026-06-02T14:53:52.870832Z","level":"info","event":"26/06/02 14:53:52 INFO Executor: Finished task 7.0 in stage 2.0 (TID 12). 2138 bytes result sent to driver","logger":"airflow.task.hooks.airflow.providers.standard.hooks.subprocess.SubprocessHook","filename":"subprocess.py","lineno":99}
{"timestamp":"2026-06-02T14:53:52.872035Z","level":"info","event":"26/06/02 14:53:52 INFO TaskSetManager: Finished task 7.0 in stage 2.0 (TID 12) in 311 ms on ac0ccb30c6a7 (executor driver) (9/9)","logger":"airflow.task.hooks.airflow.providers.standard.hooks.subprocess.SubprocessHook","filename":"subprocess.py","lineno":99}
{"timestamp":"2026-06-02T14:53:52.872303Z","level":"info","event":"26/06/02 14:53:52 INFO TaskSchedulerImpl: Removed TaskSet 2.0, whose tasks have all completed, from pool","logger":"airflow.task.hooks.airflow.providers.standard.hooks.subprocess.SubprocessHook","filename":"subprocess.py","lineno":99}
{"timestamp":"2026-06-02T14:53:52.873998Z","level":"info","event":"26/06/02 14:53:52 INFO DAGScheduler: ResultStage 2 (showString at NativeMethodAccessorImpl.java:0) finished in 0.342 s","logger":"airflow.task.hooks.airflow.providers.standard.hooks.subprocess.SubprocessHook","filename":"subprocess.py","lineno":99}
{"timestamp":"2026-06-02T14:53:52.874221Z","level":"info","event":"26/06/02 14:53:52 INFO DAGScheduler: Job 2 is finished. Cancelling potential speculative or zombie tasks for this job","logger":"airflow.task.hooks.airflow.providers.standard.hooks.subprocess.SubprocessHook","filename":"subprocess.py","lineno":99}
{"timestamp":"2026-06-02T14:53:52.874305Z","level":"info","event":"26/06/02 14:53:52 INFO TaskSchedulerImpl: Killing all running tasks in stage 2: Stage finished","logger":"airflow.task.hooks.airflow.providers.standard.hooks.subprocess.SubprocessHook","filename":"subprocess.py","lineno":99}
{"timestamp":"2026-06-02T14:53:52.875555Z","level":"info","event":"26/06/02 14:53:52 INFO DAGScheduler: Job 2 finished: showString at NativeMethodAccessorImpl.java:0, took 0.352119 s","logger":"airflow.task.hooks.airflow.providers.standard.hooks.subprocess.SubprocessHook","filename":"subprocess.py","lineno":99}
{"timestamp":"2026-06-02T14:53:53.112082Z","level":"info","event":"26/06/02 14:53:53 INFO BlockManagerInfo: Removed broadcast_2_piece0 on ac0ccb30c6a7:44397 in memory (size: 7.7 KiB, free: 434.4 MiB)","logger":"airflow.task.hooks.airflow.providers.standard.hooks.subprocess.SubprocessHook","filename":"subprocess.py","lineno":99}
{"timestamp":"2026-06-02T14:53:53.546014Z","level":"info","event":"26/06/02 14:53:53 INFO CodeGenerator: Code generated in 24.836896 ms","logger":"airflow.task.hooks.airflow.providers.standard.hooks.subprocess.SubprocessHook","filename":"subprocess.py","lineno":99}
{"timestamp":"2026-06-02T14:53:53.567272Z","level":"info","event":"+--------------------+------------------+---------+-----+-------+----+--------------------+","logger":"airflow.task.hooks.airflow.providers.standard.hooks.subprocess.SubprocessHook","filename":"subprocess.py","lineno":99}
{"timestamp":"2026-06-02T14:53:53.567547Z","level":"info","event":"|        product_name|             value|     unit|month|quarter|year|           ingest_at|","logger":"airflow.task.hooks.airflow.providers.standard.hooks.subprocess.SubprocessHook","filename":"subprocess.py","lineno":99}
{"timestamp":"2026-06-02T14:53:53.567683Z","level":"info","event":"+--------------------+------------------+---------+-----+-------+----+--------------------+","logger":"airflow.task.hooks.airflow.providers.standard.hooks.subprocess.SubprocessHook","filename":"subprocess.py","lineno":99}
{"timestamp":"2026-06-02T14:53:53.567770Z","level":"info","event":"| Than đá (than sạch)|3987.8979530985202|Nghìn tấn|   12|      4|2025|2026-06-02 14:53:...|","logger":"airflow.task.hooks.airflow.providers.standard.hooks.subprocess.SubprocessHook","filename":"subprocess.py","lineno":99}
{"timestamp":"2026-06-02T14:53:53.567841Z","level":"info","event":"|Dầu mỏ thô khai thác| 703.8100000000001|Nghìn tấn|   12|      4|2025|2026-06-02 14:53:...|","logger":"airflow.task.hooks.airflow.providers.standard.hooks.subprocess.SubprocessHook","filename":"subprocess.py","lineno":99}
{"timestamp":"2026-06-02T14:53:53.567904Z","level":"info","event":"|Khí đốt thiên nhi...|            570.38| Triệu m3|   12|      4|2025|2026-06-02 14:53:...|","logger":"airflow.task.hooks.airflow.providers.standard.hooks.subprocess.SubprocessHook","filename":"subprocess.py","lineno":99}
{"timestamp":"2026-06-02T14:53:53.567966Z","level":"info","event":"|  Khí hoá lỏng (LPG)| 82.94279399999994|Nghìn tấn|   12|      4|2025|2026-06-02 14:53:...|","logger":"airflow.task.hooks.airflow.providers.standard.hooks.subprocess.SubprocessHook","filename":"subprocess.py","lineno":99}
{"timestamp":"2026-06-02T14:53:53.568023Z","level":"info","event":"|           Xăng, dầu| 855.0262350915921|Nghìn tấn|   12|      4|2025|2026-06-02 14:53:...|","logger":"airflow.task.hooks.airflow.providers.standard.hooks.subprocess.SubprocessHook","filename":"subprocess.py","lineno":99}
{"timestamp":"2026-06-02T14:53:53.568082Z","level":"info","event":"|              Alumin|             127.8|Nghìn tấn|   12|      4|2025|2026-06-02 14:53:...|","logger":"airflow.task.hooks.airflow.providers.standard.hooks.subprocess.SubprocessHook","filename":"subprocess.py","lineno":99}
{"timestamp":"2026-06-02T14:53:53.568146Z","level":"info","event":"|Thuỷ hải sản chế ...| 736.5760723972177|Nghìn tấn|   12|      4|2025|2026-06-02 14:53:...|","logger":"airflow.task.hooks.airflow.providers.standard.hooks.subprocess.SubprocessHook","filename":"subprocess.py","lineno":99}
{"timestamp":"2026-06-02T14:53:53.568206Z","level":"info","event":"|            Sữa tươi|161.30530473259148|Triệu lít|   12|      4|2025|2026-06-02 14:53:...|","logger":"airflow.task.hooks.airflow.providers.standard.hooks.subprocess.SubprocessHook","filename":"subprocess.py","lineno":99}
{"timestamp":"2026-06-02T14:53:53.568299Z","level":"info","event":"|             Sữa bột| 14.35901101619859|Nghìn tấn|   12|      4|2025|2026-06-02 14:53:...|","logger":"airflow.task.hooks.airflow.providers.standard.hooks.subprocess.SubprocessHook","filename":"subprocess.py","lineno":99}
{"timestamp":"2026-06-02T14:53:53.568457Z","level":"info","event":"|          Đường kính|           162.458|Nghìn tấn|   12|      4|2025|2026-06-02 14:53:...|","logger":"airflow.task.hooks.airflow.providers.standard.hooks.subprocess.SubprocessHook","filename":"subprocess.py","lineno":99}
{"timestamp":"2026-06-02T14:53:53.568490Z","level":"info","event":"|            Bột ngọt|26.167465264973202|Nghìn tấn|   12|      4|2025|2026-06-02 14:53:...|","logger":"airflow.task.hooks.airflow.providers.standard.hooks.subprocess.SubprocessHook","filename":"subprocess.py","lineno":99}
{"timestamp":"2026-06-02T14:53:53.568513Z","level":"info","event":"| Thức ăn cho gia súc| 1364.606504286354|Nghìn tấn|   12|      4|2025|2026-06-02 14:53:...|","logger":"airflow.task.hooks.airflow.providers.standard.hooks.subprocess.SubprocessHook","filename":"subprocess.py","lineno":99}
{"timestamp":"2026-06-02T14:53:53.568534Z","level":"info","event":"|Thức ăn cho thủy sản| 809.2936358850659|Nghìn tấn|   12|      4|2025|2026-06-02 14:53:...|","logger":"airflow.task.hooks.airflow.providers.standard.hooks.subprocess.SubprocessHook","filename":"subprocess.py","lineno":99}
{"timestamp":"2026-06-02T14:53:53.568553Z","level":"info","event":"|                 Bia| 447.1363270573856|Triệu lít|   12|      4|2025|2026-06-02 14:53:...|","logger":"airflow.task.hooks.airflow.providers.standard.hooks.subprocess.SubprocessHook","filename":"subprocess.py","lineno":99}
{"timestamp":"2026-06-02T14:53:53.568572Z","level":"info","event":"|       Thuốc lá điếu| 684.4661585612539|Triệu bao|   12|      4|2025|2026-06-02 14:53:...|","logger":"airflow.task.hooks.airflow.providers.standard.hooks.subprocess.SubprocessHook","filename":"subprocess.py","lineno":99}
{"timestamp":"2026-06-02T14:53:53.568590Z","level":"info","event":"|Vải dệt từ sợi tự...| 97.12398580869623| Triệu m2|   12|      4|2025|2026-06-02 14:53:...|","logger":"airflow.task.hooks.airflow.providers.standard.hooks.subprocess.SubprocessHook","filename":"subprocess.py","lineno":99}
{"timestamp":"2026-06-02T14:53:53.568608Z","level":"info","event":"|Vải dệt từ sợi tổ...|109.12001734829161| Triệu m2|   12|      4|2025|2026-06-02 14:53:...|","logger":"airflow.task.hooks.airflow.providers.standard.hooks.subprocess.SubprocessHook","filename":"subprocess.py","lineno":99}
{"timestamp":"2026-06-02T14:53:53.568626Z","level":"info","event":"|  Quần áo mặc thường| 584.1408017378748|Triệu cái|   12|      4|2025|2026-06-02 14:53:...|","logger":"airflow.task.hooks.airflow.providers.standard.hooks.subprocess.SubprocessHook","filename":"subprocess.py","lineno":99}
{"timestamp":"2026-06-02T14:53:53.568645Z","level":"info","event":"|        Giày, dép da|35.321339767307975|Triệu đôi|   12|      4|2025|2026-06-02 14:53:...|","logger":"airflow.task.hooks.airflow.providers.standard.hooks.subprocess.SubprocessHook","filename":"subprocess.py","lineno":99}
{"timestamp":"2026-06-02T14:53:53.568664Z","level":"info","event":"|           Phân U rê|  229.328846422535|Nghìn tấn|   12|      4|2025|2026-06-02 14:53:...|","logger":"airflow.task.hooks.airflow.providers.standard.hooks.subprocess.SubprocessHook","filename":"subprocess.py","lineno":99}
{"timestamp":"2026-06-02T14:53:53.568683Z","level":"info","event":"+--------------------+------------------+---------+-----+-------+----+--------------------+","logger":"airflow.task.hooks.airflow.providers.standard.hooks.subprocess.SubprocessHook","filename":"subprocess.py","lineno":99}
{"timestamp":"2026-06-02T14:53:53.568702Z","level":"info","event":"only showing top 20 rows","logger":"airflow.task.hooks.airflow.providers.standard.hooks.subprocess.SubprocessHook","filename":"subprocess.py","lineno":99}
{"timestamp":"2026-06-02T14:53:53.568721Z","level":"info","event":"","logger":"airflow.task.hooks.airflow.providers.standard.hooks.subprocess.SubprocessHook","filename":"subprocess.py","lineno":99}
{"timestamp":"2026-06-02T14:53:53.791176Z","level":"info","event":"26/06/02 14:53:53 INFO HiveConf: Found configuration file null","logger":"airflow.task.hooks.airflow.providers.standard.hooks.subprocess.SubprocessHook","filename":"subprocess.py","lineno":99}
{"timestamp":"2026-06-02T14:53:53.801970Z","level":"info","event":"26/06/02 14:53:53 INFO HiveUtils: Initializing HiveMetastoreConnection version 2.3.9 using Spark classes.","logger":"airflow.task.hooks.airflow.providers.standard.hooks.subprocess.SubprocessHook","filename":"subprocess.py","lineno":99}
{"timestamp":"2026-06-02T14:53:54.030976Z","level":"info","event":"26/06/02 14:53:54 INFO HiveClientImpl: Warehouse location for Hive client (version 2.3.9) is s3a://warehouse/","logger":"airflow.task.hooks.airflow.providers.standard.hooks.subprocess.SubprocessHook","filename":"subprocess.py","lineno":99}
{"timestamp":"2026-06-02T14:53:54.062949Z","level":"info","event":"26/06/02 14:53:54 INFO metastore: Trying to connect to metastore with URI thrift://hive:9083","logger":"airflow.task.hooks.airflow.providers.standard.hooks.subprocess.SubprocessHook","filename":"subprocess.py","lineno":99}
{"timestamp":"2026-06-02T14:53:54.078172Z","level":"info","event":"26/06/02 14:53:54 INFO metastore: Opened a connection to metastore, current connections: 1","logger":"airflow.task.hooks.airflow.providers.standard.hooks.subprocess.SubprocessHook","filename":"subprocess.py","lineno":99}
{"timestamp":"2026-06-02T14:53:54.099030Z","level":"info","event":"26/06/02 14:53:54 INFO metastore: Connected to metastore.","logger":"airflow.task.hooks.airflow.providers.standard.hooks.subprocess.SubprocessHook","filename":"subprocess.py","lineno":99}
{"timestamp":"2026-06-02T14:53:54.359858Z","level":"info","event":"26/06/02 14:53:54 INFO DelegatingLogStore: LogStore `LogStoreAdapter(io.delta.storage.S3SingleDriverLogStore)` is used for scheme `s3a`","logger":"airflow.task.hooks.airflow.providers.standard.hooks.subprocess.SubprocessHook","filename":"subprocess.py","lineno":99}
{"timestamp":"2026-06-02T14:53:54.584995Z","level":"info","event":"26/06/02 14:53:54 INFO DeltaLog: Loading version 1.","logger":"airflow.task.hooks.airflow.providers.standard.hooks.subprocess.SubprocessHook","filename":"subprocess.py","lineno":99}
{"timestamp":"2026-06-02T14:53:55.115810Z","level":"info","event":"26/06/02 14:53:55 INFO DeltaLogFileIndex: Created DeltaLogFileIndex(JSON, numFilesInSegment: 2, totalFileSize: 12756)","logger":"airflow.task.hooks.airflow.providers.standard.hooks.subprocess.SubprocessHook","filename":"subprocess.py","lineno":99}
{"timestamp":"2026-06-02T14:53:55.365094Z","level":"info","event":"26/06/02 14:53:55 INFO DataSourceStrategy: Pruning directories with:","logger":"airflow.task.hooks.airflow.providers.standard.hooks.subprocess.SubprocessHook","filename":"subprocess.py","lineno":99}
{"timestamp":"2026-06-02T14:53:55.380991Z","level":"info","event":"26/06/02 14:53:55 INFO FileSourceStrategy: Pushed Filters:","logger":"airflow.task.hooks.airflow.providers.standard.hooks.subprocess.SubprocessHook","filename":"subprocess.py","lineno":99}
{"timestamp":"2026-06-02T14:53:55.382239Z","level":"info","event":"26/06/02 14:53:55 INFO FileSourceStrategy: Post-Scan Filters: ((isnotnull(protocol#140.minReaderVersion) OR isnotnull(metaData#139.id)) OR (isnotnull(commitInfo#141.inCommitTimestamp) AND (version#142L = 1)))","logger":"airflow.task.hooks.airflow.providers.standard.hooks.subprocess.SubprocessHook","filename":"subprocess.py","lineno":99}
{"timestamp":"2026-06-02T14:53:55.524605Z","level":"info","event":"26/06/02 14:53:55 INFO CodeGenerator: Code generated in 93.772288 ms","logger":"airflow.task.hooks.airflow.providers.standard.hooks.subprocess.SubprocessHook","filename":"subprocess.py","lineno":99}
{"timestamp":"2026-06-02T14:53:55.541506Z","level":"info","event":"26/06/02 14:53:55 INFO MemoryStore: Block broadcast_3 stored as values in memory (estimated size 202.2 KiB, free 434.2 MiB)","logger":"airflow.task.hooks.airflow.providers.standard.hooks.subprocess.SubprocessHook","filename":"subprocess.py","lineno":99}
{"timestamp":"2026-06-02T14:53:55.562082Z","level":"info","event":"26/06/02 14:53:55 INFO MemoryStore: Block broadcast_3_piece0 stored as bytes in memory (estimated size 35.0 KiB, free 434.2 MiB)","logger":"airflow.task.hooks.airflow.providers.standard.hooks.subprocess.SubprocessHook","filename":"subprocess.py","lineno":99}
{"timestamp":"2026-06-02T14:53:55.562612Z","level":"info","event":"26/06/02 14:53:55 INFO BlockManagerInfo: Added broadcast_3_piece0 in memory on ac0ccb30c6a7:44397 (size: 35.0 KiB, free: 434.4 MiB)","logger":"airflow.task.hooks.airflow.providers.standard.hooks.subprocess.SubprocessHook","filename":"subprocess.py","lineno":99}
{"timestamp":"2026-06-02T14:53:55.563926Z","level":"info","event":"26/06/02 14:53:55 INFO SparkContext: Created broadcast 3 from $anonfun$recordDeltaOperationInternal$1 at DatabricksLogging.scala:128","logger":"airflow.task.hooks.airflow.providers.standard.hooks.subprocess.SubprocessHook","filename":"subprocess.py","lineno":99}
{"timestamp":"2026-06-02T14:53:55.587161Z","level":"info","event":"26/06/02 14:53:55 INFO FileSourceScanExec: Planning scan with bin packing, max size: 4194304 bytes, open cost is considered as scanning 4194304 bytes.","logger":"airflow.task.hooks.airflow.providers.standard.hooks.subprocess.SubprocessHook","filename":"subprocess.py","lineno":99}
{"timestamp":"2026-06-02T14:53:55.636911Z","level":"info","event":"26/06/02 14:53:55 INFO SparkContext: Starting job: $anonfun$recordDeltaOperationInternal$1 at DatabricksLogging.scala:128","logger":"airflow.task.hooks.airflow.providers.standard.hooks.subprocess.SubprocessHook","filename":"subprocess.py","lineno":99}
{"timestamp":"2026-06-02T14:53:55.637500Z","level":"info","event":"26/06/02 14:53:55 INFO DAGScheduler: Got job 3 ($anonfun$recordDeltaOperationInternal$1 at DatabricksLogging.scala:128) with 2 output partitions","logger":"airflow.task.hooks.airflow.providers.standard.hooks.subprocess.SubprocessHook","filename":"subprocess.py","lineno":99}
{"timestamp":"2026-06-02T14:53:55.637658Z","level":"info","event":"26/06/02 14:53:55 INFO DAGScheduler: Final stage: ResultStage 3 ($anonfun$recordDeltaOperationInternal$1 at DatabricksLogging.scala:128)","logger":"airflow.task.hooks.airflow.providers.standard.hooks.subprocess.SubprocessHook","filename":"subprocess.py","lineno":99}
{"timestamp":"2026-06-02T14:53:55.637708Z","level":"info","event":"26/06/02 14:53:55 INFO DAGScheduler: Parents of final stage: List()","logger":"airflow.task.hooks.airflow.providers.standard.hooks.subprocess.SubprocessHook","filename":"subprocess.py","lineno":99}
{"timestamp":"2026-06-02T14:53:55.637747Z","level":"info","event":"26/06/02 14:53:55 INFO DAGScheduler: Missing parents: List()","logger":"airflow.task.hooks.airflow.providers.standard.hooks.subprocess.SubprocessHook","filename":"subprocess.py","lineno":99}
{"timestamp":"2026-06-02T14:53:55.640080Z","level":"info","event":"26/06/02 14:53:55 INFO DAGScheduler: Submitting ResultStage 3 (MapPartitionsRDD[10] at $anonfun$recordDeltaOperationInternal$1 at DatabricksLogging.scala:128), which has no missing parents","logger":"airflow.task.hooks.airflow.providers.standard.hooks.subprocess.SubprocessHook","filename":"subprocess.py","lineno":99}
{"timestamp":"2026-06-02T14:53:55.643924Z","level":"info","event":"26/06/02 14:53:55 INFO MemoryStore: Block broadcast_4 stored as values in memory (estimated size 55.2 KiB, free 434.1 MiB)","logger":"airflow.task.hooks.airflow.providers.standard.hooks.subprocess.SubprocessHook","filename":"subprocess.py","lineno":99}
{"timestamp":"2026-06-02T14:53:55.645123Z","level":"info","event":"26/06/02 14:53:55 INFO MemoryStore: Block broadcast_4_piece0 stored as bytes in memory (estimated size 17.1 KiB, free 434.1 MiB)","logger":"airflow.task.hooks.airflow.providers.standard.hooks.subprocess.SubprocessHook","filename":"subprocess.py","lineno":99}
{"timestamp":"2026-06-02T14:53:55.645595Z","level":"info","event":"26/06/02 14:53:55 INFO BlockManagerInfo: Added broadcast_4_piece0 in memory on ac0ccb30c6a7:44397 (size: 17.1 KiB, free: 434.3 MiB)","logger":"airflow.task.hooks.airflow.providers.standard.hooks.subprocess.SubprocessHook","filename":"subprocess.py","lineno":99}
{"timestamp":"2026-06-02T14:53:55.646373Z","level":"info","event":"26/06/02 14:53:55 INFO SparkContext: Created broadcast 4 from broadcast at DAGScheduler.scala:1611","logger":"airflow.task.hooks.airflow.providers.standard.hooks.subprocess.SubprocessHook","filename":"subprocess.py","lineno":99}
{"timestamp":"2026-06-02T14:53:55.646803Z","level":"info","event":"26/06/02 14:53:55 INFO DAGScheduler: Submitting 2 missing tasks from ResultStage 3 (MapPartitionsRDD[10] at $anonfun$recordDeltaOperationInternal$1 at DatabricksLogging.scala:128) (first 15 tasks are for partitions Vector(0, 1))","logger":"airflow.task.hooks.airflow.providers.standard.hooks.subprocess.SubprocessHook","filename":"subprocess.py","lineno":99}
{"timestamp":"2026-06-02T14:53:55.646958Z","level":"info","event":"26/06/02 14:53:55 INFO TaskSchedulerImpl: Adding task set 3.0 with 2 tasks resource profile 0","logger":"airflow.task.hooks.airflow.providers.standard.hooks.subprocess.SubprocessHook","filename":"subprocess.py","lineno":99}
{"timestamp":"2026-06-02T14:53:55.652944Z","level":"info","event":"26/06/02 14:53:55 INFO TaskSetManager: Starting task 0.0 in stage 3.0 (TID 14) (ac0ccb30c6a7, executor driver, partition 0, PROCESS_LOCAL, 9679 bytes)","logger":"airflow.task.hooks.airflow.providers.standard.hooks.subprocess.SubprocessHook","filename":"subprocess.py","lineno":99}
{"timestamp":"2026-06-02T14:53:55.653206Z","level":"info","event":"26/06/02 14:53:55 INFO TaskSetManager: Starting task 1.0 in stage 3.0 (TID 15) (ac0ccb30c6a7, executor driver, partition 1, PROCESS_LOCAL, 9679 bytes)","logger":"airflow.task.hooks.airflow.providers.standard.hooks.subprocess.SubprocessHook","filename":"subprocess.py","lineno":99}
{"timestamp":"2026-06-02T14:53:55.653536Z","level":"info","event":"26/06/02 14:53:55 INFO Executor: Running task 0.0 in stage 3.0 (TID 14)","logger":"airflow.task.hooks.airflow.providers.standard.hooks.subprocess.SubprocessHook","filename":"subprocess.py","lineno":99}
{"timestamp":"2026-06-02T14:53:55.653615Z","level":"info","event":"26/06/02 14:53:55 INFO Executor: Running task 1.0 in stage 3.0 (TID 15)","logger":"airflow.task.hooks.airflow.providers.standard.hooks.subprocess.SubprocessHook","filename":"subprocess.py","lineno":99}
{"timestamp":"2026-06-02T14:53:55.743946Z","level":"info","event":"26/06/02 14:53:55 INFO CodeGenerator: Code generated in 45.739211 ms","logger":"airflow.task.hooks.airflow.providers.standard.hooks.subprocess.SubprocessHook","filename":"subprocess.py","lineno":99}
{"timestamp":"2026-06-02T14:53:55.746792Z","level":"info","event":"26/06/02 14:53:55 INFO FileScanRDD: Reading File path: s3a://silver/industry_product/_delta_log/00000000000000000001.json, range: 0-11572, partition values: [1]","logger":"airflow.task.hooks.airflow.providers.standard.hooks.subprocess.SubprocessHook","filename":"subprocess.py","lineno":99}
{"timestamp":"2026-06-02T14:53:55.746953Z","level":"info","event":"26/06/02 14:53:55 INFO FileScanRDD: Reading File path: s3a://silver/industry_product/_delta_log/00000000000000000000.json, range: 0-1184, partition values: [0]","logger":"airflow.task.hooks.airflow.providers.standard.hooks.subprocess.SubprocessHook","filename":"subprocess.py","lineno":99}
{"timestamp":"2026-06-02T14:53:55.797951Z","level":"info","event":"26/06/02 14:53:55 INFO CodeGenerator: Code generated in 23.543029 ms","logger":"airflow.task.hooks.airflow.providers.standard.hooks.subprocess.SubprocessHook","filename":"subprocess.py","lineno":99}
{"timestamp":"2026-06-02T14:53:55.927751Z","level":"info","event":"26/06/02 14:53:55 INFO Executor: Finished task 1.0 in stage 3.0 (TID 15). 2050 bytes result sent to driver","logger":"airflow.task.hooks.airflow.providers.standard.hooks.subprocess.SubprocessHook","filename":"subprocess.py","lineno":99}
{"timestamp":"2026-06-02T14:53:55.928031Z","level":"info","event":"26/06/02 14:53:55 INFO Executor: Finished task 0.0 in stage 3.0 (TID 14). 1630 bytes result sent to driver","logger":"airflow.task.hooks.airflow.providers.standard.hooks.subprocess.SubprocessHook","filename":"subprocess.py","lineno":99}
{"timestamp":"2026-06-02T14:53:55.929060Z","level":"info","event":"26/06/02 14:53:55 INFO TaskSetManager: Finished task 1.0 in stage 3.0 (TID 15) in 276 ms on ac0ccb30c6a7 (executor driver) (1/2)","logger":"airflow.task.hooks.airflow.providers.standard.hooks.subprocess.SubprocessHook","filename":"subprocess.py","lineno":99}
{"timestamp":"2026-06-02T14:53:55.930053Z","level":"info","event":"26/06/02 14:53:55 INFO TaskSetManager: Finished task 0.0 in stage 3.0 (TID 14) in 280 ms on ac0ccb30c6a7 (executor driver) (2/2)","logger":"airflow.task.hooks.airflow.providers.standard.hooks.subprocess.SubprocessHook","filename":"subprocess.py","lineno":99}
{"timestamp":"2026-06-02T14:53:55.930240Z","level":"info","event":"26/06/02 14:53:55 INFO TaskSchedulerImpl: Removed TaskSet 3.0, whose tasks have all completed, from pool","logger":"airflow.task.hooks.airflow.providers.standard.hooks.subprocess.SubprocessHook","filename":"subprocess.py","lineno":99}
{"timestamp":"2026-06-02T14:53:55.932855Z","level":"info","event":"26/06/02 14:53:55 INFO DAGScheduler: ResultStage 3 ($anonfun$recordDeltaOperationInternal$1 at DatabricksLogging.scala:128) finished in 0.290 s","logger":"airflow.task.hooks.airflow.providers.standard.hooks.subprocess.SubprocessHook","filename":"subprocess.py","lineno":99}
{"timestamp":"2026-06-02T14:53:55.934224Z","level":"info","event":"26/06/02 14:53:55 INFO DAGScheduler: Job 3 is finished. Cancelling potential speculative or zombie tasks for this job","logger":"airflow.task.hooks.airflow.providers.standard.hooks.subprocess.SubprocessHook","filename":"subprocess.py","lineno":99}
{"timestamp":"2026-06-02T14:53:55.934493Z","level":"info","event":"26/06/02 14:53:55 INFO TaskSchedulerImpl: Killing all running tasks in stage 3: Stage finished","logger":"airflow.task.hooks.airflow.providers.standard.hooks.subprocess.SubprocessHook","filename":"subprocess.py","lineno":99}
{"timestamp":"2026-06-02T14:53:55.934970Z","level":"info","event":"26/06/02 14:53:55 INFO DAGScheduler: Job 3 finished: $anonfun$recordDeltaOperationInternal$1 at DatabricksLogging.scala:128, took 0.297948 s","logger":"airflow.task.hooks.airflow.providers.standard.hooks.subprocess.SubprocessHook","filename":"subprocess.py","lineno":99}
{"timestamp":"2026-06-02T14:53:56.002160Z","level":"info","event":"26/06/02 14:53:55 INFO CodeGenerator: Code generated in 28.3748 ms","logger":"airflow.task.hooks.airflow.providers.standard.hooks.subprocess.SubprocessHook","filename":"subprocess.py","lineno":99}
{"timestamp":"2026-06-02T14:53:56.070448Z","level":"info","event":"26/06/02 14:53:56 INFO Snapshot: [tableId=5297c397-963f-434c-bc06-d2bb1cd72841] Created snapshot Snapshot(path=s3a://silver/industry_product/_delta_log, version=1, metadata=Metadata(deca9866-c8fe-4359-a609-1676ffd1d0b8,null,null,Format(parquet,Map()),{\"type\":\"struct\",\"fields\":[{\"name\":\"product_name\",\"type\":\"string\",\"nullable\":true,\"metadata\":{}},{\"name\":\"value\",\"type\":\"double\",\"nullable\":true,\"metadata\":{}},{\"name\":\"unit\",\"type\":\"string\",\"nullable\":true,\"metadata\":{}},{\"name\":\"month\",\"type\":\"integer\",\"nullable\":true,\"metadata\":{}},{\"name\":\"quarter\",\"type\":\"integer\",\"nullable\":true,\"metadata\":{}},{\"name\":\"year\",\"type\":\"integer\",\"nullable\":true,\"metadata\":{}},{\"name\":\"ingest_at\",\"type\":\"timestamp\",\"nullable\":true,\"metadata\":{}}]},List(),Map(),Some(1780409957465)), logSegment=LogSegment(s3a://silver/industry_product/_delta_log,1,WrappedArray(S3AFileStatus{path=s3a://silver/industry_product/_delta_log/00000000000000000000.json; isDirectory=false; length=1184; replication=1; blocksize=33554432; modification_time=1780409957533; access_time=0; owner=spark; group=spark; permission=rw-rw-rw-; isSymlink=false; hasAcl=false; isEncrypted=true; isErasureCoded=false} isEmptyDirectory=FALSE eTag=472f23d30ab336ff68b7d2ef92347a15 versionId=null, S3AFileStatus{path=s3a://silver/industry_product/_delta_log/00000000000000000001.json; isDirectory=false; length=11572; replication=1; blocksize=33554432; modification_time=1780409976640; access_time=0; owner=spark; group=spark; permission=rw-rw-rw-; isSymlink=false; hasAcl=false; isEncrypted=true; isErasureCoded=false} isEmptyDirectory=FALSE eTag=db60aba020d58ba1098426712981fc6e versionId=null),org.apache.spark.sql.delta.EmptyCheckpointProvider$@151220c5,1780409976640), checksumOpt=None)","logger":"airflow.task.hooks.airflow.providers.standard.hooks.subprocess.SubprocessHook","filename":"subprocess.py","lineno":99}
{"timestamp":"2026-06-02T14:53:56.082221Z","level":"info","event":"26/06/02 14:53:56 INFO DeltaLog: Updated snapshot to Snapshot(path=s3a://silver/industry_product/_delta_log, version=1, metadata=Metadata(deca9866-c8fe-4359-a609-1676ffd1d0b8,null,null,Format(parquet,Map()),{\"type\":\"struct\",\"fields\":[{\"name\":\"product_name\",\"type\":\"string\",\"nullable\":true,\"metadata\":{}},{\"name\":\"value\",\"type\":\"double\",\"nullable\":true,\"metadata\":{}},{\"name\":\"unit\",\"type\":\"string\",\"nullable\":true,\"metadata\":{}},{\"name\":\"month\",\"type\":\"integer\",\"nullable\":true,\"metadata\":{}},{\"name\":\"quarter\",\"type\":\"integer\",\"nullable\":true,\"metadata\":{}},{\"name\":\"year\",\"type\":\"integer\",\"nullable\":true,\"metadata\":{}},{\"name\":\"ingest_at\",\"type\":\"timestamp\",\"nullable\":true,\"metadata\":{}}]},List(),Map(),Some(1780409957465)), logSegment=LogSegment(s3a://silver/industry_product/_delta_log,1,WrappedArray(S3AFileStatus{path=s3a://silver/industry_product/_delta_log/00000000000000000000.json; isDirectory=false; length=1184; replication=1; blocksize=33554432; modification_time=1780409957533; access_time=0; owner=spark; group=spark; permission=rw-rw-rw-; isSymlink=false; hasAcl=false; isEncrypted=true; isErasureCoded=false} isEmptyDirectory=FALSE eTag=472f23d30ab336ff68b7d2ef92347a15 versionId=null, S3AFileStatus{path=s3a://silver/industry_product/_delta_log/00000000000000000001.json; isDirectory=false; length=11572; replication=1; blocksize=33554432; modification_time=1780409976640; access_time=0; owner=spark; group=spark; permission=rw-rw-rw-; isSymlink=false; hasAcl=false; isEncrypted=true; isErasureCoded=false} isEmptyDirectory=FALSE eTag=db60aba020d58ba1098426712981fc6e versionId=null),org.apache.spark.sql.delta.EmptyCheckpointProvider$@151220c5,1780409976640), checksumOpt=None)","logger":"airflow.task.hooks.airflow.providers.standard.hooks.subprocess.SubprocessHook","filename":"subprocess.py","lineno":99}
{"timestamp":"2026-06-02T14:53:56.439415Z","level":"info","event":"26/06/02 14:53:56 INFO ParquetUtils: Using default output committer for Parquet: org.apache.parquet.hadoop.ParquetOutputCommitter","logger":"airflow.task.hooks.airflow.providers.standard.hooks.subprocess.SubprocessHook","filename":"subprocess.py","lineno":99}
{"timestamp":"2026-06-02T14:53:56.476449Z","level":"info","event":"26/06/02 14:53:56 INFO CodeGenerator: Code generated in 5.936255 ms","logger":"airflow.task.hooks.airflow.providers.standard.hooks.subprocess.SubprocessHook","filename":"subprocess.py","lineno":99}
{"timestamp":"2026-06-02T14:53:56.510292Z","level":"info","event":"26/06/02 14:53:56 INFO BlockManagerInfo: Removed broadcast_4_piece0 on ac0ccb30c6a7:44397 in memory (size: 17.1 KiB, free: 434.4 MiB)","logger":"airflow.task.hooks.airflow.providers.standard.hooks.subprocess.SubprocessHook","filename":"subprocess.py","lineno":99}
{"timestamp":"2026-06-02T14:53:56.517643Z","level":"info","event":"26/06/02 14:53:56 INFO BlockManagerInfo: Removed broadcast_3_piece0 on ac0ccb30c6a7:44397 in memory (size: 35.0 KiB, free: 434.4 MiB)","logger":"airflow.task.hooks.airflow.providers.standard.hooks.subprocess.SubprocessHook","filename":"subprocess.py","lineno":99}
{"timestamp":"2026-06-02T14:53:56.582766Z","level":"info","event":"26/06/02 14:53:56 INFO SparkContext: Starting job: saveAsTable at NativeMethodAccessorImpl.java:0","logger":"airflow.task.hooks.airflow.providers.standard.hooks.subprocess.SubprocessHook","filename":"subprocess.py","lineno":99}
{"timestamp":"2026-06-02T14:53:56.583865Z","level":"info","event":"26/06/02 14:53:56 INFO DAGScheduler: Got job 4 (saveAsTable at NativeMethodAccessorImpl.java:0) with 16 output partitions","logger":"airflow.task.hooks.airflow.providers.standard.hooks.subprocess.SubprocessHook","filename":"subprocess.py","lineno":99}
{"timestamp":"2026-06-02T14:53:56.584026Z","level":"info","event":"26/06/02 14:53:56 INFO DAGScheduler: Final stage: ResultStage 4 (saveAsTable at NativeMethodAccessorImpl.java:0)","logger":"airflow.task.hooks.airflow.providers.standard.hooks.subprocess.SubprocessHook","filename":"subprocess.py","lineno":99}
{"timestamp":"2026-06-02T14:53:56.584091Z","level":"info","event":"26/06/02 14:53:56 INFO DAGScheduler: Parents of final stage: List()","logger":"airflow.task.hooks.airflow.providers.standard.hooks.subprocess.SubprocessHook","filename":"subprocess.py","lineno":99}
{"timestamp":"2026-06-02T14:53:56.585217Z","level":"info","event":"26/06/02 14:53:56 INFO DAGScheduler: Missing parents: List()","logger":"airflow.task.hooks.airflow.providers.standard.hooks.subprocess.SubprocessHook","filename":"subprocess.py","lineno":99}
{"timestamp":"2026-06-02T14:53:56.586835Z","level":"info","event":"26/06/02 14:53:56 INFO DAGScheduler: Submitting ResultStage 4 (MapPartitionsRDD[11] at saveAsTable at NativeMethodAccessorImpl.java:0), which has no missing parents","logger":"airflow.task.hooks.airflow.providers.standard.hooks.subprocess.SubprocessHook","filename":"subprocess.py","lineno":99}
{"timestamp":"2026-06-02T14:53:56.609350Z","level":"info","event":"26/06/02 14:53:56 INFO MemoryStore: Block broadcast_5 stored as values in memory (estimated size 341.3 KiB, free 434.1 MiB)","logger":"airflow.task.hooks.airflow.providers.standard.hooks.subprocess.SubprocessHook","filename":"subprocess.py","lineno":99}
{"timestamp":"2026-06-02T14:53:56.619241Z","level":"info","event":"26/06/02 14:53:56 INFO MemoryStore: Block broadcast_5_piece0 stored as bytes in memory (estimated size 124.4 KiB, free 433.9 MiB)","logger":"airflow.task.hooks.airflow.providers.standard.hooks.subprocess.SubprocessHook","filename":"subprocess.py","lineno":99}
{"timestamp":"2026-06-02T14:53:56.620212Z","level":"info","event":"26/06/02 14:53:56 INFO BlockManagerInfo: Added broadcast_5_piece0 in memory on ac0ccb30c6a7:44397 (size: 124.4 KiB, free: 434.3 MiB)","logger":"airflow.task.hooks.airflow.providers.standard.hooks.subprocess.SubprocessHook","filename":"subprocess.py","lineno":99}
{"timestamp":"2026-06-02T14:53:56.620885Z","level":"info","event":"26/06/02 14:53:56 INFO SparkContext: Created broadcast 5 from broadcast at DAGScheduler.scala:1611","logger":"airflow.task.hooks.airflow.providers.standard.hooks.subprocess.SubprocessHook","filename":"subprocess.py","lineno":99}
{"timestamp":"2026-06-02T14:53:56.622090Z","level":"info","event":"26/06/02 14:53:56 INFO DAGScheduler: Submitting 16 missing tasks from ResultStage 4 (MapPartitionsRDD[11] at saveAsTable at NativeMethodAccessorImpl.java:0) (first 15 tasks are for partitions Vector(0, 1, 2, 3, 4, 5, 6, 7, 8, 9, 10, 11, 12, 13, 14))","logger":"airflow.task.hooks.airflow.providers.standard.hooks.subprocess.SubprocessHook","filename":"subprocess.py","lineno":99}
{"timestamp":"2026-06-02T14:53:56.622269Z","level":"info","event":"26/06/02 14:53:56 INFO TaskSchedulerImpl: Adding task set 4.0 with 16 tasks resource profile 0","logger":"airflow.task.hooks.airflow.providers.standard.hooks.subprocess.SubprocessHook","filename":"subprocess.py","lineno":99}
{"timestamp":"2026-06-02T14:53:56.624440Z","level":"info","event":"26/06/02 14:53:56 INFO TaskSetManager: Starting task 0.0 in stage 4.0 (TID 16) (ac0ccb30c6a7, executor driver, partition 0, PROCESS_LOCAL, 9133 bytes)","logger":"airflow.task.hooks.airflow.providers.standard.hooks.subprocess.SubprocessHook","filename":"subprocess.py","lineno":99}
{"timestamp":"2026-06-02T14:53:56.625500Z","level":"info","event":"26/06/02 14:53:56 INFO TaskSetManager: Starting task 1.0 in stage 4.0 (TID 17) (ac0ccb30c6a7, executor driver, partition 1, PROCESS_LOCAL, 9154 bytes)","logger":"airflow.task.hooks.airflow.providers.standard.hooks.subprocess.SubprocessHook","filename":"subprocess.py","lineno":99}
{"timestamp":"2026-06-02T14:53:56.626173Z","level":"info","event":"26/06/02 14:53:56 INFO TaskSetManager: Starting task 2.0 in stage 4.0 (TID 18) (ac0ccb30c6a7, executor driver, partition 2, PROCESS_LOCAL, 9102 bytes)","logger":"airflow.task.hooks.airflow.providers.standard.hooks.subprocess.SubprocessHook","filename":"subprocess.py","lineno":99}
{"timestamp":"2026-06-02T14:53:56.627026Z","level":"info","event":"26/06/02 14:53:56 INFO TaskSetManager: Starting task 3.0 in stage 4.0 (TID 19) (ac0ccb30c6a7, executor driver, partition 3, PROCESS_LOCAL, 9140 bytes)","logger":"airflow.task.hooks.airflow.providers.standard.hooks.subprocess.SubprocessHook","filename":"subprocess.py","lineno":99}
{"timestamp":"2026-06-02T14:53:56.627214Z","level":"info","event":"26/06/02 14:53:56 INFO TaskSetManager: Starting task 4.0 in stage 4.0 (TID 20) (ac0ccb30c6a7, executor driver, partition 4, PROCESS_LOCAL, 9110 bytes)","logger":"airflow.task.hooks.airflow.providers.standard.hooks.subprocess.SubprocessHook","filename":"subprocess.py","lineno":99}
{"timestamp":"2026-06-02T14:53:56.627316Z","level":"info","event":"26/06/02 14:53:56 INFO TaskSetManager: Starting task 5.0 in stage 4.0 (TID 21) (ac0ccb30c6a7, executor driver, partition 5, PROCESS_LOCAL, 9119 bytes)","logger":"airflow.task.hooks.airflow.providers.standard.hooks.subprocess.SubprocessHook","filename":"subprocess.py","lineno":99}
{"timestamp":"2026-06-02T14:53:56.628104Z","level":"info","event":"26/06/02 14:53:56 INFO TaskSetManager: Starting task 6.0 in stage 4.0 (TID 22) (ac0ccb30c6a7, executor driver, partition 6, PROCESS_LOCAL, 9127 bytes)","logger":"airflow.task.hooks.airflow.providers.standard.hooks.subprocess.SubprocessHook","filename":"subprocess.py","lineno":99}
{"timestamp":"2026-06-02T14:53:56.628305Z","level":"info","event":"26/06/02 14:53:56 INFO TaskSetManager: Starting task 7.0 in stage 4.0 (TID 23) (ac0ccb30c6a7, executor driver, partition 7, PROCESS_LOCAL, 9147 bytes)","logger":"airflow.task.hooks.airflow.providers.standard.hooks.subprocess.SubprocessHook","filename":"subprocess.py","lineno":99}
{"timestamp":"2026-06-02T14:53:56.628677Z","level":"info","event":"26/06/02 14:53:56 INFO TaskSetManager: Starting task 8.0 in stage 4.0 (TID 24) (ac0ccb30c6a7, executor driver, partition 8, PROCESS_LOCAL, 9182 bytes)","logger":"airflow.task.hooks.airflow.providers.standard.hooks.subprocess.SubprocessHook","filename":"subprocess.py","lineno":99}
{"timestamp":"2026-06-02T14:53:56.629306Z","level":"info","event":"26/06/02 14:53:56 INFO TaskSetManager: Starting task 9.0 in stage 4.0 (TID 25) (ac0ccb30c6a7, executor driver, partition 9, PROCESS_LOCAL, 9123 bytes)","logger":"airflow.task.hooks.airflow.providers.standard.hooks.subprocess.SubprocessHook","filename":"subprocess.py","lineno":99}
{"timestamp":"2026-06-02T14:53:56.629812Z","level":"info","event":"26/06/02 14:53:56 INFO TaskSetManager: Starting task 10.0 in stage 4.0 (TID 26) (ac0ccb30c6a7, executor driver, partition 10, PROCESS_LOCAL, 9122 bytes)","logger":"airflow.task.hooks.airflow.providers.standard.hooks.subprocess.SubprocessHook","filename":"subprocess.py","lineno":99}
{"timestamp":"2026-06-02T14:53:56.630638Z","level":"info","event":"26/06/02 14:53:56 INFO TaskSetManager: Starting task 11.0 in stage 4.0 (TID 27) (ac0ccb30c6a7, executor driver, partition 11, PROCESS_LOCAL, 9123 bytes)","logger":"airflow.task.hooks.airflow.providers.standard.hooks.subprocess.SubprocessHook","filename":"subprocess.py","lineno":99}
{"timestamp":"2026-06-02T14:53:56.631255Z","level":"info","event":"26/06/02 14:53:56 INFO TaskSetManager: Starting task 12.0 in stage 4.0 (TID 28) (ac0ccb30c6a7, executor driver, partition 12, PROCESS_LOCAL, 9117 bytes)","logger":"airflow.task.hooks.airflow.providers.standard.hooks.subprocess.SubprocessHook","filename":"subprocess.py","lineno":99}
{"timestamp":"2026-06-02T14:53:56.632624Z","level":"info","event":"26/06/02 14:53:56 INFO TaskSetManager: Starting task 13.0 in stage 4.0 (TID 29) (ac0ccb30c6a7, executor driver, partition 13, PROCESS_LOCAL, 9157 bytes)","logger":"airflow.task.hooks.airflow.providers.standard.hooks.subprocess.SubprocessHook","filename":"subprocess.py","lineno":99}
{"timestamp":"2026-06-02T14:53:56.633324Z","level":"info","event":"26/06/02 14:53:56 INFO TaskSetManager: Starting task 14.0 in stage 4.0 (TID 30) (ac0ccb30c6a7, executor driver, partition 14, PROCESS_LOCAL, 9108 bytes)","logger":"airflow.task.hooks.airflow.providers.standard.hooks.subprocess.SubprocessHook","filename":"subprocess.py","lineno":99}
{"timestamp":"2026-06-02T14:53:56.634705Z","level":"info","event":"26/06/02 14:53:56 INFO TaskSetManager: Starting task 15.0 in stage 4.0 (TID 31) (ac0ccb30c6a7, executor driver, partition 15, PROCESS_LOCAL, 9219 bytes)","logger":"airflow.task.hooks.airflow.providers.standard.hooks.subprocess.SubprocessHook","filename":"subprocess.py","lineno":99}
{"timestamp":"2026-06-02T14:53:56.635083Z","level":"info","event":"26/06/02 14:53:56 INFO Executor: Running task 0.0 in stage 4.0 (TID 16)","logger":"airflow.task.hooks.airflow.providers.standard.hooks.subprocess.SubprocessHook","filename":"subprocess.py","lineno":99}
{"timestamp":"2026-06-02T14:53:56.635179Z","level":"info","event":"26/06/02 14:53:56 INFO Executor: Running task 5.0 in stage 4.0 (TID 21)","logger":"airflow.task.hooks.airflow.providers.standard.hooks.subprocess.SubprocessHook","filename":"subprocess.py","lineno":99}
{"timestamp":"2026-06-02T14:53:56.635210Z","level":"info","event":"26/06/02 14:53:56 INFO Executor: Running task 7.0 in stage 4.0 (TID 23)","logger":"airflow.task.hooks.airflow.providers.standard.hooks.subprocess.SubprocessHook","filename":"subprocess.py","lineno":99}
{"timestamp":"2026-06-02T14:53:56.635234Z","level":"info","event":"26/06/02 14:53:56 INFO Executor: Running task 6.0 in stage 4.0 (TID 22)","logger":"airflow.task.hooks.airflow.providers.standard.hooks.subprocess.SubprocessHook","filename":"subprocess.py","lineno":99}
{"timestamp":"2026-06-02T14:53:56.635254Z","level":"info","event":"26/06/02 14:53:56 INFO Executor: Running task 3.0 in stage 4.0 (TID 19)","logger":"airflow.task.hooks.airflow.providers.standard.hooks.subprocess.SubprocessHook","filename":"subprocess.py","lineno":99}
{"timestamp":"2026-06-02T14:53:56.635272Z","level":"info","event":"26/06/02 14:53:56 INFO Executor: Running task 1.0 in stage 4.0 (TID 17)","logger":"airflow.task.hooks.airflow.providers.standard.hooks.subprocess.SubprocessHook","filename":"subprocess.py","lineno":99}
{"timestamp":"2026-06-02T14:53:56.636168Z","level":"info","event":"26/06/02 14:53:56 INFO Executor: Running task 8.0 in stage 4.0 (TID 24)","logger":"airflow.task.hooks.airflow.providers.standard.hooks.subprocess.SubprocessHook","filename":"subprocess.py","lineno":99}
{"timestamp":"2026-06-02T14:53:56.636402Z","level":"info","event":"26/06/02 14:53:56 INFO Executor: Running task 2.0 in stage 4.0 (TID 18)","logger":"airflow.task.hooks.airflow.providers.standard.hooks.subprocess.SubprocessHook","filename":"subprocess.py","lineno":99}
{"timestamp":"2026-06-02T14:53:56.636602Z","level":"info","event":"26/06/02 14:53:56 INFO Executor: Running task 4.0 in stage 4.0 (TID 20)","logger":"airflow.task.hooks.airflow.providers.standard.hooks.subprocess.SubprocessHook","filename":"subprocess.py","lineno":99}
{"timestamp":"2026-06-02T14:53:56.639609Z","level":"info","event":"26/06/02 14:53:56 INFO Executor: Running task 12.0 in stage 4.0 (TID 28)","logger":"airflow.task.hooks.airflow.providers.standard.hooks.subprocess.SubprocessHook","filename":"subprocess.py","lineno":99}
{"timestamp":"2026-06-02T14:53:56.640726Z","level":"info","event":"26/06/02 14:53:56 INFO Executor: Running task 10.0 in stage 4.0 (TID 26)","logger":"airflow.task.hooks.airflow.providers.standard.hooks.subprocess.SubprocessHook","filename":"subprocess.py","lineno":99}
{"timestamp":"2026-06-02T14:53:56.640837Z","level":"info","event":"26/06/02 14:53:56 INFO Executor: Running task 9.0 in stage 4.0 (TID 25)","logger":"airflow.task.hooks.airflow.providers.standard.hooks.subprocess.SubprocessHook","filename":"subprocess.py","lineno":99}
{"timestamp":"2026-06-02T14:53:56.644936Z","level":"info","event":"26/06/02 14:53:56 INFO Executor: Running task 13.0 in stage 4.0 (TID 29)","logger":"airflow.task.hooks.airflow.providers.standard.hooks.subprocess.SubprocessHook","filename":"subprocess.py","lineno":99}
{"timestamp":"2026-06-02T14:53:56.645196Z","level":"info","event":"26/06/02 14:53:56 INFO Executor: Running task 14.0 in stage 4.0 (TID 30)","logger":"airflow.task.hooks.airflow.providers.standard.hooks.subprocess.SubprocessHook","filename":"subprocess.py","lineno":99}
{"timestamp":"2026-06-02T14:53:56.651931Z","level":"info","event":"26/06/02 14:53:56 INFO Executor: Running task 11.0 in stage 4.0 (TID 27)","logger":"airflow.task.hooks.airflow.providers.standard.hooks.subprocess.SubprocessHook","filename":"subprocess.py","lineno":99}
{"timestamp":"2026-06-02T14:53:56.665085Z","level":"info","event":"26/06/02 14:53:56 INFO Executor: Running task 15.0 in stage 4.0 (TID 31)","logger":"airflow.task.hooks.airflow.providers.standard.hooks.subprocess.SubprocessHook","filename":"subprocess.py","lineno":99}
{"timestamp":"2026-06-02T14:53:56.961264Z","level":"info","event":"26/06/02 14:53:56 INFO CodeGenerator: Code generated in 54.781852 ms","logger":"airflow.task.hooks.airflow.providers.standard.hooks.subprocess.SubprocessHook","filename":"subprocess.py","lineno":99}
{"timestamp":"2026-06-02T14:53:57.102109Z","level":"info","event":"26/06/02 14:53:57 INFO CodeGenerator: Code generated in 22.686879 ms","logger":"airflow.task.hooks.airflow.providers.standard.hooks.subprocess.SubprocessHook","filename":"subprocess.py","lineno":99}
{"timestamp":"2026-06-02T14:53:57.303698Z","level":"info","event":"26/06/02 14:53:57 INFO CodeGenerator: Code generated in 57.873194 ms","logger":"airflow.task.hooks.airflow.providers.standard.hooks.subprocess.SubprocessHook","filename":"subprocess.py","lineno":99}
{"timestamp":"2026-06-02T14:53:57.322543Z","level":"info","event":"26/06/02 14:53:57 INFO CodeGenerator: Code generated in 6.45011 ms","logger":"airflow.task.hooks.airflow.providers.standard.hooks.subprocess.SubprocessHook","filename":"subprocess.py","lineno":99}
{"timestamp":"2026-06-02T14:53:57.334028Z","level":"info","event":"26/06/02 14:53:57 INFO CodecConfig: Compression: SNAPPY","logger":"airflow.task.hooks.airflow.providers.standard.hooks.subprocess.SubprocessHook","filename":"subprocess.py","lineno":99}
{"timestamp":"2026-06-02T14:53:57.334470Z","level":"info","event":"26/06/02 14:53:57 INFO CodecConfig: Compression: SNAPPY","logger":"airflow.task.hooks.airflow.providers.standard.hooks.subprocess.SubprocessHook","filename":"subprocess.py","lineno":99}
{"timestamp":"2026-06-02T14:53:57.334679Z","level":"info","event":"26/06/02 14:53:57 INFO CodecConfig: Compression: SNAPPY","logger":"airflow.task.hooks.airflow.providers.standard.hooks.subprocess.SubprocessHook","filename":"subprocess.py","lineno":99}
{"timestamp":"2026-06-02T14:53:57.334816Z","level":"info","event":"26/06/02 14:53:57 INFO CodecConfig: Compression: SNAPPY","logger":"airflow.task.hooks.airflow.providers.standard.hooks.subprocess.SubprocessHook","filename":"subprocess.py","lineno":99}
{"timestamp":"2026-06-02T14:53:57.334932Z","level":"info","event":"26/06/02 14:53:57 INFO CodecConfig: Compression: SNAPPY","logger":"airflow.task.hooks.airflow.providers.standard.hooks.subprocess.SubprocessHook","filename":"subprocess.py","lineno":99}
{"timestamp":"2026-06-02T14:53:57.335019Z","level":"info","event":"26/06/02 14:53:57 INFO CodecConfig: Compression: SNAPPY","logger":"airflow.task.hooks.airflow.providers.standard.hooks.subprocess.SubprocessHook","filename":"subprocess.py","lineno":99}
{"timestamp":"2026-06-02T14:53:57.335097Z","level":"info","event":"26/06/02 14:53:57 INFO CodecConfig: Compression: SNAPPY","logger":"airflow.task.hooks.airflow.providers.standard.hooks.subprocess.SubprocessHook","filename":"subprocess.py","lineno":99}
{"timestamp":"2026-06-02T14:53:57.335176Z","level":"info","event":"26/06/02 14:53:57 INFO CodecConfig: Compression: SNAPPY","logger":"airflow.task.hooks.airflow.providers.standard.hooks.subprocess.SubprocessHook","filename":"subprocess.py","lineno":99}
{"timestamp":"2026-06-02T14:53:57.335247Z","level":"info","event":"26/06/02 14:53:57 INFO CodecConfig: Compression: SNAPPY","logger":"airflow.task.hooks.airflow.providers.standard.hooks.subprocess.SubprocessHook","filename":"subprocess.py","lineno":99}
{"timestamp":"2026-06-02T14:53:57.335317Z","level":"info","event":"26/06/02 14:53:57 INFO CodecConfig: Compression: SNAPPY","logger":"airflow.task.hooks.airflow.providers.standard.hooks.subprocess.SubprocessHook","filename":"subprocess.py","lineno":99}
{"timestamp":"2026-06-02T14:53:57.335388Z","level":"info","event":"26/06/02 14:53:57 INFO CodecConfig: Compression: SNAPPY","logger":"airflow.task.hooks.airflow.providers.standard.hooks.subprocess.SubprocessHook","filename":"subprocess.py","lineno":99}
{"timestamp":"2026-06-02T14:53:57.335473Z","level":"info","event":"26/06/02 14:53:57 INFO CodecConfig: Compression: SNAPPY","logger":"airflow.task.hooks.airflow.providers.standard.hooks.subprocess.SubprocessHook","filename":"subprocess.py","lineno":99}
{"timestamp":"2026-06-02T14:53:57.335546Z","level":"info","event":"26/06/02 14:53:57 INFO CodecConfig: Compression: SNAPPY","logger":"airflow.task.hooks.airflow.providers.standard.hooks.subprocess.SubprocessHook","filename":"subprocess.py","lineno":99}
{"timestamp":"2026-06-02T14:53:57.335616Z","level":"info","event":"26/06/02 14:53:57 INFO CodecConfig: Compression: SNAPPY","logger":"airflow.task.hooks.airflow.providers.standard.hooks.subprocess.SubprocessHook","filename":"subprocess.py","lineno":99}
{"timestamp":"2026-06-02T14:53:57.335689Z","level":"info","event":"26/06/02 14:53:57 INFO CodecConfig: Compression: SNAPPY","logger":"airflow.task.hooks.airflow.providers.standard.hooks.subprocess.SubprocessHook","filename":"subprocess.py","lineno":99}
{"timestamp":"2026-06-02T14:53:57.337713Z","level":"info","event":"26/06/02 14:53:57 INFO CodecConfig: Compression: SNAPPY","logger":"airflow.task.hooks.airflow.providers.standard.hooks.subprocess.SubprocessHook","filename":"subprocess.py","lineno":99}
{"timestamp":"2026-06-02T14:53:57.338091Z","level":"info","event":"26/06/02 14:53:57 INFO CodecConfig: Compression: SNAPPY","logger":"airflow.task.hooks.airflow.providers.standard.hooks.subprocess.SubprocessHook","filename":"subprocess.py","lineno":99}
{"timestamp":"2026-06-02T14:53:57.338206Z","level":"info","event":"26/06/02 14:53:57 INFO CodecConfig: Compression: SNAPPY","logger":"airflow.task.hooks.airflow.providers.standard.hooks.subprocess.SubprocessHook","filename":"subprocess.py","lineno":99}
{"timestamp":"2026-06-02T14:53:57.338244Z","level":"info","event":"26/06/02 14:53:57 INFO CodecConfig: Compression: SNAPPY","logger":"airflow.task.hooks.airflow.providers.standard.hooks.subprocess.SubprocessHook","filename":"subprocess.py","lineno":99}
{"timestamp":"2026-06-02T14:53:57.338268Z","level":"info","event":"26/06/02 14:53:57 INFO CodecConfig: Compression: SNAPPY","logger":"airflow.task.hooks.airflow.providers.standard.hooks.subprocess.SubprocessHook","filename":"subprocess.py","lineno":99}
{"timestamp":"2026-06-02T14:53:57.338290Z","level":"info","event":"26/06/02 14:53:57 INFO CodecConfig: Compression: SNAPPY","logger":"airflow.task.hooks.airflow.providers.standard.hooks.subprocess.SubprocessHook","filename":"subprocess.py","lineno":99}
{"timestamp":"2026-06-02T14:53:57.338320Z","level":"info","event":"26/06/02 14:53:57 INFO CodecConfig: Compression: SNAPPY","logger":"airflow.task.hooks.airflow.providers.standard.hooks.subprocess.SubprocessHook","filename":"subprocess.py","lineno":99}
{"timestamp":"2026-06-02T14:53:57.338347Z","level":"info","event":"26/06/02 14:53:57 INFO CodecConfig: Compression: SNAPPY","logger":"airflow.task.hooks.airflow.providers.standard.hooks.subprocess.SubprocessHook","filename":"subprocess.py","lineno":99}
{"timestamp":"2026-06-02T14:53:57.338372Z","level":"info","event":"26/06/02 14:53:57 INFO CodecConfig: Compression: SNAPPY","logger":"airflow.task.hooks.airflow.providers.standard.hooks.subprocess.SubprocessHook","filename":"subprocess.py","lineno":99}
{"timestamp":"2026-06-02T14:53:57.338412Z","level":"info","event":"26/06/02 14:53:57 INFO CodecConfig: Compression: SNAPPY","logger":"airflow.task.hooks.airflow.providers.standard.hooks.subprocess.SubprocessHook","filename":"subprocess.py","lineno":99}
{"timestamp":"2026-06-02T14:53:57.338439Z","level":"info","event":"26/06/02 14:53:57 INFO CodecConfig: Compression: SNAPPY","logger":"airflow.task.hooks.airflow.providers.standard.hooks.subprocess.SubprocessHook","filename":"subprocess.py","lineno":99}
{"timestamp":"2026-06-02T14:53:57.338779Z","level":"info","event":"26/06/02 14:53:57 INFO CodecConfig: Compression: SNAPPY","logger":"airflow.task.hooks.airflow.providers.standard.hooks.subprocess.SubprocessHook","filename":"subprocess.py","lineno":99}
{"timestamp":"2026-06-02T14:53:57.338920Z","level":"info","event":"26/06/02 14:53:57 INFO CodecConfig: Compression: SNAPPY","logger":"airflow.task.hooks.airflow.providers.standard.hooks.subprocess.SubprocessHook","filename":"subprocess.py","lineno":99}
{"timestamp":"2026-06-02T14:53:57.339062Z","level":"info","event":"26/06/02 14:53:57 INFO CodecConfig: Compression: SNAPPY","logger":"airflow.task.hooks.airflow.providers.standard.hooks.subprocess.SubprocessHook","filename":"subprocess.py","lineno":99}
{"timestamp":"2026-06-02T14:53:57.341396Z","level":"info","event":"26/06/02 14:53:57 INFO CodecConfig: Compression: SNAPPY","logger":"airflow.task.hooks.airflow.providers.standard.hooks.subprocess.SubprocessHook","filename":"subprocess.py","lineno":99}
{"timestamp":"2026-06-02T14:53:57.342533Z","level":"info","event":"26/06/02 14:53:57 INFO CodecConfig: Compression: SNAPPY","logger":"airflow.task.hooks.airflow.providers.standard.hooks.subprocess.SubprocessHook","filename":"subprocess.py","lineno":99}
{"timestamp":"2026-06-02T14:53:57.342660Z","level":"info","event":"26/06/02 14:53:57 INFO CodecConfig: Compression: SNAPPY","logger":"airflow.task.hooks.airflow.providers.standard.hooks.subprocess.SubprocessHook","filename":"subprocess.py","lineno":99}
{"timestamp":"2026-06-02T14:53:57.394825Z","level":"info","event":"26/06/02 14:53:57 INFO ParquetOutputFormat: ParquetRecordWriter [block size: 134217728b, row group padding size: 8388608b, validating: false]","logger":"airflow.task.hooks.airflow.providers.standard.hooks.subprocess.SubprocessHook","filename":"subprocess.py","lineno":99}
{"timestamp":"2026-06-02T14:53:57.395064Z","level":"info","event":"26/06/02 14:53:57 INFO ParquetOutputFormat: ParquetRecordWriter [block size: 134217728b, row group padding size: 8388608b, validating: false]","logger":"airflow.task.hooks.airflow.providers.standard.hooks.subprocess.SubprocessHook","filename":"subprocess.py","lineno":99}
{"timestamp":"2026-06-02T14:53:57.395150Z","level":"info","event":"26/06/02 14:53:57 INFO ParquetOutputFormat: ParquetRecordWriter [block size: 134217728b, row group padding size: 8388608b, validating: false]","logger":"airflow.task.hooks.airflow.providers.standard.hooks.subprocess.SubprocessHook","filename":"subprocess.py","lineno":99}
{"timestamp":"2026-06-02T14:53:57.395192Z","level":"info","event":"26/06/02 14:53:57 INFO ParquetOutputFormat: ParquetRecordWriter [block size: 134217728b, row group padding size: 8388608b, validating: false]","logger":"airflow.task.hooks.airflow.providers.standard.hooks.subprocess.SubprocessHook","filename":"subprocess.py","lineno":99}
{"timestamp":"2026-06-02T14:53:57.395223Z","level":"info","event":"26/06/02 14:53:57 INFO ParquetOutputFormat: ParquetRecordWriter [block size: 134217728b, row group padding size: 8388608b, validating: false]","logger":"airflow.task.hooks.airflow.providers.standard.hooks.subprocess.SubprocessHook","filename":"subprocess.py","lineno":99}
{"timestamp":"2026-06-02T14:53:57.395252Z","level":"info","event":"26/06/02 14:53:57 INFO ParquetOutputFormat: ParquetRecordWriter [block size: 134217728b, row group padding size: 8388608b, validating: false]","logger":"airflow.task.hooks.airflow.providers.standard.hooks.subprocess.SubprocessHook","filename":"subprocess.py","lineno":99}
{"timestamp":"2026-06-02T14:53:57.395280Z","level":"info","event":"26/06/02 14:53:57 INFO ParquetOutputFormat: ParquetRecordWriter [block size: 134217728b, row group padding size: 8388608b, validating: false]","logger":"airflow.task.hooks.airflow.providers.standard.hooks.subprocess.SubprocessHook","filename":"subprocess.py","lineno":99}
{"timestamp":"2026-06-02T14:53:57.395320Z","level":"info","event":"26/06/02 14:53:57 INFO ParquetOutputFormat: ParquetRecordWriter [block size: 134217728b, row group padding size: 8388608b, validating: false]","logger":"airflow.task.hooks.airflow.providers.standard.hooks.subprocess.SubprocessHook","filename":"subprocess.py","lineno":99}
{"timestamp":"2026-06-02T14:53:57.395361Z","level":"info","event":"26/06/02 14:53:57 INFO ParquetOutputFormat: ParquetRecordWriter [block size: 134217728b, row group padding size: 8388608b, validating: false]","logger":"airflow.task.hooks.airflow.providers.standard.hooks.subprocess.SubprocessHook","filename":"subprocess.py","lineno":99}
{"timestamp":"2026-06-02T14:53:57.395388Z","level":"info","event":"26/06/02 14:53:57 INFO ParquetOutputFormat: ParquetRecordWriter [block size: 134217728b, row group padding size: 8388608b, validating: false]","logger":"airflow.task.hooks.airflow.providers.standard.hooks.subprocess.SubprocessHook","filename":"subprocess.py","lineno":99}
{"timestamp":"2026-06-02T14:53:57.395413Z","level":"info","event":"26/06/02 14:53:57 INFO ParquetOutputFormat: ParquetRecordWriter [block size: 134217728b, row group padding size: 8388608b, validating: false]","logger":"airflow.task.hooks.airflow.providers.standard.hooks.subprocess.SubprocessHook","filename":"subprocess.py","lineno":99}
{"timestamp":"2026-06-02T14:53:57.395438Z","level":"info","event":"26/06/02 14:53:57 INFO ParquetOutputFormat: ParquetRecordWriter [block size: 134217728b, row group padding size: 8388608b, validating: false]","logger":"airflow.task.hooks.airflow.providers.standard.hooks.subprocess.SubprocessHook","filename":"subprocess.py","lineno":99}
{"timestamp":"2026-06-02T14:53:57.395591Z","level":"info","event":"26/06/02 14:53:57 INFO ParquetOutputFormat: ParquetRecordWriter [block size: 134217728b, row group padding size: 8388608b, validating: false]","logger":"airflow.task.hooks.airflow.providers.standard.hooks.subprocess.SubprocessHook","filename":"subprocess.py","lineno":99}
{"timestamp":"2026-06-02T14:53:57.395685Z","level":"info","event":"26/06/02 14:53:57 INFO ParquetOutputFormat: ParquetRecordWriter [block size: 134217728b, row group padding size: 8388608b, validating: false]","logger":"airflow.task.hooks.airflow.providers.standard.hooks.subprocess.SubprocessHook","filename":"subprocess.py","lineno":99}
{"timestamp":"2026-06-02T14:53:57.395769Z","level":"info","event":"26/06/02 14:53:57 INFO ParquetOutputFormat: ParquetRecordWriter [block size: 134217728b, row group padding size: 8388608b, validating: false]","logger":"airflow.task.hooks.airflow.providers.standard.hooks.subprocess.SubprocessHook","filename":"subprocess.py","lineno":99}
{"timestamp":"2026-06-02T14:53:57.395854Z","level":"info","event":"26/06/02 14:53:57 INFO ParquetOutputFormat: ParquetRecordWriter [block size: 134217728b, row group padding size: 8388608b, validating: false]","logger":"airflow.task.hooks.airflow.providers.standard.hooks.subprocess.SubprocessHook","filename":"subprocess.py","lineno":99}
{"timestamp":"2026-06-02T14:53:57.434963Z","level":"info","event":"26/06/02 14:53:57 INFO ParquetWriteSupport: Initialized Parquet WriteSupport with Catalyst schema:","logger":"airflow.task.hooks.airflow.providers.standard.hooks.subprocess.SubprocessHook","filename":"subprocess.py","lineno":99}
{"timestamp":"2026-06-02T14:53:57.435330Z","level":"info","event":"{","logger":"airflow.task.hooks.airflow.providers.standard.hooks.subprocess.SubprocessHook","filename":"subprocess.py","lineno":99}
{"timestamp":"2026-06-02T14:53:57.435429Z","level":"info","event":"  \"type\" : \"struct\",","logger":"airflow.task.hooks.airflow.providers.standard.hooks.subprocess.SubprocessHook","filename":"subprocess.py","lineno":99}
{"timestamp":"2026-06-02T14:53:57.435462Z","level":"info","event":"  \"fields\" : [ {","logger":"airflow.task.hooks.airflow.providers.standard.hooks.subprocess.SubprocessHook","filename":"subprocess.py","lineno":99}
{"timestamp":"2026-06-02T14:53:57.435524Z","level":"info","event":"    \"name\" : \"product_name\",","logger":"airflow.task.hooks.airflow.providers.standard.hooks.subprocess.SubprocessHook","filename":"subprocess.py","lineno":99}
{"timestamp":"2026-06-02T14:53:57.435560Z","level":"info","event":"    \"type\" : \"string\",","logger":"airflow.task.hooks.airflow.providers.standard.hooks.subprocess.SubprocessHook","filename":"subprocess.py","lineno":99}
{"timestamp":"2026-06-02T14:53:57.435584Z","level":"info","event":"    \"nullable\" : true,","logger":"airflow.task.hooks.airflow.providers.standard.hooks.subprocess.SubprocessHook","filename":"subprocess.py","lineno":99}
{"timestamp":"2026-06-02T14:53:57.435604Z","level":"info","event":"    \"metadata\" : { }","logger":"airflow.task.hooks.airflow.providers.standard.hooks.subprocess.SubprocessHook","filename":"subprocess.py","lineno":99}
{"timestamp":"2026-06-02T14:53:57.435624Z","level":"info","event":"  }, {","logger":"airflow.task.hooks.airflow.providers.standard.hooks.subprocess.SubprocessHook","filename":"subprocess.py","lineno":99}
{"timestamp":"2026-06-02T14:53:57.435675Z","level":"info","event":"    \"name\" : \"value\",","logger":"airflow.task.hooks.airflow.providers.standard.hooks.subprocess.SubprocessHook","filename":"subprocess.py","lineno":99}
{"timestamp":"2026-06-02T14:53:57.435706Z","level":"info","event":"    \"type\" : \"double\",","logger":"airflow.task.hooks.airflow.providers.standard.hooks.subprocess.SubprocessHook","filename":"subprocess.py","lineno":99}
{"timestamp":"2026-06-02T14:53:57.435728Z","level":"info","event":"    \"nullable\" : true,","logger":"airflow.task.hooks.airflow.providers.standard.hooks.subprocess.SubprocessHook","filename":"subprocess.py","lineno":99}
{"timestamp":"2026-06-02T14:53:57.435770Z","level":"info","event":"    \"metadata\" : { }","logger":"airflow.task.hooks.airflow.providers.standard.hooks.subprocess.SubprocessHook","filename":"subprocess.py","lineno":99}
{"timestamp":"2026-06-02T14:53:57.435804Z","level":"info","event":"  }, {","logger":"airflow.task.hooks.airflow.providers.standard.hooks.subprocess.SubprocessHook","filename":"subprocess.py","lineno":99}
{"timestamp":"2026-06-02T14:53:57.435826Z","level":"info","event":"    \"name\" : \"unit\",","logger":"airflow.task.hooks.airflow.providers.standard.hooks.subprocess.SubprocessHook","filename":"subprocess.py","lineno":99}
{"timestamp":"2026-06-02T14:53:57.435867Z","level":"info","event":"    \"type\" : \"string\",","logger":"airflow.task.hooks.airflow.providers.standard.hooks.subprocess.SubprocessHook","filename":"subprocess.py","lineno":99}
{"timestamp":"2026-06-02T14:53:57.435890Z","level":"info","event":"    \"nullable\" : true,","logger":"airflow.task.hooks.airflow.providers.standard.hooks.subprocess.SubprocessHook","filename":"subprocess.py","lineno":99}
{"timestamp":"2026-06-02T14:53:57.435910Z","level":"info","event":"    \"metadata\" : { }","logger":"airflow.task.hooks.airflow.providers.standard.hooks.subprocess.SubprocessHook","filename":"subprocess.py","lineno":99}
{"timestamp":"2026-06-02T14:53:57.435942Z","level":"info","event":"  }, {","logger":"airflow.task.hooks.airflow.providers.standard.hooks.subprocess.SubprocessHook","filename":"subprocess.py","lineno":99}
{"timestamp":"2026-06-02T14:53:57.435972Z","level":"info","event":"    \"name\" : \"month\",","logger":"airflow.task.hooks.airflow.providers.standard.hooks.subprocess.SubprocessHook","filename":"subprocess.py","lineno":99}
{"timestamp":"2026-06-02T14:53:57.435992Z","level":"info","event":"    \"type\" : \"integer\",","logger":"airflow.task.hooks.airflow.providers.standard.hooks.subprocess.SubprocessHook","filename":"subprocess.py","lineno":99}
{"timestamp":"2026-06-02T14:53:57.436011Z","level":"info","event":"    \"nullable\" : true,","logger":"airflow.task.hooks.airflow.providers.standard.hooks.subprocess.SubprocessHook","filename":"subprocess.py","lineno":99}
{"timestamp":"2026-06-02T14:53:57.436038Z","level":"info","event":"    \"metadata\" : { }","logger":"airflow.task.hooks.airflow.providers.standard.hooks.subprocess.SubprocessHook","filename":"subprocess.py","lineno":99}
{"timestamp":"2026-06-02T14:53:57.436058Z","level":"info","event":"  }, {","logger":"airflow.task.hooks.airflow.providers.standard.hooks.subprocess.SubprocessHook","filename":"subprocess.py","lineno":99}
{"timestamp":"2026-06-02T14:53:57.436076Z","level":"info","event":"    \"name\" : \"quarter\",","logger":"airflow.task.hooks.airflow.providers.standard.hooks.subprocess.SubprocessHook","filename":"subprocess.py","lineno":99}
{"timestamp":"2026-06-02T14:53:57.436095Z","level":"info","event":"    \"type\" : \"integer\",","logger":"airflow.task.hooks.airflow.providers.standard.hooks.subprocess.SubprocessHook","filename":"subprocess.py","lineno":99}
{"timestamp":"2026-06-02T14:53:57.436112Z","level":"info","event":"    \"nullable\" : true,","logger":"airflow.task.hooks.airflow.providers.standard.hooks.subprocess.SubprocessHook","filename":"subprocess.py","lineno":99}
{"timestamp":"2026-06-02T14:53:57.436131Z","level":"info","event":"    \"metadata\" : { }","logger":"airflow.task.hooks.airflow.providers.standard.hooks.subprocess.SubprocessHook","filename":"subprocess.py","lineno":99}
{"timestamp":"2026-06-02T14:53:57.436148Z","level":"info","event":"  }, {","logger":"airflow.task.hooks.airflow.providers.standard.hooks.subprocess.SubprocessHook","filename":"subprocess.py","lineno":99}
{"timestamp":"2026-06-02T14:53:57.436166Z","level":"info","event":"    \"name\" : \"year\",","logger":"airflow.task.hooks.airflow.providers.standard.hooks.subprocess.SubprocessHook","filename":"subprocess.py","lineno":99}
{"timestamp":"2026-06-02T14:53:57.436184Z","level":"info","event":"    \"type\" : \"integer\",","logger":"airflow.task.hooks.airflow.providers.standard.hooks.subprocess.SubprocessHook","filename":"subprocess.py","lineno":99}
{"timestamp":"2026-06-02T14:53:57.436202Z","level":"info","event":"    \"nullable\" : true,","logger":"airflow.task.hooks.airflow.providers.standard.hooks.subprocess.SubprocessHook","filename":"subprocess.py","lineno":99}
{"timestamp":"2026-06-02T14:53:57.436219Z","level":"info","event":"    \"metadata\" : { }","logger":"airflow.task.hooks.airflow.providers.standard.hooks.subprocess.SubprocessHook","filename":"subprocess.py","lineno":99}
{"timestamp":"2026-06-02T14:53:57.436264Z","level":"info","event":"  }, {","logger":"airflow.task.hooks.airflow.providers.standard.hooks.subprocess.SubprocessHook","filename":"subprocess.py","lineno":99}
{"timestamp":"2026-06-02T14:53:57.436286Z","level":"info","event":"    \"name\" : \"ingest_at\",","logger":"airflow.task.hooks.airflow.providers.standard.hooks.subprocess.SubprocessHook","filename":"subprocess.py","lineno":99}
{"timestamp":"2026-06-02T14:53:57.436305Z","level":"info","event":"    \"type\" : \"timestamp\",","logger":"airflow.task.hooks.airflow.providers.standard.hooks.subprocess.SubprocessHook","filename":"subprocess.py","lineno":99}
{"timestamp":"2026-06-02T14:53:57.436322Z","level":"info","event":"    \"nullable\" : true,","logger":"airflow.task.hooks.airflow.providers.standard.hooks.subprocess.SubprocessHook","filename":"subprocess.py","lineno":99}
{"timestamp":"2026-06-02T14:53:57.436341Z","level":"info","event":"    \"metadata\" : { }","logger":"airflow.task.hooks.airflow.providers.standard.hooks.subprocess.SubprocessHook","filename":"subprocess.py","lineno":99}
{"timestamp":"2026-06-02T14:53:57.436358Z","level":"info","event":"  } ]","logger":"airflow.task.hooks.airflow.providers.standard.hooks.subprocess.SubprocessHook","filename":"subprocess.py","lineno":99}
{"timestamp":"2026-06-02T14:53:57.436379Z","level":"info","event":"}","logger":"airflow.task.hooks.airflow.providers.standard.hooks.subprocess.SubprocessHook","filename":"subprocess.py","lineno":99}
{"timestamp":"2026-06-02T14:53:57.436399Z","level":"info","event":"and corresponding Parquet message type:","logger":"airflow.task.hooks.airflow.providers.standard.hooks.subprocess.SubprocessHook","filename":"subprocess.py","lineno":99}
{"timestamp":"2026-06-02T14:53:57.436418Z","level":"info","event":"message spark_schema {","logger":"airflow.task.hooks.airflow.providers.standard.hooks.subprocess.SubprocessHook","filename":"subprocess.py","lineno":99}
{"timestamp":"2026-06-02T14:53:57.436435Z","level":"info","event":"  optional binary product_name (STRING);","logger":"airflow.task.hooks.airflow.providers.standard.hooks.subprocess.SubprocessHook","filename":"subprocess.py","lineno":99}
{"timestamp":"2026-06-02T14:53:57.436453Z","level":"info","event":"  optional double value;","logger":"airflow.task.hooks.airflow.providers.standard.hooks.subprocess.SubprocessHook","filename":"subprocess.py","lineno":99}
{"timestamp":"2026-06-02T14:53:57.436471Z","level":"info","event":"  optional binary unit (STRING);","logger":"airflow.task.hooks.airflow.providers.standard.hooks.subprocess.SubprocessHook","filename":"subprocess.py","lineno":99}
{"timestamp":"2026-06-02T14:53:57.436489Z","level":"info","event":"  optional int32 month;","logger":"airflow.task.hooks.airflow.providers.standard.hooks.subprocess.SubprocessHook","filename":"subprocess.py","lineno":99}
{"timestamp":"2026-06-02T14:53:57.436508Z","level":"info","event":"  optional int32 quarter;","logger":"airflow.task.hooks.airflow.providers.standard.hooks.subprocess.SubprocessHook","filename":"subprocess.py","lineno":99}
{"timestamp":"2026-06-02T14:53:57.436526Z","level":"info","event":"  optional int32 year;","logger":"airflow.task.hooks.airflow.providers.standard.hooks.subprocess.SubprocessHook","filename":"subprocess.py","lineno":99}
{"timestamp":"2026-06-02T14:53:57.436543Z","level":"info","event":"  optional int96 ingest_at;","logger":"airflow.task.hooks.airflow.providers.standard.hooks.subprocess.SubprocessHook","filename":"subprocess.py","lineno":99}
{"timestamp":"2026-06-02T14:53:57.436561Z","level":"info","event":"}","logger":"airflow.task.hooks.airflow.providers.standard.hooks.subprocess.SubprocessHook","filename":"subprocess.py","lineno":99}
{"timestamp":"2026-06-02T14:53:57.436580Z","level":"info","event":"","logger":"airflow.task.hooks.airflow.providers.standard.hooks.subprocess.SubprocessHook","filename":"subprocess.py","lineno":99}
{"timestamp":"2026-06-02T14:53:57.436599Z","level":"info","event":"","logger":"airflow.task.hooks.airflow.providers.standard.hooks.subprocess.SubprocessHook","filename":"subprocess.py","lineno":99}
{"timestamp":"2026-06-02T14:53:57.436696Z","level":"info","event":"26/06/02 14:53:57 INFO ParquetWriteSupport: Initialized Parquet WriteSupport with Catalyst schema:","logger":"airflow.task.hooks.airflow.providers.standard.hooks.subprocess.SubprocessHook","filename":"subprocess.py","lineno":99}
{"timestamp":"2026-06-02T14:53:57.436763Z","level":"info","event":"{","logger":"airflow.task.hooks.airflow.providers.standard.hooks.subprocess.SubprocessHook","filename":"subprocess.py","lineno":99}
{"timestamp":"2026-06-02T14:53:57.436825Z","level":"info","event":"  \"type\" : \"struct\",","logger":"airflow.task.hooks.airflow.providers.standard.hooks.subprocess.SubprocessHook","filename":"subprocess.py","lineno":99}
{"timestamp":"2026-06-02T14:53:57.436898Z","level":"info","event":"  \"fields\" : [ {","logger":"airflow.task.hooks.airflow.providers.standard.hooks.subprocess.SubprocessHook","filename":"subprocess.py","lineno":99}
{"timestamp":"2026-06-02T14:53:57.436935Z","level":"info","event":"    \"name\" : \"product_name\",","logger":"airflow.task.hooks.airflow.providers.standard.hooks.subprocess.SubprocessHook","filename":"subprocess.py","lineno":99}
{"timestamp":"2026-06-02T14:53:57.436987Z","level":"info","event":"    \"type\" : \"string\",","logger":"airflow.task.hooks.airflow.providers.standard.hooks.subprocess.SubprocessHook","filename":"subprocess.py","lineno":99}
{"timestamp":"2026-06-02T14:53:57.437068Z","level":"info","event":"    \"nullable\" : true,","logger":"airflow.task.hooks.airflow.providers.standard.hooks.subprocess.SubprocessHook","filename":"subprocess.py","lineno":99}
{"timestamp":"2026-06-02T14:53:57.437119Z","level":"info","event":"    \"metadata\" : { }","logger":"airflow.task.hooks.airflow.providers.standard.hooks.subprocess.SubprocessHook","filename":"subprocess.py","lineno":99}
{"timestamp":"2026-06-02T14:53:57.437143Z","level":"info","event":"  }, {","logger":"airflow.task.hooks.airflow.providers.standard.hooks.subprocess.SubprocessHook","filename":"subprocess.py","lineno":99}
{"timestamp":"2026-06-02T14:53:57.437164Z","level":"info","event":"    \"name\" : \"value\",","logger":"airflow.task.hooks.airflow.providers.standard.hooks.subprocess.SubprocessHook","filename":"subprocess.py","lineno":99}
{"timestamp":"2026-06-02T14:53:57.437185Z","level":"info","event":"    \"type\" : \"double\",","logger":"airflow.task.hooks.airflow.providers.standard.hooks.subprocess.SubprocessHook","filename":"subprocess.py","lineno":99}
{"timestamp":"2026-06-02T14:53:57.437238Z","level":"info","event":"    \"nullable\" : true,","logger":"airflow.task.hooks.airflow.providers.standard.hooks.subprocess.SubprocessHook","filename":"subprocess.py","lineno":99}
{"timestamp":"2026-06-02T14:53:57.437274Z","level":"info","event":"    \"metadata\" : { }","logger":"airflow.task.hooks.airflow.providers.standard.hooks.subprocess.SubprocessHook","filename":"subprocess.py","lineno":99}
{"timestamp":"2026-06-02T14:53:57.437298Z","level":"info","event":"  }, {","logger":"airflow.task.hooks.airflow.providers.standard.hooks.subprocess.SubprocessHook","filename":"subprocess.py","lineno":99}
{"timestamp":"2026-06-02T14:53:57.437319Z","level":"info","event":"    \"name\" : \"unit\",","logger":"airflow.task.hooks.airflow.providers.standard.hooks.subprocess.SubprocessHook","filename":"subprocess.py","lineno":99}
{"timestamp":"2026-06-02T14:53:57.437338Z","level":"info","event":"    \"type\" : \"string\",","logger":"airflow.task.hooks.airflow.providers.standard.hooks.subprocess.SubprocessHook","filename":"subprocess.py","lineno":99}
{"timestamp":"2026-06-02T14:53:57.437385Z","level":"info","event":"    \"nullable\" : true,","logger":"airflow.task.hooks.airflow.providers.standard.hooks.subprocess.SubprocessHook","filename":"subprocess.py","lineno":99}
{"timestamp":"2026-06-02T14:53:57.437416Z","level":"info","event":"    \"metadata\" : { }","logger":"airflow.task.hooks.airflow.providers.standard.hooks.subprocess.SubprocessHook","filename":"subprocess.py","lineno":99}
{"timestamp":"2026-06-02T14:53:57.437437Z","level":"info","event":"  }, {","logger":"airflow.task.hooks.airflow.providers.standard.hooks.subprocess.SubprocessHook","filename":"subprocess.py","lineno":99}
{"timestamp":"2026-06-02T14:53:57.437456Z","level":"info","event":"    \"name\" : \"month\",","logger":"airflow.task.hooks.airflow.providers.standard.hooks.subprocess.SubprocessHook","filename":"subprocess.py","lineno":99}
{"timestamp":"2026-06-02T14:53:57.437474Z","level":"info","event":"    \"type\" : \"integer\",","logger":"airflow.task.hooks.airflow.providers.standard.hooks.subprocess.SubprocessHook","filename":"subprocess.py","lineno":99}
{"timestamp":"2026-06-02T14:53:57.437492Z","level":"info","event":"    \"nullable\" : true,","logger":"airflow.task.hooks.airflow.providers.standard.hooks.subprocess.SubprocessHook","filename":"subprocess.py","lineno":99}
{"timestamp":"2026-06-02T14:53:57.437509Z","level":"info","event":"    \"metadata\" : { }","logger":"airflow.task.hooks.airflow.providers.standard.hooks.subprocess.SubprocessHook","filename":"subprocess.py","lineno":99}
{"timestamp":"2026-06-02T14:53:57.437526Z","level":"info","event":"  }, {","logger":"airflow.task.hooks.airflow.providers.standard.hooks.subprocess.SubprocessHook","filename":"subprocess.py","lineno":99}
{"timestamp":"2026-06-02T14:53:57.437544Z","level":"info","event":"    \"name\" : \"quarter\",","logger":"airflow.task.hooks.airflow.providers.standard.hooks.subprocess.SubprocessHook","filename":"subprocess.py","lineno":99}
{"timestamp":"2026-06-02T14:53:57.437561Z","level":"info","event":"    \"type\" : \"integer\",","logger":"airflow.task.hooks.airflow.providers.standard.hooks.subprocess.SubprocessHook","filename":"subprocess.py","lineno":99}
{"timestamp":"2026-06-02T14:53:57.437579Z","level":"info","event":"    \"nullable\" : true,","logger":"airflow.task.hooks.airflow.providers.standard.hooks.subprocess.SubprocessHook","filename":"subprocess.py","lineno":99}
{"timestamp":"2026-06-02T14:53:57.437597Z","level":"info","event":"    \"metadata\" : { }","logger":"airflow.task.hooks.airflow.providers.standard.hooks.subprocess.SubprocessHook","filename":"subprocess.py","lineno":99}
{"timestamp":"2026-06-02T14:53:57.437616Z","level":"info","event":"  }, {","logger":"airflow.task.hooks.airflow.providers.standard.hooks.subprocess.SubprocessHook","filename":"subprocess.py","lineno":99}
{"timestamp":"2026-06-02T14:53:57.437633Z","level":"info","event":"    \"name\" : \"year\",","logger":"airflow.task.hooks.airflow.providers.standard.hooks.subprocess.SubprocessHook","filename":"subprocess.py","lineno":99}
{"timestamp":"2026-06-02T14:53:57.437652Z","level":"info","event":"    \"type\" : \"integer\",","logger":"airflow.task.hooks.airflow.providers.standard.hooks.subprocess.SubprocessHook","filename":"subprocess.py","lineno":99}
{"timestamp":"2026-06-02T14:53:57.437670Z","level":"info","event":"    \"nullable\" : true,","logger":"airflow.task.hooks.airflow.providers.standard.hooks.subprocess.SubprocessHook","filename":"subprocess.py","lineno":99}
{"timestamp":"2026-06-02T14:53:57.437691Z","level":"info","event":"    \"metadata\" : { }","logger":"airflow.task.hooks.airflow.providers.standard.hooks.subprocess.SubprocessHook","filename":"subprocess.py","lineno":99}
{"timestamp":"2026-06-02T14:53:57.437709Z","level":"info","event":"  }, {","logger":"airflow.task.hooks.airflow.providers.standard.hooks.subprocess.SubprocessHook","filename":"subprocess.py","lineno":99}
{"timestamp":"2026-06-02T14:53:57.437778Z","level":"info","event":"    \"name\" : \"ingest_at\",","logger":"airflow.task.hooks.airflow.providers.standard.hooks.subprocess.SubprocessHook","filename":"subprocess.py","lineno":99}
{"timestamp":"2026-06-02T14:53:57.437836Z","level":"info","event":"    \"type\" : \"timestamp\",","logger":"airflow.task.hooks.airflow.providers.standard.hooks.subprocess.SubprocessHook","filename":"subprocess.py","lineno":99}
{"timestamp":"2026-06-02T14:53:57.437903Z","level":"info","event":"    \"nullable\" : true,","logger":"airflow.task.hooks.airflow.providers.standard.hooks.subprocess.SubprocessHook","filename":"subprocess.py","lineno":99}
{"timestamp":"2026-06-02T14:53:57.437958Z","level":"info","event":"    \"metadata\" : { }","logger":"airflow.task.hooks.airflow.providers.standard.hooks.subprocess.SubprocessHook","filename":"subprocess.py","lineno":99}
{"timestamp":"2026-06-02T14:53:57.437992Z","level":"info","event":"  } ]","logger":"airflow.task.hooks.airflow.providers.standard.hooks.subprocess.SubprocessHook","filename":"subprocess.py","lineno":99}
{"timestamp":"2026-06-02T14:53:57.438049Z","level":"info","event":"}","logger":"airflow.task.hooks.airflow.providers.standard.hooks.subprocess.SubprocessHook","filename":"subprocess.py","lineno":99}
{"timestamp":"2026-06-02T14:53:57.438104Z","level":"info","event":"and corresponding Parquet message type:","logger":"airflow.task.hooks.airflow.providers.standard.hooks.subprocess.SubprocessHook","filename":"subprocess.py","lineno":99}
{"timestamp":"2026-06-02T14:53:57.438136Z","level":"info","event":"message spark_schema {","logger":"airflow.task.hooks.airflow.providers.standard.hooks.subprocess.SubprocessHook","filename":"subprocess.py","lineno":99}
{"timestamp":"2026-06-02T14:53:57.438158Z","level":"info","event":"  optional binary product_name (STRING);","logger":"airflow.task.hooks.airflow.providers.standard.hooks.subprocess.SubprocessHook","filename":"subprocess.py","lineno":99}
{"timestamp":"2026-06-02T14:53:57.438177Z","level":"info","event":"  optional double value;","logger":"airflow.task.hooks.airflow.providers.standard.hooks.subprocess.SubprocessHook","filename":"subprocess.py","lineno":99}
{"timestamp":"2026-06-02T14:53:57.438195Z","level":"info","event":"  optional binary unit (STRING);","logger":"airflow.task.hooks.airflow.providers.standard.hooks.subprocess.SubprocessHook","filename":"subprocess.py","lineno":99}
{"timestamp":"2026-06-02T14:53:57.438214Z","level":"info","event":"  optional int32 month;","logger":"airflow.task.hooks.airflow.providers.standard.hooks.subprocess.SubprocessHook","filename":"subprocess.py","lineno":99}
{"timestamp":"2026-06-02T14:53:57.438255Z","level":"info","event":"  optional int32 quarter;","logger":"airflow.task.hooks.airflow.providers.standard.hooks.subprocess.SubprocessHook","filename":"subprocess.py","lineno":99}
{"timestamp":"2026-06-02T14:53:57.438287Z","level":"info","event":"  optional int32 year;","logger":"airflow.task.hooks.airflow.providers.standard.hooks.subprocess.SubprocessHook","filename":"subprocess.py","lineno":99}
{"timestamp":"2026-06-02T14:53:57.438309Z","level":"info","event":"  optional int96 ingest_at;","logger":"airflow.task.hooks.airflow.providers.standard.hooks.subprocess.SubprocessHook","filename":"subprocess.py","lineno":99}
{"timestamp":"2026-06-02T14:53:57.438328Z","level":"info","event":"}","logger":"airflow.task.hooks.airflow.providers.standard.hooks.subprocess.SubprocessHook","filename":"subprocess.py","lineno":99}
{"timestamp":"2026-06-02T14:53:57.438348Z","level":"info","event":"","logger":"airflow.task.hooks.airflow.providers.standard.hooks.subprocess.SubprocessHook","filename":"subprocess.py","lineno":99}
{"timestamp":"2026-06-02T14:53:57.438371Z","level":"info","event":"","logger":"airflow.task.hooks.airflow.providers.standard.hooks.subprocess.SubprocessHook","filename":"subprocess.py","lineno":99}
{"timestamp":"2026-06-02T14:53:57.438389Z","level":"info","event":"26/06/02 14:53:57 INFO ParquetWriteSupport: Initialized Parquet WriteSupport with Catalyst schema:","logger":"airflow.task.hooks.airflow.providers.standard.hooks.subprocess.SubprocessHook","filename":"subprocess.py","lineno":99}
{"timestamp":"2026-06-02T14:53:57.438408Z","level":"info","event":"{","logger":"airflow.task.hooks.airflow.providers.standard.hooks.subprocess.SubprocessHook","filename":"subprocess.py","lineno":99}
{"timestamp":"2026-06-02T14:53:57.438427Z","level":"info","event":"  \"type\" : \"struct\",","logger":"airflow.task.hooks.airflow.providers.standard.hooks.subprocess.SubprocessHook","filename":"subprocess.py","lineno":99}
{"timestamp":"2026-06-02T14:53:57.438445Z","level":"info","event":"  \"fields\" : [ {","logger":"airflow.task.hooks.airflow.providers.standard.hooks.subprocess.SubprocessHook","filename":"subprocess.py","lineno":99}
{"timestamp":"2026-06-02T14:53:57.438462Z","level":"info","event":"    \"name\" : \"product_name\",","logger":"airflow.task.hooks.airflow.providers.standard.hooks.subprocess.SubprocessHook","filename":"subprocess.py","lineno":99}
{"timestamp":"2026-06-02T14:53:57.438480Z","level":"info","event":"    \"type\" : \"string\",","logger":"airflow.task.hooks.airflow.providers.standard.hooks.subprocess.SubprocessHook","filename":"subprocess.py","lineno":99}
{"timestamp":"2026-06-02T14:53:57.438498Z","level":"info","event":"    \"nullable\" : true,","logger":"airflow.task.hooks.airflow.providers.standard.hooks.subprocess.SubprocessHook","filename":"subprocess.py","lineno":99}
{"timestamp":"2026-06-02T14:53:57.438515Z","level":"info","event":"    \"metadata\" : { }","logger":"airflow.task.hooks.airflow.providers.standard.hooks.subprocess.SubprocessHook","filename":"subprocess.py","lineno":99}
{"timestamp":"2026-06-02T14:53:57.438534Z","level":"info","event":"  }, {","logger":"airflow.task.hooks.airflow.providers.standard.hooks.subprocess.SubprocessHook","filename":"subprocess.py","lineno":99}
{"timestamp":"2026-06-02T14:53:57.438600Z","level":"info","event":"    \"name\" : \"value\",","logger":"airflow.task.hooks.airflow.providers.standard.hooks.subprocess.SubprocessHook","filename":"subprocess.py","lineno":99}
{"timestamp":"2026-06-02T14:53:57.438657Z","level":"info","event":"    \"type\" : \"double\",","logger":"airflow.task.hooks.airflow.providers.standard.hooks.subprocess.SubprocessHook","filename":"subprocess.py","lineno":99}
{"timestamp":"2026-06-02T14:53:57.438690Z","level":"info","event":"    \"nullable\" : true,","logger":"airflow.task.hooks.airflow.providers.standard.hooks.subprocess.SubprocessHook","filename":"subprocess.py","lineno":99}
{"timestamp":"2026-06-02T14:53:57.438741Z","level":"info","event":"    \"metadata\" : { }","logger":"airflow.task.hooks.airflow.providers.standard.hooks.subprocess.SubprocessHook","filename":"subprocess.py","lineno":99}
{"timestamp":"2026-06-02T14:53:57.438775Z","level":"info","event":"  }, {","logger":"airflow.task.hooks.airflow.providers.standard.hooks.subprocess.SubprocessHook","filename":"subprocess.py","lineno":99}
{"timestamp":"2026-06-02T14:53:57.438826Z","level":"info","event":"    \"name\" : \"unit\",","logger":"airflow.task.hooks.airflow.providers.standard.hooks.subprocess.SubprocessHook","filename":"subprocess.py","lineno":99}
{"timestamp":"2026-06-02T14:53:57.438857Z","level":"info","event":"    \"type\" : \"string\",","logger":"airflow.task.hooks.airflow.providers.standard.hooks.subprocess.SubprocessHook","filename":"subprocess.py","lineno":99}
{"timestamp":"2026-06-02T14:53:57.438900Z","level":"info","event":"    \"nullable\" : true,","logger":"airflow.task.hooks.airflow.providers.standard.hooks.subprocess.SubprocessHook","filename":"subprocess.py","lineno":99}
{"timestamp":"2026-06-02T14:53:57.438929Z","level":"info","event":"    \"metadata\" : { }","logger":"airflow.task.hooks.airflow.providers.standard.hooks.subprocess.SubprocessHook","filename":"subprocess.py","lineno":99}
{"timestamp":"2026-06-02T14:53:57.438950Z","level":"info","event":"  }, {","logger":"airflow.task.hooks.airflow.providers.standard.hooks.subprocess.SubprocessHook","filename":"subprocess.py","lineno":99}
{"timestamp":"2026-06-02T14:53:57.438992Z","level":"info","event":"    \"name\" : \"month\",","logger":"airflow.task.hooks.airflow.providers.standard.hooks.subprocess.SubprocessHook","filename":"subprocess.py","lineno":99}
{"timestamp":"2026-06-02T14:53:57.439038Z","level":"info","event":"    \"type\" : \"integer\",","logger":"airflow.task.hooks.airflow.providers.standard.hooks.subprocess.SubprocessHook","filename":"subprocess.py","lineno":99}
{"timestamp":"2026-06-02T14:53:57.439071Z","level":"info","event":"    \"nullable\" : true,","logger":"airflow.task.hooks.airflow.providers.standard.hooks.subprocess.SubprocessHook","filename":"subprocess.py","lineno":99}
{"timestamp":"2026-06-02T14:53:57.439094Z","level":"info","event":"    \"metadata\" : { }","logger":"airflow.task.hooks.airflow.providers.standard.hooks.subprocess.SubprocessHook","filename":"subprocess.py","lineno":99}
{"timestamp":"2026-06-02T14:53:57.439142Z","level":"info","event":"  }, {","logger":"airflow.task.hooks.airflow.providers.standard.hooks.subprocess.SubprocessHook","filename":"subprocess.py","lineno":99}
{"timestamp":"2026-06-02T14:53:57.439174Z","level":"info","event":"    \"name\" : \"quarter\",","logger":"airflow.task.hooks.airflow.providers.standard.hooks.subprocess.SubprocessHook","filename":"subprocess.py","lineno":99}
{"timestamp":"2026-06-02T14:53:57.439194Z","level":"info","event":"    \"type\" : \"integer\",","logger":"airflow.task.hooks.airflow.providers.standard.hooks.subprocess.SubprocessHook","filename":"subprocess.py","lineno":99}
{"timestamp":"2026-06-02T14:53:57.439214Z","level":"info","event":"    \"nullable\" : true,","logger":"airflow.task.hooks.airflow.providers.standard.hooks.subprocess.SubprocessHook","filename":"subprocess.py","lineno":99}
{"timestamp":"2026-06-02T14:53:57.439232Z","level":"info","event":"    \"metadata\" : { }","logger":"airflow.task.hooks.airflow.providers.standard.hooks.subprocess.SubprocessHook","filename":"subprocess.py","lineno":99}
{"timestamp":"2026-06-02T14:53:57.439250Z","level":"info","event":"  }, {","logger":"airflow.task.hooks.airflow.providers.standard.hooks.subprocess.SubprocessHook","filename":"subprocess.py","lineno":99}
{"timestamp":"2026-06-02T14:53:57.439329Z","level":"info","event":"    \"name\" : \"year\",","logger":"airflow.task.hooks.airflow.providers.standard.hooks.subprocess.SubprocessHook","filename":"subprocess.py","lineno":99}
{"timestamp":"2026-06-02T14:53:57.439388Z","level":"info","event":"    \"type\" : \"integer\",","logger":"airflow.task.hooks.airflow.providers.standard.hooks.subprocess.SubprocessHook","filename":"subprocess.py","lineno":99}
{"timestamp":"2026-06-02T14:53:57.439429Z","level":"info","event":"    \"nullable\" : true,","logger":"airflow.task.hooks.airflow.providers.standard.hooks.subprocess.SubprocessHook","filename":"subprocess.py","lineno":99}
{"timestamp":"2026-06-02T14:53:57.439460Z","level":"info","event":"    \"metadata\" : { }","logger":"airflow.task.hooks.airflow.providers.standard.hooks.subprocess.SubprocessHook","filename":"subprocess.py","lineno":99}
{"timestamp":"2026-06-02T14:53:57.439545Z","level":"info","event":"  }, {","logger":"airflow.task.hooks.airflow.providers.standard.hooks.subprocess.SubprocessHook","filename":"subprocess.py","lineno":99}
{"timestamp":"2026-06-02T14:53:57.439614Z","level":"info","event":"    \"name\" : \"ingest_at\",","logger":"airflow.task.hooks.airflow.providers.standard.hooks.subprocess.SubprocessHook","filename":"subprocess.py","lineno":99}
{"timestamp":"2026-06-02T14:53:57.439678Z","level":"info","event":"    \"type\" : \"timestamp\",","logger":"airflow.task.hooks.airflow.providers.standard.hooks.subprocess.SubprocessHook","filename":"subprocess.py","lineno":99}
{"timestamp":"2026-06-02T14:53:57.439729Z","level":"info","event":"    \"nullable\" : true,","logger":"airflow.task.hooks.airflow.providers.standard.hooks.subprocess.SubprocessHook","filename":"subprocess.py","lineno":99}
{"timestamp":"2026-06-02T14:53:57.439787Z","level":"info","event":"    \"metadata\" : { }","logger":"airflow.task.hooks.airflow.providers.standard.hooks.subprocess.SubprocessHook","filename":"subprocess.py","lineno":99}
{"timestamp":"2026-06-02T14:53:57.439843Z","level":"info","event":"  } ]","logger":"airflow.task.hooks.airflow.providers.standard.hooks.subprocess.SubprocessHook","filename":"subprocess.py","lineno":99}
{"timestamp":"2026-06-02T14:53:57.439876Z","level":"info","event":"}","logger":"airflow.task.hooks.airflow.providers.standard.hooks.subprocess.SubprocessHook","filename":"subprocess.py","lineno":99}
{"timestamp":"2026-06-02T14:53:57.439899Z","level":"info","event":"and corresponding Parquet message type:","logger":"airflow.task.hooks.airflow.providers.standard.hooks.subprocess.SubprocessHook","filename":"subprocess.py","lineno":99}
{"timestamp":"2026-06-02T14:53:57.439919Z","level":"info","event":"message spark_schema {","logger":"airflow.task.hooks.airflow.providers.standard.hooks.subprocess.SubprocessHook","filename":"subprocess.py","lineno":99}
{"timestamp":"2026-06-02T14:53:57.439938Z","level":"info","event":"  optional binary product_name (STRING);","logger":"airflow.task.hooks.airflow.providers.standard.hooks.subprocess.SubprocessHook","filename":"subprocess.py","lineno":99}
{"timestamp":"2026-06-02T14:53:57.439991Z","level":"info","event":"  optional double value;","logger":"airflow.task.hooks.airflow.providers.standard.hooks.subprocess.SubprocessHook","filename":"subprocess.py","lineno":99}
{"timestamp":"2026-06-02T14:53:57.440041Z","level":"info","event":"  optional binary unit (STRING);","logger":"airflow.task.hooks.airflow.providers.standard.hooks.subprocess.SubprocessHook","filename":"subprocess.py","lineno":99}
{"timestamp":"2026-06-02T14:53:57.440082Z","level":"info","event":"  optional int32 month;","logger":"airflow.task.hooks.airflow.providers.standard.hooks.subprocess.SubprocessHook","filename":"subprocess.py","lineno":99}
{"timestamp":"2026-06-02T14:53:57.440122Z","level":"info","event":"  optional int32 quarter;","logger":"airflow.task.hooks.airflow.providers.standard.hooks.subprocess.SubprocessHook","filename":"subprocess.py","lineno":99}
{"timestamp":"2026-06-02T14:53:57.440160Z","level":"info","event":"  optional int32 year;","logger":"airflow.task.hooks.airflow.providers.standard.hooks.subprocess.SubprocessHook","filename":"subprocess.py","lineno":99}
{"timestamp":"2026-06-02T14:53:57.440198Z","level":"info","event":"  optional int96 ingest_at;","logger":"airflow.task.hooks.airflow.providers.standard.hooks.subprocess.SubprocessHook","filename":"subprocess.py","lineno":99}
{"timestamp":"2026-06-02T14:53:57.440246Z","level":"info","event":"}","logger":"airflow.task.hooks.airflow.providers.standard.hooks.subprocess.SubprocessHook","filename":"subprocess.py","lineno":99}
{"timestamp":"2026-06-02T14:53:57.440278Z","level":"info","event":"","logger":"airflow.task.hooks.airflow.providers.standard.hooks.subprocess.SubprocessHook","filename":"subprocess.py","lineno":99}
{"timestamp":"2026-06-02T14:53:57.440302Z","level":"info","event":"","logger":"airflow.task.hooks.airflow.providers.standard.hooks.subprocess.SubprocessHook","filename":"subprocess.py","lineno":99}
{"timestamp":"2026-06-02T14:53:57.440324Z","level":"info","event":"26/06/02 14:53:57 INFO ParquetWriteSupport: Initialized Parquet WriteSupport with Catalyst schema:","logger":"airflow.task.hooks.airflow.providers.standard.hooks.subprocess.SubprocessHook","filename":"subprocess.py","lineno":99}
{"timestamp":"2026-06-02T14:53:57.440347Z","level":"info","event":"{","logger":"airflow.task.hooks.airflow.providers.standard.hooks.subprocess.SubprocessHook","filename":"subprocess.py","lineno":99}
{"timestamp":"2026-06-02T14:53:57.440366Z","level":"info","event":"  \"type\" : \"struct\",","logger":"airflow.task.hooks.airflow.providers.standard.hooks.subprocess.SubprocessHook","filename":"subprocess.py","lineno":99}
{"timestamp":"2026-06-02T14:53:57.440389Z","level":"info","event":"  \"fields\" : [ {","logger":"airflow.task.hooks.airflow.providers.standard.hooks.subprocess.SubprocessHook","filename":"subprocess.py","lineno":99}
{"timestamp":"2026-06-02T14:53:57.440425Z","level":"info","event":"    \"name\" : \"product_name\",","logger":"airflow.task.hooks.airflow.providers.standard.hooks.subprocess.SubprocessHook","filename":"subprocess.py","lineno":99}
{"timestamp":"2026-06-02T14:53:57.440464Z","level":"info","event":"    \"type\" : \"string\",","logger":"airflow.task.hooks.airflow.providers.standard.hooks.subprocess.SubprocessHook","filename":"subprocess.py","lineno":99}
{"timestamp":"2026-06-02T14:53:57.440491Z","level":"info","event":"    \"nullable\" : true,","logger":"airflow.task.hooks.airflow.providers.standard.hooks.subprocess.SubprocessHook","filename":"subprocess.py","lineno":99}
{"timestamp":"2026-06-02T14:53:57.440511Z","level":"info","event":"    \"metadata\" : { }","logger":"airflow.task.hooks.airflow.providers.standard.hooks.subprocess.SubprocessHook","filename":"subprocess.py","lineno":99}
{"timestamp":"2026-06-02T14:53:57.440528Z","level":"info","event":"  }, {","logger":"airflow.task.hooks.airflow.providers.standard.hooks.subprocess.SubprocessHook","filename":"subprocess.py","lineno":99}
{"timestamp":"2026-06-02T14:53:57.440787Z","level":"info","event":"    \"name\" : \"value\",","logger":"airflow.task.hooks.airflow.providers.standard.hooks.subprocess.SubprocessHook","filename":"subprocess.py","lineno":99}
{"timestamp":"2026-06-02T14:53:57.441084Z","level":"info","event":"    \"type\" : \"double\",","logger":"airflow.task.hooks.airflow.providers.standard.hooks.subprocess.SubprocessHook","filename":"subprocess.py","lineno":99}
{"timestamp":"2026-06-02T14:53:57.441274Z","level":"info","event":"    \"nullable\" : true,","logger":"airflow.task.hooks.airflow.providers.standard.hooks.subprocess.SubprocessHook","filename":"subprocess.py","lineno":99}
{"timestamp":"2026-06-02T14:53:57.441375Z","level":"info","event":"    \"metadata\" : { }","logger":"airflow.task.hooks.airflow.providers.standard.hooks.subprocess.SubprocessHook","filename":"subprocess.py","lineno":99}
{"timestamp":"2026-06-02T14:53:57.441462Z","level":"info","event":"  }, {","logger":"airflow.task.hooks.airflow.providers.standard.hooks.subprocess.SubprocessHook","filename":"subprocess.py","lineno":99}
{"timestamp":"2026-06-02T14:53:57.441515Z","level":"info","event":"    \"name\" : \"unit\",","logger":"airflow.task.hooks.airflow.providers.standard.hooks.subprocess.SubprocessHook","filename":"subprocess.py","lineno":99}
{"timestamp":"2026-06-02T14:53:57.441591Z","level":"info","event":"    \"type\" : \"string\",","logger":"airflow.task.hooks.airflow.providers.standard.hooks.subprocess.SubprocessHook","filename":"subprocess.py","lineno":99}
{"timestamp":"2026-06-02T14:53:57.441690Z","level":"info","event":"    \"nullable\" : true,","logger":"airflow.task.hooks.airflow.providers.standard.hooks.subprocess.SubprocessHook","filename":"subprocess.py","lineno":99}
{"timestamp":"2026-06-02T14:53:57.441747Z","level":"info","event":"    \"metadata\" : { }","logger":"airflow.task.hooks.airflow.providers.standard.hooks.subprocess.SubprocessHook","filename":"subprocess.py","lineno":99}
{"timestamp":"2026-06-02T14:53:57.441825Z","level":"info","event":"  }, {","logger":"airflow.task.hooks.airflow.providers.standard.hooks.subprocess.SubprocessHook","filename":"subprocess.py","lineno":99}
{"timestamp":"2026-06-02T14:53:57.441877Z","level":"info","event":"    \"name\" : \"month\",","logger":"airflow.task.hooks.airflow.providers.standard.hooks.subprocess.SubprocessHook","filename":"subprocess.py","lineno":99}
{"timestamp":"2026-06-02T14:53:57.441910Z","level":"info","event":"    \"type\" : \"integer\",","logger":"airflow.task.hooks.airflow.providers.standard.hooks.subprocess.SubprocessHook","filename":"subprocess.py","lineno":99}
{"timestamp":"2026-06-02T14:53:57.441962Z","level":"info","event":"    \"nullable\" : true,","logger":"airflow.task.hooks.airflow.providers.standard.hooks.subprocess.SubprocessHook","filename":"subprocess.py","lineno":99}
{"timestamp":"2026-06-02T14:53:57.441996Z","level":"info","event":"    \"metadata\" : { }","logger":"airflow.task.hooks.airflow.providers.standard.hooks.subprocess.SubprocessHook","filename":"subprocess.py","lineno":99}
{"timestamp":"2026-06-02T14:53:57.442045Z","level":"info","event":"  }, {","logger":"airflow.task.hooks.airflow.providers.standard.hooks.subprocess.SubprocessHook","filename":"subprocess.py","lineno":99}
{"timestamp":"2026-06-02T14:53:57.442076Z","level":"info","event":"    \"name\" : \"quarter\",","logger":"airflow.task.hooks.airflow.providers.standard.hooks.subprocess.SubprocessHook","filename":"subprocess.py","lineno":99}
{"timestamp":"2026-06-02T14:53:57.442096Z","level":"info","event":"    \"type\" : \"integer\",","logger":"airflow.task.hooks.airflow.providers.standard.hooks.subprocess.SubprocessHook","filename":"subprocess.py","lineno":99}
{"timestamp":"2026-06-02T14:53:57.442115Z","level":"info","event":"    \"nullable\" : true,","logger":"airflow.task.hooks.airflow.providers.standard.hooks.subprocess.SubprocessHook","filename":"subprocess.py","lineno":99}
{"timestamp":"2026-06-02T14:53:57.442134Z","level":"info","event":"    \"metadata\" : { }","logger":"airflow.task.hooks.airflow.providers.standard.hooks.subprocess.SubprocessHook","filename":"subprocess.py","lineno":99}
{"timestamp":"2026-06-02T14:53:57.442153Z","level":"info","event":"  }, {","logger":"airflow.task.hooks.airflow.providers.standard.hooks.subprocess.SubprocessHook","filename":"subprocess.py","lineno":99}
{"timestamp":"2026-06-02T14:53:57.442171Z","level":"info","event":"    \"name\" : \"year\",","logger":"airflow.task.hooks.airflow.providers.standard.hooks.subprocess.SubprocessHook","filename":"subprocess.py","lineno":99}
{"timestamp":"2026-06-02T14:53:57.442228Z","level":"info","event":"    \"type\" : \"integer\",","logger":"airflow.task.hooks.airflow.providers.standard.hooks.subprocess.SubprocessHook","filename":"subprocess.py","lineno":99}
{"timestamp":"2026-06-02T14:53:57.517503Z","level":"info","event":"    \"nullable\" : true,","logger":"airflow.task.hooks.airflow.providers.standard.hooks.subprocess.SubprocessHook","filename":"subprocess.py","lineno":99}
{"timestamp":"2026-06-02T14:53:57.517672Z","level":"info","event":"    \"metadata\" : { }","logger":"airflow.task.hooks.airflow.providers.standard.hooks.subprocess.SubprocessHook","filename":"subprocess.py","lineno":99}
{"timestamp":"2026-06-02T14:53:57.517747Z","level":"info","event":"  }, {","logger":"airflow.task.hooks.airflow.providers.standard.hooks.subprocess.SubprocessHook","filename":"subprocess.py","lineno":99}
{"timestamp":"2026-06-02T14:53:57.517810Z","level":"info","event":"    \"name\" : \"ingest_at\",","logger":"airflow.task.hooks.airflow.providers.standard.hooks.subprocess.SubprocessHook","filename":"subprocess.py","lineno":99}
{"timestamp":"2026-06-02T14:53:57.517872Z","level":"info","event":"    \"type\" : \"timestamp\",","logger":"airflow.task.hooks.airflow.providers.standard.hooks.subprocess.SubprocessHook","filename":"subprocess.py","lineno":99}
{"timestamp":"2026-06-02T14:53:57.517947Z","level":"info","event":"    \"nullable\" : true,","logger":"airflow.task.hooks.airflow.providers.standard.hooks.subprocess.SubprocessHook","filename":"subprocess.py","lineno":99}
{"timestamp":"2026-06-02T14:53:57.518010Z","level":"info","event":"    \"metadata\" : { }","logger":"airflow.task.hooks.airflow.providers.standard.hooks.subprocess.SubprocessHook","filename":"subprocess.py","lineno":99}
{"timestamp":"2026-06-02T14:53:57.518071Z","level":"info","event":"  } ]","logger":"airflow.task.hooks.airflow.providers.standard.hooks.subprocess.SubprocessHook","filename":"subprocess.py","lineno":99}
{"timestamp":"2026-06-02T14:53:57.518130Z","level":"info","event":"}","logger":"airflow.task.hooks.airflow.providers.standard.hooks.subprocess.SubprocessHook","filename":"subprocess.py","lineno":99}
{"timestamp":"2026-06-02T14:53:57.518188Z","level":"info","event":"and corresponding Parquet message type:","logger":"airflow.task.hooks.airflow.providers.standard.hooks.subprocess.SubprocessHook","filename":"subprocess.py","lineno":99}
{"timestamp":"2026-06-02T14:53:57.518246Z","level":"info","event":"message spark_schema {","logger":"airflow.task.hooks.airflow.providers.standard.hooks.subprocess.SubprocessHook","filename":"subprocess.py","lineno":99}
{"timestamp":"2026-06-02T14:53:57.518306Z","level":"info","event":"  optional binary product_name (STRING);","logger":"airflow.task.hooks.airflow.providers.standard.hooks.subprocess.SubprocessHook","filename":"subprocess.py","lineno":99}
{"timestamp":"2026-06-02T14:53:57.518364Z","level":"info","event":"  optional double value;","logger":"airflow.task.hooks.airflow.providers.standard.hooks.subprocess.SubprocessHook","filename":"subprocess.py","lineno":99}
{"timestamp":"2026-06-02T14:53:57.518420Z","level":"info","event":"  optional binary unit (STRING);","logger":"airflow.task.hooks.airflow.providers.standard.hooks.subprocess.SubprocessHook","filename":"subprocess.py","lineno":99}
{"timestamp":"2026-06-02T14:53:57.518478Z","level":"info","event":"  optional int32 month;","logger":"airflow.task.hooks.airflow.providers.standard.hooks.subprocess.SubprocessHook","filename":"subprocess.py","lineno":99}
{"timestamp":"2026-06-02T14:53:57.518540Z","level":"info","event":"  optional int32 quarter;","logger":"airflow.task.hooks.airflow.providers.standard.hooks.subprocess.SubprocessHook","filename":"subprocess.py","lineno":99}
{"timestamp":"2026-06-02T14:53:57.518598Z","level":"info","event":"  optional int32 year;","logger":"airflow.task.hooks.airflow.providers.standard.hooks.subprocess.SubprocessHook","filename":"subprocess.py","lineno":99}
{"timestamp":"2026-06-02T14:53:57.518655Z","level":"info","event":"  optional int96 ingest_at;","logger":"airflow.task.hooks.airflow.providers.standard.hooks.subprocess.SubprocessHook","filename":"subprocess.py","lineno":99}
{"timestamp":"2026-06-02T14:53:57.518713Z","level":"info","event":"}","logger":"airflow.task.hooks.airflow.providers.standard.hooks.subprocess.SubprocessHook","filename":"subprocess.py","lineno":99}
{"timestamp":"2026-06-02T14:53:57.518772Z","level":"info","event":"","logger":"airflow.task.hooks.airflow.providers.standard.hooks.subprocess.SubprocessHook","filename":"subprocess.py","lineno":99}
{"timestamp":"2026-06-02T14:53:57.518831Z","level":"info","event":"","logger":"airflow.task.hooks.airflow.providers.standard.hooks.subprocess.SubprocessHook","filename":"subprocess.py","lineno":99}
{"timestamp":"2026-06-02T14:53:57.518888Z","level":"info","event":"26/06/02 14:53:57 INFO ParquetWriteSupport: Initialized Parquet WriteSupport with Catalyst schema:","logger":"airflow.task.hooks.airflow.providers.standard.hooks.subprocess.SubprocessHook","filename":"subprocess.py","lineno":99}
{"timestamp":"2026-06-02T14:53:57.518947Z","level":"info","event":"{","logger":"airflow.task.hooks.airflow.providers.standard.hooks.subprocess.SubprocessHook","filename":"subprocess.py","lineno":99}
{"timestamp":"2026-06-02T14:53:57.519002Z","level":"info","event":"  \"type\" : \"struct\",","logger":"airflow.task.hooks.airflow.providers.standard.hooks.subprocess.SubprocessHook","filename":"subprocess.py","lineno":99}
{"timestamp":"2026-06-02T14:53:57.519058Z","level":"info","event":"  \"fields\" : [ {","logger":"airflow.task.hooks.airflow.providers.standard.hooks.subprocess.SubprocessHook","filename":"subprocess.py","lineno":99}
{"timestamp":"2026-06-02T14:53:57.519165Z","level":"info","event":"    \"name\" : \"product_name\",","logger":"airflow.task.hooks.airflow.providers.standard.hooks.subprocess.SubprocessHook","filename":"subprocess.py","lineno":99}
{"timestamp":"2026-06-02T14:53:57.519263Z","level":"info","event":"    \"type\" : \"string\",","logger":"airflow.task.hooks.airflow.providers.standard.hooks.subprocess.SubprocessHook","filename":"subprocess.py","lineno":99}
{"timestamp":"2026-06-02T14:53:57.519328Z","level":"info","event":"    \"nullable\" : true,","logger":"airflow.task.hooks.airflow.providers.standard.hooks.subprocess.SubprocessHook","filename":"subprocess.py","lineno":99}
{"timestamp":"2026-06-02T14:53:57.519389Z","level":"info","event":"    \"metadata\" : { }","logger":"airflow.task.hooks.airflow.providers.standard.hooks.subprocess.SubprocessHook","filename":"subprocess.py","lineno":99}
{"timestamp":"2026-06-02T14:53:57.519638Z","level":"info","event":"  }, {","logger":"airflow.task.hooks.airflow.providers.standard.hooks.subprocess.SubprocessHook","filename":"subprocess.py","lineno":99}
{"timestamp":"2026-06-02T14:53:57.519864Z","level":"info","event":"    \"name\" : \"value\",","logger":"airflow.task.hooks.airflow.providers.standard.hooks.subprocess.SubprocessHook","filename":"subprocess.py","lineno":99}
{"timestamp":"2026-06-02T14:53:57.520072Z","level":"info","event":"    \"type\" : \"double\",","logger":"airflow.task.hooks.airflow.providers.standard.hooks.subprocess.SubprocessHook","filename":"subprocess.py","lineno":99}
{"timestamp":"2026-06-02T14:53:57.520198Z","level":"info","event":"    \"nullable\" : true,","logger":"airflow.task.hooks.airflow.providers.standard.hooks.subprocess.SubprocessHook","filename":"subprocess.py","lineno":99}
{"timestamp":"2026-06-02T14:53:57.520299Z","level":"info","event":"    \"metadata\" : { }","logger":"airflow.task.hooks.airflow.providers.standard.hooks.subprocess.SubprocessHook","filename":"subprocess.py","lineno":99}
{"timestamp":"2026-06-02T14:53:57.520459Z","level":"info","event":"  }, {","logger":"airflow.task.hooks.airflow.providers.standard.hooks.subprocess.SubprocessHook","filename":"subprocess.py","lineno":99}
{"timestamp":"2026-06-02T14:53:57.520634Z","level":"info","event":"    \"name\" : \"unit\",","logger":"airflow.task.hooks.airflow.providers.standard.hooks.subprocess.SubprocessHook","filename":"subprocess.py","lineno":99}
{"timestamp":"2026-06-02T14:53:57.520726Z","level":"info","event":"    \"type\" : \"string\",","logger":"airflow.task.hooks.airflow.providers.standard.hooks.subprocess.SubprocessHook","filename":"subprocess.py","lineno":99}
{"timestamp":"2026-06-02T14:53:57.520895Z","level":"info","event":"    \"nullable\" : true,","logger":"airflow.task.hooks.airflow.providers.standard.hooks.subprocess.SubprocessHook","filename":"subprocess.py","lineno":99}
{"timestamp":"2026-06-02T14:53:57.521003Z","level":"info","event":"    \"metadata\" : { }","logger":"airflow.task.hooks.airflow.providers.standard.hooks.subprocess.SubprocessHook","filename":"subprocess.py","lineno":99}
{"timestamp":"2026-06-02T14:53:57.521070Z","level":"info","event":"  }, {","logger":"airflow.task.hooks.airflow.providers.standard.hooks.subprocess.SubprocessHook","filename":"subprocess.py","lineno":99}
{"timestamp":"2026-06-02T14:53:57.521171Z","level":"info","event":"    \"name\" : \"month\",","logger":"airflow.task.hooks.airflow.providers.standard.hooks.subprocess.SubprocessHook","filename":"subprocess.py","lineno":99}
{"timestamp":"2026-06-02T14:53:57.521352Z","level":"info","event":"    \"type\" : \"integer\",","logger":"airflow.task.hooks.airflow.providers.standard.hooks.subprocess.SubprocessHook","filename":"subprocess.py","lineno":99}
{"timestamp":"2026-06-02T14:53:57.521462Z","level":"info","event":"    \"nullable\" : true,","logger":"airflow.task.hooks.airflow.providers.standard.hooks.subprocess.SubprocessHook","filename":"subprocess.py","lineno":99}
{"timestamp":"2026-06-02T14:53:57.521630Z","level":"info","event":"    \"metadata\" : { }","logger":"airflow.task.hooks.airflow.providers.standard.hooks.subprocess.SubprocessHook","filename":"subprocess.py","lineno":99}
{"timestamp":"2026-06-02T14:53:57.521733Z","level":"info","event":"  }, {","logger":"airflow.task.hooks.airflow.providers.standard.hooks.subprocess.SubprocessHook","filename":"subprocess.py","lineno":99}
{"timestamp":"2026-06-02T14:53:57.521801Z","level":"info","event":"    \"name\" : \"quarter\",","logger":"airflow.task.hooks.airflow.providers.standard.hooks.subprocess.SubprocessHook","filename":"subprocess.py","lineno":99}
{"timestamp":"2026-06-02T14:53:57.521861Z","level":"info","event":"    \"type\" : \"integer\",","logger":"airflow.task.hooks.airflow.providers.standard.hooks.subprocess.SubprocessHook","filename":"subprocess.py","lineno":99}
{"timestamp":"2026-06-02T14:53:57.521923Z","level":"info","event":"    \"nullable\" : true,","logger":"airflow.task.hooks.airflow.providers.standard.hooks.subprocess.SubprocessHook","filename":"subprocess.py","lineno":99}
{"timestamp":"2026-06-02T14:53:57.521982Z","level":"info","event":"    \"metadata\" : { }","logger":"airflow.task.hooks.airflow.providers.standard.hooks.subprocess.SubprocessHook","filename":"subprocess.py","lineno":99}
{"timestamp":"2026-06-02T14:53:57.522039Z","level":"info","event":"  }, {","logger":"airflow.task.hooks.airflow.providers.standard.hooks.subprocess.SubprocessHook","filename":"subprocess.py","lineno":99}
{"timestamp":"2026-06-02T14:53:57.522094Z","level":"info","event":"    \"name\" : \"year\",","logger":"airflow.task.hooks.airflow.providers.standard.hooks.subprocess.SubprocessHook","filename":"subprocess.py","lineno":99}
{"timestamp":"2026-06-02T14:53:57.522149Z","level":"info","event":"    \"type\" : \"integer\",","logger":"airflow.task.hooks.airflow.providers.standard.hooks.subprocess.SubprocessHook","filename":"subprocess.py","lineno":99}
{"timestamp":"2026-06-02T14:53:57.522281Z","level":"info","event":"    \"nullable\" : true,","logger":"airflow.task.hooks.airflow.providers.standard.hooks.subprocess.SubprocessHook","filename":"subprocess.py","lineno":99}
{"timestamp":"2026-06-02T14:53:57.522419Z","level":"info","event":"    \"metadata\" : { }","logger":"airflow.task.hooks.airflow.providers.standard.hooks.subprocess.SubprocessHook","filename":"subprocess.py","lineno":99}
{"timestamp":"2026-06-02T14:53:57.522451Z","level":"info","event":"  }, {","logger":"airflow.task.hooks.airflow.providers.standard.hooks.subprocess.SubprocessHook","filename":"subprocess.py","lineno":99}
{"timestamp":"2026-06-02T14:53:57.522475Z","level":"info","event":"    \"name\" : \"ingest_at\",","logger":"airflow.task.hooks.airflow.providers.standard.hooks.subprocess.SubprocessHook","filename":"subprocess.py","lineno":99}
{"timestamp":"2026-06-02T14:53:57.522497Z","level":"info","event":"    \"type\" : \"timestamp\",","logger":"airflow.task.hooks.airflow.providers.standard.hooks.subprocess.SubprocessHook","filename":"subprocess.py","lineno":99}
{"timestamp":"2026-06-02T14:53:57.522519Z","level":"info","event":"    \"nullable\" : true,","logger":"airflow.task.hooks.airflow.providers.standard.hooks.subprocess.SubprocessHook","filename":"subprocess.py","lineno":99}
{"timestamp":"2026-06-02T14:53:57.522538Z","level":"info","event":"    \"metadata\" : { }","logger":"airflow.task.hooks.airflow.providers.standard.hooks.subprocess.SubprocessHook","filename":"subprocess.py","lineno":99}
{"timestamp":"2026-06-02T14:53:57.522568Z","level":"info","event":"  } ]","logger":"airflow.task.hooks.airflow.providers.standard.hooks.subprocess.SubprocessHook","filename":"subprocess.py","lineno":99}
{"timestamp":"2026-06-02T14:53:57.522593Z","level":"info","event":"}","logger":"airflow.task.hooks.airflow.providers.standard.hooks.subprocess.SubprocessHook","filename":"subprocess.py","lineno":99}
{"timestamp":"2026-06-02T14:53:57.522712Z","level":"info","event":"and corresponding Parquet message type:","logger":"airflow.task.hooks.airflow.providers.standard.hooks.subprocess.SubprocessHook","filename":"subprocess.py","lineno":99}
{"timestamp":"2026-06-02T14:53:57.522783Z","level":"info","event":"message spark_schema {","logger":"airflow.task.hooks.airflow.providers.standard.hooks.subprocess.SubprocessHook","filename":"subprocess.py","lineno":99}
{"timestamp":"2026-06-02T14:53:57.522822Z","level":"info","event":"  optional binary product_name (STRING);","logger":"airflow.task.hooks.airflow.providers.standard.hooks.subprocess.SubprocessHook","filename":"subprocess.py","lineno":99}
{"timestamp":"2026-06-02T14:53:57.522874Z","level":"info","event":"  optional double value;","logger":"airflow.task.hooks.airflow.providers.standard.hooks.subprocess.SubprocessHook","filename":"subprocess.py","lineno":99}
{"timestamp":"2026-06-02T14:53:57.522936Z","level":"info","event":"  optional binary unit (STRING);","logger":"airflow.task.hooks.airflow.providers.standard.hooks.subprocess.SubprocessHook","filename":"subprocess.py","lineno":99}
{"timestamp":"2026-06-02T14:53:57.523000Z","level":"info","event":"  optional int32 month;","logger":"airflow.task.hooks.airflow.providers.standard.hooks.subprocess.SubprocessHook","filename":"subprocess.py","lineno":99}
{"timestamp":"2026-06-02T14:53:57.523050Z","level":"info","event":"  optional int32 quarter;","logger":"airflow.task.hooks.airflow.providers.standard.hooks.subprocess.SubprocessHook","filename":"subprocess.py","lineno":99}
{"timestamp":"2026-06-02T14:53:57.523109Z","level":"info","event":"  optional int32 year;","logger":"airflow.task.hooks.airflow.providers.standard.hooks.subprocess.SubprocessHook","filename":"subprocess.py","lineno":99}
{"timestamp":"2026-06-02T14:53:57.523149Z","level":"info","event":"  optional int96 ingest_at;","logger":"airflow.task.hooks.airflow.providers.standard.hooks.subprocess.SubprocessHook","filename":"subprocess.py","lineno":99}
{"timestamp":"2026-06-02T14:53:57.523175Z","level":"info","event":"}","logger":"airflow.task.hooks.airflow.providers.standard.hooks.subprocess.SubprocessHook","filename":"subprocess.py","lineno":99}
{"timestamp":"2026-06-02T14:53:57.523201Z","level":"info","event":"","logger":"airflow.task.hooks.airflow.providers.standard.hooks.subprocess.SubprocessHook","filename":"subprocess.py","lineno":99}
{"timestamp":"2026-06-02T14:53:57.523259Z","level":"info","event":"","logger":"airflow.task.hooks.airflow.providers.standard.hooks.subprocess.SubprocessHook","filename":"subprocess.py","lineno":99}
{"timestamp":"2026-06-02T14:53:57.523300Z","level":"info","event":"26/06/02 14:53:57 INFO ParquetWriteSupport: Initialized Parquet WriteSupport with Catalyst schema:","logger":"airflow.task.hooks.airflow.providers.standard.hooks.subprocess.SubprocessHook","filename":"subprocess.py","lineno":99}
{"timestamp":"2026-06-02T14:53:57.523328Z","level":"info","event":"{","logger":"airflow.task.hooks.airflow.providers.standard.hooks.subprocess.SubprocessHook","filename":"subprocess.py","lineno":99}
{"timestamp":"2026-06-02T14:53:57.523382Z","level":"info","event":"  \"type\" : \"struct\",","logger":"airflow.task.hooks.airflow.providers.standard.hooks.subprocess.SubprocessHook","filename":"subprocess.py","lineno":99}
{"timestamp":"2026-06-02T14:53:57.523422Z","level":"info","event":"  \"fields\" : [ {","logger":"airflow.task.hooks.airflow.providers.standard.hooks.subprocess.SubprocessHook","filename":"subprocess.py","lineno":99}
{"timestamp":"2026-06-02T14:53:57.523458Z","level":"info","event":"    \"name\" : \"product_name\",","logger":"airflow.task.hooks.airflow.providers.standard.hooks.subprocess.SubprocessHook","filename":"subprocess.py","lineno":99}
{"timestamp":"2026-06-02T14:53:57.523484Z","level":"info","event":"    \"type\" : \"string\",","logger":"airflow.task.hooks.airflow.providers.standard.hooks.subprocess.SubprocessHook","filename":"subprocess.py","lineno":99}
{"timestamp":"2026-06-02T14:53:57.523506Z","level":"info","event":"    \"nullable\" : true,","logger":"airflow.task.hooks.airflow.providers.standard.hooks.subprocess.SubprocessHook","filename":"subprocess.py","lineno":99}
{"timestamp":"2026-06-02T14:53:57.523529Z","level":"info","event":"    \"metadata\" : { }","logger":"airflow.task.hooks.airflow.providers.standard.hooks.subprocess.SubprocessHook","filename":"subprocess.py","lineno":99}
{"timestamp":"2026-06-02T14:53:57.523550Z","level":"info","event":"  }, {","logger":"airflow.task.hooks.airflow.providers.standard.hooks.subprocess.SubprocessHook","filename":"subprocess.py","lineno":99}
{"timestamp":"2026-06-02T14:53:57.523574Z","level":"info","event":"    \"name\" : \"value\",","logger":"airflow.task.hooks.airflow.providers.standard.hooks.subprocess.SubprocessHook","filename":"subprocess.py","lineno":99}
{"timestamp":"2026-06-02T14:53:57.523596Z","level":"info","event":"    \"type\" : \"double\",","logger":"airflow.task.hooks.airflow.providers.standard.hooks.subprocess.SubprocessHook","filename":"subprocess.py","lineno":99}
{"timestamp":"2026-06-02T14:53:57.523617Z","level":"info","event":"    \"nullable\" : true,","logger":"airflow.task.hooks.airflow.providers.standard.hooks.subprocess.SubprocessHook","filename":"subprocess.py","lineno":99}
{"timestamp":"2026-06-02T14:53:57.523637Z","level":"info","event":"    \"metadata\" : { }","logger":"airflow.task.hooks.airflow.providers.standard.hooks.subprocess.SubprocessHook","filename":"subprocess.py","lineno":99}
{"timestamp":"2026-06-02T14:53:57.523657Z","level":"info","event":"  }, {","logger":"airflow.task.hooks.airflow.providers.standard.hooks.subprocess.SubprocessHook","filename":"subprocess.py","lineno":99}
{"timestamp":"2026-06-02T14:53:57.523678Z","level":"info","event":"    \"name\" : \"unit\",","logger":"airflow.task.hooks.airflow.providers.standard.hooks.subprocess.SubprocessHook","filename":"subprocess.py","lineno":99}
{"timestamp":"2026-06-02T14:53:57.523699Z","level":"info","event":"    \"type\" : \"string\",","logger":"airflow.task.hooks.airflow.providers.standard.hooks.subprocess.SubprocessHook","filename":"subprocess.py","lineno":99}
{"timestamp":"2026-06-02T14:53:57.523720Z","level":"info","event":"    \"nullable\" : true,","logger":"airflow.task.hooks.airflow.providers.standard.hooks.subprocess.SubprocessHook","filename":"subprocess.py","lineno":99}
{"timestamp":"2026-06-02T14:53:57.523742Z","level":"info","event":"    \"metadata\" : { }","logger":"airflow.task.hooks.airflow.providers.standard.hooks.subprocess.SubprocessHook","filename":"subprocess.py","lineno":99}
{"timestamp":"2026-06-02T14:53:57.523762Z","level":"info","event":"  }, {","logger":"airflow.task.hooks.airflow.providers.standard.hooks.subprocess.SubprocessHook","filename":"subprocess.py","lineno":99}
{"timestamp":"2026-06-02T14:53:57.523783Z","level":"info","event":"    \"name\" : \"month\",","logger":"airflow.task.hooks.airflow.providers.standard.hooks.subprocess.SubprocessHook","filename":"subprocess.py","lineno":99}
{"timestamp":"2026-06-02T14:53:57.523804Z","level":"info","event":"    \"type\" : \"integer\",","logger":"airflow.task.hooks.airflow.providers.standard.hooks.subprocess.SubprocessHook","filename":"subprocess.py","lineno":99}
{"timestamp":"2026-06-02T14:53:57.523825Z","level":"info","event":"    \"nullable\" : true,","logger":"airflow.task.hooks.airflow.providers.standard.hooks.subprocess.SubprocessHook","filename":"subprocess.py","lineno":99}
{"timestamp":"2026-06-02T14:53:57.523847Z","level":"info","event":"    \"metadata\" : { }","logger":"airflow.task.hooks.airflow.providers.standard.hooks.subprocess.SubprocessHook","filename":"subprocess.py","lineno":99}
{"timestamp":"2026-06-02T14:53:57.523938Z","level":"info","event":"  }, {","logger":"airflow.task.hooks.airflow.providers.standard.hooks.subprocess.SubprocessHook","filename":"subprocess.py","lineno":99}
{"timestamp":"2026-06-02T14:53:57.524029Z","level":"info","event":"    \"name\" : \"quarter\",","logger":"airflow.task.hooks.airflow.providers.standard.hooks.subprocess.SubprocessHook","filename":"subprocess.py","lineno":99}
{"timestamp":"2026-06-02T14:53:57.524095Z","level":"info","event":"    \"type\" : \"integer\",","logger":"airflow.task.hooks.airflow.providers.standard.hooks.subprocess.SubprocessHook","filename":"subprocess.py","lineno":99}
{"timestamp":"2026-06-02T14:53:57.524193Z","level":"info","event":"    \"nullable\" : true,","logger":"airflow.task.hooks.airflow.providers.standard.hooks.subprocess.SubprocessHook","filename":"subprocess.py","lineno":99}
{"timestamp":"2026-06-02T14:53:57.524277Z","level":"info","event":"    \"metadata\" : { }","logger":"airflow.task.hooks.airflow.providers.standard.hooks.subprocess.SubprocessHook","filename":"subprocess.py","lineno":99}
{"timestamp":"2026-06-02T14:53:57.524344Z","level":"info","event":"  }, {","logger":"airflow.task.hooks.airflow.providers.standard.hooks.subprocess.SubprocessHook","filename":"subprocess.py","lineno":99}
{"timestamp":"2026-06-02T14:53:57.524388Z","level":"info","event":"    \"name\" : \"year\",","logger":"airflow.task.hooks.airflow.providers.standard.hooks.subprocess.SubprocessHook","filename":"subprocess.py","lineno":99}
{"timestamp":"2026-06-02T14:53:57.524413Z","level":"info","event":"    \"type\" : \"integer\",","logger":"airflow.task.hooks.airflow.providers.standard.hooks.subprocess.SubprocessHook","filename":"subprocess.py","lineno":99}
{"timestamp":"2026-06-02T14:53:57.524435Z","level":"info","event":"    \"nullable\" : true,","logger":"airflow.task.hooks.airflow.providers.standard.hooks.subprocess.SubprocessHook","filename":"subprocess.py","lineno":99}
{"timestamp":"2026-06-02T14:53:57.524457Z","level":"info","event":"    \"metadata\" : { }","logger":"airflow.task.hooks.airflow.providers.standard.hooks.subprocess.SubprocessHook","filename":"subprocess.py","lineno":99}
{"timestamp":"2026-06-02T14:53:57.524477Z","level":"info","event":"  }, {","logger":"airflow.task.hooks.airflow.providers.standard.hooks.subprocess.SubprocessHook","filename":"subprocess.py","lineno":99}
{"timestamp":"2026-06-02T14:53:57.524498Z","level":"info","event":"    \"name\" : \"ingest_at\",","logger":"airflow.task.hooks.airflow.providers.standard.hooks.subprocess.SubprocessHook","filename":"subprocess.py","lineno":99}
{"timestamp":"2026-06-02T14:53:57.524546Z","level":"info","event":"    \"type\" : \"timestamp\",","logger":"airflow.task.hooks.airflow.providers.standard.hooks.subprocess.SubprocessHook","filename":"subprocess.py","lineno":99}
{"timestamp":"2026-06-02T14:53:57.524589Z","level":"info","event":"    \"nullable\" : true,","logger":"airflow.task.hooks.airflow.providers.standard.hooks.subprocess.SubprocessHook","filename":"subprocess.py","lineno":99}
{"timestamp":"2026-06-02T14:53:57.524615Z","level":"info","event":"    \"metadata\" : { }","logger":"airflow.task.hooks.airflow.providers.standard.hooks.subprocess.SubprocessHook","filename":"subprocess.py","lineno":99}
{"timestamp":"2026-06-02T14:53:57.524639Z","level":"info","event":"  } ]","logger":"airflow.task.hooks.airflow.providers.standard.hooks.subprocess.SubprocessHook","filename":"subprocess.py","lineno":99}
{"timestamp":"2026-06-02T14:53:57.524661Z","level":"info","event":"}","logger":"airflow.task.hooks.airflow.providers.standard.hooks.subprocess.SubprocessHook","filename":"subprocess.py","lineno":99}
{"timestamp":"2026-06-02T14:53:57.524682Z","level":"info","event":"and corresponding Parquet message type:","logger":"airflow.task.hooks.airflow.providers.standard.hooks.subprocess.SubprocessHook","filename":"subprocess.py","lineno":99}
{"timestamp":"2026-06-02T14:53:57.524703Z","level":"info","event":"message spark_schema {","logger":"airflow.task.hooks.airflow.providers.standard.hooks.subprocess.SubprocessHook","filename":"subprocess.py","lineno":99}
{"timestamp":"2026-06-02T14:53:57.524724Z","level":"info","event":"  optional binary product_name (STRING);","logger":"airflow.task.hooks.airflow.providers.standard.hooks.subprocess.SubprocessHook","filename":"subprocess.py","lineno":99}
{"timestamp":"2026-06-02T14:53:57.524744Z","level":"info","event":"  optional double value;","logger":"airflow.task.hooks.airflow.providers.standard.hooks.subprocess.SubprocessHook","filename":"subprocess.py","lineno":99}
{"timestamp":"2026-06-02T14:53:57.524764Z","level":"info","event":"  optional binary unit (STRING);","logger":"airflow.task.hooks.airflow.providers.standard.hooks.subprocess.SubprocessHook","filename":"subprocess.py","lineno":99}
{"timestamp":"2026-06-02T14:53:57.524792Z","level":"info","event":"  optional int32 month;","logger":"airflow.task.hooks.airflow.providers.standard.hooks.subprocess.SubprocessHook","filename":"subprocess.py","lineno":99}
{"timestamp":"2026-06-02T14:53:57.524813Z","level":"info","event":"  optional int32 quarter;","logger":"airflow.task.hooks.airflow.providers.standard.hooks.subprocess.SubprocessHook","filename":"subprocess.py","lineno":99}
{"timestamp":"2026-06-02T14:53:57.524832Z","level":"info","event":"  optional int32 year;","logger":"airflow.task.hooks.airflow.providers.standard.hooks.subprocess.SubprocessHook","filename":"subprocess.py","lineno":99}
{"timestamp":"2026-06-02T14:53:57.524851Z","level":"info","event":"  optional int96 ingest_at;","logger":"airflow.task.hooks.airflow.providers.standard.hooks.subprocess.SubprocessHook","filename":"subprocess.py","lineno":99}
{"timestamp":"2026-06-02T14:53:57.524872Z","level":"info","event":"}","logger":"airflow.task.hooks.airflow.providers.standard.hooks.subprocess.SubprocessHook","filename":"subprocess.py","lineno":99}
{"timestamp":"2026-06-02T14:53:57.524892Z","level":"info","event":"","logger":"airflow.task.hooks.airflow.providers.standard.hooks.subprocess.SubprocessHook","filename":"subprocess.py","lineno":99}
{"timestamp":"2026-06-02T14:53:57.524912Z","level":"info","event":"","logger":"airflow.task.hooks.airflow.providers.standard.hooks.subprocess.SubprocessHook","filename":"subprocess.py","lineno":99}
{"timestamp":"2026-06-02T14:53:57.524938Z","level":"info","event":"26/06/02 14:53:57 INFO ParquetWriteSupport: Initialized Parquet WriteSupport with Catalyst schema:","logger":"airflow.task.hooks.airflow.providers.standard.hooks.subprocess.SubprocessHook","filename":"subprocess.py","lineno":99}
{"timestamp":"2026-06-02T14:53:57.524960Z","level":"info","event":"{","logger":"airflow.task.hooks.airflow.providers.standard.hooks.subprocess.SubprocessHook","filename":"subprocess.py","lineno":99}
{"timestamp":"2026-06-02T14:53:57.524980Z","level":"info","event":"  \"type\" : \"struct\",","logger":"airflow.task.hooks.airflow.providers.standard.hooks.subprocess.SubprocessHook","filename":"subprocess.py","lineno":99}
{"timestamp":"2026-06-02T14:53:57.525000Z","level":"info","event":"  \"fields\" : [ {","logger":"airflow.task.hooks.airflow.providers.standard.hooks.subprocess.SubprocessHook","filename":"subprocess.py","lineno":99}
{"timestamp":"2026-06-02T14:53:57.525020Z","level":"info","event":"    \"name\" : \"product_name\",","logger":"airflow.task.hooks.airflow.providers.standard.hooks.subprocess.SubprocessHook","filename":"subprocess.py","lineno":99}
{"timestamp":"2026-06-02T14:53:57.525039Z","level":"info","event":"    \"type\" : \"string\",","logger":"airflow.task.hooks.airflow.providers.standard.hooks.subprocess.SubprocessHook","filename":"subprocess.py","lineno":99}
{"timestamp":"2026-06-02T14:53:57.583806Z","level":"info","event":"    \"nullable\" : true,","logger":"airflow.task.hooks.airflow.providers.standard.hooks.subprocess.SubprocessHook","filename":"subprocess.py","lineno":99}
{"timestamp":"2026-06-02T14:53:57.583996Z","level":"info","event":"    \"metadata\" : { }","logger":"airflow.task.hooks.airflow.providers.standard.hooks.subprocess.SubprocessHook","filename":"subprocess.py","lineno":99}
{"timestamp":"2026-06-02T14:53:57.584095Z","level":"info","event":"  }, {","logger":"airflow.task.hooks.airflow.providers.standard.hooks.subprocess.SubprocessHook","filename":"subprocess.py","lineno":99}
{"timestamp":"2026-06-02T14:53:57.584173Z","level":"info","event":"    \"name\" : \"value\",","logger":"airflow.task.hooks.airflow.providers.standard.hooks.subprocess.SubprocessHook","filename":"subprocess.py","lineno":99}
{"timestamp":"2026-06-02T14:53:57.584282Z","level":"info","event":"    \"type\" : \"double\",","logger":"airflow.task.hooks.airflow.providers.standard.hooks.subprocess.SubprocessHook","filename":"subprocess.py","lineno":99}
{"timestamp":"2026-06-02T14:53:57.584366Z","level":"info","event":"    \"nullable\" : true,","logger":"airflow.task.hooks.airflow.providers.standard.hooks.subprocess.SubprocessHook","filename":"subprocess.py","lineno":99}
{"timestamp":"2026-06-02T14:53:57.584436Z","level":"info","event":"    \"metadata\" : { }","logger":"airflow.task.hooks.airflow.providers.standard.hooks.subprocess.SubprocessHook","filename":"subprocess.py","lineno":99}
{"timestamp":"2026-06-02T14:53:57.584499Z","level":"info","event":"  }, {","logger":"airflow.task.hooks.airflow.providers.standard.hooks.subprocess.SubprocessHook","filename":"subprocess.py","lineno":99}
{"timestamp":"2026-06-02T14:53:57.584560Z","level":"info","event":"    \"name\" : \"unit\",","logger":"airflow.task.hooks.airflow.providers.standard.hooks.subprocess.SubprocessHook","filename":"subprocess.py","lineno":99}
{"timestamp":"2026-06-02T14:53:57.584622Z","level":"info","event":"    \"type\" : \"string\",","logger":"airflow.task.hooks.airflow.providers.standard.hooks.subprocess.SubprocessHook","filename":"subprocess.py","lineno":99}
{"timestamp":"2026-06-02T14:53:57.584681Z","level":"info","event":"    \"nullable\" : true,","logger":"airflow.task.hooks.airflow.providers.standard.hooks.subprocess.SubprocessHook","filename":"subprocess.py","lineno":99}
{"timestamp":"2026-06-02T14:53:57.584745Z","level":"info","event":"    \"metadata\" : { }","logger":"airflow.task.hooks.airflow.providers.standard.hooks.subprocess.SubprocessHook","filename":"subprocess.py","lineno":99}
{"timestamp":"2026-06-02T14:53:57.584806Z","level":"info","event":"  }, {","logger":"airflow.task.hooks.airflow.providers.standard.hooks.subprocess.SubprocessHook","filename":"subprocess.py","lineno":99}
{"timestamp":"2026-06-02T14:53:57.584874Z","level":"info","event":"    \"name\" : \"month\",","logger":"airflow.task.hooks.airflow.providers.standard.hooks.subprocess.SubprocessHook","filename":"subprocess.py","lineno":99}
{"timestamp":"2026-06-02T14:53:57.584943Z","level":"info","event":"    \"type\" : \"integer\",","logger":"airflow.task.hooks.airflow.providers.standard.hooks.subprocess.SubprocessHook","filename":"subprocess.py","lineno":99}
{"timestamp":"2026-06-02T14:53:57.585016Z","level":"info","event":"    \"nullable\" : true,","logger":"airflow.task.hooks.airflow.providers.standard.hooks.subprocess.SubprocessHook","filename":"subprocess.py","lineno":99}
{"timestamp":"2026-06-02T14:53:57.585093Z","level":"info","event":"    \"metadata\" : { }","logger":"airflow.task.hooks.airflow.providers.standard.hooks.subprocess.SubprocessHook","filename":"subprocess.py","lineno":99}
{"timestamp":"2026-06-02T14:53:57.585165Z","level":"info","event":"  }, {","logger":"airflow.task.hooks.airflow.providers.standard.hooks.subprocess.SubprocessHook","filename":"subprocess.py","lineno":99}
{"timestamp":"2026-06-02T14:53:57.585240Z","level":"info","event":"    \"name\" : \"quarter\",","logger":"airflow.task.hooks.airflow.providers.standard.hooks.subprocess.SubprocessHook","filename":"subprocess.py","lineno":99}
{"timestamp":"2026-06-02T14:53:57.585319Z","level":"info","event":"    \"type\" : \"integer\",","logger":"airflow.task.hooks.airflow.providers.standard.hooks.subprocess.SubprocessHook","filename":"subprocess.py","lineno":99}
{"timestamp":"2026-06-02T14:53:57.585401Z","level":"info","event":"    \"nullable\" : true,","logger":"airflow.task.hooks.airflow.providers.standard.hooks.subprocess.SubprocessHook","filename":"subprocess.py","lineno":99}
{"timestamp":"2026-06-02T14:53:57.585598Z","level":"info","event":"    \"metadata\" : { }","logger":"airflow.task.hooks.airflow.providers.standard.hooks.subprocess.SubprocessHook","filename":"subprocess.py","lineno":99}
{"timestamp":"2026-06-02T14:53:57.585699Z","level":"info","event":"  }, {","logger":"airflow.task.hooks.airflow.providers.standard.hooks.subprocess.SubprocessHook","filename":"subprocess.py","lineno":99}
{"timestamp":"2026-06-02T14:53:57.585779Z","level":"info","event":"    \"name\" : \"year\",","logger":"airflow.task.hooks.airflow.providers.standard.hooks.subprocess.SubprocessHook","filename":"subprocess.py","lineno":99}
{"timestamp":"2026-06-02T14:53:57.585843Z","level":"info","event":"    \"type\" : \"integer\",","logger":"airflow.task.hooks.airflow.providers.standard.hooks.subprocess.SubprocessHook","filename":"subprocess.py","lineno":99}
{"timestamp":"2026-06-02T14:53:57.585908Z","level":"info","event":"    \"nullable\" : true,","logger":"airflow.task.hooks.airflow.providers.standard.hooks.subprocess.SubprocessHook","filename":"subprocess.py","lineno":99}
{"timestamp":"2026-06-02T14:53:57.585968Z","level":"info","event":"    \"metadata\" : { }","logger":"airflow.task.hooks.airflow.providers.standard.hooks.subprocess.SubprocessHook","filename":"subprocess.py","lineno":99}
{"timestamp":"2026-06-02T14:53:57.586033Z","level":"info","event":"  }, {","logger":"airflow.task.hooks.airflow.providers.standard.hooks.subprocess.SubprocessHook","filename":"subprocess.py","lineno":99}
{"timestamp":"2026-06-02T14:53:57.586102Z","level":"info","event":"    \"name\" : \"ingest_at\",","logger":"airflow.task.hooks.airflow.providers.standard.hooks.subprocess.SubprocessHook","filename":"subprocess.py","lineno":99}
{"timestamp":"2026-06-02T14:53:57.586181Z","level":"info","event":"    \"type\" : \"timestamp\",","logger":"airflow.task.hooks.airflow.providers.standard.hooks.subprocess.SubprocessHook","filename":"subprocess.py","lineno":99}
{"timestamp":"2026-06-02T14:53:57.586252Z","level":"info","event":"    \"nullable\" : true,","logger":"airflow.task.hooks.airflow.providers.standard.hooks.subprocess.SubprocessHook","filename":"subprocess.py","lineno":99}
{"timestamp":"2026-06-02T14:53:57.586327Z","level":"info","event":"    \"metadata\" : { }","logger":"airflow.task.hooks.airflow.providers.standard.hooks.subprocess.SubprocessHook","filename":"subprocess.py","lineno":99}
{"timestamp":"2026-06-02T14:53:57.586657Z","level":"info","event":"  } ]","logger":"airflow.task.hooks.airflow.providers.standard.hooks.subprocess.SubprocessHook","filename":"subprocess.py","lineno":99}
{"timestamp":"2026-06-02T14:53:57.586991Z","level":"info","event":"}","logger":"airflow.task.hooks.airflow.providers.standard.hooks.subprocess.SubprocessHook","filename":"subprocess.py","lineno":99}
{"timestamp":"2026-06-02T14:53:57.587260Z","level":"info","event":"and corresponding Parquet message type:","logger":"airflow.task.hooks.airflow.providers.standard.hooks.subprocess.SubprocessHook","filename":"subprocess.py","lineno":99}
{"timestamp":"2026-06-02T14:53:57.587502Z","level":"info","event":"message spark_schema {","logger":"airflow.task.hooks.airflow.providers.standard.hooks.subprocess.SubprocessHook","filename":"subprocess.py","lineno":99}
{"timestamp":"2026-06-02T14:53:57.587613Z","level":"info","event":"  optional binary product_name (STRING);","logger":"airflow.task.hooks.airflow.providers.standard.hooks.subprocess.SubprocessHook","filename":"subprocess.py","lineno":99}
{"timestamp":"2026-06-02T14:53:57.587844Z","level":"info","event":"  optional double value;","logger":"airflow.task.hooks.airflow.providers.standard.hooks.subprocess.SubprocessHook","filename":"subprocess.py","lineno":99}
{"timestamp":"2026-06-02T14:53:57.587979Z","level":"info","event":"  optional binary unit (STRING);","logger":"airflow.task.hooks.airflow.providers.standard.hooks.subprocess.SubprocessHook","filename":"subprocess.py","lineno":99}
{"timestamp":"2026-06-02T14:53:57.588064Z","level":"info","event":"  optional int32 month;","logger":"airflow.task.hooks.airflow.providers.standard.hooks.subprocess.SubprocessHook","filename":"subprocess.py","lineno":99}
{"timestamp":"2026-06-02T14:53:57.588130Z","level":"info","event":"  optional int32 quarter;","logger":"airflow.task.hooks.airflow.providers.standard.hooks.subprocess.SubprocessHook","filename":"subprocess.py","lineno":99}
{"timestamp":"2026-06-02T14:53:57.588193Z","level":"info","event":"  optional int32 year;","logger":"airflow.task.hooks.airflow.providers.standard.hooks.subprocess.SubprocessHook","filename":"subprocess.py","lineno":99}
{"timestamp":"2026-06-02T14:53:57.588289Z","level":"info","event":"  optional int96 ingest_at;","logger":"airflow.task.hooks.airflow.providers.standard.hooks.subprocess.SubprocessHook","filename":"subprocess.py","lineno":99}
{"timestamp":"2026-06-02T14:53:57.588542Z","level":"info","event":"}","logger":"airflow.task.hooks.airflow.providers.standard.hooks.subprocess.SubprocessHook","filename":"subprocess.py","lineno":99}
{"timestamp":"2026-06-02T14:53:57.588675Z","level":"info","event":"","logger":"airflow.task.hooks.airflow.providers.standard.hooks.subprocess.SubprocessHook","filename":"subprocess.py","lineno":99}
{"timestamp":"2026-06-02T14:53:57.588757Z","level":"info","event":"","logger":"airflow.task.hooks.airflow.providers.standard.hooks.subprocess.SubprocessHook","filename":"subprocess.py","lineno":99}
{"timestamp":"2026-06-02T14:53:57.588824Z","level":"info","event":"26/06/02 14:53:57 INFO ParquetWriteSupport: Initialized Parquet WriteSupport with Catalyst schema:","logger":"airflow.task.hooks.airflow.providers.standard.hooks.subprocess.SubprocessHook","filename":"subprocess.py","lineno":99}
{"timestamp":"2026-06-02T14:53:57.588940Z","level":"info","event":"{","logger":"airflow.task.hooks.airflow.providers.standard.hooks.subprocess.SubprocessHook","filename":"subprocess.py","lineno":99}
{"timestamp":"2026-06-02T14:53:57.589026Z","level":"info","event":"  \"type\" : \"struct\",","logger":"airflow.task.hooks.airflow.providers.standard.hooks.subprocess.SubprocessHook","filename":"subprocess.py","lineno":99}
{"timestamp":"2026-06-02T14:53:57.589095Z","level":"info","event":"  \"fields\" : [ {","logger":"airflow.task.hooks.airflow.providers.standard.hooks.subprocess.SubprocessHook","filename":"subprocess.py","lineno":99}
{"timestamp":"2026-06-02T14:53:57.589157Z","level":"info","event":"    \"name\" : \"product_name\",","logger":"airflow.task.hooks.airflow.providers.standard.hooks.subprocess.SubprocessHook","filename":"subprocess.py","lineno":99}
{"timestamp":"2026-06-02T14:53:57.589213Z","level":"info","event":"    \"type\" : \"string\",","logger":"airflow.task.hooks.airflow.providers.standard.hooks.subprocess.SubprocessHook","filename":"subprocess.py","lineno":99}
{"timestamp":"2026-06-02T14:53:57.589269Z","level":"info","event":"    \"nullable\" : true,","logger":"airflow.task.hooks.airflow.providers.standard.hooks.subprocess.SubprocessHook","filename":"subprocess.py","lineno":99}
{"timestamp":"2026-06-02T14:53:57.589328Z","level":"info","event":"    \"metadata\" : { }","logger":"airflow.task.hooks.airflow.providers.standard.hooks.subprocess.SubprocessHook","filename":"subprocess.py","lineno":99}
{"timestamp":"2026-06-02T14:53:57.589383Z","level":"info","event":"  }, {","logger":"airflow.task.hooks.airflow.providers.standard.hooks.subprocess.SubprocessHook","filename":"subprocess.py","lineno":99}
{"timestamp":"2026-06-02T14:53:57.589438Z","level":"info","event":"    \"name\" : \"value\",","logger":"airflow.task.hooks.airflow.providers.standard.hooks.subprocess.SubprocessHook","filename":"subprocess.py","lineno":99}
{"timestamp":"2026-06-02T14:53:57.589569Z","level":"info","event":"    \"type\" : \"double\",","logger":"airflow.task.hooks.airflow.providers.standard.hooks.subprocess.SubprocessHook","filename":"subprocess.py","lineno":99}
{"timestamp":"2026-06-02T14:53:57.589650Z","level":"info","event":"    \"nullable\" : true,","logger":"airflow.task.hooks.airflow.providers.standard.hooks.subprocess.SubprocessHook","filename":"subprocess.py","lineno":99}
{"timestamp":"2026-06-02T14:53:57.589722Z","level":"info","event":"    \"metadata\" : { }","logger":"airflow.task.hooks.airflow.providers.standard.hooks.subprocess.SubprocessHook","filename":"subprocess.py","lineno":99}
{"timestamp":"2026-06-02T14:53:57.589785Z","level":"info","event":"  }, {","logger":"airflow.task.hooks.airflow.providers.standard.hooks.subprocess.SubprocessHook","filename":"subprocess.py","lineno":99}
{"timestamp":"2026-06-02T14:53:57.589846Z","level":"info","event":"    \"name\" : \"unit\",","logger":"airflow.task.hooks.airflow.providers.standard.hooks.subprocess.SubprocessHook","filename":"subprocess.py","lineno":99}
{"timestamp":"2026-06-02T14:53:57.589916Z","level":"info","event":"    \"type\" : \"string\",","logger":"airflow.task.hooks.airflow.providers.standard.hooks.subprocess.SubprocessHook","filename":"subprocess.py","lineno":99}
{"timestamp":"2026-06-02T14:53:57.589987Z","level":"info","event":"    \"nullable\" : true,","logger":"airflow.task.hooks.airflow.providers.standard.hooks.subprocess.SubprocessHook","filename":"subprocess.py","lineno":99}
{"timestamp":"2026-06-02T14:53:57.590058Z","level":"info","event":"    \"metadata\" : { }","logger":"airflow.task.hooks.airflow.providers.standard.hooks.subprocess.SubprocessHook","filename":"subprocess.py","lineno":99}
{"timestamp":"2026-06-02T14:53:57.590119Z","level":"info","event":"  }, {","logger":"airflow.task.hooks.airflow.providers.standard.hooks.subprocess.SubprocessHook","filename":"subprocess.py","lineno":99}
{"timestamp":"2026-06-02T14:53:57.590183Z","level":"info","event":"    \"name\" : \"month\",","logger":"airflow.task.hooks.airflow.providers.standard.hooks.subprocess.SubprocessHook","filename":"subprocess.py","lineno":99}
{"timestamp":"2026-06-02T14:53:57.590271Z","level":"info","event":"    \"type\" : \"integer\",","logger":"airflow.task.hooks.airflow.providers.standard.hooks.subprocess.SubprocessHook","filename":"subprocess.py","lineno":99}
{"timestamp":"2026-06-02T14:53:57.590336Z","level":"info","event":"    \"nullable\" : true,","logger":"airflow.task.hooks.airflow.providers.standard.hooks.subprocess.SubprocessHook","filename":"subprocess.py","lineno":99}
{"timestamp":"2026-06-02T14:53:57.590391Z","level":"info","event":"    \"metadata\" : { }","logger":"airflow.task.hooks.airflow.providers.standard.hooks.subprocess.SubprocessHook","filename":"subprocess.py","lineno":99}
{"timestamp":"2026-06-02T14:53:57.590452Z","level":"info","event":"  }, {","logger":"airflow.task.hooks.airflow.providers.standard.hooks.subprocess.SubprocessHook","filename":"subprocess.py","lineno":99}
{"timestamp":"2026-06-02T14:53:57.590508Z","level":"info","event":"    \"name\" : \"quarter\",","logger":"airflow.task.hooks.airflow.providers.standard.hooks.subprocess.SubprocessHook","filename":"subprocess.py","lineno":99}
{"timestamp":"2026-06-02T14:53:57.590563Z","level":"info","event":"    \"type\" : \"integer\",","logger":"airflow.task.hooks.airflow.providers.standard.hooks.subprocess.SubprocessHook","filename":"subprocess.py","lineno":99}
{"timestamp":"2026-06-02T14:53:57.590622Z","level":"info","event":"    \"nullable\" : true,","logger":"airflow.task.hooks.airflow.providers.standard.hooks.subprocess.SubprocessHook","filename":"subprocess.py","lineno":99}
{"timestamp":"2026-06-02T14:53:57.590678Z","level":"info","event":"    \"metadata\" : { }","logger":"airflow.task.hooks.airflow.providers.standard.hooks.subprocess.SubprocessHook","filename":"subprocess.py","lineno":99}
{"timestamp":"2026-06-02T14:53:57.590740Z","level":"info","event":"  }, {","logger":"airflow.task.hooks.airflow.providers.standard.hooks.subprocess.SubprocessHook","filename":"subprocess.py","lineno":99}
{"timestamp":"2026-06-02T14:53:57.590796Z","level":"info","event":"    \"name\" : \"year\",","logger":"airflow.task.hooks.airflow.providers.standard.hooks.subprocess.SubprocessHook","filename":"subprocess.py","lineno":99}
{"timestamp":"2026-06-02T14:53:57.590855Z","level":"info","event":"    \"type\" : \"integer\",","logger":"airflow.task.hooks.airflow.providers.standard.hooks.subprocess.SubprocessHook","filename":"subprocess.py","lineno":99}
{"timestamp":"2026-06-02T14:53:57.590920Z","level":"info","event":"    \"nullable\" : true,","logger":"airflow.task.hooks.airflow.providers.standard.hooks.subprocess.SubprocessHook","filename":"subprocess.py","lineno":99}
{"timestamp":"2026-06-02T14:53:57.590983Z","level":"info","event":"    \"metadata\" : { }","logger":"airflow.task.hooks.airflow.providers.standard.hooks.subprocess.SubprocessHook","filename":"subprocess.py","lineno":99}
{"timestamp":"2026-06-02T14:53:57.591040Z","level":"info","event":"  }, {","logger":"airflow.task.hooks.airflow.providers.standard.hooks.subprocess.SubprocessHook","filename":"subprocess.py","lineno":99}
{"timestamp":"2026-06-02T14:53:57.591096Z","level":"info","event":"    \"name\" : \"ingest_at\",","logger":"airflow.task.hooks.airflow.providers.standard.hooks.subprocess.SubprocessHook","filename":"subprocess.py","lineno":99}
{"timestamp":"2026-06-02T14:53:57.591157Z","level":"info","event":"    \"type\" : \"timestamp\",","logger":"airflow.task.hooks.airflow.providers.standard.hooks.subprocess.SubprocessHook","filename":"subprocess.py","lineno":99}
{"timestamp":"2026-06-02T14:53:57.591214Z","level":"info","event":"    \"nullable\" : true,","logger":"airflow.task.hooks.airflow.providers.standard.hooks.subprocess.SubprocessHook","filename":"subprocess.py","lineno":99}
{"timestamp":"2026-06-02T14:53:57.591272Z","level":"info","event":"    \"metadata\" : { }","logger":"airflow.task.hooks.airflow.providers.standard.hooks.subprocess.SubprocessHook","filename":"subprocess.py","lineno":99}
{"timestamp":"2026-06-02T14:53:57.591332Z","level":"info","event":"  } ]","logger":"airflow.task.hooks.airflow.providers.standard.hooks.subprocess.SubprocessHook","filename":"subprocess.py","lineno":99}
{"timestamp":"2026-06-02T14:53:57.591393Z","level":"info","event":"}","logger":"airflow.task.hooks.airflow.providers.standard.hooks.subprocess.SubprocessHook","filename":"subprocess.py","lineno":99}
{"timestamp":"2026-06-02T14:53:57.591457Z","level":"info","event":"and corresponding Parquet message type:","logger":"airflow.task.hooks.airflow.providers.standard.hooks.subprocess.SubprocessHook","filename":"subprocess.py","lineno":99}
{"timestamp":"2026-06-02T14:53:57.591603Z","level":"info","event":"message spark_schema {","logger":"airflow.task.hooks.airflow.providers.standard.hooks.subprocess.SubprocessHook","filename":"subprocess.py","lineno":99}
{"timestamp":"2026-06-02T14:53:57.591675Z","level":"info","event":"  optional binary product_name (STRING);","logger":"airflow.task.hooks.airflow.providers.standard.hooks.subprocess.SubprocessHook","filename":"subprocess.py","lineno":99}
{"timestamp":"2026-06-02T14:53:57.591736Z","level":"info","event":"  optional double value;","logger":"airflow.task.hooks.airflow.providers.standard.hooks.subprocess.SubprocessHook","filename":"subprocess.py","lineno":99}
{"timestamp":"2026-06-02T14:53:57.591804Z","level":"info","event":"  optional binary unit (STRING);","logger":"airflow.task.hooks.airflow.providers.standard.hooks.subprocess.SubprocessHook","filename":"subprocess.py","lineno":99}
{"timestamp":"2026-06-02T14:53:57.591872Z","level":"info","event":"  optional int32 month;","logger":"airflow.task.hooks.airflow.providers.standard.hooks.subprocess.SubprocessHook","filename":"subprocess.py","lineno":99}
{"timestamp":"2026-06-02T14:53:57.591936Z","level":"info","event":"  optional int32 quarter;","logger":"airflow.task.hooks.airflow.providers.standard.hooks.subprocess.SubprocessHook","filename":"subprocess.py","lineno":99}
{"timestamp":"2026-06-02T14:53:57.592001Z","level":"info","event":"  optional int32 year;","logger":"airflow.task.hooks.airflow.providers.standard.hooks.subprocess.SubprocessHook","filename":"subprocess.py","lineno":99}
{"timestamp":"2026-06-02T14:53:57.592061Z","level":"info","event":"  optional int96 ingest_at;","logger":"airflow.task.hooks.airflow.providers.standard.hooks.subprocess.SubprocessHook","filename":"subprocess.py","lineno":99}
{"timestamp":"2026-06-02T14:53:57.592117Z","level":"info","event":"}","logger":"airflow.task.hooks.airflow.providers.standard.hooks.subprocess.SubprocessHook","filename":"subprocess.py","lineno":99}
{"timestamp":"2026-06-02T14:53:57.592171Z","level":"info","event":"","logger":"airflow.task.hooks.airflow.providers.standard.hooks.subprocess.SubprocessHook","filename":"subprocess.py","lineno":99}
{"timestamp":"2026-06-02T14:53:57.592254Z","level":"info","event":"","logger":"airflow.task.hooks.airflow.providers.standard.hooks.subprocess.SubprocessHook","filename":"subprocess.py","lineno":99}
{"timestamp":"2026-06-02T14:53:57.592334Z","level":"info","event":"26/06/02 14:53:57 INFO ParquetWriteSupport: Initialized Parquet WriteSupport with Catalyst schema:","logger":"airflow.task.hooks.airflow.providers.standard.hooks.subprocess.SubprocessHook","filename":"subprocess.py","lineno":99}
{"timestamp":"2026-06-02T14:53:57.592394Z","level":"info","event":"{","logger":"airflow.task.hooks.airflow.providers.standard.hooks.subprocess.SubprocessHook","filename":"subprocess.py","lineno":99}
{"timestamp":"2026-06-02T14:53:57.592447Z","level":"info","event":"  \"type\" : \"struct\",","logger":"airflow.task.hooks.airflow.providers.standard.hooks.subprocess.SubprocessHook","filename":"subprocess.py","lineno":99}
{"timestamp":"2026-06-02T14:53:57.592502Z","level":"info","event":"  \"fields\" : [ {","logger":"airflow.task.hooks.airflow.providers.standard.hooks.subprocess.SubprocessHook","filename":"subprocess.py","lineno":99}
{"timestamp":"2026-06-02T14:53:57.592555Z","level":"info","event":"    \"name\" : \"product_name\",","logger":"airflow.task.hooks.airflow.providers.standard.hooks.subprocess.SubprocessHook","filename":"subprocess.py","lineno":99}
{"timestamp":"2026-06-02T14:53:57.592610Z","level":"info","event":"    \"type\" : \"string\",","logger":"airflow.task.hooks.airflow.providers.standard.hooks.subprocess.SubprocessHook","filename":"subprocess.py","lineno":99}
{"timestamp":"2026-06-02T14:53:57.592662Z","level":"info","event":"    \"nullable\" : true,","logger":"airflow.task.hooks.airflow.providers.standard.hooks.subprocess.SubprocessHook","filename":"subprocess.py","lineno":99}
{"timestamp":"2026-06-02T14:53:57.592722Z","level":"info","event":"    \"metadata\" : { }","logger":"airflow.task.hooks.airflow.providers.standard.hooks.subprocess.SubprocessHook","filename":"subprocess.py","lineno":99}
{"timestamp":"2026-06-02T14:53:57.592781Z","level":"info","event":"  }, {","logger":"airflow.task.hooks.airflow.providers.standard.hooks.subprocess.SubprocessHook","filename":"subprocess.py","lineno":99}
{"timestamp":"2026-06-02T14:53:57.592841Z","level":"info","event":"    \"name\" : \"value\",","logger":"airflow.task.hooks.airflow.providers.standard.hooks.subprocess.SubprocessHook","filename":"subprocess.py","lineno":99}
{"timestamp":"2026-06-02T14:53:57.592903Z","level":"info","event":"    \"type\" : \"double\",","logger":"airflow.task.hooks.airflow.providers.standard.hooks.subprocess.SubprocessHook","filename":"subprocess.py","lineno":99}
{"timestamp":"2026-06-02T14:53:57.592963Z","level":"info","event":"    \"nullable\" : true,","logger":"airflow.task.hooks.airflow.providers.standard.hooks.subprocess.SubprocessHook","filename":"subprocess.py","lineno":99}
{"timestamp":"2026-06-02T14:53:57.593019Z","level":"info","event":"    \"metadata\" : { }","logger":"airflow.task.hooks.airflow.providers.standard.hooks.subprocess.SubprocessHook","filename":"subprocess.py","lineno":99}
{"timestamp":"2026-06-02T14:53:57.593073Z","level":"info","event":"  }, {","logger":"airflow.task.hooks.airflow.providers.standard.hooks.subprocess.SubprocessHook","filename":"subprocess.py","lineno":99}
{"timestamp":"2026-06-02T14:53:57.593131Z","level":"info","event":"    \"name\" : \"unit\",","logger":"airflow.task.hooks.airflow.providers.standard.hooks.subprocess.SubprocessHook","filename":"subprocess.py","lineno":99}
{"timestamp":"2026-06-02T14:53:57.593189Z","level":"info","event":"    \"type\" : \"string\",","logger":"airflow.task.hooks.airflow.providers.standard.hooks.subprocess.SubprocessHook","filename":"subprocess.py","lineno":99}
{"timestamp":"2026-06-02T14:53:57.593249Z","level":"info","event":"    \"nullable\" : true,","logger":"airflow.task.hooks.airflow.providers.standard.hooks.subprocess.SubprocessHook","filename":"subprocess.py","lineno":99}
{"timestamp":"2026-06-02T14:53:57.593309Z","level":"info","event":"    \"metadata\" : { }","logger":"airflow.task.hooks.airflow.providers.standard.hooks.subprocess.SubprocessHook","filename":"subprocess.py","lineno":99}
{"timestamp":"2026-06-02T14:53:57.593367Z","level":"info","event":"  }, {","logger":"airflow.task.hooks.airflow.providers.standard.hooks.subprocess.SubprocessHook","filename":"subprocess.py","lineno":99}
{"timestamp":"2026-06-02T14:53:57.593424Z","level":"info","event":"    \"name\" : \"month\",","logger":"airflow.task.hooks.airflow.providers.standard.hooks.subprocess.SubprocessHook","filename":"subprocess.py","lineno":99}
{"timestamp":"2026-06-02T14:53:57.593476Z","level":"info","event":"    \"type\" : \"integer\",","logger":"airflow.task.hooks.airflow.providers.standard.hooks.subprocess.SubprocessHook","filename":"subprocess.py","lineno":99}
{"timestamp":"2026-06-02T14:53:57.593600Z","level":"info","event":"    \"nullable\" : true,","logger":"airflow.task.hooks.airflow.providers.standard.hooks.subprocess.SubprocessHook","filename":"subprocess.py","lineno":99}
{"timestamp":"2026-06-02T14:53:57.593666Z","level":"info","event":"    \"metadata\" : { }","logger":"airflow.task.hooks.airflow.providers.standard.hooks.subprocess.SubprocessHook","filename":"subprocess.py","lineno":99}
{"timestamp":"2026-06-02T14:53:57.593724Z","level":"info","event":"  }, {","logger":"airflow.task.hooks.airflow.providers.standard.hooks.subprocess.SubprocessHook","filename":"subprocess.py","lineno":99}
{"timestamp":"2026-06-02T14:53:57.593781Z","level":"info","event":"    \"name\" : \"quarter\",","logger":"airflow.task.hooks.airflow.providers.standard.hooks.subprocess.SubprocessHook","filename":"subprocess.py","lineno":99}
{"timestamp":"2026-06-02T14:53:57.593836Z","level":"info","event":"    \"type\" : \"integer\",","logger":"airflow.task.hooks.airflow.providers.standard.hooks.subprocess.SubprocessHook","filename":"subprocess.py","lineno":99}
{"timestamp":"2026-06-02T14:53:57.593888Z","level":"info","event":"    \"nullable\" : true,","logger":"airflow.task.hooks.airflow.providers.standard.hooks.subprocess.SubprocessHook","filename":"subprocess.py","lineno":99}
{"timestamp":"2026-06-02T14:53:57.593944Z","level":"info","event":"    \"metadata\" : { }","logger":"airflow.task.hooks.airflow.providers.standard.hooks.subprocess.SubprocessHook","filename":"subprocess.py","lineno":99}
{"timestamp":"2026-06-02T14:53:57.594002Z","level":"info","event":"  }, {","logger":"airflow.task.hooks.airflow.providers.standard.hooks.subprocess.SubprocessHook","filename":"subprocess.py","lineno":99}
{"timestamp":"2026-06-02T14:53:57.594062Z","level":"info","event":"    \"name\" : \"year\",","logger":"airflow.task.hooks.airflow.providers.standard.hooks.subprocess.SubprocessHook","filename":"subprocess.py","lineno":99}
{"timestamp":"2026-06-02T14:53:57.594121Z","level":"info","event":"    \"type\" : \"integer\",","logger":"airflow.task.hooks.airflow.providers.standard.hooks.subprocess.SubprocessHook","filename":"subprocess.py","lineno":99}
{"timestamp":"2026-06-02T14:53:57.594175Z","level":"info","event":"    \"nullable\" : true,","logger":"airflow.task.hooks.airflow.providers.standard.hooks.subprocess.SubprocessHook","filename":"subprocess.py","lineno":99}
{"timestamp":"2026-06-02T14:53:57.646545Z","level":"info","event":"    \"metadata\" : { }","logger":"airflow.task.hooks.airflow.providers.standard.hooks.subprocess.SubprocessHook","filename":"subprocess.py","lineno":99}
{"timestamp":"2026-06-02T14:53:57.646700Z","level":"info","event":"  }, {","logger":"airflow.task.hooks.airflow.providers.standard.hooks.subprocess.SubprocessHook","filename":"subprocess.py","lineno":99}
{"timestamp":"2026-06-02T14:53:57.646767Z","level":"info","event":"    \"name\" : \"ingest_at\",","logger":"airflow.task.hooks.airflow.providers.standard.hooks.subprocess.SubprocessHook","filename":"subprocess.py","lineno":99}
{"timestamp":"2026-06-02T14:53:57.646827Z","level":"info","event":"    \"type\" : \"timestamp\",","logger":"airflow.task.hooks.airflow.providers.standard.hooks.subprocess.SubprocessHook","filename":"subprocess.py","lineno":99}
{"timestamp":"2026-06-02T14:53:57.646923Z","level":"info","event":"    \"nullable\" : true,","logger":"airflow.task.hooks.airflow.providers.standard.hooks.subprocess.SubprocessHook","filename":"subprocess.py","lineno":99}
{"timestamp":"2026-06-02T14:53:57.646987Z","level":"info","event":"    \"metadata\" : { }","logger":"airflow.task.hooks.airflow.providers.standard.hooks.subprocess.SubprocessHook","filename":"subprocess.py","lineno":99}
{"timestamp":"2026-06-02T14:53:57.647045Z","level":"info","event":"  } ]","logger":"airflow.task.hooks.airflow.providers.standard.hooks.subprocess.SubprocessHook","filename":"subprocess.py","lineno":99}
{"timestamp":"2026-06-02T14:53:57.647099Z","level":"info","event":"}","logger":"airflow.task.hooks.airflow.providers.standard.hooks.subprocess.SubprocessHook","filename":"subprocess.py","lineno":99}
{"timestamp":"2026-06-02T14:53:57.647153Z","level":"info","event":"and corresponding Parquet message type:","logger":"airflow.task.hooks.airflow.providers.standard.hooks.subprocess.SubprocessHook","filename":"subprocess.py","lineno":99}
{"timestamp":"2026-06-02T14:53:57.647205Z","level":"info","event":"message spark_schema {","logger":"airflow.task.hooks.airflow.providers.standard.hooks.subprocess.SubprocessHook","filename":"subprocess.py","lineno":99}
{"timestamp":"2026-06-02T14:53:57.647257Z","level":"info","event":"  optional binary product_name (STRING);","logger":"airflow.task.hooks.airflow.providers.standard.hooks.subprocess.SubprocessHook","filename":"subprocess.py","lineno":99}
{"timestamp":"2026-06-02T14:53:57.647311Z","level":"info","event":"  optional double value;","logger":"airflow.task.hooks.airflow.providers.standard.hooks.subprocess.SubprocessHook","filename":"subprocess.py","lineno":99}
{"timestamp":"2026-06-02T14:53:57.647366Z","level":"info","event":"  optional binary unit (STRING);","logger":"airflow.task.hooks.airflow.providers.standard.hooks.subprocess.SubprocessHook","filename":"subprocess.py","lineno":99}
{"timestamp":"2026-06-02T14:53:57.647422Z","level":"info","event":"  optional int32 month;","logger":"airflow.task.hooks.airflow.providers.standard.hooks.subprocess.SubprocessHook","filename":"subprocess.py","lineno":99}
{"timestamp":"2026-06-02T14:53:57.647479Z","level":"info","event":"  optional int32 quarter;","logger":"airflow.task.hooks.airflow.providers.standard.hooks.subprocess.SubprocessHook","filename":"subprocess.py","lineno":99}
{"timestamp":"2026-06-02T14:53:57.647539Z","level":"info","event":"  optional int32 year;","logger":"airflow.task.hooks.airflow.providers.standard.hooks.subprocess.SubprocessHook","filename":"subprocess.py","lineno":99}
{"timestamp":"2026-06-02T14:53:57.647598Z","level":"info","event":"  optional int96 ingest_at;","logger":"airflow.task.hooks.airflow.providers.standard.hooks.subprocess.SubprocessHook","filename":"subprocess.py","lineno":99}
{"timestamp":"2026-06-02T14:53:57.647653Z","level":"info","event":"}","logger":"airflow.task.hooks.airflow.providers.standard.hooks.subprocess.SubprocessHook","filename":"subprocess.py","lineno":99}
{"timestamp":"2026-06-02T14:53:57.647708Z","level":"info","event":"","logger":"airflow.task.hooks.airflow.providers.standard.hooks.subprocess.SubprocessHook","filename":"subprocess.py","lineno":99}
{"timestamp":"2026-06-02T14:53:57.647760Z","level":"info","event":"","logger":"airflow.task.hooks.airflow.providers.standard.hooks.subprocess.SubprocessHook","filename":"subprocess.py","lineno":99}
{"timestamp":"2026-06-02T14:53:57.647812Z","level":"info","event":"26/06/02 14:53:57 INFO ParquetWriteSupport: Initialized Parquet WriteSupport with Catalyst schema:","logger":"airflow.task.hooks.airflow.providers.standard.hooks.subprocess.SubprocessHook","filename":"subprocess.py","lineno":99}
{"timestamp":"2026-06-02T14:53:57.647866Z","level":"info","event":"{","logger":"airflow.task.hooks.airflow.providers.standard.hooks.subprocess.SubprocessHook","filename":"subprocess.py","lineno":99}
{"timestamp":"2026-06-02T14:53:57.647924Z","level":"info","event":"  \"type\" : \"struct\",","logger":"airflow.task.hooks.airflow.providers.standard.hooks.subprocess.SubprocessHook","filename":"subprocess.py","lineno":99}
{"timestamp":"2026-06-02T14:53:57.647982Z","level":"info","event":"  \"fields\" : [ {","logger":"airflow.task.hooks.airflow.providers.standard.hooks.subprocess.SubprocessHook","filename":"subprocess.py","lineno":99}
{"timestamp":"2026-06-02T14:53:57.648044Z","level":"info","event":"    \"name\" : \"product_name\",","logger":"airflow.task.hooks.airflow.providers.standard.hooks.subprocess.SubprocessHook","filename":"subprocess.py","lineno":99}
{"timestamp":"2026-06-02T14:53:57.648103Z","level":"info","event":"    \"type\" : \"string\",","logger":"airflow.task.hooks.airflow.providers.standard.hooks.subprocess.SubprocessHook","filename":"subprocess.py","lineno":99}
{"timestamp":"2026-06-02T14:53:57.648157Z","level":"info","event":"    \"nullable\" : true,","logger":"airflow.task.hooks.airflow.providers.standard.hooks.subprocess.SubprocessHook","filename":"subprocess.py","lineno":99}
{"timestamp":"2026-06-02T14:53:57.648307Z","level":"info","event":"    \"metadata\" : { }","logger":"airflow.task.hooks.airflow.providers.standard.hooks.subprocess.SubprocessHook","filename":"subprocess.py","lineno":99}
{"timestamp":"2026-06-02T14:53:57.648385Z","level":"info","event":"  }, {","logger":"airflow.task.hooks.airflow.providers.standard.hooks.subprocess.SubprocessHook","filename":"subprocess.py","lineno":99}
{"timestamp":"2026-06-02T14:53:57.648447Z","level":"info","event":"    \"name\" : \"value\",","logger":"airflow.task.hooks.airflow.providers.standard.hooks.subprocess.SubprocessHook","filename":"subprocess.py","lineno":99}
{"timestamp":"2026-06-02T14:53:57.648502Z","level":"info","event":"    \"type\" : \"double\",","logger":"airflow.task.hooks.airflow.providers.standard.hooks.subprocess.SubprocessHook","filename":"subprocess.py","lineno":99}
{"timestamp":"2026-06-02T14:53:57.648556Z","level":"info","event":"    \"nullable\" : true,","logger":"airflow.task.hooks.airflow.providers.standard.hooks.subprocess.SubprocessHook","filename":"subprocess.py","lineno":99}
{"timestamp":"2026-06-02T14:53:57.648609Z","level":"info","event":"    \"metadata\" : { }","logger":"airflow.task.hooks.airflow.providers.standard.hooks.subprocess.SubprocessHook","filename":"subprocess.py","lineno":99}
{"timestamp":"2026-06-02T14:53:57.648663Z","level":"info","event":"  }, {","logger":"airflow.task.hooks.airflow.providers.standard.hooks.subprocess.SubprocessHook","filename":"subprocess.py","lineno":99}
{"timestamp":"2026-06-02T14:53:57.648716Z","level":"info","event":"    \"name\" : \"unit\",","logger":"airflow.task.hooks.airflow.providers.standard.hooks.subprocess.SubprocessHook","filename":"subprocess.py","lineno":99}
{"timestamp":"2026-06-02T14:53:57.648772Z","level":"info","event":"    \"type\" : \"string\",","logger":"airflow.task.hooks.airflow.providers.standard.hooks.subprocess.SubprocessHook","filename":"subprocess.py","lineno":99}
{"timestamp":"2026-06-02T14:53:57.648828Z","level":"info","event":"    \"nullable\" : true,","logger":"airflow.task.hooks.airflow.providers.standard.hooks.subprocess.SubprocessHook","filename":"subprocess.py","lineno":99}
{"timestamp":"2026-06-02T14:53:57.648884Z","level":"info","event":"    \"metadata\" : { }","logger":"airflow.task.hooks.airflow.providers.standard.hooks.subprocess.SubprocessHook","filename":"subprocess.py","lineno":99}
{"timestamp":"2026-06-02T14:53:57.648936Z","level":"info","event":"  }, {","logger":"airflow.task.hooks.airflow.providers.standard.hooks.subprocess.SubprocessHook","filename":"subprocess.py","lineno":99}
{"timestamp":"2026-06-02T14:53:57.648989Z","level":"info","event":"    \"name\" : \"month\",","logger":"airflow.task.hooks.airflow.providers.standard.hooks.subprocess.SubprocessHook","filename":"subprocess.py","lineno":99}
{"timestamp":"2026-06-02T14:53:57.649043Z","level":"info","event":"    \"type\" : \"integer\",","logger":"airflow.task.hooks.airflow.providers.standard.hooks.subprocess.SubprocessHook","filename":"subprocess.py","lineno":99}
{"timestamp":"2026-06-02T14:53:57.649096Z","level":"info","event":"    \"nullable\" : true,","logger":"airflow.task.hooks.airflow.providers.standard.hooks.subprocess.SubprocessHook","filename":"subprocess.py","lineno":99}
{"timestamp":"2026-06-02T14:53:57.649153Z","level":"info","event":"    \"metadata\" : { }","logger":"airflow.task.hooks.airflow.providers.standard.hooks.subprocess.SubprocessHook","filename":"subprocess.py","lineno":99}
{"timestamp":"2026-06-02T14:53:57.649208Z","level":"info","event":"  }, {","logger":"airflow.task.hooks.airflow.providers.standard.hooks.subprocess.SubprocessHook","filename":"subprocess.py","lineno":99}
{"timestamp":"2026-06-02T14:53:57.649262Z","level":"info","event":"    \"name\" : \"quarter\",","logger":"airflow.task.hooks.airflow.providers.standard.hooks.subprocess.SubprocessHook","filename":"subprocess.py","lineno":99}
{"timestamp":"2026-06-02T14:53:57.649315Z","level":"info","event":"    \"type\" : \"integer\",","logger":"airflow.task.hooks.airflow.providers.standard.hooks.subprocess.SubprocessHook","filename":"subprocess.py","lineno":99}
{"timestamp":"2026-06-02T14:53:57.649368Z","level":"info","event":"    \"nullable\" : true,","logger":"airflow.task.hooks.airflow.providers.standard.hooks.subprocess.SubprocessHook","filename":"subprocess.py","lineno":99}
{"timestamp":"2026-06-02T14:53:57.649420Z","level":"info","event":"    \"metadata\" : { }","logger":"airflow.task.hooks.airflow.providers.standard.hooks.subprocess.SubprocessHook","filename":"subprocess.py","lineno":99}
{"timestamp":"2026-06-02T14:53:57.649472Z","level":"info","event":"  }, {","logger":"airflow.task.hooks.airflow.providers.standard.hooks.subprocess.SubprocessHook","filename":"subprocess.py","lineno":99}
{"timestamp":"2026-06-02T14:53:57.649523Z","level":"info","event":"    \"name\" : \"year\",","logger":"airflow.task.hooks.airflow.providers.standard.hooks.subprocess.SubprocessHook","filename":"subprocess.py","lineno":99}
{"timestamp":"2026-06-02T14:53:57.649667Z","level":"info","event":"    \"type\" : \"integer\",","logger":"airflow.task.hooks.airflow.providers.standard.hooks.subprocess.SubprocessHook","filename":"subprocess.py","lineno":99}
{"timestamp":"2026-06-02T14:53:57.649717Z","level":"info","event":"    \"nullable\" : true,","logger":"airflow.task.hooks.airflow.providers.standard.hooks.subprocess.SubprocessHook","filename":"subprocess.py","lineno":99}
{"timestamp":"2026-06-02T14:53:57.649746Z","level":"info","event":"    \"metadata\" : { }","logger":"airflow.task.hooks.airflow.providers.standard.hooks.subprocess.SubprocessHook","filename":"subprocess.py","lineno":99}
{"timestamp":"2026-06-02T14:53:57.649769Z","level":"info","event":"  }, {","logger":"airflow.task.hooks.airflow.providers.standard.hooks.subprocess.SubprocessHook","filename":"subprocess.py","lineno":99}
{"timestamp":"2026-06-02T14:53:57.649790Z","level":"info","event":"    \"name\" : \"ingest_at\",","logger":"airflow.task.hooks.airflow.providers.standard.hooks.subprocess.SubprocessHook","filename":"subprocess.py","lineno":99}
{"timestamp":"2026-06-02T14:53:57.649811Z","level":"info","event":"    \"type\" : \"timestamp\",","logger":"airflow.task.hooks.airflow.providers.standard.hooks.subprocess.SubprocessHook","filename":"subprocess.py","lineno":99}
{"timestamp":"2026-06-02T14:53:57.649852Z","level":"info","event":"    \"nullable\" : true,","logger":"airflow.task.hooks.airflow.providers.standard.hooks.subprocess.SubprocessHook","filename":"subprocess.py","lineno":99}
{"timestamp":"2026-06-02T14:53:57.649886Z","level":"info","event":"    \"metadata\" : { }","logger":"airflow.task.hooks.airflow.providers.standard.hooks.subprocess.SubprocessHook","filename":"subprocess.py","lineno":99}
{"timestamp":"2026-06-02T14:53:57.649911Z","level":"info","event":"  } ]","logger":"airflow.task.hooks.airflow.providers.standard.hooks.subprocess.SubprocessHook","filename":"subprocess.py","lineno":99}
{"timestamp":"2026-06-02T14:53:57.649933Z","level":"info","event":"}","logger":"airflow.task.hooks.airflow.providers.standard.hooks.subprocess.SubprocessHook","filename":"subprocess.py","lineno":99}
{"timestamp":"2026-06-02T14:53:57.649956Z","level":"info","event":"and corresponding Parquet message type:","logger":"airflow.task.hooks.airflow.providers.standard.hooks.subprocess.SubprocessHook","filename":"subprocess.py","lineno":99}
{"timestamp":"2026-06-02T14:53:57.649978Z","level":"info","event":"message spark_schema {","logger":"airflow.task.hooks.airflow.providers.standard.hooks.subprocess.SubprocessHook","filename":"subprocess.py","lineno":99}
{"timestamp":"2026-06-02T14:53:57.649998Z","level":"info","event":"  optional binary product_name (STRING);","logger":"airflow.task.hooks.airflow.providers.standard.hooks.subprocess.SubprocessHook","filename":"subprocess.py","lineno":99}
{"timestamp":"2026-06-02T14:53:57.650019Z","level":"info","event":"  optional double value;","logger":"airflow.task.hooks.airflow.providers.standard.hooks.subprocess.SubprocessHook","filename":"subprocess.py","lineno":99}
{"timestamp":"2026-06-02T14:53:57.650038Z","level":"info","event":"  optional binary unit (STRING);","logger":"airflow.task.hooks.airflow.providers.standard.hooks.subprocess.SubprocessHook","filename":"subprocess.py","lineno":99}
{"timestamp":"2026-06-02T14:53:57.650057Z","level":"info","event":"  optional int32 month;","logger":"airflow.task.hooks.airflow.providers.standard.hooks.subprocess.SubprocessHook","filename":"subprocess.py","lineno":99}
{"timestamp":"2026-06-02T14:53:57.650076Z","level":"info","event":"  optional int32 quarter;","logger":"airflow.task.hooks.airflow.providers.standard.hooks.subprocess.SubprocessHook","filename":"subprocess.py","lineno":99}
{"timestamp":"2026-06-02T14:53:57.650095Z","level":"info","event":"  optional int32 year;","logger":"airflow.task.hooks.airflow.providers.standard.hooks.subprocess.SubprocessHook","filename":"subprocess.py","lineno":99}
{"timestamp":"2026-06-02T14:53:57.650113Z","level":"info","event":"  optional int96 ingest_at;","logger":"airflow.task.hooks.airflow.providers.standard.hooks.subprocess.SubprocessHook","filename":"subprocess.py","lineno":99}
{"timestamp":"2026-06-02T14:53:57.650132Z","level":"info","event":"}","logger":"airflow.task.hooks.airflow.providers.standard.hooks.subprocess.SubprocessHook","filename":"subprocess.py","lineno":99}
{"timestamp":"2026-06-02T14:53:57.650152Z","level":"info","event":"","logger":"airflow.task.hooks.airflow.providers.standard.hooks.subprocess.SubprocessHook","filename":"subprocess.py","lineno":99}
{"timestamp":"2026-06-02T14:53:57.650172Z","level":"info","event":"","logger":"airflow.task.hooks.airflow.providers.standard.hooks.subprocess.SubprocessHook","filename":"subprocess.py","lineno":99}
{"timestamp":"2026-06-02T14:53:57.650191Z","level":"info","event":"26/06/02 14:53:57 INFO ParquetWriteSupport: Initialized Parquet WriteSupport with Catalyst schema:","logger":"airflow.task.hooks.airflow.providers.standard.hooks.subprocess.SubprocessHook","filename":"subprocess.py","lineno":99}
{"timestamp":"2026-06-02T14:53:57.650212Z","level":"info","event":"{","logger":"airflow.task.hooks.airflow.providers.standard.hooks.subprocess.SubprocessHook","filename":"subprocess.py","lineno":99}
{"timestamp":"2026-06-02T14:53:57.650231Z","level":"info","event":"  \"type\" : \"struct\",","logger":"airflow.task.hooks.airflow.providers.standard.hooks.subprocess.SubprocessHook","filename":"subprocess.py","lineno":99}
{"timestamp":"2026-06-02T14:53:57.650250Z","level":"info","event":"  \"fields\" : [ {","logger":"airflow.task.hooks.airflow.providers.standard.hooks.subprocess.SubprocessHook","filename":"subprocess.py","lineno":99}
{"timestamp":"2026-06-02T14:53:57.650269Z","level":"info","event":"    \"name\" : \"product_name\",","logger":"airflow.task.hooks.airflow.providers.standard.hooks.subprocess.SubprocessHook","filename":"subprocess.py","lineno":99}
{"timestamp":"2026-06-02T14:53:57.650289Z","level":"info","event":"    \"type\" : \"string\",","logger":"airflow.task.hooks.airflow.providers.standard.hooks.subprocess.SubprocessHook","filename":"subprocess.py","lineno":99}
{"timestamp":"2026-06-02T14:53:57.650308Z","level":"info","event":"    \"nullable\" : true,","logger":"airflow.task.hooks.airflow.providers.standard.hooks.subprocess.SubprocessHook","filename":"subprocess.py","lineno":99}
{"timestamp":"2026-06-02T14:53:57.650327Z","level":"info","event":"    \"metadata\" : { }","logger":"airflow.task.hooks.airflow.providers.standard.hooks.subprocess.SubprocessHook","filename":"subprocess.py","lineno":99}
{"timestamp":"2026-06-02T14:53:57.650347Z","level":"info","event":"  }, {","logger":"airflow.task.hooks.airflow.providers.standard.hooks.subprocess.SubprocessHook","filename":"subprocess.py","lineno":99}
{"timestamp":"2026-06-02T14:53:57.650365Z","level":"info","event":"    \"name\" : \"value\",","logger":"airflow.task.hooks.airflow.providers.standard.hooks.subprocess.SubprocessHook","filename":"subprocess.py","lineno":99}
{"timestamp":"2026-06-02T14:53:57.650384Z","level":"info","event":"    \"type\" : \"double\",","logger":"airflow.task.hooks.airflow.providers.standard.hooks.subprocess.SubprocessHook","filename":"subprocess.py","lineno":99}
{"timestamp":"2026-06-02T14:53:57.650403Z","level":"info","event":"    \"nullable\" : true,","logger":"airflow.task.hooks.airflow.providers.standard.hooks.subprocess.SubprocessHook","filename":"subprocess.py","lineno":99}
{"timestamp":"2026-06-02T14:53:57.650422Z","level":"info","event":"    \"metadata\" : { }","logger":"airflow.task.hooks.airflow.providers.standard.hooks.subprocess.SubprocessHook","filename":"subprocess.py","lineno":99}
{"timestamp":"2026-06-02T14:53:57.650440Z","level":"info","event":"  }, {","logger":"airflow.task.hooks.airflow.providers.standard.hooks.subprocess.SubprocessHook","filename":"subprocess.py","lineno":99}
{"timestamp":"2026-06-02T14:53:57.650459Z","level":"info","event":"    \"name\" : \"unit\",","logger":"airflow.task.hooks.airflow.providers.standard.hooks.subprocess.SubprocessHook","filename":"subprocess.py","lineno":99}
{"timestamp":"2026-06-02T14:53:57.650477Z","level":"info","event":"    \"type\" : \"string\",","logger":"airflow.task.hooks.airflow.providers.standard.hooks.subprocess.SubprocessHook","filename":"subprocess.py","lineno":99}
{"timestamp":"2026-06-02T14:53:57.650496Z","level":"info","event":"    \"nullable\" : true,","logger":"airflow.task.hooks.airflow.providers.standard.hooks.subprocess.SubprocessHook","filename":"subprocess.py","lineno":99}
{"timestamp":"2026-06-02T14:53:57.650514Z","level":"info","event":"    \"metadata\" : { }","logger":"airflow.task.hooks.airflow.providers.standard.hooks.subprocess.SubprocessHook","filename":"subprocess.py","lineno":99}
{"timestamp":"2026-06-02T14:53:57.650534Z","level":"info","event":"  }, {","logger":"airflow.task.hooks.airflow.providers.standard.hooks.subprocess.SubprocessHook","filename":"subprocess.py","lineno":99}
{"timestamp":"2026-06-02T14:53:57.650552Z","level":"info","event":"    \"name\" : \"month\",","logger":"airflow.task.hooks.airflow.providers.standard.hooks.subprocess.SubprocessHook","filename":"subprocess.py","lineno":99}
{"timestamp":"2026-06-02T14:53:57.650571Z","level":"info","event":"    \"type\" : \"integer\",","logger":"airflow.task.hooks.airflow.providers.standard.hooks.subprocess.SubprocessHook","filename":"subprocess.py","lineno":99}
{"timestamp":"2026-06-02T14:53:57.650589Z","level":"info","event":"    \"nullable\" : true,","logger":"airflow.task.hooks.airflow.providers.standard.hooks.subprocess.SubprocessHook","filename":"subprocess.py","lineno":99}
{"timestamp":"2026-06-02T14:53:57.650607Z","level":"info","event":"    \"metadata\" : { }","logger":"airflow.task.hooks.airflow.providers.standard.hooks.subprocess.SubprocessHook","filename":"subprocess.py","lineno":99}
{"timestamp":"2026-06-02T14:53:57.650710Z","level":"info","event":"  }, {","logger":"airflow.task.hooks.airflow.providers.standard.hooks.subprocess.SubprocessHook","filename":"subprocess.py","lineno":99}
{"timestamp":"2026-06-02T14:53:57.650750Z","level":"info","event":"    \"name\" : \"quarter\",","logger":"airflow.task.hooks.airflow.providers.standard.hooks.subprocess.SubprocessHook","filename":"subprocess.py","lineno":99}
{"timestamp":"2026-06-02T14:53:57.650774Z","level":"info","event":"    \"type\" : \"integer\",","logger":"airflow.task.hooks.airflow.providers.standard.hooks.subprocess.SubprocessHook","filename":"subprocess.py","lineno":99}
{"timestamp":"2026-06-02T14:53:57.650796Z","level":"info","event":"    \"nullable\" : true,","logger":"airflow.task.hooks.airflow.providers.standard.hooks.subprocess.SubprocessHook","filename":"subprocess.py","lineno":99}
{"timestamp":"2026-06-02T14:53:57.650815Z","level":"info","event":"    \"metadata\" : { }","logger":"airflow.task.hooks.airflow.providers.standard.hooks.subprocess.SubprocessHook","filename":"subprocess.py","lineno":99}
{"timestamp":"2026-06-02T14:53:57.650858Z","level":"info","event":"  }, {","logger":"airflow.task.hooks.airflow.providers.standard.hooks.subprocess.SubprocessHook","filename":"subprocess.py","lineno":99}
{"timestamp":"2026-06-02T14:53:57.650887Z","level":"info","event":"    \"name\" : \"year\",","logger":"airflow.task.hooks.airflow.providers.standard.hooks.subprocess.SubprocessHook","filename":"subprocess.py","lineno":99}
{"timestamp":"2026-06-02T14:53:57.650909Z","level":"info","event":"    \"type\" : \"integer\",","logger":"airflow.task.hooks.airflow.providers.standard.hooks.subprocess.SubprocessHook","filename":"subprocess.py","lineno":99}
{"timestamp":"2026-06-02T14:53:57.650929Z","level":"info","event":"    \"nullable\" : true,","logger":"airflow.task.hooks.airflow.providers.standard.hooks.subprocess.SubprocessHook","filename":"subprocess.py","lineno":99}
{"timestamp":"2026-06-02T14:53:57.650949Z","level":"info","event":"    \"metadata\" : { }","logger":"airflow.task.hooks.airflow.providers.standard.hooks.subprocess.SubprocessHook","filename":"subprocess.py","lineno":99}
{"timestamp":"2026-06-02T14:53:57.650967Z","level":"info","event":"  }, {","logger":"airflow.task.hooks.airflow.providers.standard.hooks.subprocess.SubprocessHook","filename":"subprocess.py","lineno":99}
{"timestamp":"2026-06-02T14:53:57.650986Z","level":"info","event":"    \"name\" : \"ingest_at\",","logger":"airflow.task.hooks.airflow.providers.standard.hooks.subprocess.SubprocessHook","filename":"subprocess.py","lineno":99}
{"timestamp":"2026-06-02T14:53:57.651005Z","level":"info","event":"    \"type\" : \"timestamp\",","logger":"airflow.task.hooks.airflow.providers.standard.hooks.subprocess.SubprocessHook","filename":"subprocess.py","lineno":99}
{"timestamp":"2026-06-02T14:53:57.651024Z","level":"info","event":"    \"nullable\" : true,","logger":"airflow.task.hooks.airflow.providers.standard.hooks.subprocess.SubprocessHook","filename":"subprocess.py","lineno":99}
{"timestamp":"2026-06-02T14:53:57.651043Z","level":"info","event":"    \"metadata\" : { }","logger":"airflow.task.hooks.airflow.providers.standard.hooks.subprocess.SubprocessHook","filename":"subprocess.py","lineno":99}
{"timestamp":"2026-06-02T14:53:57.651062Z","level":"info","event":"  } ]","logger":"airflow.task.hooks.airflow.providers.standard.hooks.subprocess.SubprocessHook","filename":"subprocess.py","lineno":99}
{"timestamp":"2026-06-02T14:53:57.651083Z","level":"info","event":"}","logger":"airflow.task.hooks.airflow.providers.standard.hooks.subprocess.SubprocessHook","filename":"subprocess.py","lineno":99}
{"timestamp":"2026-06-02T14:53:57.651103Z","level":"info","event":"and corresponding Parquet message type:","logger":"airflow.task.hooks.airflow.providers.standard.hooks.subprocess.SubprocessHook","filename":"subprocess.py","lineno":99}
{"timestamp":"2026-06-02T14:53:57.651123Z","level":"info","event":"message spark_schema {","logger":"airflow.task.hooks.airflow.providers.standard.hooks.subprocess.SubprocessHook","filename":"subprocess.py","lineno":99}
{"timestamp":"2026-06-02T14:53:57.651142Z","level":"info","event":"  optional binary product_name (STRING);","logger":"airflow.task.hooks.airflow.providers.standard.hooks.subprocess.SubprocessHook","filename":"subprocess.py","lineno":99}
{"timestamp":"2026-06-02T14:53:57.651161Z","level":"info","event":"  optional double value;","logger":"airflow.task.hooks.airflow.providers.standard.hooks.subprocess.SubprocessHook","filename":"subprocess.py","lineno":99}
{"timestamp":"2026-06-02T14:53:57.651180Z","level":"info","event":"  optional binary unit (STRING);","logger":"airflow.task.hooks.airflow.providers.standard.hooks.subprocess.SubprocessHook","filename":"subprocess.py","lineno":99}
{"timestamp":"2026-06-02T14:53:57.651198Z","level":"info","event":"  optional int32 month;","logger":"airflow.task.hooks.airflow.providers.standard.hooks.subprocess.SubprocessHook","filename":"subprocess.py","lineno":99}
{"timestamp":"2026-06-02T14:53:57.651218Z","level":"info","event":"  optional int32 quarter;","logger":"airflow.task.hooks.airflow.providers.standard.hooks.subprocess.SubprocessHook","filename":"subprocess.py","lineno":99}
{"timestamp":"2026-06-02T14:53:57.651236Z","level":"info","event":"  optional int32 year;","logger":"airflow.task.hooks.airflow.providers.standard.hooks.subprocess.SubprocessHook","filename":"subprocess.py","lineno":99}
{"timestamp":"2026-06-02T14:53:57.651254Z","level":"info","event":"  optional int96 ingest_at;","logger":"airflow.task.hooks.airflow.providers.standard.hooks.subprocess.SubprocessHook","filename":"subprocess.py","lineno":99}
{"timestamp":"2026-06-02T14:53:57.651273Z","level":"info","event":"}","logger":"airflow.task.hooks.airflow.providers.standard.hooks.subprocess.SubprocessHook","filename":"subprocess.py","lineno":99}
{"timestamp":"2026-06-02T14:53:57.651292Z","level":"info","event":"","logger":"airflow.task.hooks.airflow.providers.standard.hooks.subprocess.SubprocessHook","filename":"subprocess.py","lineno":99}
{"timestamp":"2026-06-02T14:53:57.651311Z","level":"info","event":"","logger":"airflow.task.hooks.airflow.providers.standard.hooks.subprocess.SubprocessHook","filename":"subprocess.py","lineno":99}
{"timestamp":"2026-06-02T14:53:57.651330Z","level":"info","event":"26/06/02 14:53:57 INFO ParquetWriteSupport: Initialized Parquet WriteSupport with Catalyst schema:","logger":"airflow.task.hooks.airflow.providers.standard.hooks.subprocess.SubprocessHook","filename":"subprocess.py","lineno":99}
{"timestamp":"2026-06-02T14:53:57.651349Z","level":"info","event":"{","logger":"airflow.task.hooks.airflow.providers.standard.hooks.subprocess.SubprocessHook","filename":"subprocess.py","lineno":99}
{"timestamp":"2026-06-02T14:53:57.651368Z","level":"info","event":"  \"type\" : \"struct\",","logger":"airflow.task.hooks.airflow.providers.standard.hooks.subprocess.SubprocessHook","filename":"subprocess.py","lineno":99}
{"timestamp":"2026-06-02T14:53:57.651450Z","level":"info","event":"  \"fields\" : [ {","logger":"airflow.task.hooks.airflow.providers.standard.hooks.subprocess.SubprocessHook","filename":"subprocess.py","lineno":99}
{"timestamp":"2026-06-02T14:53:57.651503Z","level":"info","event":"    \"name\" : \"product_name\",","logger":"airflow.task.hooks.airflow.providers.standard.hooks.subprocess.SubprocessHook","filename":"subprocess.py","lineno":99}
{"timestamp":"2026-06-02T14:53:57.651527Z","level":"info","event":"    \"type\" : \"string\",","logger":"airflow.task.hooks.airflow.providers.standard.hooks.subprocess.SubprocessHook","filename":"subprocess.py","lineno":99}
{"timestamp":"2026-06-02T14:53:57.651548Z","level":"info","event":"    \"nullable\" : true,","logger":"airflow.task.hooks.airflow.providers.standard.hooks.subprocess.SubprocessHook","filename":"subprocess.py","lineno":99}
{"timestamp":"2026-06-02T14:53:57.694335Z","level":"info","event":"    \"metadata\" : { }","logger":"airflow.task.hooks.airflow.providers.standard.hooks.subprocess.SubprocessHook","filename":"subprocess.py","lineno":99}
{"timestamp":"2026-06-02T14:53:57.694444Z","level":"info","event":"  }, {","logger":"airflow.task.hooks.airflow.providers.standard.hooks.subprocess.SubprocessHook","filename":"subprocess.py","lineno":99}
{"timestamp":"2026-06-02T14:53:57.694477Z","level":"info","event":"    \"name\" : \"value\",","logger":"airflow.task.hooks.airflow.providers.standard.hooks.subprocess.SubprocessHook","filename":"subprocess.py","lineno":99}
{"timestamp":"2026-06-02T14:53:57.694500Z","level":"info","event":"    \"type\" : \"double\",","logger":"airflow.task.hooks.airflow.providers.standard.hooks.subprocess.SubprocessHook","filename":"subprocess.py","lineno":99}
{"timestamp":"2026-06-02T14:53:57.694521Z","level":"info","event":"    \"nullable\" : true,","logger":"airflow.task.hooks.airflow.providers.standard.hooks.subprocess.SubprocessHook","filename":"subprocess.py","lineno":99}
{"timestamp":"2026-06-02T14:53:57.694540Z","level":"info","event":"    \"metadata\" : { }","logger":"airflow.task.hooks.airflow.providers.standard.hooks.subprocess.SubprocessHook","filename":"subprocess.py","lineno":99}
{"timestamp":"2026-06-02T14:53:57.694559Z","level":"info","event":"  }, {","logger":"airflow.task.hooks.airflow.providers.standard.hooks.subprocess.SubprocessHook","filename":"subprocess.py","lineno":99}
{"timestamp":"2026-06-02T14:53:57.694577Z","level":"info","event":"    \"name\" : \"unit\",","logger":"airflow.task.hooks.airflow.providers.standard.hooks.subprocess.SubprocessHook","filename":"subprocess.py","lineno":99}
{"timestamp":"2026-06-02T14:53:57.694595Z","level":"info","event":"    \"type\" : \"string\",","logger":"airflow.task.hooks.airflow.providers.standard.hooks.subprocess.SubprocessHook","filename":"subprocess.py","lineno":99}
{"timestamp":"2026-06-02T14:53:57.694613Z","level":"info","event":"    \"nullable\" : true,","logger":"airflow.task.hooks.airflow.providers.standard.hooks.subprocess.SubprocessHook","filename":"subprocess.py","lineno":99}
{"timestamp":"2026-06-02T14:53:57.694632Z","level":"info","event":"    \"metadata\" : { }","logger":"airflow.task.hooks.airflow.providers.standard.hooks.subprocess.SubprocessHook","filename":"subprocess.py","lineno":99}
{"timestamp":"2026-06-02T14:53:57.694649Z","level":"info","event":"  }, {","logger":"airflow.task.hooks.airflow.providers.standard.hooks.subprocess.SubprocessHook","filename":"subprocess.py","lineno":99}
{"timestamp":"2026-06-02T14:53:57.694667Z","level":"info","event":"    \"name\" : \"month\",","logger":"airflow.task.hooks.airflow.providers.standard.hooks.subprocess.SubprocessHook","filename":"subprocess.py","lineno":99}
{"timestamp":"2026-06-02T14:53:57.694685Z","level":"info","event":"    \"type\" : \"integer\",","logger":"airflow.task.hooks.airflow.providers.standard.hooks.subprocess.SubprocessHook","filename":"subprocess.py","lineno":99}
{"timestamp":"2026-06-02T14:53:57.694703Z","level":"info","event":"    \"nullable\" : true,","logger":"airflow.task.hooks.airflow.providers.standard.hooks.subprocess.SubprocessHook","filename":"subprocess.py","lineno":99}
{"timestamp":"2026-06-02T14:53:57.694720Z","level":"info","event":"    \"metadata\" : { }","logger":"airflow.task.hooks.airflow.providers.standard.hooks.subprocess.SubprocessHook","filename":"subprocess.py","lineno":99}
{"timestamp":"2026-06-02T14:53:57.694739Z","level":"info","event":"  }, {","logger":"airflow.task.hooks.airflow.providers.standard.hooks.subprocess.SubprocessHook","filename":"subprocess.py","lineno":99}
{"timestamp":"2026-06-02T14:53:57.694757Z","level":"info","event":"    \"name\" : \"quarter\",","logger":"airflow.task.hooks.airflow.providers.standard.hooks.subprocess.SubprocessHook","filename":"subprocess.py","lineno":99}
{"timestamp":"2026-06-02T14:53:57.694775Z","level":"info","event":"    \"type\" : \"integer\",","logger":"airflow.task.hooks.airflow.providers.standard.hooks.subprocess.SubprocessHook","filename":"subprocess.py","lineno":99}
{"timestamp":"2026-06-02T14:53:57.694792Z","level":"info","event":"    \"nullable\" : true,","logger":"airflow.task.hooks.airflow.providers.standard.hooks.subprocess.SubprocessHook","filename":"subprocess.py","lineno":99}
{"timestamp":"2026-06-02T14:53:57.694895Z","level":"info","event":"    \"metadata\" : { }","logger":"airflow.task.hooks.airflow.providers.standard.hooks.subprocess.SubprocessHook","filename":"subprocess.py","lineno":99}
{"timestamp":"2026-06-02T14:53:57.694985Z","level":"info","event":"  }, {","logger":"airflow.task.hooks.airflow.providers.standard.hooks.subprocess.SubprocessHook","filename":"subprocess.py","lineno":99}
{"timestamp":"2026-06-02T14:53:57.695047Z","level":"info","event":"    \"name\" : \"year\",","logger":"airflow.task.hooks.airflow.providers.standard.hooks.subprocess.SubprocessHook","filename":"subprocess.py","lineno":99}
{"timestamp":"2026-06-02T14:53:57.695102Z","level":"info","event":"    \"type\" : \"integer\",","logger":"airflow.task.hooks.airflow.providers.standard.hooks.subprocess.SubprocessHook","filename":"subprocess.py","lineno":99}
{"timestamp":"2026-06-02T14:53:57.695156Z","level":"info","event":"    \"nullable\" : true,","logger":"airflow.task.hooks.airflow.providers.standard.hooks.subprocess.SubprocessHook","filename":"subprocess.py","lineno":99}
{"timestamp":"2026-06-02T14:53:57.695191Z","level":"info","event":"    \"metadata\" : { }","logger":"airflow.task.hooks.airflow.providers.standard.hooks.subprocess.SubprocessHook","filename":"subprocess.py","lineno":99}
{"timestamp":"2026-06-02T14:53:57.695236Z","level":"info","event":"  }, {","logger":"airflow.task.hooks.airflow.providers.standard.hooks.subprocess.SubprocessHook","filename":"subprocess.py","lineno":99}
{"timestamp":"2026-06-02T14:53:57.695271Z","level":"info","event":"    \"name\" : \"ingest_at\",","logger":"airflow.task.hooks.airflow.providers.standard.hooks.subprocess.SubprocessHook","filename":"subprocess.py","lineno":99}
{"timestamp":"2026-06-02T14:53:57.695293Z","level":"info","event":"    \"type\" : \"timestamp\",","logger":"airflow.task.hooks.airflow.providers.standard.hooks.subprocess.SubprocessHook","filename":"subprocess.py","lineno":99}
{"timestamp":"2026-06-02T14:53:57.695336Z","level":"info","event":"    \"nullable\" : true,","logger":"airflow.task.hooks.airflow.providers.standard.hooks.subprocess.SubprocessHook","filename":"subprocess.py","lineno":99}
{"timestamp":"2026-06-02T14:53:57.695368Z","level":"info","event":"    \"metadata\" : { }","logger":"airflow.task.hooks.airflow.providers.standard.hooks.subprocess.SubprocessHook","filename":"subprocess.py","lineno":99}
{"timestamp":"2026-06-02T14:53:57.695391Z","level":"info","event":"  } ]","logger":"airflow.task.hooks.airflow.providers.standard.hooks.subprocess.SubprocessHook","filename":"subprocess.py","lineno":99}
{"timestamp":"2026-06-02T14:53:57.695413Z","level":"info","event":"}","logger":"airflow.task.hooks.airflow.providers.standard.hooks.subprocess.SubprocessHook","filename":"subprocess.py","lineno":99}
{"timestamp":"2026-06-02T14:53:57.695433Z","level":"info","event":"and corresponding Parquet message type:","logger":"airflow.task.hooks.airflow.providers.standard.hooks.subprocess.SubprocessHook","filename":"subprocess.py","lineno":99}
{"timestamp":"2026-06-02T14:53:57.695477Z","level":"info","event":"message spark_schema {","logger":"airflow.task.hooks.airflow.providers.standard.hooks.subprocess.SubprocessHook","filename":"subprocess.py","lineno":99}
{"timestamp":"2026-06-02T14:53:57.695509Z","level":"info","event":"  optional binary product_name (STRING);","logger":"airflow.task.hooks.airflow.providers.standard.hooks.subprocess.SubprocessHook","filename":"subprocess.py","lineno":99}
{"timestamp":"2026-06-02T14:53:57.695532Z","level":"info","event":"  optional double value;","logger":"airflow.task.hooks.airflow.providers.standard.hooks.subprocess.SubprocessHook","filename":"subprocess.py","lineno":99}
{"timestamp":"2026-06-02T14:53:57.695552Z","level":"info","event":"  optional binary unit (STRING);","logger":"airflow.task.hooks.airflow.providers.standard.hooks.subprocess.SubprocessHook","filename":"subprocess.py","lineno":99}
{"timestamp":"2026-06-02T14:53:57.695571Z","level":"info","event":"  optional int32 month;","logger":"airflow.task.hooks.airflow.providers.standard.hooks.subprocess.SubprocessHook","filename":"subprocess.py","lineno":99}
{"timestamp":"2026-06-02T14:53:57.695588Z","level":"info","event":"  optional int32 quarter;","logger":"airflow.task.hooks.airflow.providers.standard.hooks.subprocess.SubprocessHook","filename":"subprocess.py","lineno":99}
{"timestamp":"2026-06-02T14:53:57.695607Z","level":"info","event":"  optional int32 year;","logger":"airflow.task.hooks.airflow.providers.standard.hooks.subprocess.SubprocessHook","filename":"subprocess.py","lineno":99}
{"timestamp":"2026-06-02T14:53:57.695625Z","level":"info","event":"  optional int96 ingest_at;","logger":"airflow.task.hooks.airflow.providers.standard.hooks.subprocess.SubprocessHook","filename":"subprocess.py","lineno":99}
{"timestamp":"2026-06-02T14:53:57.695643Z","level":"info","event":"}","logger":"airflow.task.hooks.airflow.providers.standard.hooks.subprocess.SubprocessHook","filename":"subprocess.py","lineno":99}
{"timestamp":"2026-06-02T14:53:57.695663Z","level":"info","event":"","logger":"airflow.task.hooks.airflow.providers.standard.hooks.subprocess.SubprocessHook","filename":"subprocess.py","lineno":99}
{"timestamp":"2026-06-02T14:53:57.695682Z","level":"info","event":"","logger":"airflow.task.hooks.airflow.providers.standard.hooks.subprocess.SubprocessHook","filename":"subprocess.py","lineno":99}
{"timestamp":"2026-06-02T14:53:57.695701Z","level":"info","event":"26/06/02 14:53:57 INFO ParquetWriteSupport: Initialized Parquet WriteSupport with Catalyst schema:","logger":"airflow.task.hooks.airflow.providers.standard.hooks.subprocess.SubprocessHook","filename":"subprocess.py","lineno":99}
{"timestamp":"2026-06-02T14:53:57.695721Z","level":"info","event":"{","logger":"airflow.task.hooks.airflow.providers.standard.hooks.subprocess.SubprocessHook","filename":"subprocess.py","lineno":99}
{"timestamp":"2026-06-02T14:53:57.695740Z","level":"info","event":"  \"type\" : \"struct\",","logger":"airflow.task.hooks.airflow.providers.standard.hooks.subprocess.SubprocessHook","filename":"subprocess.py","lineno":99}
{"timestamp":"2026-06-02T14:53:57.695758Z","level":"info","event":"  \"fields\" : [ {","logger":"airflow.task.hooks.airflow.providers.standard.hooks.subprocess.SubprocessHook","filename":"subprocess.py","lineno":99}
{"timestamp":"2026-06-02T14:53:57.695776Z","level":"info","event":"    \"name\" : \"product_name\",","logger":"airflow.task.hooks.airflow.providers.standard.hooks.subprocess.SubprocessHook","filename":"subprocess.py","lineno":99}
{"timestamp":"2026-06-02T14:53:57.695794Z","level":"info","event":"    \"type\" : \"string\",","logger":"airflow.task.hooks.airflow.providers.standard.hooks.subprocess.SubprocessHook","filename":"subprocess.py","lineno":99}
{"timestamp":"2026-06-02T14:53:57.695812Z","level":"info","event":"    \"nullable\" : true,","logger":"airflow.task.hooks.airflow.providers.standard.hooks.subprocess.SubprocessHook","filename":"subprocess.py","lineno":99}
{"timestamp":"2026-06-02T14:53:57.695831Z","level":"info","event":"    \"metadata\" : { }","logger":"airflow.task.hooks.airflow.providers.standard.hooks.subprocess.SubprocessHook","filename":"subprocess.py","lineno":99}
{"timestamp":"2026-06-02T14:53:57.695848Z","level":"info","event":"  }, {","logger":"airflow.task.hooks.airflow.providers.standard.hooks.subprocess.SubprocessHook","filename":"subprocess.py","lineno":99}
{"timestamp":"2026-06-02T14:53:57.695866Z","level":"info","event":"    \"name\" : \"value\",","logger":"airflow.task.hooks.airflow.providers.standard.hooks.subprocess.SubprocessHook","filename":"subprocess.py","lineno":99}
{"timestamp":"2026-06-02T14:53:57.695884Z","level":"info","event":"    \"type\" : \"double\",","logger":"airflow.task.hooks.airflow.providers.standard.hooks.subprocess.SubprocessHook","filename":"subprocess.py","lineno":99}
{"timestamp":"2026-06-02T14:53:57.695902Z","level":"info","event":"    \"nullable\" : true,","logger":"airflow.task.hooks.airflow.providers.standard.hooks.subprocess.SubprocessHook","filename":"subprocess.py","lineno":99}
{"timestamp":"2026-06-02T14:53:57.695920Z","level":"info","event":"    \"metadata\" : { }","logger":"airflow.task.hooks.airflow.providers.standard.hooks.subprocess.SubprocessHook","filename":"subprocess.py","lineno":99}
{"timestamp":"2026-06-02T14:53:57.695938Z","level":"info","event":"  }, {","logger":"airflow.task.hooks.airflow.providers.standard.hooks.subprocess.SubprocessHook","filename":"subprocess.py","lineno":99}
{"timestamp":"2026-06-02T14:53:57.695956Z","level":"info","event":"    \"name\" : \"unit\",","logger":"airflow.task.hooks.airflow.providers.standard.hooks.subprocess.SubprocessHook","filename":"subprocess.py","lineno":99}
{"timestamp":"2026-06-02T14:53:57.695973Z","level":"info","event":"    \"type\" : \"string\",","logger":"airflow.task.hooks.airflow.providers.standard.hooks.subprocess.SubprocessHook","filename":"subprocess.py","lineno":99}
{"timestamp":"2026-06-02T14:53:57.696010Z","level":"info","event":"    \"nullable\" : true,","logger":"airflow.task.hooks.airflow.providers.standard.hooks.subprocess.SubprocessHook","filename":"subprocess.py","lineno":99}
{"timestamp":"2026-06-02T14:53:57.696042Z","level":"info","event":"    \"metadata\" : { }","logger":"airflow.task.hooks.airflow.providers.standard.hooks.subprocess.SubprocessHook","filename":"subprocess.py","lineno":99}
{"timestamp":"2026-06-02T14:53:57.696064Z","level":"info","event":"  }, {","logger":"airflow.task.hooks.airflow.providers.standard.hooks.subprocess.SubprocessHook","filename":"subprocess.py","lineno":99}
{"timestamp":"2026-06-02T14:53:57.696083Z","level":"info","event":"    \"name\" : \"month\",","logger":"airflow.task.hooks.airflow.providers.standard.hooks.subprocess.SubprocessHook","filename":"subprocess.py","lineno":99}
{"timestamp":"2026-06-02T14:53:57.696101Z","level":"info","event":"    \"type\" : \"integer\",","logger":"airflow.task.hooks.airflow.providers.standard.hooks.subprocess.SubprocessHook","filename":"subprocess.py","lineno":99}
{"timestamp":"2026-06-02T14:53:57.696119Z","level":"info","event":"    \"nullable\" : true,","logger":"airflow.task.hooks.airflow.providers.standard.hooks.subprocess.SubprocessHook","filename":"subprocess.py","lineno":99}
{"timestamp":"2026-06-02T14:53:57.696137Z","level":"info","event":"    \"metadata\" : { }","logger":"airflow.task.hooks.airflow.providers.standard.hooks.subprocess.SubprocessHook","filename":"subprocess.py","lineno":99}
{"timestamp":"2026-06-02T14:53:57.696154Z","level":"info","event":"  }, {","logger":"airflow.task.hooks.airflow.providers.standard.hooks.subprocess.SubprocessHook","filename":"subprocess.py","lineno":99}
{"timestamp":"2026-06-02T14:53:57.696172Z","level":"info","event":"    \"name\" : \"quarter\",","logger":"airflow.task.hooks.airflow.providers.standard.hooks.subprocess.SubprocessHook","filename":"subprocess.py","lineno":99}
{"timestamp":"2026-06-02T14:53:57.696190Z","level":"info","event":"    \"type\" : \"integer\",","logger":"airflow.task.hooks.airflow.providers.standard.hooks.subprocess.SubprocessHook","filename":"subprocess.py","lineno":99}
{"timestamp":"2026-06-02T14:53:57.696209Z","level":"info","event":"    \"nullable\" : true,","logger":"airflow.task.hooks.airflow.providers.standard.hooks.subprocess.SubprocessHook","filename":"subprocess.py","lineno":99}
{"timestamp":"2026-06-02T14:53:57.696271Z","level":"info","event":"    \"metadata\" : { }","logger":"airflow.task.hooks.airflow.providers.standard.hooks.subprocess.SubprocessHook","filename":"subprocess.py","lineno":99}
{"timestamp":"2026-06-02T14:53:57.696306Z","level":"info","event":"  }, {","logger":"airflow.task.hooks.airflow.providers.standard.hooks.subprocess.SubprocessHook","filename":"subprocess.py","lineno":99}
{"timestamp":"2026-06-02T14:53:57.696328Z","level":"info","event":"    \"name\" : \"year\",","logger":"airflow.task.hooks.airflow.providers.standard.hooks.subprocess.SubprocessHook","filename":"subprocess.py","lineno":99}
{"timestamp":"2026-06-02T14:53:57.696347Z","level":"info","event":"    \"type\" : \"integer\",","logger":"airflow.task.hooks.airflow.providers.standard.hooks.subprocess.SubprocessHook","filename":"subprocess.py","lineno":99}
{"timestamp":"2026-06-02T14:53:57.696364Z","level":"info","event":"    \"nullable\" : true,","logger":"airflow.task.hooks.airflow.providers.standard.hooks.subprocess.SubprocessHook","filename":"subprocess.py","lineno":99}
{"timestamp":"2026-06-02T14:53:57.696384Z","level":"info","event":"    \"metadata\" : { }","logger":"airflow.task.hooks.airflow.providers.standard.hooks.subprocess.SubprocessHook","filename":"subprocess.py","lineno":99}
{"timestamp":"2026-06-02T14:53:57.696402Z","level":"info","event":"  }, {","logger":"airflow.task.hooks.airflow.providers.standard.hooks.subprocess.SubprocessHook","filename":"subprocess.py","lineno":99}
{"timestamp":"2026-06-02T14:53:57.696419Z","level":"info","event":"    \"name\" : \"ingest_at\",","logger":"airflow.task.hooks.airflow.providers.standard.hooks.subprocess.SubprocessHook","filename":"subprocess.py","lineno":99}
{"timestamp":"2026-06-02T14:53:57.696512Z","level":"info","event":"    \"type\" : \"timestamp\",","logger":"airflow.task.hooks.airflow.providers.standard.hooks.subprocess.SubprocessHook","filename":"subprocess.py","lineno":99}
{"timestamp":"2026-06-02T14:53:57.696543Z","level":"info","event":"    \"nullable\" : true,","logger":"airflow.task.hooks.airflow.providers.standard.hooks.subprocess.SubprocessHook","filename":"subprocess.py","lineno":99}
{"timestamp":"2026-06-02T14:53:57.696565Z","level":"info","event":"    \"metadata\" : { }","logger":"airflow.task.hooks.airflow.providers.standard.hooks.subprocess.SubprocessHook","filename":"subprocess.py","lineno":99}
{"timestamp":"2026-06-02T14:53:57.696584Z","level":"info","event":"  } ]","logger":"airflow.task.hooks.airflow.providers.standard.hooks.subprocess.SubprocessHook","filename":"subprocess.py","lineno":99}
{"timestamp":"2026-06-02T14:53:57.696604Z","level":"info","event":"}","logger":"airflow.task.hooks.airflow.providers.standard.hooks.subprocess.SubprocessHook","filename":"subprocess.py","lineno":99}
{"timestamp":"2026-06-02T14:53:57.696623Z","level":"info","event":"and corresponding Parquet message type:","logger":"airflow.task.hooks.airflow.providers.standard.hooks.subprocess.SubprocessHook","filename":"subprocess.py","lineno":99}
{"timestamp":"2026-06-02T14:53:57.696641Z","level":"info","event":"message spark_schema {","logger":"airflow.task.hooks.airflow.providers.standard.hooks.subprocess.SubprocessHook","filename":"subprocess.py","lineno":99}
{"timestamp":"2026-06-02T14:53:57.696659Z","level":"info","event":"  optional binary product_name (STRING);","logger":"airflow.task.hooks.airflow.providers.standard.hooks.subprocess.SubprocessHook","filename":"subprocess.py","lineno":99}
{"timestamp":"2026-06-02T14:53:57.696677Z","level":"info","event":"  optional double value;","logger":"airflow.task.hooks.airflow.providers.standard.hooks.subprocess.SubprocessHook","filename":"subprocess.py","lineno":99}
{"timestamp":"2026-06-02T14:53:57.696695Z","level":"info","event":"  optional binary unit (STRING);","logger":"airflow.task.hooks.airflow.providers.standard.hooks.subprocess.SubprocessHook","filename":"subprocess.py","lineno":99}
{"timestamp":"2026-06-02T14:53:57.696714Z","level":"info","event":"  optional int32 month;","logger":"airflow.task.hooks.airflow.providers.standard.hooks.subprocess.SubprocessHook","filename":"subprocess.py","lineno":99}
{"timestamp":"2026-06-02T14:53:57.696732Z","level":"info","event":"  optional int32 quarter;","logger":"airflow.task.hooks.airflow.providers.standard.hooks.subprocess.SubprocessHook","filename":"subprocess.py","lineno":99}
{"timestamp":"2026-06-02T14:53:57.696750Z","level":"info","event":"  optional int32 year;","logger":"airflow.task.hooks.airflow.providers.standard.hooks.subprocess.SubprocessHook","filename":"subprocess.py","lineno":99}
{"timestamp":"2026-06-02T14:53:57.696767Z","level":"info","event":"  optional int96 ingest_at;","logger":"airflow.task.hooks.airflow.providers.standard.hooks.subprocess.SubprocessHook","filename":"subprocess.py","lineno":99}
{"timestamp":"2026-06-02T14:53:57.696784Z","level":"info","event":"}","logger":"airflow.task.hooks.airflow.providers.standard.hooks.subprocess.SubprocessHook","filename":"subprocess.py","lineno":99}
{"timestamp":"2026-06-02T14:53:57.696816Z","level":"info","event":"","logger":"airflow.task.hooks.airflow.providers.standard.hooks.subprocess.SubprocessHook","filename":"subprocess.py","lineno":99}
{"timestamp":"2026-06-02T14:53:57.696846Z","level":"info","event":"","logger":"airflow.task.hooks.airflow.providers.standard.hooks.subprocess.SubprocessHook","filename":"subprocess.py","lineno":99}
{"timestamp":"2026-06-02T14:53:57.696868Z","level":"info","event":"26/06/02 14:53:57 INFO ParquetWriteSupport: Initialized Parquet WriteSupport with Catalyst schema:","logger":"airflow.task.hooks.airflow.providers.standard.hooks.subprocess.SubprocessHook","filename":"subprocess.py","lineno":99}
{"timestamp":"2026-06-02T14:53:57.696889Z","level":"info","event":"{","logger":"airflow.task.hooks.airflow.providers.standard.hooks.subprocess.SubprocessHook","filename":"subprocess.py","lineno":99}
{"timestamp":"2026-06-02T14:53:57.696907Z","level":"info","event":"  \"type\" : \"struct\",","logger":"airflow.task.hooks.airflow.providers.standard.hooks.subprocess.SubprocessHook","filename":"subprocess.py","lineno":99}
{"timestamp":"2026-06-02T14:53:57.696983Z","level":"info","event":"  \"fields\" : [ {","logger":"airflow.task.hooks.airflow.providers.standard.hooks.subprocess.SubprocessHook","filename":"subprocess.py","lineno":99}
{"timestamp":"2026-06-02T14:53:57.697019Z","level":"info","event":"    \"name\" : \"product_name\",","logger":"airflow.task.hooks.airflow.providers.standard.hooks.subprocess.SubprocessHook","filename":"subprocess.py","lineno":99}
{"timestamp":"2026-06-02T14:53:57.697042Z","level":"info","event":"    \"type\" : \"string\",","logger":"airflow.task.hooks.airflow.providers.standard.hooks.subprocess.SubprocessHook","filename":"subprocess.py","lineno":99}
{"timestamp":"2026-06-02T14:53:57.697062Z","level":"info","event":"    \"nullable\" : true,","logger":"airflow.task.hooks.airflow.providers.standard.hooks.subprocess.SubprocessHook","filename":"subprocess.py","lineno":99}
{"timestamp":"2026-06-02T14:53:57.697081Z","level":"info","event":"    \"metadata\" : { }","logger":"airflow.task.hooks.airflow.providers.standard.hooks.subprocess.SubprocessHook","filename":"subprocess.py","lineno":99}
{"timestamp":"2026-06-02T14:53:57.697100Z","level":"info","event":"  }, {","logger":"airflow.task.hooks.airflow.providers.standard.hooks.subprocess.SubprocessHook","filename":"subprocess.py","lineno":99}
{"timestamp":"2026-06-02T14:53:57.697119Z","level":"info","event":"    \"name\" : \"value\",","logger":"airflow.task.hooks.airflow.providers.standard.hooks.subprocess.SubprocessHook","filename":"subprocess.py","lineno":99}
{"timestamp":"2026-06-02T14:53:57.697137Z","level":"info","event":"    \"type\" : \"double\",","logger":"airflow.task.hooks.airflow.providers.standard.hooks.subprocess.SubprocessHook","filename":"subprocess.py","lineno":99}
{"timestamp":"2026-06-02T14:53:57.697155Z","level":"info","event":"    \"nullable\" : true,","logger":"airflow.task.hooks.airflow.providers.standard.hooks.subprocess.SubprocessHook","filename":"subprocess.py","lineno":99}
{"timestamp":"2026-06-02T14:53:57.697173Z","level":"info","event":"    \"metadata\" : { }","logger":"airflow.task.hooks.airflow.providers.standard.hooks.subprocess.SubprocessHook","filename":"subprocess.py","lineno":99}
{"timestamp":"2026-06-02T14:53:57.697191Z","level":"info","event":"  }, {","logger":"airflow.task.hooks.airflow.providers.standard.hooks.subprocess.SubprocessHook","filename":"subprocess.py","lineno":99}
{"timestamp":"2026-06-02T14:53:57.697209Z","level":"info","event":"    \"name\" : \"unit\",","logger":"airflow.task.hooks.airflow.providers.standard.hooks.subprocess.SubprocessHook","filename":"subprocess.py","lineno":99}
{"timestamp":"2026-06-02T14:53:57.697227Z","level":"info","event":"    \"type\" : \"string\",","logger":"airflow.task.hooks.airflow.providers.standard.hooks.subprocess.SubprocessHook","filename":"subprocess.py","lineno":99}
{"timestamp":"2026-06-02T14:53:57.697245Z","level":"info","event":"    \"nullable\" : true,","logger":"airflow.task.hooks.airflow.providers.standard.hooks.subprocess.SubprocessHook","filename":"subprocess.py","lineno":99}
{"timestamp":"2026-06-02T14:53:57.697263Z","level":"info","event":"    \"metadata\" : { }","logger":"airflow.task.hooks.airflow.providers.standard.hooks.subprocess.SubprocessHook","filename":"subprocess.py","lineno":99}
{"timestamp":"2026-06-02T14:53:57.697280Z","level":"info","event":"  }, {","logger":"airflow.task.hooks.airflow.providers.standard.hooks.subprocess.SubprocessHook","filename":"subprocess.py","lineno":99}
{"timestamp":"2026-06-02T14:53:57.697297Z","level":"info","event":"    \"name\" : \"month\",","logger":"airflow.task.hooks.airflow.providers.standard.hooks.subprocess.SubprocessHook","filename":"subprocess.py","lineno":99}
{"timestamp":"2026-06-02T14:53:57.697315Z","level":"info","event":"    \"type\" : \"integer\",","logger":"airflow.task.hooks.airflow.providers.standard.hooks.subprocess.SubprocessHook","filename":"subprocess.py","lineno":99}
{"timestamp":"2026-06-02T14:53:57.697335Z","level":"info","event":"    \"nullable\" : true,","logger":"airflow.task.hooks.airflow.providers.standard.hooks.subprocess.SubprocessHook","filename":"subprocess.py","lineno":99}
{"timestamp":"2026-06-02T14:53:57.697352Z","level":"info","event":"    \"metadata\" : { }","logger":"airflow.task.hooks.airflow.providers.standard.hooks.subprocess.SubprocessHook","filename":"subprocess.py","lineno":99}
{"timestamp":"2026-06-02T14:53:57.697370Z","level":"info","event":"  }, {","logger":"airflow.task.hooks.airflow.providers.standard.hooks.subprocess.SubprocessHook","filename":"subprocess.py","lineno":99}
{"timestamp":"2026-06-02T14:53:57.697387Z","level":"info","event":"    \"name\" : \"quarter\",","logger":"airflow.task.hooks.airflow.providers.standard.hooks.subprocess.SubprocessHook","filename":"subprocess.py","lineno":99}
{"timestamp":"2026-06-02T14:53:57.697405Z","level":"info","event":"    \"type\" : \"integer\",","logger":"airflow.task.hooks.airflow.providers.standard.hooks.subprocess.SubprocessHook","filename":"subprocess.py","lineno":99}
{"timestamp":"2026-06-02T14:53:57.697423Z","level":"info","event":"    \"nullable\" : true,","logger":"airflow.task.hooks.airflow.providers.standard.hooks.subprocess.SubprocessHook","filename":"subprocess.py","lineno":99}
{"timestamp":"2026-06-02T14:53:57.697440Z","level":"info","event":"    \"metadata\" : { }","logger":"airflow.task.hooks.airflow.providers.standard.hooks.subprocess.SubprocessHook","filename":"subprocess.py","lineno":99}
{"timestamp":"2026-06-02T14:53:57.697458Z","level":"info","event":"  }, {","logger":"airflow.task.hooks.airflow.providers.standard.hooks.subprocess.SubprocessHook","filename":"subprocess.py","lineno":99}
{"timestamp":"2026-06-02T14:53:57.697476Z","level":"info","event":"    \"name\" : \"year\",","logger":"airflow.task.hooks.airflow.providers.standard.hooks.subprocess.SubprocessHook","filename":"subprocess.py","lineno":99}
{"timestamp":"2026-06-02T14:53:57.697494Z","level":"info","event":"    \"type\" : \"integer\",","logger":"airflow.task.hooks.airflow.providers.standard.hooks.subprocess.SubprocessHook","filename":"subprocess.py","lineno":99}
{"timestamp":"2026-06-02T14:53:57.697511Z","level":"info","event":"    \"nullable\" : true,","logger":"airflow.task.hooks.airflow.providers.standard.hooks.subprocess.SubprocessHook","filename":"subprocess.py","lineno":99}
{"timestamp":"2026-06-02T14:53:57.697529Z","level":"info","event":"    \"metadata\" : { }","logger":"airflow.task.hooks.airflow.providers.standard.hooks.subprocess.SubprocessHook","filename":"subprocess.py","lineno":99}
{"timestamp":"2026-06-02T14:53:57.776301Z","level":"info","event":"  }, {","logger":"airflow.task.hooks.airflow.providers.standard.hooks.subprocess.SubprocessHook","filename":"subprocess.py","lineno":99}
{"timestamp":"2026-06-02T14:53:57.776457Z","level":"info","event":"    \"name\" : \"ingest_at\",","logger":"airflow.task.hooks.airflow.providers.standard.hooks.subprocess.SubprocessHook","filename":"subprocess.py","lineno":99}
{"timestamp":"2026-06-02T14:53:57.776502Z","level":"info","event":"    \"type\" : \"timestamp\",","logger":"airflow.task.hooks.airflow.providers.standard.hooks.subprocess.SubprocessHook","filename":"subprocess.py","lineno":99}
{"timestamp":"2026-06-02T14:53:57.776531Z","level":"info","event":"    \"nullable\" : true,","logger":"airflow.task.hooks.airflow.providers.standard.hooks.subprocess.SubprocessHook","filename":"subprocess.py","lineno":99}
{"timestamp":"2026-06-02T14:53:57.776556Z","level":"info","event":"    \"metadata\" : { }","logger":"airflow.task.hooks.airflow.providers.standard.hooks.subprocess.SubprocessHook","filename":"subprocess.py","lineno":99}
{"timestamp":"2026-06-02T14:53:57.776583Z","level":"info","event":"  } ]","logger":"airflow.task.hooks.airflow.providers.standard.hooks.subprocess.SubprocessHook","filename":"subprocess.py","lineno":99}
{"timestamp":"2026-06-02T14:53:57.776608Z","level":"info","event":"}","logger":"airflow.task.hooks.airflow.providers.standard.hooks.subprocess.SubprocessHook","filename":"subprocess.py","lineno":99}
{"timestamp":"2026-06-02T14:53:57.776634Z","level":"info","event":"and corresponding Parquet message type:","logger":"airflow.task.hooks.airflow.providers.standard.hooks.subprocess.SubprocessHook","filename":"subprocess.py","lineno":99}
{"timestamp":"2026-06-02T14:53:57.776657Z","level":"info","event":"message spark_schema {","logger":"airflow.task.hooks.airflow.providers.standard.hooks.subprocess.SubprocessHook","filename":"subprocess.py","lineno":99}
{"timestamp":"2026-06-02T14:53:57.776680Z","level":"info","event":"  optional binary product_name (STRING);","logger":"airflow.task.hooks.airflow.providers.standard.hooks.subprocess.SubprocessHook","filename":"subprocess.py","lineno":99}
{"timestamp":"2026-06-02T14:53:57.776705Z","level":"info","event":"  optional double value;","logger":"airflow.task.hooks.airflow.providers.standard.hooks.subprocess.SubprocessHook","filename":"subprocess.py","lineno":99}
{"timestamp":"2026-06-02T14:53:57.776728Z","level":"info","event":"  optional binary unit (STRING);","logger":"airflow.task.hooks.airflow.providers.standard.hooks.subprocess.SubprocessHook","filename":"subprocess.py","lineno":99}
{"timestamp":"2026-06-02T14:53:57.776750Z","level":"info","event":"  optional int32 month;","logger":"airflow.task.hooks.airflow.providers.standard.hooks.subprocess.SubprocessHook","filename":"subprocess.py","lineno":99}
{"timestamp":"2026-06-02T14:53:57.776772Z","level":"info","event":"  optional int32 quarter;","logger":"airflow.task.hooks.airflow.providers.standard.hooks.subprocess.SubprocessHook","filename":"subprocess.py","lineno":99}
{"timestamp":"2026-06-02T14:53:57.776795Z","level":"info","event":"  optional int32 year;","logger":"airflow.task.hooks.airflow.providers.standard.hooks.subprocess.SubprocessHook","filename":"subprocess.py","lineno":99}
{"timestamp":"2026-06-02T14:53:57.776818Z","level":"info","event":"  optional int96 ingest_at;","logger":"airflow.task.hooks.airflow.providers.standard.hooks.subprocess.SubprocessHook","filename":"subprocess.py","lineno":99}
{"timestamp":"2026-06-02T14:53:57.776840Z","level":"info","event":"}","logger":"airflow.task.hooks.airflow.providers.standard.hooks.subprocess.SubprocessHook","filename":"subprocess.py","lineno":99}
{"timestamp":"2026-06-02T14:53:57.776863Z","level":"info","event":"","logger":"airflow.task.hooks.airflow.providers.standard.hooks.subprocess.SubprocessHook","filename":"subprocess.py","lineno":99}
{"timestamp":"2026-06-02T14:53:57.776886Z","level":"info","event":"","logger":"airflow.task.hooks.airflow.providers.standard.hooks.subprocess.SubprocessHook","filename":"subprocess.py","lineno":99}
{"timestamp":"2026-06-02T14:53:57.776908Z","level":"info","event":"26/06/02 14:53:57 INFO ParquetWriteSupport: Initialized Parquet WriteSupport with Catalyst schema:","logger":"airflow.task.hooks.airflow.providers.standard.hooks.subprocess.SubprocessHook","filename":"subprocess.py","lineno":99}
{"timestamp":"2026-06-02T14:53:57.776932Z","level":"info","event":"{","logger":"airflow.task.hooks.airflow.providers.standard.hooks.subprocess.SubprocessHook","filename":"subprocess.py","lineno":99}
{"timestamp":"2026-06-02T14:53:57.776954Z","level":"info","event":"  \"type\" : \"struct\",","logger":"airflow.task.hooks.airflow.providers.standard.hooks.subprocess.SubprocessHook","filename":"subprocess.py","lineno":99}
{"timestamp":"2026-06-02T14:53:57.776977Z","level":"info","event":"  \"fields\" : [ {","logger":"airflow.task.hooks.airflow.providers.standard.hooks.subprocess.SubprocessHook","filename":"subprocess.py","lineno":99}
{"timestamp":"2026-06-02T14:53:57.776999Z","level":"info","event":"    \"name\" : \"product_name\",","logger":"airflow.task.hooks.airflow.providers.standard.hooks.subprocess.SubprocessHook","filename":"subprocess.py","lineno":99}
{"timestamp":"2026-06-02T14:53:57.777023Z","level":"info","event":"    \"type\" : \"string\",","logger":"airflow.task.hooks.airflow.providers.standard.hooks.subprocess.SubprocessHook","filename":"subprocess.py","lineno":99}
{"timestamp":"2026-06-02T14:53:57.777058Z","level":"info","event":"    \"nullable\" : true,","logger":"airflow.task.hooks.airflow.providers.standard.hooks.subprocess.SubprocessHook","filename":"subprocess.py","lineno":99}
{"timestamp":"2026-06-02T14:53:57.777102Z","level":"info","event":"    \"metadata\" : { }","logger":"airflow.task.hooks.airflow.providers.standard.hooks.subprocess.SubprocessHook","filename":"subprocess.py","lineno":99}
{"timestamp":"2026-06-02T14:53:57.777150Z","level":"info","event":"  }, {","logger":"airflow.task.hooks.airflow.providers.standard.hooks.subprocess.SubprocessHook","filename":"subprocess.py","lineno":99}
{"timestamp":"2026-06-02T14:53:57.777179Z","level":"info","event":"    \"name\" : \"value\",","logger":"airflow.task.hooks.airflow.providers.standard.hooks.subprocess.SubprocessHook","filename":"subprocess.py","lineno":99}
{"timestamp":"2026-06-02T14:53:57.777203Z","level":"info","event":"    \"type\" : \"double\",","logger":"airflow.task.hooks.airflow.providers.standard.hooks.subprocess.SubprocessHook","filename":"subprocess.py","lineno":99}
{"timestamp":"2026-06-02T14:53:57.777285Z","level":"info","event":"    \"nullable\" : true,","logger":"airflow.task.hooks.airflow.providers.standard.hooks.subprocess.SubprocessHook","filename":"subprocess.py","lineno":99}
{"timestamp":"2026-06-02T14:53:57.777321Z","level":"info","event":"    \"metadata\" : { }","logger":"airflow.task.hooks.airflow.providers.standard.hooks.subprocess.SubprocessHook","filename":"subprocess.py","lineno":99}
{"timestamp":"2026-06-02T14:53:57.777348Z","level":"info","event":"  }, {","logger":"airflow.task.hooks.airflow.providers.standard.hooks.subprocess.SubprocessHook","filename":"subprocess.py","lineno":99}
{"timestamp":"2026-06-02T14:53:57.777374Z","level":"info","event":"    \"name\" : \"unit\",","logger":"airflow.task.hooks.airflow.providers.standard.hooks.subprocess.SubprocessHook","filename":"subprocess.py","lineno":99}
{"timestamp":"2026-06-02T14:53:57.777397Z","level":"info","event":"    \"type\" : \"string\",","logger":"airflow.task.hooks.airflow.providers.standard.hooks.subprocess.SubprocessHook","filename":"subprocess.py","lineno":99}
{"timestamp":"2026-06-02T14:53:57.777419Z","level":"info","event":"    \"nullable\" : true,","logger":"airflow.task.hooks.airflow.providers.standard.hooks.subprocess.SubprocessHook","filename":"subprocess.py","lineno":99}
{"timestamp":"2026-06-02T14:53:57.777442Z","level":"info","event":"    \"metadata\" : { }","logger":"airflow.task.hooks.airflow.providers.standard.hooks.subprocess.SubprocessHook","filename":"subprocess.py","lineno":99}
{"timestamp":"2026-06-02T14:53:57.777465Z","level":"info","event":"  }, {","logger":"airflow.task.hooks.airflow.providers.standard.hooks.subprocess.SubprocessHook","filename":"subprocess.py","lineno":99}
{"timestamp":"2026-06-02T14:53:57.777487Z","level":"info","event":"    \"name\" : \"month\",","logger":"airflow.task.hooks.airflow.providers.standard.hooks.subprocess.SubprocessHook","filename":"subprocess.py","lineno":99}
{"timestamp":"2026-06-02T14:53:57.777510Z","level":"info","event":"    \"type\" : \"integer\",","logger":"airflow.task.hooks.airflow.providers.standard.hooks.subprocess.SubprocessHook","filename":"subprocess.py","lineno":99}
{"timestamp":"2026-06-02T14:53:57.777535Z","level":"info","event":"    \"nullable\" : true,","logger":"airflow.task.hooks.airflow.providers.standard.hooks.subprocess.SubprocessHook","filename":"subprocess.py","lineno":99}
{"timestamp":"2026-06-02T14:53:57.777557Z","level":"info","event":"    \"metadata\" : { }","logger":"airflow.task.hooks.airflow.providers.standard.hooks.subprocess.SubprocessHook","filename":"subprocess.py","lineno":99}
{"timestamp":"2026-06-02T14:53:57.777592Z","level":"info","event":"  }, {","logger":"airflow.task.hooks.airflow.providers.standard.hooks.subprocess.SubprocessHook","filename":"subprocess.py","lineno":99}
{"timestamp":"2026-06-02T14:53:57.777632Z","level":"info","event":"    \"name\" : \"quarter\",","logger":"airflow.task.hooks.airflow.providers.standard.hooks.subprocess.SubprocessHook","filename":"subprocess.py","lineno":99}
{"timestamp":"2026-06-02T14:53:57.777661Z","level":"info","event":"    \"type\" : \"integer\",","logger":"airflow.task.hooks.airflow.providers.standard.hooks.subprocess.SubprocessHook","filename":"subprocess.py","lineno":99}
{"timestamp":"2026-06-02T14:53:57.777702Z","level":"info","event":"    \"nullable\" : true,","logger":"airflow.task.hooks.airflow.providers.standard.hooks.subprocess.SubprocessHook","filename":"subprocess.py","lineno":99}
{"timestamp":"2026-06-02T14:53:57.777750Z","level":"info","event":"    \"metadata\" : { }","logger":"airflow.task.hooks.airflow.providers.standard.hooks.subprocess.SubprocessHook","filename":"subprocess.py","lineno":99}
{"timestamp":"2026-06-02T14:53:57.777783Z","level":"info","event":"  }, {","logger":"airflow.task.hooks.airflow.providers.standard.hooks.subprocess.SubprocessHook","filename":"subprocess.py","lineno":99}
{"timestamp":"2026-06-02T14:53:57.777807Z","level":"info","event":"    \"name\" : \"year\",","logger":"airflow.task.hooks.airflow.providers.standard.hooks.subprocess.SubprocessHook","filename":"subprocess.py","lineno":99}
{"timestamp":"2026-06-02T14:53:57.777829Z","level":"info","event":"    \"type\" : \"integer\",","logger":"airflow.task.hooks.airflow.providers.standard.hooks.subprocess.SubprocessHook","filename":"subprocess.py","lineno":99}
{"timestamp":"2026-06-02T14:53:57.777852Z","level":"info","event":"    \"nullable\" : true,","logger":"airflow.task.hooks.airflow.providers.standard.hooks.subprocess.SubprocessHook","filename":"subprocess.py","lineno":99}
{"timestamp":"2026-06-02T14:53:57.777874Z","level":"info","event":"    \"metadata\" : { }","logger":"airflow.task.hooks.airflow.providers.standard.hooks.subprocess.SubprocessHook","filename":"subprocess.py","lineno":99}
{"timestamp":"2026-06-02T14:53:57.777897Z","level":"info","event":"  }, {","logger":"airflow.task.hooks.airflow.providers.standard.hooks.subprocess.SubprocessHook","filename":"subprocess.py","lineno":99}
{"timestamp":"2026-06-02T14:53:57.777919Z","level":"info","event":"    \"name\" : \"ingest_at\",","logger":"airflow.task.hooks.airflow.providers.standard.hooks.subprocess.SubprocessHook","filename":"subprocess.py","lineno":99}
{"timestamp":"2026-06-02T14:53:57.777979Z","level":"info","event":"    \"type\" : \"timestamp\",","logger":"airflow.task.hooks.airflow.providers.standard.hooks.subprocess.SubprocessHook","filename":"subprocess.py","lineno":99}
{"timestamp":"2026-06-02T14:53:57.778009Z","level":"info","event":"    \"nullable\" : true,","logger":"airflow.task.hooks.airflow.providers.standard.hooks.subprocess.SubprocessHook","filename":"subprocess.py","lineno":99}
{"timestamp":"2026-06-02T14:53:57.778035Z","level":"info","event":"    \"metadata\" : { }","logger":"airflow.task.hooks.airflow.providers.standard.hooks.subprocess.SubprocessHook","filename":"subprocess.py","lineno":99}
{"timestamp":"2026-06-02T14:53:57.778059Z","level":"info","event":"  } ]","logger":"airflow.task.hooks.airflow.providers.standard.hooks.subprocess.SubprocessHook","filename":"subprocess.py","lineno":99}
{"timestamp":"2026-06-02T14:53:57.778083Z","level":"info","event":"}","logger":"airflow.task.hooks.airflow.providers.standard.hooks.subprocess.SubprocessHook","filename":"subprocess.py","lineno":99}
{"timestamp":"2026-06-02T14:53:57.778109Z","level":"info","event":"and corresponding Parquet message type:","logger":"airflow.task.hooks.airflow.providers.standard.hooks.subprocess.SubprocessHook","filename":"subprocess.py","lineno":99}
{"timestamp":"2026-06-02T14:53:57.778134Z","level":"info","event":"message spark_schema {","logger":"airflow.task.hooks.airflow.providers.standard.hooks.subprocess.SubprocessHook","filename":"subprocess.py","lineno":99}
{"timestamp":"2026-06-02T14:53:57.778157Z","level":"info","event":"  optional binary product_name (STRING);","logger":"airflow.task.hooks.airflow.providers.standard.hooks.subprocess.SubprocessHook","filename":"subprocess.py","lineno":99}
{"timestamp":"2026-06-02T14:53:57.778195Z","level":"info","event":"  optional double value;","logger":"airflow.task.hooks.airflow.providers.standard.hooks.subprocess.SubprocessHook","filename":"subprocess.py","lineno":99}
{"timestamp":"2026-06-02T14:53:57.778221Z","level":"info","event":"  optional binary unit (STRING);","logger":"airflow.task.hooks.airflow.providers.standard.hooks.subprocess.SubprocessHook","filename":"subprocess.py","lineno":99}
{"timestamp":"2026-06-02T14:53:57.778245Z","level":"info","event":"  optional int32 month;","logger":"airflow.task.hooks.airflow.providers.standard.hooks.subprocess.SubprocessHook","filename":"subprocess.py","lineno":99}
{"timestamp":"2026-06-02T14:53:57.778268Z","level":"info","event":"  optional int32 quarter;","logger":"airflow.task.hooks.airflow.providers.standard.hooks.subprocess.SubprocessHook","filename":"subprocess.py","lineno":99}
{"timestamp":"2026-06-02T14:53:57.778291Z","level":"info","event":"  optional int32 year;","logger":"airflow.task.hooks.airflow.providers.standard.hooks.subprocess.SubprocessHook","filename":"subprocess.py","lineno":99}
{"timestamp":"2026-06-02T14:53:57.778314Z","level":"info","event":"  optional int96 ingest_at;","logger":"airflow.task.hooks.airflow.providers.standard.hooks.subprocess.SubprocessHook","filename":"subprocess.py","lineno":99}
{"timestamp":"2026-06-02T14:53:57.778336Z","level":"info","event":"}","logger":"airflow.task.hooks.airflow.providers.standard.hooks.subprocess.SubprocessHook","filename":"subprocess.py","lineno":99}
{"timestamp":"2026-06-02T14:53:57.778360Z","level":"info","event":"","logger":"airflow.task.hooks.airflow.providers.standard.hooks.subprocess.SubprocessHook","filename":"subprocess.py","lineno":99}
{"timestamp":"2026-06-02T14:53:57.778384Z","level":"info","event":"","logger":"airflow.task.hooks.airflow.providers.standard.hooks.subprocess.SubprocessHook","filename":"subprocess.py","lineno":99}
{"timestamp":"2026-06-02T14:53:57.778406Z","level":"info","event":"26/06/02 14:53:57 INFO ParquetWriteSupport: Initialized Parquet WriteSupport with Catalyst schema:","logger":"airflow.task.hooks.airflow.providers.standard.hooks.subprocess.SubprocessHook","filename":"subprocess.py","lineno":99}
{"timestamp":"2026-06-02T14:53:57.778430Z","level":"info","event":"{","logger":"airflow.task.hooks.airflow.providers.standard.hooks.subprocess.SubprocessHook","filename":"subprocess.py","lineno":99}
{"timestamp":"2026-06-02T14:53:57.778452Z","level":"info","event":"  \"type\" : \"struct\",","logger":"airflow.task.hooks.airflow.providers.standard.hooks.subprocess.SubprocessHook","filename":"subprocess.py","lineno":99}
{"timestamp":"2026-06-02T14:53:57.778473Z","level":"info","event":"  \"fields\" : [ {","logger":"airflow.task.hooks.airflow.providers.standard.hooks.subprocess.SubprocessHook","filename":"subprocess.py","lineno":99}
{"timestamp":"2026-06-02T14:53:57.778496Z","level":"info","event":"    \"name\" : \"product_name\",","logger":"airflow.task.hooks.airflow.providers.standard.hooks.subprocess.SubprocessHook","filename":"subprocess.py","lineno":99}
{"timestamp":"2026-06-02T14:53:57.778519Z","level":"info","event":"    \"type\" : \"string\",","logger":"airflow.task.hooks.airflow.providers.standard.hooks.subprocess.SubprocessHook","filename":"subprocess.py","lineno":99}
{"timestamp":"2026-06-02T14:53:57.778541Z","level":"info","event":"    \"nullable\" : true,","logger":"airflow.task.hooks.airflow.providers.standard.hooks.subprocess.SubprocessHook","filename":"subprocess.py","lineno":99}
{"timestamp":"2026-06-02T14:53:57.778563Z","level":"info","event":"    \"metadata\" : { }","logger":"airflow.task.hooks.airflow.providers.standard.hooks.subprocess.SubprocessHook","filename":"subprocess.py","lineno":99}
{"timestamp":"2026-06-02T14:53:57.778589Z","level":"info","event":"  }, {","logger":"airflow.task.hooks.airflow.providers.standard.hooks.subprocess.SubprocessHook","filename":"subprocess.py","lineno":99}
{"timestamp":"2026-06-02T14:53:57.778610Z","level":"info","event":"    \"name\" : \"value\",","logger":"airflow.task.hooks.airflow.providers.standard.hooks.subprocess.SubprocessHook","filename":"subprocess.py","lineno":99}
{"timestamp":"2026-06-02T14:53:57.778631Z","level":"info","event":"    \"type\" : \"double\",","logger":"airflow.task.hooks.airflow.providers.standard.hooks.subprocess.SubprocessHook","filename":"subprocess.py","lineno":99}
{"timestamp":"2026-06-02T14:53:57.778652Z","level":"info","event":"    \"nullable\" : true,","logger":"airflow.task.hooks.airflow.providers.standard.hooks.subprocess.SubprocessHook","filename":"subprocess.py","lineno":99}
{"timestamp":"2026-06-02T14:53:57.778673Z","level":"info","event":"    \"metadata\" : { }","logger":"airflow.task.hooks.airflow.providers.standard.hooks.subprocess.SubprocessHook","filename":"subprocess.py","lineno":99}
{"timestamp":"2026-06-02T14:53:57.778694Z","level":"info","event":"  }, {","logger":"airflow.task.hooks.airflow.providers.standard.hooks.subprocess.SubprocessHook","filename":"subprocess.py","lineno":99}
{"timestamp":"2026-06-02T14:53:57.778715Z","level":"info","event":"    \"name\" : \"unit\",","logger":"airflow.task.hooks.airflow.providers.standard.hooks.subprocess.SubprocessHook","filename":"subprocess.py","lineno":99}
{"timestamp":"2026-06-02T14:53:57.778748Z","level":"info","event":"    \"type\" : \"string\",","logger":"airflow.task.hooks.airflow.providers.standard.hooks.subprocess.SubprocessHook","filename":"subprocess.py","lineno":99}
{"timestamp":"2026-06-02T14:53:57.778786Z","level":"info","event":"    \"nullable\" : true,","logger":"airflow.task.hooks.airflow.providers.standard.hooks.subprocess.SubprocessHook","filename":"subprocess.py","lineno":99}
{"timestamp":"2026-06-02T14:53:57.778838Z","level":"info","event":"    \"metadata\" : { }","logger":"airflow.task.hooks.airflow.providers.standard.hooks.subprocess.SubprocessHook","filename":"subprocess.py","lineno":99}
{"timestamp":"2026-06-02T14:53:57.778873Z","level":"info","event":"  }, {","logger":"airflow.task.hooks.airflow.providers.standard.hooks.subprocess.SubprocessHook","filename":"subprocess.py","lineno":99}
{"timestamp":"2026-06-02T14:53:57.778948Z","level":"info","event":"    \"name\" : \"month\",","logger":"airflow.task.hooks.airflow.providers.standard.hooks.subprocess.SubprocessHook","filename":"subprocess.py","lineno":99}
{"timestamp":"2026-06-02T14:53:57.778989Z","level":"info","event":"    \"type\" : \"integer\",","logger":"airflow.task.hooks.airflow.providers.standard.hooks.subprocess.SubprocessHook","filename":"subprocess.py","lineno":99}
{"timestamp":"2026-06-02T14:53:57.779026Z","level":"info","event":"    \"nullable\" : true,","logger":"airflow.task.hooks.airflow.providers.standard.hooks.subprocess.SubprocessHook","filename":"subprocess.py","lineno":99}
{"timestamp":"2026-06-02T14:53:57.779061Z","level":"info","event":"    \"metadata\" : { }","logger":"airflow.task.hooks.airflow.providers.standard.hooks.subprocess.SubprocessHook","filename":"subprocess.py","lineno":99}
{"timestamp":"2026-06-02T14:53:57.779094Z","level":"info","event":"  }, {","logger":"airflow.task.hooks.airflow.providers.standard.hooks.subprocess.SubprocessHook","filename":"subprocess.py","lineno":99}
{"timestamp":"2026-06-02T14:53:57.779128Z","level":"info","event":"    \"name\" : \"quarter\",","logger":"airflow.task.hooks.airflow.providers.standard.hooks.subprocess.SubprocessHook","filename":"subprocess.py","lineno":99}
{"timestamp":"2026-06-02T14:53:57.779171Z","level":"info","event":"    \"type\" : \"integer\",","logger":"airflow.task.hooks.airflow.providers.standard.hooks.subprocess.SubprocessHook","filename":"subprocess.py","lineno":99}
{"timestamp":"2026-06-02T14:53:57.779216Z","level":"info","event":"    \"nullable\" : true,","logger":"airflow.task.hooks.airflow.providers.standard.hooks.subprocess.SubprocessHook","filename":"subprocess.py","lineno":99}
{"timestamp":"2026-06-02T14:53:57.779264Z","level":"info","event":"    \"metadata\" : { }","logger":"airflow.task.hooks.airflow.providers.standard.hooks.subprocess.SubprocessHook","filename":"subprocess.py","lineno":99}
{"timestamp":"2026-06-02T14:53:57.779304Z","level":"info","event":"  }, {","logger":"airflow.task.hooks.airflow.providers.standard.hooks.subprocess.SubprocessHook","filename":"subprocess.py","lineno":99}
{"timestamp":"2026-06-02T14:53:57.779344Z","level":"info","event":"    \"name\" : \"year\",","logger":"airflow.task.hooks.airflow.providers.standard.hooks.subprocess.SubprocessHook","filename":"subprocess.py","lineno":99}
{"timestamp":"2026-06-02T14:53:57.779385Z","level":"info","event":"    \"type\" : \"integer\",","logger":"airflow.task.hooks.airflow.providers.standard.hooks.subprocess.SubprocessHook","filename":"subprocess.py","lineno":99}
{"timestamp":"2026-06-02T14:53:57.779430Z","level":"info","event":"    \"nullable\" : true,","logger":"airflow.task.hooks.airflow.providers.standard.hooks.subprocess.SubprocessHook","filename":"subprocess.py","lineno":99}
{"timestamp":"2026-06-02T14:53:57.779475Z","level":"info","event":"    \"metadata\" : { }","logger":"airflow.task.hooks.airflow.providers.standard.hooks.subprocess.SubprocessHook","filename":"subprocess.py","lineno":99}
{"timestamp":"2026-06-02T14:53:57.779520Z","level":"info","event":"  }, {","logger":"airflow.task.hooks.airflow.providers.standard.hooks.subprocess.SubprocessHook","filename":"subprocess.py","lineno":99}
{"timestamp":"2026-06-02T14:53:57.779562Z","level":"info","event":"    \"name\" : \"ingest_at\",","logger":"airflow.task.hooks.airflow.providers.standard.hooks.subprocess.SubprocessHook","filename":"subprocess.py","lineno":99}
{"timestamp":"2026-06-02T14:53:57.779604Z","level":"info","event":"    \"type\" : \"timestamp\",","logger":"airflow.task.hooks.airflow.providers.standard.hooks.subprocess.SubprocessHook","filename":"subprocess.py","lineno":99}
{"timestamp":"2026-06-02T14:53:57.779646Z","level":"info","event":"    \"nullable\" : true,","logger":"airflow.task.hooks.airflow.providers.standard.hooks.subprocess.SubprocessHook","filename":"subprocess.py","lineno":99}
{"timestamp":"2026-06-02T14:53:57.779689Z","level":"info","event":"    \"metadata\" : { }","logger":"airflow.task.hooks.airflow.providers.standard.hooks.subprocess.SubprocessHook","filename":"subprocess.py","lineno":99}
{"timestamp":"2026-06-02T14:53:57.779723Z","level":"info","event":"  } ]","logger":"airflow.task.hooks.airflow.providers.standard.hooks.subprocess.SubprocessHook","filename":"subprocess.py","lineno":99}
{"timestamp":"2026-06-02T14:53:57.779757Z","level":"info","event":"}","logger":"airflow.task.hooks.airflow.providers.standard.hooks.subprocess.SubprocessHook","filename":"subprocess.py","lineno":99}
{"timestamp":"2026-06-02T14:53:57.779953Z","level":"info","event":"and corresponding Parquet message type:","logger":"airflow.task.hooks.airflow.providers.standard.hooks.subprocess.SubprocessHook","filename":"subprocess.py","lineno":99}
{"timestamp":"2026-06-02T14:53:57.780123Z","level":"info","event":"message spark_schema {","logger":"airflow.task.hooks.airflow.providers.standard.hooks.subprocess.SubprocessHook","filename":"subprocess.py","lineno":99}
{"timestamp":"2026-06-02T14:53:57.780302Z","level":"info","event":"  optional binary product_name (STRING);","logger":"airflow.task.hooks.airflow.providers.standard.hooks.subprocess.SubprocessHook","filename":"subprocess.py","lineno":99}
{"timestamp":"2026-06-02T14:53:57.780433Z","level":"info","event":"  optional double value;","logger":"airflow.task.hooks.airflow.providers.standard.hooks.subprocess.SubprocessHook","filename":"subprocess.py","lineno":99}
{"timestamp":"2026-06-02T14:53:57.780538Z","level":"info","event":"  optional binary unit (STRING);","logger":"airflow.task.hooks.airflow.providers.standard.hooks.subprocess.SubprocessHook","filename":"subprocess.py","lineno":99}
{"timestamp":"2026-06-02T14:53:57.780602Z","level":"info","event":"  optional int32 month;","logger":"airflow.task.hooks.airflow.providers.standard.hooks.subprocess.SubprocessHook","filename":"subprocess.py","lineno":99}
{"timestamp":"2026-06-02T14:53:57.780649Z","level":"info","event":"  optional int32 quarter;","logger":"airflow.task.hooks.airflow.providers.standard.hooks.subprocess.SubprocessHook","filename":"subprocess.py","lineno":99}
{"timestamp":"2026-06-02T14:53:57.780688Z","level":"info","event":"  optional int32 year;","logger":"airflow.task.hooks.airflow.providers.standard.hooks.subprocess.SubprocessHook","filename":"subprocess.py","lineno":99}
{"timestamp":"2026-06-02T14:53:57.780800Z","level":"info","event":"  optional int96 ingest_at;","logger":"airflow.task.hooks.airflow.providers.standard.hooks.subprocess.SubprocessHook","filename":"subprocess.py","lineno":99}
{"timestamp":"2026-06-02T14:53:57.780905Z","level":"info","event":"}","logger":"airflow.task.hooks.airflow.providers.standard.hooks.subprocess.SubprocessHook","filename":"subprocess.py","lineno":99}
{"timestamp":"2026-06-02T14:53:57.780967Z","level":"info","event":"","logger":"airflow.task.hooks.airflow.providers.standard.hooks.subprocess.SubprocessHook","filename":"subprocess.py","lineno":99}
{"timestamp":"2026-06-02T14:53:57.781009Z","level":"info","event":"","logger":"airflow.task.hooks.airflow.providers.standard.hooks.subprocess.SubprocessHook","filename":"subprocess.py","lineno":99}
{"timestamp":"2026-06-02T14:53:57.781047Z","level":"info","event":"26/06/02 14:53:57 INFO CodecPool: Got brand-new compressor [.snappy]","logger":"airflow.task.hooks.airflow.providers.standard.hooks.subprocess.SubprocessHook","filename":"subprocess.py","lineno":99}
{"timestamp":"2026-06-02T14:53:57.781097Z","level":"info","event":"26/06/02 14:53:57 INFO CodecPool: Got brand-new compressor [.snappy]","logger":"airflow.task.hooks.airflow.providers.standard.hooks.subprocess.SubprocessHook","filename":"subprocess.py","lineno":99}
{"timestamp":"2026-06-02T14:53:57.781208Z","level":"info","event":"26/06/02 14:53:57 INFO CodecPool: Got brand-new compressor [.snappy]","logger":"airflow.task.hooks.airflow.providers.standard.hooks.subprocess.SubprocessHook","filename":"subprocess.py","lineno":99}
{"timestamp":"2026-06-02T14:53:57.781274Z","level":"info","event":"26/06/02 14:53:57 INFO CodecPool: Got brand-new compressor [.snappy]","logger":"airflow.task.hooks.airflow.providers.standard.hooks.subprocess.SubprocessHook","filename":"subprocess.py","lineno":99}
{"timestamp":"2026-06-02T14:53:57.781315Z","level":"info","event":"26/06/02 14:53:57 INFO CodecPool: Got brand-new compressor [.snappy]","logger":"airflow.task.hooks.airflow.providers.standard.hooks.subprocess.SubprocessHook","filename":"subprocess.py","lineno":99}
{"timestamp":"2026-06-02T14:53:57.781353Z","level":"info","event":"26/06/02 14:53:57 INFO CodecPool: Got brand-new compressor [.snappy]","logger":"airflow.task.hooks.airflow.providers.standard.hooks.subprocess.SubprocessHook","filename":"subprocess.py","lineno":99}
{"timestamp":"2026-06-02T14:53:57.781390Z","level":"info","event":"26/06/02 14:53:57 INFO CodecPool: Got brand-new compressor [.snappy]","logger":"airflow.task.hooks.airflow.providers.standard.hooks.subprocess.SubprocessHook","filename":"subprocess.py","lineno":99}
{"timestamp":"2026-06-02T14:53:57.843453Z","level":"info","event":"26/06/02 14:53:57 INFO CodecPool: Got brand-new compressor [.snappy]","logger":"airflow.task.hooks.airflow.providers.standard.hooks.subprocess.SubprocessHook","filename":"subprocess.py","lineno":99}
{"timestamp":"2026-06-02T14:53:57.843604Z","level":"info","event":"26/06/02 14:53:57 INFO CodecPool: Got brand-new compressor [.snappy]","logger":"airflow.task.hooks.airflow.providers.standard.hooks.subprocess.SubprocessHook","filename":"subprocess.py","lineno":99}
{"timestamp":"2026-06-02T14:53:57.843674Z","level":"info","event":"26/06/02 14:53:57 INFO CodecPool: Got brand-new compressor [.snappy]","logger":"airflow.task.hooks.airflow.providers.standard.hooks.subprocess.SubprocessHook","filename":"subprocess.py","lineno":99}
{"timestamp":"2026-06-02T14:53:57.843733Z","level":"info","event":"26/06/02 14:53:57 INFO CodecPool: Got brand-new compressor [.snappy]","logger":"airflow.task.hooks.airflow.providers.standard.hooks.subprocess.SubprocessHook","filename":"subprocess.py","lineno":99}
{"timestamp":"2026-06-02T14:53:57.843790Z","level":"info","event":"26/06/02 14:53:57 INFO CodecPool: Got brand-new compressor [.snappy]","logger":"airflow.task.hooks.airflow.providers.standard.hooks.subprocess.SubprocessHook","filename":"subprocess.py","lineno":99}
{"timestamp":"2026-06-02T14:53:57.843844Z","level":"info","event":"26/06/02 14:53:57 INFO CodecPool: Got brand-new compressor [.snappy]","logger":"airflow.task.hooks.airflow.providers.standard.hooks.subprocess.SubprocessHook","filename":"subprocess.py","lineno":99}
{"timestamp":"2026-06-02T14:53:57.843898Z","level":"info","event":"26/06/02 14:53:57 INFO CodecPool: Got brand-new compressor [.snappy]","logger":"airflow.task.hooks.airflow.providers.standard.hooks.subprocess.SubprocessHook","filename":"subprocess.py","lineno":99}
{"timestamp":"2026-06-02T14:53:57.843950Z","level":"info","event":"26/06/02 14:53:57 INFO CodecPool: Got brand-new compressor [.snappy]","logger":"airflow.task.hooks.airflow.providers.standard.hooks.subprocess.SubprocessHook","filename":"subprocess.py","lineno":99}
{"timestamp":"2026-06-02T14:53:57.844002Z","level":"info","event":"26/06/02 14:53:57 INFO CodecPool: Got brand-new compressor [.snappy]","logger":"airflow.task.hooks.airflow.providers.standard.hooks.subprocess.SubprocessHook","filename":"subprocess.py","lineno":99}
{"timestamp":"2026-06-02T14:53:57.844054Z","level":"info","event":"26/06/02 14:53:57 WARN MemoryManager: Total allocation exceeds 95.00% (1,020,054,720 bytes) of heap memory","logger":"airflow.task.hooks.airflow.providers.standard.hooks.subprocess.SubprocessHook","filename":"subprocess.py","lineno":99}
{"timestamp":"2026-06-02T14:53:57.844107Z","level":"info","event":"Scaling row group sizes to 95.00% for 8 writers","logger":"airflow.task.hooks.airflow.providers.standard.hooks.subprocess.SubprocessHook","filename":"subprocess.py","lineno":99}
{"timestamp":"2026-06-02T14:53:57.844159Z","level":"info","event":"26/06/02 14:53:57 WARN MemoryManager: Total allocation exceeds 95.00% (1,020,054,720 bytes) of heap memory","logger":"airflow.task.hooks.airflow.providers.standard.hooks.subprocess.SubprocessHook","filename":"subprocess.py","lineno":99}
{"timestamp":"2026-06-02T14:53:57.844212Z","level":"info","event":"Scaling row group sizes to 84.44% for 9 writers","logger":"airflow.task.hooks.airflow.providers.standard.hooks.subprocess.SubprocessHook","filename":"subprocess.py","lineno":99}
{"timestamp":"2026-06-02T14:53:57.844353Z","level":"info","event":"26/06/02 14:53:57 WARN MemoryManager: Total allocation exceeds 95.00% (1,020,054,720 bytes) of heap memory","logger":"airflow.task.hooks.airflow.providers.standard.hooks.subprocess.SubprocessHook","filename":"subprocess.py","lineno":99}
{"timestamp":"2026-06-02T14:53:57.844419Z","level":"info","event":"Scaling row group sizes to 76.00% for 10 writers","logger":"airflow.task.hooks.airflow.providers.standard.hooks.subprocess.SubprocessHook","filename":"subprocess.py","lineno":99}
{"timestamp":"2026-06-02T14:53:57.844475Z","level":"info","event":"26/06/02 14:53:57 WARN MemoryManager: Total allocation exceeds 95.00% (1,020,054,720 bytes) of heap memory","logger":"airflow.task.hooks.airflow.providers.standard.hooks.subprocess.SubprocessHook","filename":"subprocess.py","lineno":99}
{"timestamp":"2026-06-02T14:53:57.844530Z","level":"info","event":"Scaling row group sizes to 69.09% for 11 writers","logger":"airflow.task.hooks.airflow.providers.standard.hooks.subprocess.SubprocessHook","filename":"subprocess.py","lineno":99}
{"timestamp":"2026-06-02T14:53:57.844583Z","level":"info","event":"26/06/02 14:53:57 WARN MemoryManager: Total allocation exceeds 95.00% (1,020,054,720 bytes) of heap memory","logger":"airflow.task.hooks.airflow.providers.standard.hooks.subprocess.SubprocessHook","filename":"subprocess.py","lineno":99}
{"timestamp":"2026-06-02T14:53:57.844636Z","level":"info","event":"Scaling row group sizes to 63.33% for 12 writers","logger":"airflow.task.hooks.airflow.providers.standard.hooks.subprocess.SubprocessHook","filename":"subprocess.py","lineno":99}
{"timestamp":"2026-06-02T14:53:57.844688Z","level":"info","event":"26/06/02 14:53:57 WARN MemoryManager: Total allocation exceeds 95.00% (1,020,054,720 bytes) of heap memory","logger":"airflow.task.hooks.airflow.providers.standard.hooks.subprocess.SubprocessHook","filename":"subprocess.py","lineno":99}
{"timestamp":"2026-06-02T14:53:57.844740Z","level":"info","event":"Scaling row group sizes to 58.46% for 13 writers","logger":"airflow.task.hooks.airflow.providers.standard.hooks.subprocess.SubprocessHook","filename":"subprocess.py","lineno":99}
{"timestamp":"2026-06-02T14:53:57.844793Z","level":"info","event":"26/06/02 14:53:57 WARN MemoryManager: Total allocation exceeds 95.00% (1,020,054,720 bytes) of heap memory","logger":"airflow.task.hooks.airflow.providers.standard.hooks.subprocess.SubprocessHook","filename":"subprocess.py","lineno":99}
{"timestamp":"2026-06-02T14:53:57.844846Z","level":"info","event":"Scaling row group sizes to 54.29% for 14 writers","logger":"airflow.task.hooks.airflow.providers.standard.hooks.subprocess.SubprocessHook","filename":"subprocess.py","lineno":99}
{"timestamp":"2026-06-02T14:53:57.844898Z","level":"info","event":"26/06/02 14:53:57 WARN MemoryManager: Total allocation exceeds 95.00% (1,020,054,720 bytes) of heap memory","logger":"airflow.task.hooks.airflow.providers.standard.hooks.subprocess.SubprocessHook","filename":"subprocess.py","lineno":99}
{"timestamp":"2026-06-02T14:53:57.844950Z","level":"info","event":"Scaling row group sizes to 50.67% for 15 writers","logger":"airflow.task.hooks.airflow.providers.standard.hooks.subprocess.SubprocessHook","filename":"subprocess.py","lineno":99}
{"timestamp":"2026-06-02T14:53:57.845001Z","level":"info","event":"26/06/02 14:53:57 WARN MemoryManager: Total allocation exceeds 95.00% (1,020,054,720 bytes) of heap memory","logger":"airflow.task.hooks.airflow.providers.standard.hooks.subprocess.SubprocessHook","filename":"subprocess.py","lineno":99}
{"timestamp":"2026-06-02T14:53:57.845053Z","level":"info","event":"Scaling row group sizes to 47.50% for 16 writers","logger":"airflow.task.hooks.airflow.providers.standard.hooks.subprocess.SubprocessHook","filename":"subprocess.py","lineno":99}
{"timestamp":"2026-06-02T14:53:57.845173Z","level":"info","event":"26/06/02 14:53:57 INFO PythonRunner: Times: total = 164, boot = -4025, init = 4188, finish = 1","logger":"airflow.task.hooks.airflow.providers.standard.hooks.subprocess.SubprocessHook","filename":"subprocess.py","lineno":99}
{"timestamp":"2026-06-02T14:53:57.845241Z","level":"info","event":"26/06/02 14:53:57 INFO PythonRunner: Times: total = 312, boot = 76, init = 235, finish = 1","logger":"airflow.task.hooks.airflow.providers.standard.hooks.subprocess.SubprocessHook","filename":"subprocess.py","lineno":99}
{"timestamp":"2026-06-02T14:53:57.845434Z","level":"info","event":"26/06/02 14:53:57 INFO PythonRunner: Times: total = 150, boot = -4014, init = 4164, finish = 0","logger":"airflow.task.hooks.airflow.providers.standard.hooks.subprocess.SubprocessHook","filename":"subprocess.py","lineno":99}
{"timestamp":"2026-06-02T14:53:57.845534Z","level":"info","event":"26/06/02 14:53:57 INFO PythonRunner: Times: total = 347, boot = 112, init = 234, finish = 1","logger":"airflow.task.hooks.airflow.providers.standard.hooks.subprocess.SubprocessHook","filename":"subprocess.py","lineno":99}
{"timestamp":"2026-06-02T14:53:57.845595Z","level":"info","event":"26/06/02 14:53:57 INFO PythonRunner: Times: total = 266, boot = 25, init = 240, finish = 1","logger":"airflow.task.hooks.airflow.providers.standard.hooks.subprocess.SubprocessHook","filename":"subprocess.py","lineno":99}
{"timestamp":"2026-06-02T14:53:57.845650Z","level":"info","event":"26/06/02 14:53:57 INFO PythonRunner: Times: total = 177, boot = -4041, init = 4218, finish = 0","logger":"airflow.task.hooks.airflow.providers.standard.hooks.subprocess.SubprocessHook","filename":"subprocess.py","lineno":99}
{"timestamp":"2026-06-02T14:53:57.845703Z","level":"info","event":"26/06/02 14:53:57 INFO PythonRunner: Times: total = 161, boot = -4137, init = 4298, finish = 0","logger":"airflow.task.hooks.airflow.providers.standard.hooks.subprocess.SubprocessHook","filename":"subprocess.py","lineno":99}
{"timestamp":"2026-06-02T14:53:57.845758Z","level":"info","event":"26/06/02 14:53:57 INFO PythonRunner: Times: total = 123, boot = -4047, init = 4170, finish = 0","logger":"airflow.task.hooks.airflow.providers.standard.hooks.subprocess.SubprocessHook","filename":"subprocess.py","lineno":99}
{"timestamp":"2026-06-02T14:53:57.845813Z","level":"info","event":"26/06/02 14:53:57 INFO PythonRunner: Times: total = 271, boot = 15, init = 255, finish = 1","logger":"airflow.task.hooks.airflow.providers.standard.hooks.subprocess.SubprocessHook","filename":"subprocess.py","lineno":99}
{"timestamp":"2026-06-02T14:53:57.845867Z","level":"info","event":"26/06/02 14:53:57 INFO PythonRunner: Times: total = 345, boot = 86, init = 259, finish = 0","logger":"airflow.task.hooks.airflow.providers.standard.hooks.subprocess.SubprocessHook","filename":"subprocess.py","lineno":99}
{"timestamp":"2026-06-02T14:53:57.845920Z","level":"info","event":"26/06/02 14:53:57 INFO PythonRunner: Times: total = 362, boot = 95, init = 267, finish = 0","logger":"airflow.task.hooks.airflow.providers.standard.hooks.subprocess.SubprocessHook","filename":"subprocess.py","lineno":99}
{"timestamp":"2026-06-02T14:53:57.845974Z","level":"info","event":"26/06/02 14:53:57 INFO PythonRunner: Times: total = 115, boot = -4156, init = 4271, finish = 0","logger":"airflow.task.hooks.airflow.providers.standard.hooks.subprocess.SubprocessHook","filename":"subprocess.py","lineno":99}
{"timestamp":"2026-06-02T14:53:57.846025Z","level":"info","event":"26/06/02 14:53:57 INFO PythonRunner: Times: total = 138, boot = -4046, init = 4184, finish = 0","logger":"airflow.task.hooks.airflow.providers.standard.hooks.subprocess.SubprocessHook","filename":"subprocess.py","lineno":99}
{"timestamp":"2026-06-02T14:53:57.846078Z","level":"info","event":"26/06/02 14:53:57 INFO PythonRunner: Times: total = 278, boot = 42, init = 235, finish = 1","logger":"airflow.task.hooks.airflow.providers.standard.hooks.subprocess.SubprocessHook","filename":"subprocess.py","lineno":99}
{"timestamp":"2026-06-02T14:53:57.846132Z","level":"info","event":"26/06/02 14:53:57 INFO PythonRunner: Times: total = 117, boot = -4141, init = 4257, finish = 1","logger":"airflow.task.hooks.airflow.providers.standard.hooks.subprocess.SubprocessHook","filename":"subprocess.py","lineno":99}
{"timestamp":"2026-06-02T14:53:57.846186Z","level":"info","event":"26/06/02 14:53:57 INFO PythonRunner: Times: total = 167, boot = -4149, init = 4316, finish = 0","logger":"airflow.task.hooks.airflow.providers.standard.hooks.subprocess.SubprocessHook","filename":"subprocess.py","lineno":99}
{"timestamp":"2026-06-02T14:53:58.242349Z","level":"info","event":"26/06/02 14:53:58 WARN MemoryManager: Total allocation exceeds 95.00% (1,020,054,720 bytes) of heap memory","logger":"airflow.task.hooks.airflow.providers.standard.hooks.subprocess.SubprocessHook","filename":"subprocess.py","lineno":99}
{"timestamp":"2026-06-02T14:53:58.242658Z","level":"info","event":"Scaling row group sizes to 50.67% for 15 writers","logger":"airflow.task.hooks.airflow.providers.standard.hooks.subprocess.SubprocessHook","filename":"subprocess.py","lineno":99}
{"timestamp":"2026-06-02T14:53:58.254316Z","level":"info","event":"26/06/02 14:53:58 INFO CodeGenerator: Code generated in 6.750057 ms","logger":"airflow.task.hooks.airflow.providers.standard.hooks.subprocess.SubprocessHook","filename":"subprocess.py","lineno":99}
{"timestamp":"2026-06-02T14:53:58.277683Z","level":"info","event":"26/06/02 14:53:58 WARN MemoryManager: Total allocation exceeds 95.00% (1,020,054,720 bytes) of heap memory","logger":"airflow.task.hooks.airflow.providers.standard.hooks.subprocess.SubprocessHook","filename":"subprocess.py","lineno":99}
{"timestamp":"2026-06-02T14:53:58.278008Z","level":"info","event":"Scaling row group sizes to 54.29% for 14 writers","logger":"airflow.task.hooks.airflow.providers.standard.hooks.subprocess.SubprocessHook","filename":"subprocess.py","lineno":99}
{"timestamp":"2026-06-02T14:53:58.285878Z","level":"info","event":"26/06/02 14:53:58 WARN MemoryManager: Total allocation exceeds 95.00% (1,020,054,720 bytes) of heap memory","logger":"airflow.task.hooks.airflow.providers.standard.hooks.subprocess.SubprocessHook","filename":"subprocess.py","lineno":99}
{"timestamp":"2026-06-02T14:53:58.286171Z","level":"info","event":"Scaling row group sizes to 58.46% for 13 writers","logger":"airflow.task.hooks.airflow.providers.standard.hooks.subprocess.SubprocessHook","filename":"subprocess.py","lineno":99}
{"timestamp":"2026-06-02T14:53:58.286305Z","level":"info","event":"26/06/02 14:53:58 WARN MemoryManager: Total allocation exceeds 95.00% (1,020,054,720 bytes) of heap memory","logger":"airflow.task.hooks.airflow.providers.standard.hooks.subprocess.SubprocessHook","filename":"subprocess.py","lineno":99}
{"timestamp":"2026-06-02T14:53:58.286389Z","level":"info","event":"Scaling row group sizes to 63.33% for 12 writers","logger":"airflow.task.hooks.airflow.providers.standard.hooks.subprocess.SubprocessHook","filename":"subprocess.py","lineno":99}
{"timestamp":"2026-06-02T14:53:58.293027Z","level":"info","event":"26/06/02 14:53:58 WARN MemoryManager: Total allocation exceeds 95.00% (1,020,054,720 bytes) of heap memory","logger":"airflow.task.hooks.airflow.providers.standard.hooks.subprocess.SubprocessHook","filename":"subprocess.py","lineno":99}
{"timestamp":"2026-06-02T14:53:58.293325Z","level":"info","event":"Scaling row group sizes to 69.09% for 11 writers","logger":"airflow.task.hooks.airflow.providers.standard.hooks.subprocess.SubprocessHook","filename":"subprocess.py","lineno":99}
{"timestamp":"2026-06-02T14:53:58.293444Z","level":"info","event":"26/06/02 14:53:58 WARN MemoryManager: Total allocation exceeds 95.00% (1,020,054,720 bytes) of heap memory","logger":"airflow.task.hooks.airflow.providers.standard.hooks.subprocess.SubprocessHook","filename":"subprocess.py","lineno":99}
{"timestamp":"2026-06-02T14:53:58.293528Z","level":"info","event":"Scaling row group sizes to 76.00% for 10 writers","logger":"airflow.task.hooks.airflow.providers.standard.hooks.subprocess.SubprocessHook","filename":"subprocess.py","lineno":99}
{"timestamp":"2026-06-02T14:53:58.294055Z","level":"info","event":"26/06/02 14:53:58 WARN MemoryManager: Total allocation exceeds 95.00% (1,020,054,720 bytes) of heap memory","logger":"airflow.task.hooks.airflow.providers.standard.hooks.subprocess.SubprocessHook","filename":"subprocess.py","lineno":99}
{"timestamp":"2026-06-02T14:53:58.294206Z","level":"info","event":"Scaling row group sizes to 84.44% for 9 writers","logger":"airflow.task.hooks.airflow.providers.standard.hooks.subprocess.SubprocessHook","filename":"subprocess.py","lineno":99}
{"timestamp":"2026-06-02T14:53:58.294260Z","level":"info","event":"26/06/02 14:53:58 INFO CodeGenerator: Code generated in 28.608203 ms","logger":"airflow.task.hooks.airflow.providers.standard.hooks.subprocess.SubprocessHook","filename":"subprocess.py","lineno":99}
{"timestamp":"2026-06-02T14:53:58.294759Z","level":"info","event":"26/06/02 14:53:58 WARN MemoryManager: Total allocation exceeds 95.00% (1,020,054,720 bytes) of heap memory","logger":"airflow.task.hooks.airflow.providers.standard.hooks.subprocess.SubprocessHook","filename":"subprocess.py","lineno":99}
{"timestamp":"2026-06-02T14:53:58.294903Z","level":"info","event":"Scaling row group sizes to 95.00% for 8 writers","logger":"airflow.task.hooks.airflow.providers.standard.hooks.subprocess.SubprocessHook","filename":"subprocess.py","lineno":99}
{"timestamp":"2026-06-02T14:53:58.394133Z","level":"info","event":"26/06/02 14:53:58 INFO Executor: Finished task 7.0 in stage 4.0 (TID 23). 4233 bytes result sent to driver","logger":"airflow.task.hooks.airflow.providers.standard.hooks.subprocess.SubprocessHook","filename":"subprocess.py","lineno":99}
{"timestamp":"2026-06-02T14:53:58.394364Z","level":"info","event":"26/06/02 14:53:58 INFO Executor: Finished task 6.0 in stage 4.0 (TID 22). 4213 bytes result sent to driver","logger":"airflow.task.hooks.airflow.providers.standard.hooks.subprocess.SubprocessHook","filename":"subprocess.py","lineno":99}
{"timestamp":"2026-06-02T14:53:58.394468Z","level":"info","event":"26/06/02 14:53:58 INFO Executor: Finished task 15.0 in stage 4.0 (TID 31). 4229 bytes result sent to driver","logger":"airflow.task.hooks.airflow.providers.standard.hooks.subprocess.SubprocessHook","filename":"subprocess.py","lineno":99}
{"timestamp":"2026-06-02T14:53:58.394620Z","level":"info","event":"26/06/02 14:53:58 INFO Executor: Finished task 8.0 in stage 4.0 (TID 24). 4259 bytes result sent to driver","logger":"airflow.task.hooks.airflow.providers.standard.hooks.subprocess.SubprocessHook","filename":"subprocess.py","lineno":99}
{"timestamp":"2026-06-02T14:53:58.394724Z","level":"info","event":"26/06/02 14:53:58 INFO Executor: Finished task 10.0 in stage 4.0 (TID 26). 4223 bytes result sent to driver","logger":"airflow.task.hooks.airflow.providers.standard.hooks.subprocess.SubprocessHook","filename":"subprocess.py","lineno":99}
{"timestamp":"2026-06-02T14:53:58.394763Z","level":"info","event":"26/06/02 14:53:58 INFO Executor: Finished task 9.0 in stage 4.0 (TID 25). 4209 bytes result sent to driver","logger":"airflow.task.hooks.airflow.providers.standard.hooks.subprocess.SubprocessHook","filename":"subprocess.py","lineno":99}
{"timestamp":"2026-06-02T14:53:58.394788Z","level":"info","event":"26/06/02 14:53:58 INFO Executor: Finished task 3.0 in stage 4.0 (TID 19). 4227 bytes result sent to driver","logger":"airflow.task.hooks.airflow.providers.standard.hooks.subprocess.SubprocessHook","filename":"subprocess.py","lineno":99}
{"timestamp":"2026-06-02T14:53:58.394810Z","level":"info","event":"26/06/02 14:53:58 INFO Executor: Finished task 11.0 in stage 4.0 (TID 27). 4209 bytes result sent to driver","logger":"airflow.task.hooks.airflow.providers.standard.hooks.subprocess.SubprocessHook","filename":"subprocess.py","lineno":99}
{"timestamp":"2026-06-02T14:53:58.394831Z","level":"info","event":"26/06/02 14:53:58 INFO Executor: Finished task 4.0 in stage 4.0 (TID 20). 4199 bytes result sent to driver","logger":"airflow.task.hooks.airflow.providers.standard.hooks.subprocess.SubprocessHook","filename":"subprocess.py","lineno":99}
{"timestamp":"2026-06-02T14:53:58.394881Z","level":"info","event":"26/06/02 14:53:58 INFO Executor: Finished task 5.0 in stage 4.0 (TID 21). 4219 bytes result sent to driver","logger":"airflow.task.hooks.airflow.providers.standard.hooks.subprocess.SubprocessHook","filename":"subprocess.py","lineno":99}
{"timestamp":"2026-06-02T14:53:58.400208Z","level":"info","event":"26/06/02 14:53:58 INFO Executor: Finished task 1.0 in stage 4.0 (TID 17). 4229 bytes result sent to driver","logger":"airflow.task.hooks.airflow.providers.standard.hooks.subprocess.SubprocessHook","filename":"subprocess.py","lineno":99}
{"timestamp":"2026-06-02T14:53:58.400459Z","level":"info","event":"26/06/02 14:53:58 INFO Executor: Finished task 13.0 in stage 4.0 (TID 29). 4235 bytes result sent to driver","logger":"airflow.task.hooks.airflow.providers.standard.hooks.subprocess.SubprocessHook","filename":"subprocess.py","lineno":99}
{"timestamp":"2026-06-02T14:53:58.400604Z","level":"info","event":"26/06/02 14:53:58 INFO Executor: Finished task 0.0 in stage 4.0 (TID 16). 4233 bytes result sent to driver","logger":"airflow.task.hooks.airflow.providers.standard.hooks.subprocess.SubprocessHook","filename":"subprocess.py","lineno":99}
{"timestamp":"2026-06-02T14:53:58.400789Z","level":"info","event":"26/06/02 14:53:58 INFO Executor: Finished task 12.0 in stage 4.0 (TID 28). 4218 bytes result sent to driver","logger":"airflow.task.hooks.airflow.providers.standard.hooks.subprocess.SubprocessHook","filename":"subprocess.py","lineno":99}
{"timestamp":"2026-06-02T14:53:58.400884Z","level":"info","event":"26/06/02 14:53:58 INFO Executor: Finished task 14.0 in stage 4.0 (TID 30). 4196 bytes result sent to driver","logger":"airflow.task.hooks.airflow.providers.standard.hooks.subprocess.SubprocessHook","filename":"subprocess.py","lineno":99}
{"timestamp":"2026-06-02T14:53:58.400956Z","level":"info","event":"26/06/02 14:53:58 INFO Executor: Finished task 2.0 in stage 4.0 (TID 18). 4189 bytes result sent to driver","logger":"airflow.task.hooks.airflow.providers.standard.hooks.subprocess.SubprocessHook","filename":"subprocess.py","lineno":99}
{"timestamp":"2026-06-02T14:53:58.401886Z","level":"info","event":"26/06/02 14:53:58 INFO TaskSetManager: Finished task 7.0 in stage 4.0 (TID 23) in 1773 ms on ac0ccb30c6a7 (executor driver) (1/16)","logger":"airflow.task.hooks.airflow.providers.standard.hooks.subprocess.SubprocessHook","filename":"subprocess.py","lineno":99}
{"timestamp":"2026-06-02T14:53:58.402097Z","level":"info","event":"26/06/02 14:53:58 INFO TaskSetManager: Finished task 8.0 in stage 4.0 (TID 24) in 1773 ms on ac0ccb30c6a7 (executor driver) (2/16)","logger":"airflow.task.hooks.airflow.providers.standard.hooks.subprocess.SubprocessHook","filename":"subprocess.py","lineno":99}
{"timestamp":"2026-06-02T14:53:58.402202Z","level":"info","event":"26/06/02 14:53:58 INFO TaskSetManager: Finished task 9.0 in stage 4.0 (TID 25) in 1773 ms on ac0ccb30c6a7 (executor driver) (3/16)","logger":"airflow.task.hooks.airflow.providers.standard.hooks.subprocess.SubprocessHook","filename":"subprocess.py","lineno":99}
{"timestamp":"2026-06-02T14:53:58.402278Z","level":"info","event":"26/06/02 14:53:58 INFO TaskSetManager: Finished task 10.0 in stage 4.0 (TID 26) in 1774 ms on ac0ccb30c6a7 (executor driver) (4/16)","logger":"airflow.task.hooks.airflow.providers.standard.hooks.subprocess.SubprocessHook","filename":"subprocess.py","lineno":99}
{"timestamp":"2026-06-02T14:53:58.403650Z","level":"info","event":"26/06/02 14:53:58 INFO TaskSetManager: Finished task 11.0 in stage 4.0 (TID 27) in 1774 ms on ac0ccb30c6a7 (executor driver) (5/16)","logger":"airflow.task.hooks.airflow.providers.standard.hooks.subprocess.SubprocessHook","filename":"subprocess.py","lineno":99}
{"timestamp":"2026-06-02T14:53:58.403949Z","level":"info","event":"26/06/02 14:53:58 INFO TaskSetManager: Finished task 3.0 in stage 4.0 (TID 19) in 1778 ms on ac0ccb30c6a7 (executor driver) (6/16)","logger":"airflow.task.hooks.airflow.providers.standard.hooks.subprocess.SubprocessHook","filename":"subprocess.py","lineno":99}
{"timestamp":"2026-06-02T14:53:58.406231Z","level":"info","event":"26/06/02 14:53:58 INFO TaskSetManager: Finished task 6.0 in stage 4.0 (TID 22) in 1778 ms on ac0ccb30c6a7 (executor driver) (7/16)","logger":"airflow.task.hooks.airflow.providers.standard.hooks.subprocess.SubprocessHook","filename":"subprocess.py","lineno":99}
{"timestamp":"2026-06-02T14:53:58.406553Z","level":"info","event":"26/06/02 14:53:58 INFO TaskSetManager: Finished task 5.0 in stage 4.0 (TID 21) in 1779 ms on ac0ccb30c6a7 (executor driver) (8/16)","logger":"airflow.task.hooks.airflow.providers.standard.hooks.subprocess.SubprocessHook","filename":"subprocess.py","lineno":99}
{"timestamp":"2026-06-02T14:53:58.406638Z","level":"info","event":"26/06/02 14:53:58 INFO TaskSetManager: Finished task 15.0 in stage 4.0 (TID 31) in 1773 ms on ac0ccb30c6a7 (executor driver) (9/16)","logger":"airflow.task.hooks.airflow.providers.standard.hooks.subprocess.SubprocessHook","filename":"subprocess.py","lineno":99}
{"timestamp":"2026-06-02T14:53:58.409519Z","level":"info","event":"26/06/02 14:53:58 INFO TaskSetManager: Finished task 4.0 in stage 4.0 (TID 20) in 1782 ms on ac0ccb30c6a7 (executor driver) (10/16)","logger":"airflow.task.hooks.airflow.providers.standard.hooks.subprocess.SubprocessHook","filename":"subprocess.py","lineno":99}
{"timestamp":"2026-06-02T14:53:58.410828Z","level":"info","event":"26/06/02 14:53:58 INFO TaskSetManager: Finished task 13.0 in stage 4.0 (TID 29) in 1780 ms on ac0ccb30c6a7 (executor driver) (11/16)","logger":"airflow.task.hooks.airflow.providers.standard.hooks.subprocess.SubprocessHook","filename":"subprocess.py","lineno":99}
{"timestamp":"2026-06-02T14:53:58.412694Z","level":"info","event":"26/06/02 14:53:58 INFO TaskSetManager: Finished task 1.0 in stage 4.0 (TID 17) in 1788 ms on ac0ccb30c6a7 (executor driver) (12/16)","logger":"airflow.task.hooks.airflow.providers.standard.hooks.subprocess.SubprocessHook","filename":"subprocess.py","lineno":99}
{"timestamp":"2026-06-02T14:53:58.413098Z","level":"info","event":"26/06/02 14:53:58 INFO TaskSetManager: Finished task 12.0 in stage 4.0 (TID 28) in 1782 ms on ac0ccb30c6a7 (executor driver) (13/16)","logger":"airflow.task.hooks.airflow.providers.standard.hooks.subprocess.SubprocessHook","filename":"subprocess.py","lineno":99}
{"timestamp":"2026-06-02T14:53:58.415708Z","level":"info","event":"26/06/02 14:53:58 INFO TaskSetManager: Finished task 0.0 in stage 4.0 (TID 16) in 1791 ms on ac0ccb30c6a7 (executor driver) (14/16)","logger":"airflow.task.hooks.airflow.providers.standard.hooks.subprocess.SubprocessHook","filename":"subprocess.py","lineno":99}
{"timestamp":"2026-06-02T14:53:58.415906Z","level":"info","event":"26/06/02 14:53:58 INFO TaskSetManager: Finished task 14.0 in stage 4.0 (TID 30) in 1783 ms on ac0ccb30c6a7 (executor driver) (15/16)","logger":"airflow.task.hooks.airflow.providers.standard.hooks.subprocess.SubprocessHook","filename":"subprocess.py","lineno":99}
{"timestamp":"2026-06-02T14:53:58.417549Z","level":"info","event":"26/06/02 14:53:58 INFO TaskSetManager: Finished task 2.0 in stage 4.0 (TID 18) in 1791 ms on ac0ccb30c6a7 (executor driver) (16/16)","logger":"airflow.task.hooks.airflow.providers.standard.hooks.subprocess.SubprocessHook","filename":"subprocess.py","lineno":99}
{"timestamp":"2026-06-02T14:53:58.417792Z","level":"info","event":"26/06/02 14:53:58 INFO TaskSchedulerImpl: Removed TaskSet 4.0, whose tasks have all completed, from pool","logger":"airflow.task.hooks.airflow.providers.standard.hooks.subprocess.SubprocessHook","filename":"subprocess.py","lineno":99}
{"timestamp":"2026-06-02T14:53:58.430549Z","level":"info","event":"26/06/02 14:53:58 INFO DAGScheduler: ResultStage 4 (saveAsTable at NativeMethodAccessorImpl.java:0) finished in 1.842 s","logger":"airflow.task.hooks.airflow.providers.standard.hooks.subprocess.SubprocessHook","filename":"subprocess.py","lineno":99}
{"timestamp":"2026-06-02T14:53:58.431398Z","level":"info","event":"26/06/02 14:53:58 INFO DAGScheduler: Job 4 is finished. Cancelling potential speculative or zombie tasks for this job","logger":"airflow.task.hooks.airflow.providers.standard.hooks.subprocess.SubprocessHook","filename":"subprocess.py","lineno":99}
{"timestamp":"2026-06-02T14:53:58.431782Z","level":"info","event":"26/06/02 14:53:58 INFO TaskSchedulerImpl: Killing all running tasks in stage 4: Stage finished","logger":"airflow.task.hooks.airflow.providers.standard.hooks.subprocess.SubprocessHook","filename":"subprocess.py","lineno":99}
{"timestamp":"2026-06-02T14:53:58.431979Z","level":"info","event":"26/06/02 14:53:58 INFO DAGScheduler: Job 4 finished: saveAsTable at NativeMethodAccessorImpl.java:0, took 1.849722 s","logger":"airflow.task.hooks.airflow.providers.standard.hooks.subprocess.SubprocessHook","filename":"subprocess.py","lineno":99}
{"timestamp":"2026-06-02T14:53:58.444188Z","level":"info","event":"26/06/02 14:53:58 INFO DeltaFileFormatWriter: Start to commit write Job 6eda9460-0373-416f-b07e-1777d2a43c10.","logger":"airflow.task.hooks.airflow.providers.standard.hooks.subprocess.SubprocessHook","filename":"subprocess.py","lineno":99}
{"timestamp":"2026-06-02T14:53:58.447794Z","level":"info","event":"26/06/02 14:53:58 INFO DeltaFileFormatWriter: Write Job 6eda9460-0373-416f-b07e-1777d2a43c10 committed. Elapsed time: 2 ms.","logger":"airflow.task.hooks.airflow.providers.standard.hooks.subprocess.SubprocessHook","filename":"subprocess.py","lineno":99}
{"timestamp":"2026-06-02T14:53:58.452297Z","level":"info","event":"26/06/02 14:53:58 INFO DeltaFileFormatWriter: Finished processing stats for write job 6eda9460-0373-416f-b07e-1777d2a43c10.","logger":"airflow.task.hooks.airflow.providers.standard.hooks.subprocess.SubprocessHook","filename":"subprocess.py","lineno":99}
{"timestamp":"2026-06-02T14:53:58.521859Z","level":"info","event":"26/06/02 14:53:58 INFO OptimisticTransaction: [tableId=deca9866,txnId=b6c28813] Attempting to commit version 2 with 17 actions with Serializable isolation level","logger":"airflow.task.hooks.airflow.providers.standard.hooks.subprocess.SubprocessHook","filename":"subprocess.py","lineno":99}
{"timestamp":"2026-06-02T14:53:58.668012Z","level":"info","event":"26/06/02 14:53:58 INFO DeltaLog: Creating a new snapshot v2 for commit version 2","logger":"airflow.task.hooks.airflow.providers.standard.hooks.subprocess.SubprocessHook","filename":"subprocess.py","lineno":99}
{"timestamp":"2026-06-02T14:53:58.668175Z","level":"info","event":"26/06/02 14:53:58 INFO DeltaLog: Loading version 2.","logger":"airflow.task.hooks.airflow.providers.standard.hooks.subprocess.SubprocessHook","filename":"subprocess.py","lineno":99}
{"timestamp":"2026-06-02T14:53:58.672436Z","level":"info","event":"26/06/02 14:53:58 INFO DeltaLogFileIndex: Created DeltaLogFileIndex(JSON, numFilesInSegment: 3, totalFileSize: 24328)","logger":"airflow.task.hooks.airflow.providers.standard.hooks.subprocess.SubprocessHook","filename":"subprocess.py","lineno":99}
{"timestamp":"2026-06-02T14:53:58.736483Z","level":"info","event":"26/06/02 14:53:58 INFO DataSourceStrategy: Pruning directories with:","logger":"airflow.task.hooks.airflow.providers.standard.hooks.subprocess.SubprocessHook","filename":"subprocess.py","lineno":99}
{"timestamp":"2026-06-02T14:53:58.736690Z","level":"info","event":"26/06/02 14:53:58 INFO FileSourceStrategy: Pushed Filters:","logger":"airflow.task.hooks.airflow.providers.standard.hooks.subprocess.SubprocessHook","filename":"subprocess.py","lineno":99}
{"timestamp":"2026-06-02T14:53:58.736738Z","level":"info","event":"26/06/02 14:53:58 INFO FileSourceStrategy: Post-Scan Filters: ((isnotnull(protocol#641.minReaderVersion) OR isnotnull(metaData#640.id)) OR (isnotnull(commitInfo#642.inCommitTimestamp) AND (version#643L = 2)))","logger":"airflow.task.hooks.airflow.providers.standard.hooks.subprocess.SubprocessHook","filename":"subprocess.py","lineno":99}
{"timestamp":"2026-06-02T14:53:58.783371Z","level":"info","event":"26/06/02 14:53:58 INFO CodeGenerator: Code generated in 29.213804 ms","logger":"airflow.task.hooks.airflow.providers.standard.hooks.subprocess.SubprocessHook","filename":"subprocess.py","lineno":99}
{"timestamp":"2026-06-02T14:53:58.790632Z","level":"info","event":"26/06/02 14:53:58 INFO MemoryStore: Block broadcast_6 stored as values in memory (estimated size 202.4 KiB, free 433.7 MiB)","logger":"airflow.task.hooks.airflow.providers.standard.hooks.subprocess.SubprocessHook","filename":"subprocess.py","lineno":99}
{"timestamp":"2026-06-02T14:53:58.806998Z","level":"info","event":"26/06/02 14:53:58 INFO MemoryStore: Block broadcast_6_piece0 stored as bytes in memory (estimated size 35.0 KiB, free 433.7 MiB)","logger":"airflow.task.hooks.airflow.providers.standard.hooks.subprocess.SubprocessHook","filename":"subprocess.py","lineno":99}
{"timestamp":"2026-06-02T14:53:58.808589Z","level":"info","event":"26/06/02 14:53:58 INFO BlockManagerInfo: Added broadcast_6_piece0 in memory on ac0ccb30c6a7:44397 (size: 35.0 KiB, free: 434.2 MiB)","logger":"airflow.task.hooks.airflow.providers.standard.hooks.subprocess.SubprocessHook","filename":"subprocess.py","lineno":99}
{"timestamp":"2026-06-02T14:53:58.809762Z","level":"info","event":"26/06/02 14:53:58 INFO SparkContext: Created broadcast 6 from $anonfun$recordDeltaOperationInternal$1 at DatabricksLogging.scala:128","logger":"airflow.task.hooks.airflow.providers.standard.hooks.subprocess.SubprocessHook","filename":"subprocess.py","lineno":99}
{"timestamp":"2026-06-02T14:53:58.810677Z","level":"info","event":"26/06/02 14:53:58 INFO FileSourceScanExec: Planning scan with bin packing, max size: 4194304 bytes, open cost is considered as scanning 4194304 bytes.","logger":"airflow.task.hooks.airflow.providers.standard.hooks.subprocess.SubprocessHook","filename":"subprocess.py","lineno":99}
{"timestamp":"2026-06-02T14:53:58.850753Z","level":"info","event":"26/06/02 14:53:58 INFO BlockManagerInfo: Removed broadcast_5_piece0 on ac0ccb30c6a7:44397 in memory (size: 124.4 KiB, free: 434.4 MiB)","logger":"airflow.task.hooks.airflow.providers.standard.hooks.subprocess.SubprocessHook","filename":"subprocess.py","lineno":99}
{"timestamp":"2026-06-02T14:53:58.852130Z","level":"info","event":"26/06/02 14:53:58 INFO SparkContext: Starting job: $anonfun$recordDeltaOperationInternal$1 at DatabricksLogging.scala:128","logger":"airflow.task.hooks.airflow.providers.standard.hooks.subprocess.SubprocessHook","filename":"subprocess.py","lineno":99}
{"timestamp":"2026-06-02T14:53:58.853281Z","level":"info","event":"26/06/02 14:53:58 INFO DAGScheduler: Got job 5 ($anonfun$recordDeltaOperationInternal$1 at DatabricksLogging.scala:128) with 3 output partitions","logger":"airflow.task.hooks.airflow.providers.standard.hooks.subprocess.SubprocessHook","filename":"subprocess.py","lineno":99}
{"timestamp":"2026-06-02T14:53:58.853520Z","level":"info","event":"26/06/02 14:53:58 INFO DAGScheduler: Final stage: ResultStage 5 ($anonfun$recordDeltaOperationInternal$1 at DatabricksLogging.scala:128)","logger":"airflow.task.hooks.airflow.providers.standard.hooks.subprocess.SubprocessHook","filename":"subprocess.py","lineno":99}
{"timestamp":"2026-06-02T14:53:58.853653Z","level":"info","event":"26/06/02 14:53:58 INFO DAGScheduler: Parents of final stage: List()","logger":"airflow.task.hooks.airflow.providers.standard.hooks.subprocess.SubprocessHook","filename":"subprocess.py","lineno":99}
{"timestamp":"2026-06-02T14:53:58.853878Z","level":"info","event":"26/06/02 14:53:58 INFO DAGScheduler: Missing parents: List()","logger":"airflow.task.hooks.airflow.providers.standard.hooks.subprocess.SubprocessHook","filename":"subprocess.py","lineno":99}
{"timestamp":"2026-06-02T14:53:58.856564Z","level":"info","event":"26/06/02 14:53:58 INFO DAGScheduler: Submitting ResultStage 5 (MapPartitionsRDD[15] at $anonfun$recordDeltaOperationInternal$1 at DatabricksLogging.scala:128), which has no missing parents","logger":"airflow.task.hooks.airflow.providers.standard.hooks.subprocess.SubprocessHook","filename":"subprocess.py","lineno":99}
{"timestamp":"2026-06-02T14:53:58.862516Z","level":"info","event":"26/06/02 14:53:58 INFO MemoryStore: Block broadcast_7 stored as values in memory (estimated size 55.2 KiB, free 434.1 MiB)","logger":"airflow.task.hooks.airflow.providers.standard.hooks.subprocess.SubprocessHook","filename":"subprocess.py","lineno":99}
{"timestamp":"2026-06-02T14:53:58.864311Z","level":"info","event":"26/06/02 14:53:58 INFO MemoryStore: Block broadcast_7_piece0 stored as bytes in memory (estimated size 17.2 KiB, free 434.1 MiB)","logger":"airflow.task.hooks.airflow.providers.standard.hooks.subprocess.SubprocessHook","filename":"subprocess.py","lineno":99}
{"timestamp":"2026-06-02T14:53:58.866087Z","level":"info","event":"26/06/02 14:53:58 INFO BlockManagerInfo: Added broadcast_7_piece0 in memory on ac0ccb30c6a7:44397 (size: 17.2 KiB, free: 434.3 MiB)","logger":"airflow.task.hooks.airflow.providers.standard.hooks.subprocess.SubprocessHook","filename":"subprocess.py","lineno":99}
{"timestamp":"2026-06-02T14:53:58.866400Z","level":"info","event":"26/06/02 14:53:58 INFO SparkContext: Created broadcast 7 from broadcast at DAGScheduler.scala:1611","logger":"airflow.task.hooks.airflow.providers.standard.hooks.subprocess.SubprocessHook","filename":"subprocess.py","lineno":99}
{"timestamp":"2026-06-02T14:53:58.867554Z","level":"info","event":"26/06/02 14:53:58 INFO DAGScheduler: Submitting 3 missing tasks from ResultStage 5 (MapPartitionsRDD[15] at $anonfun$recordDeltaOperationInternal$1 at DatabricksLogging.scala:128) (first 15 tasks are for partitions Vector(0, 1, 2))","logger":"airflow.task.hooks.airflow.providers.standard.hooks.subprocess.SubprocessHook","filename":"subprocess.py","lineno":99}
{"timestamp":"2026-06-02T14:53:58.867716Z","level":"info","event":"26/06/02 14:53:58 INFO TaskSchedulerImpl: Adding task set 5.0 with 3 tasks resource profile 0","logger":"airflow.task.hooks.airflow.providers.standard.hooks.subprocess.SubprocessHook","filename":"subprocess.py","lineno":99}
{"timestamp":"2026-06-02T14:53:58.871588Z","level":"info","event":"26/06/02 14:53:58 INFO TaskSetManager: Starting task 0.0 in stage 5.0 (TID 32) (ac0ccb30c6a7, executor driver, partition 0, PROCESS_LOCAL, 9679 bytes)","logger":"airflow.task.hooks.airflow.providers.standard.hooks.subprocess.SubprocessHook","filename":"subprocess.py","lineno":99}
{"timestamp":"2026-06-02T14:53:58.871792Z","level":"info","event":"26/06/02 14:53:58 INFO TaskSetManager: Starting task 1.0 in stage 5.0 (TID 33) (ac0ccb30c6a7, executor driver, partition 1, PROCESS_LOCAL, 9679 bytes)","logger":"airflow.task.hooks.airflow.providers.standard.hooks.subprocess.SubprocessHook","filename":"subprocess.py","lineno":99}
{"timestamp":"2026-06-02T14:53:58.871869Z","level":"info","event":"26/06/02 14:53:58 INFO TaskSetManager: Starting task 2.0 in stage 5.0 (TID 34) (ac0ccb30c6a7, executor driver, partition 2, PROCESS_LOCAL, 9679 bytes)","logger":"airflow.task.hooks.airflow.providers.standard.hooks.subprocess.SubprocessHook","filename":"subprocess.py","lineno":99}
{"timestamp":"2026-06-02T14:53:58.872551Z","level":"info","event":"26/06/02 14:53:58 INFO Executor: Running task 0.0 in stage 5.0 (TID 32)","logger":"airflow.task.hooks.airflow.providers.standard.hooks.subprocess.SubprocessHook","filename":"subprocess.py","lineno":99}
{"timestamp":"2026-06-02T14:53:58.872743Z","level":"info","event":"26/06/02 14:53:58 INFO Executor: Running task 1.0 in stage 5.0 (TID 33)","logger":"airflow.task.hooks.airflow.providers.standard.hooks.subprocess.SubprocessHook","filename":"subprocess.py","lineno":99}
{"timestamp":"2026-06-02T14:53:58.872987Z","level":"info","event":"26/06/02 14:53:58 INFO Executor: Running task 2.0 in stage 5.0 (TID 34)","logger":"airflow.task.hooks.airflow.providers.standard.hooks.subprocess.SubprocessHook","filename":"subprocess.py","lineno":99}
{"timestamp":"2026-06-02T14:53:58.918333Z","level":"info","event":"26/06/02 14:53:58 INFO CodeGenerator: Code generated in 34.311178 ms","logger":"airflow.task.hooks.airflow.providers.standard.hooks.subprocess.SubprocessHook","filename":"subprocess.py","lineno":99}
{"timestamp":"2026-06-02T14:53:58.922164Z","level":"info","event":"26/06/02 14:53:58 INFO FileScanRDD: Reading File path: s3a://silver/industry_product/_delta_log/00000000000000000002.json, range: 0-11572, partition values: [2]","logger":"airflow.task.hooks.airflow.providers.standard.hooks.subprocess.SubprocessHook","filename":"subprocess.py","lineno":99}
{"timestamp":"2026-06-02T14:53:58.922441Z","level":"info","event":"26/06/02 14:53:58 INFO FileScanRDD: Reading File path: s3a://silver/industry_product/_delta_log/00000000000000000001.json, range: 0-11572, partition values: [1]","logger":"airflow.task.hooks.airflow.providers.standard.hooks.subprocess.SubprocessHook","filename":"subprocess.py","lineno":99}
{"timestamp":"2026-06-02T14:53:58.922566Z","level":"info","event":"26/06/02 14:53:58 INFO FileScanRDD: Reading File path: s3a://silver/industry_product/_delta_log/00000000000000000000.json, range: 0-1184, partition values: [0]","logger":"airflow.task.hooks.airflow.providers.standard.hooks.subprocess.SubprocessHook","filename":"subprocess.py","lineno":99}
{"timestamp":"2026-06-02T14:53:58.962458Z","level":"info","event":"26/06/02 14:53:58 INFO Executor: Finished task 2.0 in stage 5.0 (TID 34). 1964 bytes result sent to driver","logger":"airflow.task.hooks.airflow.providers.standard.hooks.subprocess.SubprocessHook","filename":"subprocess.py","lineno":99}
{"timestamp":"2026-06-02T14:53:58.964956Z","level":"info","event":"26/06/02 14:53:58 INFO TaskSetManager: Finished task 2.0 in stage 5.0 (TID 34) in 93 ms on ac0ccb30c6a7 (executor driver) (1/3)","logger":"airflow.task.hooks.airflow.providers.standard.hooks.subprocess.SubprocessHook","filename":"subprocess.py","lineno":99}
{"timestamp":"2026-06-02T14:53:58.972756Z","level":"info","event":"26/06/02 14:53:58 INFO Executor: Finished task 0.0 in stage 5.0 (TID 32). 1587 bytes result sent to driver","logger":"airflow.task.hooks.airflow.providers.standard.hooks.subprocess.SubprocessHook","filename":"subprocess.py","lineno":99}
{"timestamp":"2026-06-02T14:53:58.973047Z","level":"info","event":"26/06/02 14:53:58 INFO Executor: Finished task 1.0 in stage 5.0 (TID 33). 1587 bytes result sent to driver","logger":"airflow.task.hooks.airflow.providers.standard.hooks.subprocess.SubprocessHook","filename":"subprocess.py","lineno":99}
{"timestamp":"2026-06-02T14:53:58.973179Z","level":"info","event":"26/06/02 14:53:58 INFO TaskSetManager: Finished task 0.0 in stage 5.0 (TID 32) in 104 ms on ac0ccb30c6a7 (executor driver) (2/3)","logger":"airflow.task.hooks.airflow.providers.standard.hooks.subprocess.SubprocessHook","filename":"subprocess.py","lineno":99}
{"timestamp":"2026-06-02T14:53:58.973637Z","level":"info","event":"26/06/02 14:53:58 INFO TaskSetManager: Finished task 1.0 in stage 5.0 (TID 33) in 103 ms on ac0ccb30c6a7 (executor driver) (3/3)","logger":"airflow.task.hooks.airflow.providers.standard.hooks.subprocess.SubprocessHook","filename":"subprocess.py","lineno":99}
{"timestamp":"2026-06-02T14:53:58.973805Z","level":"info","event":"26/06/02 14:53:58 INFO TaskSchedulerImpl: Removed TaskSet 5.0, whose tasks have all completed, from pool","logger":"airflow.task.hooks.airflow.providers.standard.hooks.subprocess.SubprocessHook","filename":"subprocess.py","lineno":99}
{"timestamp":"2026-06-02T14:53:58.975203Z","level":"info","event":"26/06/02 14:53:58 INFO DAGScheduler: ResultStage 5 ($anonfun$recordDeltaOperationInternal$1 at DatabricksLogging.scala:128) finished in 0.115 s","logger":"airflow.task.hooks.airflow.providers.standard.hooks.subprocess.SubprocessHook","filename":"subprocess.py","lineno":99}
{"timestamp":"2026-06-02T14:53:58.975383Z","level":"info","event":"26/06/02 14:53:58 INFO DAGScheduler: Job 5 is finished. Cancelling potential speculative or zombie tasks for this job","logger":"airflow.task.hooks.airflow.providers.standard.hooks.subprocess.SubprocessHook","filename":"subprocess.py","lineno":99}
{"timestamp":"2026-06-02T14:53:58.975430Z","level":"info","event":"26/06/02 14:53:58 INFO TaskSchedulerImpl: Killing all running tasks in stage 5: Stage finished","logger":"airflow.task.hooks.airflow.providers.standard.hooks.subprocess.SubprocessHook","filename":"subprocess.py","lineno":99}
{"timestamp":"2026-06-02T14:53:58.975458Z","level":"info","event":"26/06/02 14:53:58 INFO DAGScheduler: Job 5 finished: $anonfun$recordDeltaOperationInternal$1 at DatabricksLogging.scala:128, took 0.123580 s","logger":"airflow.task.hooks.airflow.providers.standard.hooks.subprocess.SubprocessHook","filename":"subprocess.py","lineno":99}
{"timestamp":"2026-06-02T14:53:58.985039Z","level":"info","event":"26/06/02 14:53:58 INFO Snapshot: [tableId=deca9866-c8fe-4359-a609-1676ffd1d0b8] Created snapshot Snapshot(path=s3a://silver/industry_product/_delta_log, version=2, metadata=Metadata(deca9866-c8fe-4359-a609-1676ffd1d0b8,null,null,Format(parquet,Map()),{\"type\":\"struct\",\"fields\":[{\"name\":\"product_name\",\"type\":\"string\",\"nullable\":true,\"metadata\":{}},{\"name\":\"value\",\"type\":\"double\",\"nullable\":true,\"metadata\":{}},{\"name\":\"unit\",\"type\":\"string\",\"nullable\":true,\"metadata\":{}},{\"name\":\"month\",\"type\":\"integer\",\"nullable\":true,\"metadata\":{}},{\"name\":\"quarter\",\"type\":\"integer\",\"nullable\":true,\"metadata\":{}},{\"name\":\"year\",\"type\":\"integer\",\"nullable\":true,\"metadata\":{}},{\"name\":\"ingest_at\",\"type\":\"timestamp\",\"nullable\":true,\"metadata\":{}}]},List(),Map(),Some(1780409957465)), logSegment=LogSegment(s3a://silver/industry_product/_delta_log,2,ArrayBuffer(S3AFileStatus{path=s3a://silver/industry_product/_delta_log/00000000000000000000.json; isDirectory=false; length=1184; replication=1; blocksize=33554432; modification_time=1780409957533; access_time=0; owner=spark; group=spark; permission=rw-rw-rw-; isSymlink=false; hasAcl=false; isEncrypted=true; isErasureCoded=false} isEmptyDirectory=FALSE eTag=472f23d30ab336ff68b7d2ef92347a15 versionId=null, S3AFileStatus{path=s3a://silver/industry_product/_delta_log/00000000000000000001.json; isDirectory=false; length=11572; replication=1; blocksize=33554432; modification_time=1780409976640; access_time=0; owner=spark; group=spark; permission=rw-rw-rw-; isSymlink=false; hasAcl=false; isEncrypted=true; isErasureCoded=false} isEmptyDirectory=FALSE eTag=db60aba020d58ba1098426712981fc6e versionId=null, S3AFileStatus{path=s3a://silver/industry_product/_delta_log/00000000000000000002.json; isDirectory=false; length=11572; replication=1; blocksize=33554432; modification_time=1780412038000; access_time=0; owner=spark; group=spark; permission=rw-rw-rw-; isSymlink=false; hasAcl=false; isEncrypted=true; isErasureCoded=false} isEmptyDirectory=FALSE eTag=32ce6fc07b3c25877dce134cfbc23fbe versionId=null),org.apache.spark.sql.delta.EmptyCheckpointProvider$@151220c5,1780412038000), checksumOpt=None)","logger":"airflow.task.hooks.airflow.providers.standard.hooks.subprocess.SubprocessHook","filename":"subprocess.py","lineno":99}
{"timestamp":"2026-06-02T14:53:58.986473Z","level":"info","event":"26/06/02 14:53:58 INFO DeltaLog: Updated snapshot to Snapshot(path=s3a://silver/industry_product/_delta_log, version=2, metadata=Metadata(deca9866-c8fe-4359-a609-1676ffd1d0b8,null,null,Format(parquet,Map()),{\"type\":\"struct\",\"fields\":[{\"name\":\"product_name\",\"type\":\"string\",\"nullable\":true,\"metadata\":{}},{\"name\":\"value\",\"type\":\"double\",\"nullable\":true,\"metadata\":{}},{\"name\":\"unit\",\"type\":\"string\",\"nullable\":true,\"metadata\":{}},{\"name\":\"month\",\"type\":\"integer\",\"nullable\":true,\"metadata\":{}},{\"name\":\"quarter\",\"type\":\"integer\",\"nullable\":true,\"metadata\":{}},{\"name\":\"year\",\"type\":\"integer\",\"nullable\":true,\"metadata\":{}},{\"name\":\"ingest_at\",\"type\":\"timestamp\",\"nullable\":true,\"metadata\":{}}]},List(),Map(),Some(1780409957465)), logSegment=LogSegment(s3a://silver/industry_product/_delta_log,2,ArrayBuffer(S3AFileStatus{path=s3a://silver/industry_product/_delta_log/00000000000000000000.json; isDirectory=false; length=1184; replication=1; blocksize=33554432; modification_time=1780409957533; access_time=0; owner=spark; group=spark; permission=rw-rw-rw-; isSymlink=false; hasAcl=false; isEncrypted=true; isErasureCoded=false} isEmptyDirectory=FALSE eTag=472f23d30ab336ff68b7d2ef92347a15 versionId=null, S3AFileStatus{path=s3a://silver/industry_product/_delta_log/00000000000000000001.json; isDirectory=false; length=11572; replication=1; blocksize=33554432; modification_time=1780409976640; access_time=0; owner=spark; group=spark; permission=rw-rw-rw-; isSymlink=false; hasAcl=false; isEncrypted=true; isErasureCoded=false} isEmptyDirectory=FALSE eTag=db60aba020d58ba1098426712981fc6e versionId=null, S3AFileStatus{path=s3a://silver/industry_product/_delta_log/00000000000000000002.json; isDirectory=false; length=11572; replication=1; blocksize=33554432; modification_time=1780412038000; access_time=0; owner=spark; group=spark; permission=rw-rw-rw-; isSymlink=false; hasAcl=false; isEncrypted=true; isErasureCoded=false} isEmptyDirectory=FALSE eTag=32ce6fc07b3c25877dce134cfbc23fbe versionId=null),org.apache.spark.sql.delta.EmptyCheckpointProvider$@151220c5,1780412038000), checksumOpt=None)","logger":"airflow.task.hooks.airflow.providers.standard.hooks.subprocess.SubprocessHook","filename":"subprocess.py","lineno":99}
{"timestamp":"2026-06-02T14:53:59.037168Z","level":"info","event":"26/06/02 14:53:59 INFO OptimisticTransaction: [tableId=deca9866,txnId=b6c28813] Committed delta #2 to s3a://silver/industry_product/_delta_log","logger":"airflow.task.hooks.airflow.providers.standard.hooks.subprocess.SubprocessHook","filename":"subprocess.py","lineno":99}
{"timestamp":"2026-06-02T14:53:59.040422Z","level":"info","event":"Tải dữ liệu vào table: industry_product hoàn tất !!!!!!!! 2025 4","logger":"airflow.task.hooks.airflow.providers.standard.hooks.subprocess.SubprocessHook","filename":"subprocess.py","lineno":99}
{"timestamp":"2026-06-02T14:53:59.047504Z","level":"info","event":"Bắt đầu insert dữ liệu vào SILVER layer","logger":"airflow.task.hooks.airflow.providers.standard.hooks.subprocess.SubprocessHook","filename":"subprocess.py","lineno":99}
{"timestamp":"2026-06-02T14:53:59.110032Z","level":"info","event":"root","logger":"airflow.task.hooks.airflow.providers.standard.hooks.subprocess.SubprocessHook","filename":"subprocess.py","lineno":99}
{"timestamp":"2026-06-02T14:53:59.110284Z","level":"info","event":" |-- livestock_indicator: string (nullable = true)","logger":"airflow.task.hooks.airflow.providers.standard.hooks.subprocess.SubprocessHook","filename":"subprocess.py","lineno":99}
{"timestamp":"2026-06-02T14:53:59.110382Z","level":"info","event":" |-- value: double (nullable = true)","logger":"airflow.task.hooks.airflow.providers.standard.hooks.subprocess.SubprocessHook","filename":"subprocess.py","lineno":99}
{"timestamp":"2026-06-02T14:53:59.110455Z","level":"info","event":" |-- unit: string (nullable = true)","logger":"airflow.task.hooks.airflow.providers.standard.hooks.subprocess.SubprocessHook","filename":"subprocess.py","lineno":99}
{"timestamp":"2026-06-02T14:53:59.110520Z","level":"info","event":" |-- quarter: integer (nullable = true)","logger":"airflow.task.hooks.airflow.providers.standard.hooks.subprocess.SubprocessHook","filename":"subprocess.py","lineno":99}
{"timestamp":"2026-06-02T14:53:59.110585Z","level":"info","event":" |-- year: integer (nullable = true)","logger":"airflow.task.hooks.airflow.providers.standard.hooks.subprocess.SubprocessHook","filename":"subprocess.py","lineno":99}
{"timestamp":"2026-06-02T14:53:59.110645Z","level":"info","event":" |-- ingest_at: timestamp (nullable = true)","logger":"airflow.task.hooks.airflow.providers.standard.hooks.subprocess.SubprocessHook","filename":"subprocess.py","lineno":99}
{"timestamp":"2026-06-02T14:53:59.110706Z","level":"info","event":"","logger":"airflow.task.hooks.airflow.providers.standard.hooks.subprocess.SubprocessHook","filename":"subprocess.py","lineno":99}
{"timestamp":"2026-06-02T14:53:59.110768Z","level":"info","event":"Đang tải dữ liệu vào SILVER.Livestock !!!!!","logger":"airflow.task.hooks.airflow.providers.standard.hooks.subprocess.SubprocessHook","filename":"subprocess.py","lineno":99}
{"timestamp":"2026-06-02T14:53:59.127067Z","level":"info","event":"26/06/02 14:53:59 INFO BlockManagerInfo: Removed broadcast_7_piece0 on ac0ccb30c6a7:44397 in memory (size: 17.2 KiB, free: 434.4 MiB)","logger":"airflow.task.hooks.airflow.providers.standard.hooks.subprocess.SubprocessHook","filename":"subprocess.py","lineno":99}
{"timestamp":"2026-06-02T14:53:59.132849Z","level":"info","event":"26/06/02 14:53:59 INFO BlockManagerInfo: Removed broadcast_6_piece0 on ac0ccb30c6a7:44397 in memory (size: 35.0 KiB, free: 434.4 MiB)","logger":"airflow.task.hooks.airflow.providers.standard.hooks.subprocess.SubprocessHook","filename":"subprocess.py","lineno":99}
{"timestamp":"2026-06-02T14:53:59.182224Z","level":"info","event":"26/06/02 14:53:59 INFO CodeGenerator: Code generated in 7.639459 ms","logger":"airflow.task.hooks.airflow.providers.standard.hooks.subprocess.SubprocessHook","filename":"subprocess.py","lineno":99}
{"timestamp":"2026-06-02T14:53:59.199683Z","level":"info","event":"26/06/02 14:53:59 INFO SparkContext: Starting job: showString at NativeMethodAccessorImpl.java:0","logger":"airflow.task.hooks.airflow.providers.standard.hooks.subprocess.SubprocessHook","filename":"subprocess.py","lineno":99}
{"timestamp":"2026-06-02T14:53:59.201168Z","level":"info","event":"26/06/02 14:53:59 INFO DAGScheduler: Got job 6 (showString at NativeMethodAccessorImpl.java:0) with 1 output partitions","logger":"airflow.task.hooks.airflow.providers.standard.hooks.subprocess.SubprocessHook","filename":"subprocess.py","lineno":99}
{"timestamp":"2026-06-02T14:53:59.201410Z","level":"info","event":"26/06/02 14:53:59 INFO DAGScheduler: Final stage: ResultStage 6 (showString at NativeMethodAccessorImpl.java:0)","logger":"airflow.task.hooks.airflow.providers.standard.hooks.subprocess.SubprocessHook","filename":"subprocess.py","lineno":99}
{"timestamp":"2026-06-02T14:53:59.201506Z","level":"info","event":"26/06/02 14:53:59 INFO DAGScheduler: Parents of final stage: List()","logger":"airflow.task.hooks.airflow.providers.standard.hooks.subprocess.SubprocessHook","filename":"subprocess.py","lineno":99}
{"timestamp":"2026-06-02T14:53:59.205599Z","level":"info","event":"26/06/02 14:53:59 INFO DAGScheduler: Missing parents: List()","logger":"airflow.task.hooks.airflow.providers.standard.hooks.subprocess.SubprocessHook","filename":"subprocess.py","lineno":99}
{"timestamp":"2026-06-02T14:53:59.206049Z","level":"info","event":"26/06/02 14:53:59 INFO DAGScheduler: Submitting ResultStage 6 (MapPartitionsRDD[22] at showString at NativeMethodAccessorImpl.java:0), which has no missing parents","logger":"airflow.task.hooks.airflow.providers.standard.hooks.subprocess.SubprocessHook","filename":"subprocess.py","lineno":99}
{"timestamp":"2026-06-02T14:53:59.208681Z","level":"info","event":"26/06/02 14:53:59 INFO MemoryStore: Block broadcast_8 stored as values in memory (estimated size 15.3 KiB, free 434.4 MiB)","logger":"airflow.task.hooks.airflow.providers.standard.hooks.subprocess.SubprocessHook","filename":"subprocess.py","lineno":99}
{"timestamp":"2026-06-02T14:53:59.216007Z","level":"info","event":"26/06/02 14:53:59 INFO MemoryStore: Block broadcast_8_piece0 stored as bytes in memory (estimated size 7.6 KiB, free 434.4 MiB)","logger":"airflow.task.hooks.airflow.providers.standard.hooks.subprocess.SubprocessHook","filename":"subprocess.py","lineno":99}
{"timestamp":"2026-06-02T14:53:59.217415Z","level":"info","event":"26/06/02 14:53:59 INFO BlockManagerInfo: Added broadcast_8_piece0 in memory on ac0ccb30c6a7:44397 (size: 7.6 KiB, free: 434.4 MiB)","logger":"airflow.task.hooks.airflow.providers.standard.hooks.subprocess.SubprocessHook","filename":"subprocess.py","lineno":99}
{"timestamp":"2026-06-02T14:53:59.218188Z","level":"info","event":"26/06/02 14:53:59 INFO SparkContext: Created broadcast 8 from broadcast at DAGScheduler.scala:1611","logger":"airflow.task.hooks.airflow.providers.standard.hooks.subprocess.SubprocessHook","filename":"subprocess.py","lineno":99}
{"timestamp":"2026-06-02T14:53:59.220073Z","level":"info","event":"26/06/02 14:53:59 INFO DAGScheduler: Submitting 1 missing tasks from ResultStage 6 (MapPartitionsRDD[22] at showString at NativeMethodAccessorImpl.java:0) (first 15 tasks are for partitions Vector(0))","logger":"airflow.task.hooks.airflow.providers.standard.hooks.subprocess.SubprocessHook","filename":"subprocess.py","lineno":99}
{"timestamp":"2026-06-02T14:53:59.220348Z","level":"info","event":"26/06/02 14:53:59 INFO TaskSchedulerImpl: Adding task set 6.0 with 1 tasks resource profile 0","logger":"airflow.task.hooks.airflow.providers.standard.hooks.subprocess.SubprocessHook","filename":"subprocess.py","lineno":99}
{"timestamp":"2026-06-02T14:53:59.221611Z","level":"info","event":"26/06/02 14:53:59 INFO TaskSetManager: Starting task 0.0 in stage 6.0 (TID 35) (ac0ccb30c6a7, executor driver, partition 0, PROCESS_LOCAL, 8979 bytes)","logger":"airflow.task.hooks.airflow.providers.standard.hooks.subprocess.SubprocessHook","filename":"subprocess.py","lineno":99}
{"timestamp":"2026-06-02T14:53:59.222402Z","level":"info","event":"26/06/02 14:53:59 INFO Executor: Running task 0.0 in stage 6.0 (TID 35)","logger":"airflow.task.hooks.airflow.providers.standard.hooks.subprocess.SubprocessHook","filename":"subprocess.py","lineno":99}
{"timestamp":"2026-06-02T14:53:59.244865Z","level":"info","event":"26/06/02 14:53:59 INFO CodeGenerator: Code generated in 12.364088 ms","logger":"airflow.task.hooks.airflow.providers.standard.hooks.subprocess.SubprocessHook","filename":"subprocess.py","lineno":99}
{"timestamp":"2026-06-02T14:53:59.323406Z","level":"info","event":"26/06/02 14:53:59 INFO PythonRunner: Times: total = 94, boot = -2140, init = 2234, finish = 0","logger":"airflow.task.hooks.airflow.providers.standard.hooks.subprocess.SubprocessHook","filename":"subprocess.py","lineno":99}
{"timestamp":"2026-06-02T14:53:59.328137Z","level":"info","event":"26/06/02 14:53:59 INFO Executor: Finished task 0.0 in stage 6.0 (TID 35). 1843 bytes result sent to driver","logger":"airflow.task.hooks.airflow.providers.standard.hooks.subprocess.SubprocessHook","filename":"subprocess.py","lineno":99}
{"timestamp":"2026-06-02T14:53:59.330120Z","level":"info","event":"26/06/02 14:53:59 INFO TaskSetManager: Finished task 0.0 in stage 6.0 (TID 35) in 108 ms on ac0ccb30c6a7 (executor driver) (1/1)","logger":"airflow.task.hooks.airflow.providers.standard.hooks.subprocess.SubprocessHook","filename":"subprocess.py","lineno":99}
{"timestamp":"2026-06-02T14:53:59.330375Z","level":"info","event":"26/06/02 14:53:59 INFO TaskSchedulerImpl: Removed TaskSet 6.0, whose tasks have all completed, from pool","logger":"airflow.task.hooks.airflow.providers.standard.hooks.subprocess.SubprocessHook","filename":"subprocess.py","lineno":99}
{"timestamp":"2026-06-02T14:53:59.331145Z","level":"info","event":"26/06/02 14:53:59 INFO DAGScheduler: ResultStage 6 (showString at NativeMethodAccessorImpl.java:0) finished in 0.124 s","logger":"airflow.task.hooks.airflow.providers.standard.hooks.subprocess.SubprocessHook","filename":"subprocess.py","lineno":99}
{"timestamp":"2026-06-02T14:53:59.331768Z","level":"info","event":"26/06/02 14:53:59 INFO DAGScheduler: Job 6 is finished. Cancelling potential speculative or zombie tasks for this job","logger":"airflow.task.hooks.airflow.providers.standard.hooks.subprocess.SubprocessHook","filename":"subprocess.py","lineno":99}
{"timestamp":"2026-06-02T14:53:59.333082Z","level":"info","event":"26/06/02 14:53:59 INFO TaskSchedulerImpl: Killing all running tasks in stage 6: Stage finished","logger":"airflow.task.hooks.airflow.providers.standard.hooks.subprocess.SubprocessHook","filename":"subprocess.py","lineno":99}
{"timestamp":"2026-06-02T14:53:59.333382Z","level":"info","event":"26/06/02 14:53:59 INFO DAGScheduler: Job 6 finished: showString at NativeMethodAccessorImpl.java:0, took 0.134196 s","logger":"airflow.task.hooks.airflow.providers.standard.hooks.subprocess.SubprocessHook","filename":"subprocess.py","lineno":99}
{"timestamp":"2026-06-02T14:53:59.346165Z","level":"info","event":"26/06/02 14:53:59 INFO SparkContext: Starting job: showString at NativeMethodAccessorImpl.java:0","logger":"airflow.task.hooks.airflow.providers.standard.hooks.subprocess.SubprocessHook","filename":"subprocess.py","lineno":99}
{"timestamp":"2026-06-02T14:53:59.347329Z","level":"info","event":"26/06/02 14:53:59 INFO DAGScheduler: Got job 7 (showString at NativeMethodAccessorImpl.java:0) with 4 output partitions","logger":"airflow.task.hooks.airflow.providers.standard.hooks.subprocess.SubprocessHook","filename":"subprocess.py","lineno":99}
{"timestamp":"2026-06-02T14:53:59.347597Z","level":"info","event":"26/06/02 14:53:59 INFO DAGScheduler: Final stage: ResultStage 7 (showString at NativeMethodAccessorImpl.java:0)","logger":"airflow.task.hooks.airflow.providers.standard.hooks.subprocess.SubprocessHook","filename":"subprocess.py","lineno":99}
{"timestamp":"2026-06-02T14:53:59.347725Z","level":"info","event":"26/06/02 14:53:59 INFO DAGScheduler: Parents of final stage: List()","logger":"airflow.task.hooks.airflow.providers.standard.hooks.subprocess.SubprocessHook","filename":"subprocess.py","lineno":99}
{"timestamp":"2026-06-02T14:53:59.347802Z","level":"info","event":"26/06/02 14:53:59 INFO DAGScheduler: Missing parents: List()","logger":"airflow.task.hooks.airflow.providers.standard.hooks.subprocess.SubprocessHook","filename":"subprocess.py","lineno":99}
{"timestamp":"2026-06-02T14:53:59.349154Z","level":"info","event":"26/06/02 14:53:59 INFO DAGScheduler: Submitting ResultStage 7 (MapPartitionsRDD[22] at showString at NativeMethodAccessorImpl.java:0), which has no missing parents","logger":"airflow.task.hooks.airflow.providers.standard.hooks.subprocess.SubprocessHook","filename":"subprocess.py","lineno":99}
{"timestamp":"2026-06-02T14:53:59.352555Z","level":"info","event":"26/06/02 14:53:59 INFO MemoryStore: Block broadcast_9 stored as values in memory (estimated size 15.3 KiB, free 434.4 MiB)","logger":"airflow.task.hooks.airflow.providers.standard.hooks.subprocess.SubprocessHook","filename":"subprocess.py","lineno":99}
{"timestamp":"2026-06-02T14:53:59.354133Z","level":"info","event":"26/06/02 14:53:59 INFO MemoryStore: Block broadcast_9_piece0 stored as bytes in memory (estimated size 7.6 KiB, free 434.4 MiB)","logger":"airflow.task.hooks.airflow.providers.standard.hooks.subprocess.SubprocessHook","filename":"subprocess.py","lineno":99}
{"timestamp":"2026-06-02T14:53:59.355440Z","level":"info","event":"26/06/02 14:53:59 INFO BlockManagerInfo: Added broadcast_9_piece0 in memory on ac0ccb30c6a7:44397 (size: 7.6 KiB, free: 434.4 MiB)","logger":"airflow.task.hooks.airflow.providers.standard.hooks.subprocess.SubprocessHook","filename":"subprocess.py","lineno":99}
{"timestamp":"2026-06-02T14:53:59.356080Z","level":"info","event":"26/06/02 14:53:59 INFO SparkContext: Created broadcast 9 from broadcast at DAGScheduler.scala:1611","logger":"airflow.task.hooks.airflow.providers.standard.hooks.subprocess.SubprocessHook","filename":"subprocess.py","lineno":99}
{"timestamp":"2026-06-02T14:53:59.357032Z","level":"info","event":"26/06/02 14:53:59 INFO DAGScheduler: Submitting 4 missing tasks from ResultStage 7 (MapPartitionsRDD[22] at showString at NativeMethodAccessorImpl.java:0) (first 15 tasks are for partitions Vector(1, 2, 3, 4))","logger":"airflow.task.hooks.airflow.providers.standard.hooks.subprocess.SubprocessHook","filename":"subprocess.py","lineno":99}
{"timestamp":"2026-06-02T14:53:59.357741Z","level":"info","event":"26/06/02 14:53:59 INFO TaskSchedulerImpl: Adding task set 7.0 with 4 tasks resource profile 0","logger":"airflow.task.hooks.airflow.providers.standard.hooks.subprocess.SubprocessHook","filename":"subprocess.py","lineno":99}
{"timestamp":"2026-06-02T14:53:59.360139Z","level":"info","event":"26/06/02 14:53:59 INFO TaskSetManager: Starting task 0.0 in stage 7.0 (TID 36) (ac0ccb30c6a7, executor driver, partition 1, PROCESS_LOCAL, 8979 bytes)","logger":"airflow.task.hooks.airflow.providers.standard.hooks.subprocess.SubprocessHook","filename":"subprocess.py","lineno":99}
{"timestamp":"2026-06-02T14:53:59.360413Z","level":"info","event":"26/06/02 14:53:59 INFO TaskSetManager: Starting task 1.0 in stage 7.0 (TID 37) (ac0ccb30c6a7, executor driver, partition 2, PROCESS_LOCAL, 9060 bytes)","logger":"airflow.task.hooks.airflow.providers.standard.hooks.subprocess.SubprocessHook","filename":"subprocess.py","lineno":99}
{"timestamp":"2026-06-02T14:53:59.360928Z","level":"info","event":"26/06/02 14:53:59 INFO TaskSetManager: Starting task 2.0 in stage 7.0 (TID 38) (ac0ccb30c6a7, executor driver, partition 3, PROCESS_LOCAL, 8979 bytes)","logger":"airflow.task.hooks.airflow.providers.standard.hooks.subprocess.SubprocessHook","filename":"subprocess.py","lineno":99}
{"timestamp":"2026-06-02T14:53:59.361320Z","level":"info","event":"26/06/02 14:53:59 INFO TaskSetManager: Starting task 3.0 in stage 7.0 (TID 39) (ac0ccb30c6a7, executor driver, partition 4, PROCESS_LOCAL, 8979 bytes)","logger":"airflow.task.hooks.airflow.providers.standard.hooks.subprocess.SubprocessHook","filename":"subprocess.py","lineno":99}
{"timestamp":"2026-06-02T14:53:59.362047Z","level":"info","event":"26/06/02 14:53:59 INFO Executor: Running task 0.0 in stage 7.0 (TID 36)","logger":"airflow.task.hooks.airflow.providers.standard.hooks.subprocess.SubprocessHook","filename":"subprocess.py","lineno":99}
{"timestamp":"2026-06-02T14:53:59.362321Z","level":"info","event":"26/06/02 14:53:59 INFO Executor: Running task 1.0 in stage 7.0 (TID 37)","logger":"airflow.task.hooks.airflow.providers.standard.hooks.subprocess.SubprocessHook","filename":"subprocess.py","lineno":99}
{"timestamp":"2026-06-02T14:53:59.363019Z","level":"info","event":"26/06/02 14:53:59 INFO Executor: Running task 2.0 in stage 7.0 (TID 38)","logger":"airflow.task.hooks.airflow.providers.standard.hooks.subprocess.SubprocessHook","filename":"subprocess.py","lineno":99}
{"timestamp":"2026-06-02T14:53:59.363268Z","level":"info","event":"26/06/02 14:53:59 INFO Executor: Running task 3.0 in stage 7.0 (TID 39)","logger":"airflow.task.hooks.airflow.providers.standard.hooks.subprocess.SubprocessHook","filename":"subprocess.py","lineno":99}
{"timestamp":"2026-06-02T14:53:59.468613Z","level":"info","event":"26/06/02 14:53:59 INFO PythonRunner: Times: total = 101, boot = -2280, init = 2381, finish = 0","logger":"airflow.task.hooks.airflow.providers.standard.hooks.subprocess.SubprocessHook","filename":"subprocess.py","lineno":99}
{"timestamp":"2026-06-02T14:53:59.472721Z","level":"info","event":"26/06/02 14:53:59 INFO PythonRunner: Times: total = 104, boot = -2091, init = 2195, finish = 0","logger":"airflow.task.hooks.airflow.providers.standard.hooks.subprocess.SubprocessHook","filename":"subprocess.py","lineno":99}
{"timestamp":"2026-06-02T14:53:59.473153Z","level":"info","event":"26/06/02 14:53:59 INFO PythonRunner: Times: total = 103, boot = -2306, init = 2409, finish = 0","logger":"airflow.task.hooks.airflow.providers.standard.hooks.subprocess.SubprocessHook","filename":"subprocess.py","lineno":99}
{"timestamp":"2026-06-02T14:53:59.473283Z","level":"info","event":"26/06/02 14:53:59 INFO Executor: Finished task 2.0 in stage 7.0 (TID 38). 1843 bytes result sent to driver","logger":"airflow.task.hooks.airflow.providers.standard.hooks.subprocess.SubprocessHook","filename":"subprocess.py","lineno":99}
{"timestamp":"2026-06-02T14:53:59.474341Z","level":"info","event":"26/06/02 14:53:59 INFO TaskSetManager: Finished task 2.0 in stage 7.0 (TID 38) in 112 ms on ac0ccb30c6a7 (executor driver) (1/4)","logger":"airflow.task.hooks.airflow.providers.standard.hooks.subprocess.SubprocessHook","filename":"subprocess.py","lineno":99}
{"timestamp":"2026-06-02T14:53:59.474651Z","level":"info","event":"26/06/02 14:53:59 INFO Executor: Finished task 1.0 in stage 7.0 (TID 37). 1997 bytes result sent to driver","logger":"airflow.task.hooks.airflow.providers.standard.hooks.subprocess.SubprocessHook","filename":"subprocess.py","lineno":99}
{"timestamp":"2026-06-02T14:53:59.474746Z","level":"info","event":"26/06/02 14:53:59 INFO Executor: Finished task 3.0 in stage 7.0 (TID 39). 1843 bytes result sent to driver","logger":"airflow.task.hooks.airflow.providers.standard.hooks.subprocess.SubprocessHook","filename":"subprocess.py","lineno":99}
{"timestamp":"2026-06-02T14:53:59.477270Z","level":"info","event":"26/06/02 14:53:59 INFO TaskSetManager: Finished task 3.0 in stage 7.0 (TID 39) in 115 ms on ac0ccb30c6a7 (executor driver) (2/4)","logger":"airflow.task.hooks.airflow.providers.standard.hooks.subprocess.SubprocessHook","filename":"subprocess.py","lineno":99}
{"timestamp":"2026-06-02T14:53:59.477846Z","level":"info","event":"26/06/02 14:53:59 INFO TaskSetManager: Finished task 1.0 in stage 7.0 (TID 37) in 117 ms on ac0ccb30c6a7 (executor driver) (3/4)","logger":"airflow.task.hooks.airflow.providers.standard.hooks.subprocess.SubprocessHook","filename":"subprocess.py","lineno":99}
{"timestamp":"2026-06-02T14:53:59.484034Z","level":"info","event":"26/06/02 14:53:59 INFO PythonRunner: Times: total = 115, boot = -2074, init = 2189, finish = 0","logger":"airflow.task.hooks.airflow.providers.standard.hooks.subprocess.SubprocessHook","filename":"subprocess.py","lineno":99}
{"timestamp":"2026-06-02T14:53:59.487911Z","level":"info","event":"26/06/02 14:53:59 INFO Executor: Finished task 0.0 in stage 7.0 (TID 36). 1843 bytes result sent to driver","logger":"airflow.task.hooks.airflow.providers.standard.hooks.subprocess.SubprocessHook","filename":"subprocess.py","lineno":99}
{"timestamp":"2026-06-02T14:53:59.492512Z","level":"info","event":"26/06/02 14:53:59 INFO TaskSetManager: Finished task 0.0 in stage 7.0 (TID 36) in 132 ms on ac0ccb30c6a7 (executor driver) (4/4)","logger":"airflow.task.hooks.airflow.providers.standard.hooks.subprocess.SubprocessHook","filename":"subprocess.py","lineno":99}
{"timestamp":"2026-06-02T14:53:59.492817Z","level":"info","event":"26/06/02 14:53:59 INFO TaskSchedulerImpl: Removed TaskSet 7.0, whose tasks have all completed, from pool","logger":"airflow.task.hooks.airflow.providers.standard.hooks.subprocess.SubprocessHook","filename":"subprocess.py","lineno":99}
{"timestamp":"2026-06-02T14:53:59.493800Z","level":"info","event":"26/06/02 14:53:59 INFO DAGScheduler: ResultStage 7 (showString at NativeMethodAccessorImpl.java:0) finished in 0.143 s","logger":"airflow.task.hooks.airflow.providers.standard.hooks.subprocess.SubprocessHook","filename":"subprocess.py","lineno":99}
{"timestamp":"2026-06-02T14:53:59.493982Z","level":"info","event":"26/06/02 14:53:59 INFO DAGScheduler: Job 7 is finished. Cancelling potential speculative or zombie tasks for this job","logger":"airflow.task.hooks.airflow.providers.standard.hooks.subprocess.SubprocessHook","filename":"subprocess.py","lineno":99}
{"timestamp":"2026-06-02T14:53:59.498809Z","level":"info","event":"26/06/02 14:53:59 INFO TaskSchedulerImpl: Killing all running tasks in stage 7: Stage finished","logger":"airflow.task.hooks.airflow.providers.standard.hooks.subprocess.SubprocessHook","filename":"subprocess.py","lineno":99}
{"timestamp":"2026-06-02T14:53:59.499445Z","level":"info","event":"26/06/02 14:53:59 INFO DAGScheduler: Job 7 finished: showString at NativeMethodAccessorImpl.java:0, took 0.152005 s","logger":"airflow.task.hooks.airflow.providers.standard.hooks.subprocess.SubprocessHook","filename":"subprocess.py","lineno":99}
{"timestamp":"2026-06-02T14:53:59.512979Z","level":"info","event":"26/06/02 14:53:59 INFO SparkContext: Starting job: showString at NativeMethodAccessorImpl.java:0","logger":"airflow.task.hooks.airflow.providers.standard.hooks.subprocess.SubprocessHook","filename":"subprocess.py","lineno":99}
{"timestamp":"2026-06-02T14:53:59.514429Z","level":"info","event":"26/06/02 14:53:59 INFO DAGScheduler: Got job 8 (showString at NativeMethodAccessorImpl.java:0) with 11 output partitions","logger":"airflow.task.hooks.airflow.providers.standard.hooks.subprocess.SubprocessHook","filename":"subprocess.py","lineno":99}
{"timestamp":"2026-06-02T14:53:59.514671Z","level":"info","event":"26/06/02 14:53:59 INFO DAGScheduler: Final stage: ResultStage 8 (showString at NativeMethodAccessorImpl.java:0)","logger":"airflow.task.hooks.airflow.providers.standard.hooks.subprocess.SubprocessHook","filename":"subprocess.py","lineno":99}
{"timestamp":"2026-06-02T14:53:59.514782Z","level":"info","event":"26/06/02 14:53:59 INFO DAGScheduler: Parents of final stage: List()","logger":"airflow.task.hooks.airflow.providers.standard.hooks.subprocess.SubprocessHook","filename":"subprocess.py","lineno":99}
{"timestamp":"2026-06-02T14:53:59.514858Z","level":"info","event":"26/06/02 14:53:59 INFO DAGScheduler: Missing parents: List()","logger":"airflow.task.hooks.airflow.providers.standard.hooks.subprocess.SubprocessHook","filename":"subprocess.py","lineno":99}
{"timestamp":"2026-06-02T14:53:59.518294Z","level":"info","event":"26/06/02 14:53:59 INFO DAGScheduler: Submitting ResultStage 8 (MapPartitionsRDD[22] at showString at NativeMethodAccessorImpl.java:0), which has no missing parents","logger":"airflow.task.hooks.airflow.providers.standard.hooks.subprocess.SubprocessHook","filename":"subprocess.py","lineno":99}
{"timestamp":"2026-06-02T14:53:59.522298Z","level":"info","event":"26/06/02 14:53:59 INFO MemoryStore: Block broadcast_10 stored as values in memory (estimated size 15.3 KiB, free 434.3 MiB)","logger":"airflow.task.hooks.airflow.providers.standard.hooks.subprocess.SubprocessHook","filename":"subprocess.py","lineno":99}
{"timestamp":"2026-06-02T14:53:59.524206Z","level":"info","event":"26/06/02 14:53:59 INFO MemoryStore: Block broadcast_10_piece0 stored as bytes in memory (estimated size 7.6 KiB, free 434.3 MiB)","logger":"airflow.task.hooks.airflow.providers.standard.hooks.subprocess.SubprocessHook","filename":"subprocess.py","lineno":99}
{"timestamp":"2026-06-02T14:53:59.526208Z","level":"info","event":"26/06/02 14:53:59 INFO BlockManagerInfo: Added broadcast_10_piece0 in memory on ac0ccb30c6a7:44397 (size: 7.6 KiB, free: 434.4 MiB)","logger":"airflow.task.hooks.airflow.providers.standard.hooks.subprocess.SubprocessHook","filename":"subprocess.py","lineno":99}
{"timestamp":"2026-06-02T14:53:59.526926Z","level":"info","event":"26/06/02 14:53:59 INFO SparkContext: Created broadcast 10 from broadcast at DAGScheduler.scala:1611","logger":"airflow.task.hooks.airflow.providers.standard.hooks.subprocess.SubprocessHook","filename":"subprocess.py","lineno":99}
{"timestamp":"2026-06-02T14:53:59.527613Z","level":"info","event":"26/06/02 14:53:59 INFO DAGScheduler: Submitting 11 missing tasks from ResultStage 8 (MapPartitionsRDD[22] at showString at NativeMethodAccessorImpl.java:0) (first 15 tasks are for partitions Vector(5, 6, 7, 8, 9, 10, 11, 12, 13, 14, 15))","logger":"airflow.task.hooks.airflow.providers.standard.hooks.subprocess.SubprocessHook","filename":"subprocess.py","lineno":99}
{"timestamp":"2026-06-02T14:53:59.527812Z","level":"info","event":"26/06/02 14:53:59 INFO TaskSchedulerImpl: Adding task set 8.0 with 11 tasks resource profile 0","logger":"airflow.task.hooks.airflow.providers.standard.hooks.subprocess.SubprocessHook","filename":"subprocess.py","lineno":99}
{"timestamp":"2026-06-02T14:53:59.529845Z","level":"info","event":"26/06/02 14:53:59 INFO TaskSetManager: Starting task 0.0 in stage 8.0 (TID 40) (ac0ccb30c6a7, executor driver, partition 5, PROCESS_LOCAL, 9064 bytes)","logger":"airflow.task.hooks.airflow.providers.standard.hooks.subprocess.SubprocessHook","filename":"subprocess.py","lineno":99}
{"timestamp":"2026-06-02T14:53:59.530365Z","level":"info","event":"26/06/02 14:53:59 INFO TaskSetManager: Starting task 1.0 in stage 8.0 (TID 41) (ac0ccb30c6a7, executor driver, partition 6, PROCESS_LOCAL, 8979 bytes)","logger":"airflow.task.hooks.airflow.providers.standard.hooks.subprocess.SubprocessHook","filename":"subprocess.py","lineno":99}
{"timestamp":"2026-06-02T14:53:59.530825Z","level":"info","event":"26/06/02 14:53:59 INFO TaskSetManager: Starting task 2.0 in stage 8.0 (TID 42) (ac0ccb30c6a7, executor driver, partition 7, PROCESS_LOCAL, 9060 bytes)","logger":"airflow.task.hooks.airflow.providers.standard.hooks.subprocess.SubprocessHook","filename":"subprocess.py","lineno":99}
{"timestamp":"2026-06-02T14:53:59.531370Z","level":"info","event":"26/06/02 14:53:59 INFO TaskSetManager: Starting task 3.0 in stage 8.0 (TID 43) (ac0ccb30c6a7, executor driver, partition 8, PROCESS_LOCAL, 8979 bytes)","logger":"airflow.task.hooks.airflow.providers.standard.hooks.subprocess.SubprocessHook","filename":"subprocess.py","lineno":99}
{"timestamp":"2026-06-02T14:53:59.531892Z","level":"info","event":"26/06/02 14:53:59 INFO TaskSetManager: Starting task 4.0 in stage 8.0 (TID 44) (ac0ccb30c6a7, executor driver, partition 9, PROCESS_LOCAL, 8979 bytes)","logger":"airflow.task.hooks.airflow.providers.standard.hooks.subprocess.SubprocessHook","filename":"subprocess.py","lineno":99}
{"timestamp":"2026-06-02T14:53:59.532691Z","level":"info","event":"26/06/02 14:53:59 INFO TaskSetManager: Starting task 5.0 in stage 8.0 (TID 45) (ac0ccb30c6a7, executor driver, partition 10, PROCESS_LOCAL, 9058 bytes)","logger":"airflow.task.hooks.airflow.providers.standard.hooks.subprocess.SubprocessHook","filename":"subprocess.py","lineno":99}
{"timestamp":"2026-06-02T14:53:59.533191Z","level":"info","event":"26/06/02 14:53:59 INFO TaskSetManager: Starting task 6.0 in stage 8.0 (TID 46) (ac0ccb30c6a7, executor driver, partition 11, PROCESS_LOCAL, 8979 bytes)","logger":"airflow.task.hooks.airflow.providers.standard.hooks.subprocess.SubprocessHook","filename":"subprocess.py","lineno":99}
{"timestamp":"2026-06-02T14:53:59.533741Z","level":"info","event":"26/06/02 14:53:59 INFO TaskSetManager: Starting task 7.0 in stage 8.0 (TID 47) (ac0ccb30c6a7, executor driver, partition 12, PROCESS_LOCAL, 8979 bytes)","logger":"airflow.task.hooks.airflow.providers.standard.hooks.subprocess.SubprocessHook","filename":"subprocess.py","lineno":99}
{"timestamp":"2026-06-02T14:53:59.534506Z","level":"info","event":"26/06/02 14:53:59 INFO TaskSetManager: Starting task 8.0 in stage 8.0 (TID 48) (ac0ccb30c6a7, executor driver, partition 13, PROCESS_LOCAL, 9056 bytes)","logger":"airflow.task.hooks.airflow.providers.standard.hooks.subprocess.SubprocessHook","filename":"subprocess.py","lineno":99}
{"timestamp":"2026-06-02T14:53:59.535223Z","level":"info","event":"26/06/02 14:53:59 INFO TaskSetManager: Starting task 9.0 in stage 8.0 (TID 49) (ac0ccb30c6a7, executor driver, partition 14, PROCESS_LOCAL, 8979 bytes)","logger":"airflow.task.hooks.airflow.providers.standard.hooks.subprocess.SubprocessHook","filename":"subprocess.py","lineno":99}
{"timestamp":"2026-06-02T14:53:59.536120Z","level":"info","event":"26/06/02 14:53:59 INFO TaskSetManager: Starting task 10.0 in stage 8.0 (TID 50) (ac0ccb30c6a7, executor driver, partition 15, PROCESS_LOCAL, 9053 bytes)","logger":"airflow.task.hooks.airflow.providers.standard.hooks.subprocess.SubprocessHook","filename":"subprocess.py","lineno":99}
{"timestamp":"2026-06-02T14:53:59.537501Z","level":"info","event":"26/06/02 14:53:59 INFO Executor: Running task 1.0 in stage 8.0 (TID 41)","logger":"airflow.task.hooks.airflow.providers.standard.hooks.subprocess.SubprocessHook","filename":"subprocess.py","lineno":99}
{"timestamp":"2026-06-02T14:53:59.537723Z","level":"info","event":"26/06/02 14:53:59 INFO Executor: Running task 4.0 in stage 8.0 (TID 44)","logger":"airflow.task.hooks.airflow.providers.standard.hooks.subprocess.SubprocessHook","filename":"subprocess.py","lineno":99}
{"timestamp":"2026-06-02T14:53:59.537791Z","level":"info","event":"26/06/02 14:53:59 INFO Executor: Running task 3.0 in stage 8.0 (TID 43)","logger":"airflow.task.hooks.airflow.providers.standard.hooks.subprocess.SubprocessHook","filename":"subprocess.py","lineno":99}
{"timestamp":"2026-06-02T14:53:59.537829Z","level":"info","event":"26/06/02 14:53:59 INFO Executor: Running task 8.0 in stage 8.0 (TID 48)","logger":"airflow.task.hooks.airflow.providers.standard.hooks.subprocess.SubprocessHook","filename":"subprocess.py","lineno":99}
{"timestamp":"2026-06-02T14:53:59.537862Z","level":"info","event":"26/06/02 14:53:59 INFO Executor: Running task 5.0 in stage 8.0 (TID 45)","logger":"airflow.task.hooks.airflow.providers.standard.hooks.subprocess.SubprocessHook","filename":"subprocess.py","lineno":99}
{"timestamp":"2026-06-02T14:53:59.537894Z","level":"info","event":"26/06/02 14:53:59 INFO Executor: Running task 2.0 in stage 8.0 (TID 42)","logger":"airflow.task.hooks.airflow.providers.standard.hooks.subprocess.SubprocessHook","filename":"subprocess.py","lineno":99}
{"timestamp":"2026-06-02T14:53:59.537935Z","level":"info","event":"26/06/02 14:53:59 INFO Executor: Running task 10.0 in stage 8.0 (TID 50)","logger":"airflow.task.hooks.airflow.providers.standard.hooks.subprocess.SubprocessHook","filename":"subprocess.py","lineno":99}
{"timestamp":"2026-06-02T14:53:59.537968Z","level":"info","event":"26/06/02 14:53:59 INFO Executor: Running task 7.0 in stage 8.0 (TID 47)","logger":"airflow.task.hooks.airflow.providers.standard.hooks.subprocess.SubprocessHook","filename":"subprocess.py","lineno":99}
{"timestamp":"2026-06-02T14:53:59.538002Z","level":"info","event":"26/06/02 14:53:59 INFO Executor: Running task 6.0 in stage 8.0 (TID 46)","logger":"airflow.task.hooks.airflow.providers.standard.hooks.subprocess.SubprocessHook","filename":"subprocess.py","lineno":99}
{"timestamp":"2026-06-02T14:53:59.538032Z","level":"info","event":"26/06/02 14:53:59 INFO Executor: Running task 0.0 in stage 8.0 (TID 40)","logger":"airflow.task.hooks.airflow.providers.standard.hooks.subprocess.SubprocessHook","filename":"subprocess.py","lineno":99}
{"timestamp":"2026-06-02T14:53:59.539068Z","level":"info","event":"26/06/02 14:53:59 INFO Executor: Running task 9.0 in stage 8.0 (TID 49)","logger":"airflow.task.hooks.airflow.providers.standard.hooks.subprocess.SubprocessHook","filename":"subprocess.py","lineno":99}
{"timestamp":"2026-06-02T14:53:59.690646Z","level":"info","event":"26/06/02 14:53:59 INFO PythonRunner: Times: total = 143, boot = -2447, init = 2590, finish = 0","logger":"airflow.task.hooks.airflow.providers.standard.hooks.subprocess.SubprocessHook","filename":"subprocess.py","lineno":99}
{"timestamp":"2026-06-02T14:53:59.691477Z","level":"info","event":"26/06/02 14:53:59 INFO PythonRunner: Times: total = 135, boot = -2520, init = 2655, finish = 0","logger":"airflow.task.hooks.airflow.providers.standard.hooks.subprocess.SubprocessHook","filename":"subprocess.py","lineno":99}
{"timestamp":"2026-06-02T14:53:59.691731Z","level":"info","event":"26/06/02 14:53:59 INFO PythonRunner: Times: total = 143, boot = -2273, init = 2416, finish = 0","logger":"airflow.task.hooks.airflow.providers.standard.hooks.subprocess.SubprocessHook","filename":"subprocess.py","lineno":99}
{"timestamp":"2026-06-02T14:53:59.691857Z","level":"info","event":"26/06/02 14:53:59 INFO PythonRunner: Times: total = 148, boot = -2492, init = 2639, finish = 1","logger":"airflow.task.hooks.airflow.providers.standard.hooks.subprocess.SubprocessHook","filename":"subprocess.py","lineno":99}
{"timestamp":"2026-06-02T14:53:59.693087Z","level":"info","event":"26/06/02 14:53:59 INFO Executor: Finished task 3.0 in stage 8.0 (TID 43). 1843 bytes result sent to driver","logger":"airflow.task.hooks.airflow.providers.standard.hooks.subprocess.SubprocessHook","filename":"subprocess.py","lineno":99}
{"timestamp":"2026-06-02T14:53:59.698854Z","level":"info","event":"26/06/02 14:53:59 INFO Executor: Finished task 1.0 in stage 8.0 (TID 41). 1843 bytes result sent to driver","logger":"airflow.task.hooks.airflow.providers.standard.hooks.subprocess.SubprocessHook","filename":"subprocess.py","lineno":99}
{"timestamp":"2026-06-02T14:53:59.701478Z","level":"info","event":"26/06/02 14:53:59 INFO PythonRunner: Times: total = 155, boot = -2517, init = 2672, finish = 0","logger":"airflow.task.hooks.airflow.providers.standard.hooks.subprocess.SubprocessHook","filename":"subprocess.py","lineno":99}
{"timestamp":"2026-06-02T14:53:59.701805Z","level":"info","event":"26/06/02 14:53:59 INFO Executor: Finished task 6.0 in stage 8.0 (TID 46). 1843 bytes result sent to driver","logger":"airflow.task.hooks.airflow.providers.standard.hooks.subprocess.SubprocessHook","filename":"subprocess.py","lineno":99}
{"timestamp":"2026-06-02T14:53:59.701909Z","level":"info","event":"26/06/02 14:53:59 INFO PythonRunner: Times: total = 152, boot = -2310, init = 2462, finish = 0","logger":"airflow.task.hooks.airflow.providers.standard.hooks.subprocess.SubprocessHook","filename":"subprocess.py","lineno":99}
{"timestamp":"2026-06-02T14:53:59.701984Z","level":"info","event":"26/06/02 14:53:59 INFO PythonRunner: Times: total = 155, boot = -2307, init = 2462, finish = 0","logger":"airflow.task.hooks.airflow.providers.standard.hooks.subprocess.SubprocessHook","filename":"subprocess.py","lineno":99}
{"timestamp":"2026-06-02T14:53:59.702095Z","level":"info","event":"26/06/02 14:53:59 INFO Executor: Finished task 9.0 in stage 8.0 (TID 49). 1843 bytes result sent to driver","logger":"airflow.task.hooks.airflow.providers.standard.hooks.subprocess.SubprocessHook","filename":"subprocess.py","lineno":99}
{"timestamp":"2026-06-02T14:53:59.702186Z","level":"info","event":"26/06/02 14:53:59 INFO Executor: Finished task 4.0 in stage 8.0 (TID 44). 1843 bytes result sent to driver","logger":"airflow.task.hooks.airflow.providers.standard.hooks.subprocess.SubprocessHook","filename":"subprocess.py","lineno":99}
{"timestamp":"2026-06-02T14:53:59.702257Z","level":"info","event":"26/06/02 14:53:59 INFO PythonRunner: Times: total = 141, boot = -2353, init = 2494, finish = 0","logger":"airflow.task.hooks.airflow.providers.standard.hooks.subprocess.SubprocessHook","filename":"subprocess.py","lineno":99}
{"timestamp":"2026-06-02T14:53:59.702322Z","level":"info","event":"26/06/02 14:53:59 INFO Executor: Finished task 0.0 in stage 8.0 (TID 40). 2042 bytes result sent to driver","logger":"airflow.task.hooks.airflow.providers.standard.hooks.subprocess.SubprocessHook","filename":"subprocess.py","lineno":99}
{"timestamp":"2026-06-02T14:53:59.704826Z","level":"info","event":"26/06/02 14:53:59 INFO Executor: Finished task 8.0 in stage 8.0 (TID 48). 2038 bytes result sent to driver","logger":"airflow.task.hooks.airflow.providers.standard.hooks.subprocess.SubprocessHook","filename":"subprocess.py","lineno":99}
{"timestamp":"2026-06-02T14:53:59.705469Z","level":"info","event":"26/06/02 14:53:59 INFO Executor: Finished task 5.0 in stage 8.0 (TID 45). 1998 bytes result sent to driver","logger":"airflow.task.hooks.airflow.providers.standard.hooks.subprocess.SubprocessHook","filename":"subprocess.py","lineno":99}
{"timestamp":"2026-06-02T14:53:59.705597Z","level":"info","event":"26/06/02 14:53:59 INFO PythonRunner: Times: total = 149, boot = -2355, init = 2504, finish = 0","logger":"airflow.task.hooks.airflow.providers.standard.hooks.subprocess.SubprocessHook","filename":"subprocess.py","lineno":99}
{"timestamp":"2026-06-02T14:53:59.707477Z","level":"info","event":"26/06/02 14:53:59 INFO TaskSetManager: Finished task 3.0 in stage 8.0 (TID 43) in 176 ms on ac0ccb30c6a7 (executor driver) (1/11)","logger":"airflow.task.hooks.airflow.providers.standard.hooks.subprocess.SubprocessHook","filename":"subprocess.py","lineno":99}
{"timestamp":"2026-06-02T14:53:59.707802Z","level":"info","event":"26/06/02 14:53:59 INFO TaskSetManager: Finished task 9.0 in stage 8.0 (TID 49) in 172 ms on ac0ccb30c6a7 (executor driver) (2/11)","logger":"airflow.task.hooks.airflow.providers.standard.hooks.subprocess.SubprocessHook","filename":"subprocess.py","lineno":99}
{"timestamp":"2026-06-02T14:53:59.709522Z","level":"info","event":"26/06/02 14:53:59 INFO TaskSetManager: Finished task 5.0 in stage 8.0 (TID 45) in 176 ms on ac0ccb30c6a7 (executor driver) (3/11)","logger":"airflow.task.hooks.airflow.providers.standard.hooks.subprocess.SubprocessHook","filename":"subprocess.py","lineno":99}
{"timestamp":"2026-06-02T14:53:59.709836Z","level":"info","event":"26/06/02 14:53:59 INFO TaskSetManager: Finished task 6.0 in stage 8.0 (TID 46) in 175 ms on ac0ccb30c6a7 (executor driver) (4/11)","logger":"airflow.task.hooks.airflow.providers.standard.hooks.subprocess.SubprocessHook","filename":"subprocess.py","lineno":99}
{"timestamp":"2026-06-02T14:53:59.709920Z","level":"info","event":"26/06/02 14:53:59 INFO TaskSetManager: Finished task 1.0 in stage 8.0 (TID 41) in 179 ms on ac0ccb30c6a7 (executor driver) (5/11)","logger":"airflow.task.hooks.airflow.providers.standard.hooks.subprocess.SubprocessHook","filename":"subprocess.py","lineno":99}
{"timestamp":"2026-06-02T14:53:59.714016Z","level":"info","event":"26/06/02 14:53:59 INFO TaskSetManager: Finished task 8.0 in stage 8.0 (TID 48) in 176 ms on ac0ccb30c6a7 (executor driver) (6/11)","logger":"airflow.task.hooks.airflow.providers.standard.hooks.subprocess.SubprocessHook","filename":"subprocess.py","lineno":99}
{"timestamp":"2026-06-02T14:53:59.714643Z","level":"info","event":"26/06/02 14:53:59 INFO Executor: Finished task 2.0 in stage 8.0 (TID 42). 2034 bytes result sent to driver","logger":"airflow.task.hooks.airflow.providers.standard.hooks.subprocess.SubprocessHook","filename":"subprocess.py","lineno":99}
{"timestamp":"2026-06-02T14:53:59.714909Z","level":"info","event":"26/06/02 14:53:59 INFO TaskSetManager: Finished task 0.0 in stage 8.0 (TID 40) in 185 ms on ac0ccb30c6a7 (executor driver) (7/11)","logger":"airflow.task.hooks.airflow.providers.standard.hooks.subprocess.SubprocessHook","filename":"subprocess.py","lineno":99}
{"timestamp":"2026-06-02T14:53:59.715212Z","level":"info","event":"26/06/02 14:53:59 INFO PythonRunner: Times: total = 173, boot = -2519, init = 2692, finish = 0","logger":"airflow.task.hooks.airflow.providers.standard.hooks.subprocess.SubprocessHook","filename":"subprocess.py","lineno":99}
{"timestamp":"2026-06-02T14:53:59.724304Z","level":"info","event":"26/06/02 14:53:59 INFO TaskSetManager: Finished task 4.0 in stage 8.0 (TID 44) in 188 ms on ac0ccb30c6a7 (executor driver) (8/11)","logger":"airflow.task.hooks.airflow.providers.standard.hooks.subprocess.SubprocessHook","filename":"subprocess.py","lineno":99}
{"timestamp":"2026-06-02T14:53:59.724712Z","level":"info","event":"26/06/02 14:53:59 INFO TaskSetManager: Finished task 2.0 in stage 8.0 (TID 42) in 193 ms on ac0ccb30c6a7 (executor driver) (9/11)","logger":"airflow.task.hooks.airflow.providers.standard.hooks.subprocess.SubprocessHook","filename":"subprocess.py","lineno":99}
{"timestamp":"2026-06-02T14:53:59.732512Z","level":"info","event":"26/06/02 14:53:59 INFO Executor: Finished task 10.0 in stage 8.0 (TID 50). 1989 bytes result sent to driver","logger":"airflow.task.hooks.airflow.providers.standard.hooks.subprocess.SubprocessHook","filename":"subprocess.py","lineno":99}
{"timestamp":"2026-06-02T14:53:59.732977Z","level":"info","event":"26/06/02 14:53:59 INFO PythonRunner: Times: total = 175, boot = -2471, init = 2646, finish = 0","logger":"airflow.task.hooks.airflow.providers.standard.hooks.subprocess.SubprocessHook","filename":"subprocess.py","lineno":99}
{"timestamp":"2026-06-02T14:53:59.734682Z","level":"info","event":"26/06/02 14:53:59 INFO TaskSetManager: Finished task 10.0 in stage 8.0 (TID 50) in 195 ms on ac0ccb30c6a7 (executor driver) (10/11)","logger":"airflow.task.hooks.airflow.providers.standard.hooks.subprocess.SubprocessHook","filename":"subprocess.py","lineno":99}
{"timestamp":"2026-06-02T14:53:59.738534Z","level":"info","event":"26/06/02 14:53:59 INFO Executor: Finished task 7.0 in stage 8.0 (TID 47). 1886 bytes result sent to driver","logger":"airflow.task.hooks.airflow.providers.standard.hooks.subprocess.SubprocessHook","filename":"subprocess.py","lineno":99}
{"timestamp":"2026-06-02T14:53:59.740237Z","level":"info","event":"26/06/02 14:53:59 INFO TaskSetManager: Finished task 7.0 in stage 8.0 (TID 47) in 207 ms on ac0ccb30c6a7 (executor driver) (11/11)","logger":"airflow.task.hooks.airflow.providers.standard.hooks.subprocess.SubprocessHook","filename":"subprocess.py","lineno":99}
{"timestamp":"2026-06-02T14:53:59.740721Z","level":"info","event":"26/06/02 14:53:59 INFO TaskSchedulerImpl: Removed TaskSet 8.0, whose tasks have all completed, from pool","logger":"airflow.task.hooks.airflow.providers.standard.hooks.subprocess.SubprocessHook","filename":"subprocess.py","lineno":99}
{"timestamp":"2026-06-02T14:53:59.742311Z","level":"info","event":"26/06/02 14:53:59 INFO DAGScheduler: ResultStage 8 (showString at NativeMethodAccessorImpl.java:0) finished in 0.221 s","logger":"airflow.task.hooks.airflow.providers.standard.hooks.subprocess.SubprocessHook","filename":"subprocess.py","lineno":99}
{"timestamp":"2026-06-02T14:53:59.742493Z","level":"info","event":"26/06/02 14:53:59 INFO DAGScheduler: Job 8 is finished. Cancelling potential speculative or zombie tasks for this job","logger":"airflow.task.hooks.airflow.providers.standard.hooks.subprocess.SubprocessHook","filename":"subprocess.py","lineno":99}
{"timestamp":"2026-06-02T14:53:59.742874Z","level":"info","event":"26/06/02 14:53:59 INFO TaskSchedulerImpl: Killing all running tasks in stage 8: Stage finished","logger":"airflow.task.hooks.airflow.providers.standard.hooks.subprocess.SubprocessHook","filename":"subprocess.py","lineno":99}
{"timestamp":"2026-06-02T14:53:59.743016Z","level":"info","event":"26/06/02 14:53:59 INFO DAGScheduler: Job 8 finished: showString at NativeMethodAccessorImpl.java:0, took 0.229715 s","logger":"airflow.task.hooks.airflow.providers.standard.hooks.subprocess.SubprocessHook","filename":"subprocess.py","lineno":99}
{"timestamp":"2026-06-02T14:53:59.757625Z","level":"info","event":"26/06/02 14:53:59 INFO CodeGenerator: Code generated in 9.426962 ms","logger":"airflow.task.hooks.airflow.providers.standard.hooks.subprocess.SubprocessHook","filename":"subprocess.py","lineno":99}
{"timestamp":"2026-06-02T14:53:59.771893Z","level":"info","event":"26/06/02 14:53:59 INFO BlockManagerInfo: Removed broadcast_10_piece0 on ac0ccb30c6a7:44397 in memory (size: 7.6 KiB, free: 434.4 MiB)","logger":"airflow.task.hooks.airflow.providers.standard.hooks.subprocess.SubprocessHook","filename":"subprocess.py","lineno":99}
{"timestamp":"2026-06-02T14:53:59.773283Z","level":"info","event":"+-------------------+------------------+---------+-------+----+--------------------+","logger":"airflow.task.hooks.airflow.providers.standard.hooks.subprocess.SubprocessHook","filename":"subprocess.py","lineno":99}
{"timestamp":"2026-06-02T14:53:59.773528Z","level":"info","event":"|livestock_indicator|             value|     unit|quarter|year|           ingest_at|","logger":"airflow.task.hooks.airflow.providers.standard.hooks.subprocess.SubprocessHook","filename":"subprocess.py","lineno":99}
{"timestamp":"2026-06-02T14:53:59.773607Z","level":"info","event":"+-------------------+------------------+---------+-------+----+--------------------+","logger":"airflow.task.hooks.airflow.providers.standard.hooks.subprocess.SubprocessHook","filename":"subprocess.py","lineno":99}
{"timestamp":"2026-06-02T14:53:59.773651Z","level":"info","event":"|           Thịt lợn|1349.1052875854991|Nghìn tấn|      4|2025|2026-06-02 14:53:...|","logger":"airflow.task.hooks.airflow.providers.standard.hooks.subprocess.SubprocessHook","filename":"subprocess.py","lineno":99}
{"timestamp":"2026-06-02T14:53:59.773692Z","level":"info","event":"|       Thịt gia cầm| 655.8857705045276|Nghìn tấn|      4|2025|2026-06-02 14:53:...|","logger":"airflow.task.hooks.airflow.providers.standard.hooks.subprocess.SubprocessHook","filename":"subprocess.py","lineno":99}
{"timestamp":"2026-06-02T14:53:59.773757Z","level":"info","event":"|          Thịt trâu|  30.5435353735943|Nghìn tấn|      4|2025|2026-06-02 14:53:...|","logger":"airflow.task.hooks.airflow.providers.standard.hooks.subprocess.SubprocessHook","filename":"subprocess.py","lineno":99}
{"timestamp":"2026-06-02T14:53:59.773802Z","level":"info","event":"|            Thịt bò|122.45873367655649|Nghìn tấn|      4|2025|2026-06-02 14:53:...|","logger":"airflow.task.hooks.airflow.providers.standard.hooks.subprocess.SubprocessHook","filename":"subprocess.py","lineno":99}
{"timestamp":"2026-06-02T14:53:59.773837Z","level":"info","event":"|              Trứng| 5588.212185768718|Triệu quả|      4|2025|2026-06-02 14:53:...|","logger":"airflow.task.hooks.airflow.providers.standard.hooks.subprocess.SubprocessHook","filename":"subprocess.py","lineno":99}
{"timestamp":"2026-06-02T14:53:59.773915Z","level":"info","event":"|                Sữa| 306.9564114490825|Nghìn tấn|      4|2025|2026-06-02 14:53:...|","logger":"airflow.task.hooks.airflow.providers.standard.hooks.subprocess.SubprocessHook","filename":"subprocess.py","lineno":99}
{"timestamp":"2026-06-02T14:53:59.773961Z","level":"info","event":"+-------------------+------------------+---------+-------+----+--------------------+","logger":"airflow.task.hooks.airflow.providers.standard.hooks.subprocess.SubprocessHook","filename":"subprocess.py","lineno":99}
{"timestamp":"2026-06-02T14:53:59.774002Z","level":"info","event":"","logger":"airflow.task.hooks.airflow.providers.standard.hooks.subprocess.SubprocessHook","filename":"subprocess.py","lineno":99}
{"timestamp":"2026-06-02T14:53:59.779422Z","level":"info","event":"26/06/02 14:53:59 INFO BlockManagerInfo: Removed broadcast_9_piece0 on ac0ccb30c6a7:44397 in memory (size: 7.6 KiB, free: 434.4 MiB)","logger":"airflow.task.hooks.airflow.providers.standard.hooks.subprocess.SubprocessHook","filename":"subprocess.py","lineno":99}
{"timestamp":"2026-06-02T14:53:59.785642Z","level":"info","event":"26/06/02 14:53:59 INFO BlockManagerInfo: Removed broadcast_8_piece0 on ac0ccb30c6a7:44397 in memory (size: 7.6 KiB, free: 434.4 MiB)","logger":"airflow.task.hooks.airflow.providers.standard.hooks.subprocess.SubprocessHook","filename":"subprocess.py","lineno":99}
{"timestamp":"2026-06-02T14:53:59.811846Z","level":"info","event":"26/06/02 14:53:59 INFO DelegatingLogStore: LogStore `LogStoreAdapter(io.delta.storage.S3SingleDriverLogStore)` is used for scheme `s3a`","logger":"airflow.task.hooks.airflow.providers.standard.hooks.subprocess.SubprocessHook","filename":"subprocess.py","lineno":99}
{"timestamp":"2026-06-02T14:53:59.837695Z","level":"info","event":"26/06/02 14:53:59 INFO DeltaLog: Loading version 1.","logger":"airflow.task.hooks.airflow.providers.standard.hooks.subprocess.SubprocessHook","filename":"subprocess.py","lineno":99}
{"timestamp":"2026-06-02T14:53:59.844163Z","level":"info","event":"26/06/02 14:53:59 INFO DeltaLogFileIndex: Created DeltaLogFileIndex(JSON, numFilesInSegment: 2, totalFileSize: 5489)","logger":"airflow.task.hooks.airflow.providers.standard.hooks.subprocess.SubprocessHook","filename":"subprocess.py","lineno":99}
{"timestamp":"2026-06-02T14:53:59.895959Z","level":"info","event":"26/06/02 14:53:59 INFO DataSourceStrategy: Pruning directories with:","logger":"airflow.task.hooks.airflow.providers.standard.hooks.subprocess.SubprocessHook","filename":"subprocess.py","lineno":99}
{"timestamp":"2026-06-02T14:53:59.896207Z","level":"info","event":"26/06/02 14:53:59 INFO FileSourceStrategy: Pushed Filters:","logger":"airflow.task.hooks.airflow.providers.standard.hooks.subprocess.SubprocessHook","filename":"subprocess.py","lineno":99}
{"timestamp":"2026-06-02T14:53:59.896452Z","level":"info","event":"26/06/02 14:53:59 INFO FileSourceStrategy: Post-Scan Filters: ((isnotnull(protocol#741.minReaderVersion) OR isnotnull(metaData#740.id)) OR (isnotnull(commitInfo#742.inCommitTimestamp) AND (version#743L = 1)))","logger":"airflow.task.hooks.airflow.providers.standard.hooks.subprocess.SubprocessHook","filename":"subprocess.py","lineno":99}
{"timestamp":"2026-06-02T14:53:59.922925Z","level":"info","event":"26/06/02 14:53:59 INFO MemoryStore: Block broadcast_11 stored as values in memory (estimated size 202.4 KiB, free 434.2 MiB)","logger":"airflow.task.hooks.airflow.providers.standard.hooks.subprocess.SubprocessHook","filename":"subprocess.py","lineno":99}
{"timestamp":"2026-06-02T14:53:59.930167Z","level":"info","event":"26/06/02 14:53:59 INFO MemoryStore: Block broadcast_11_piece0 stored as bytes in memory (estimated size 35.0 KiB, free 434.2 MiB)","logger":"airflow.task.hooks.airflow.providers.standard.hooks.subprocess.SubprocessHook","filename":"subprocess.py","lineno":99}
{"timestamp":"2026-06-02T14:53:59.931203Z","level":"info","event":"26/06/02 14:53:59 INFO BlockManagerInfo: Added broadcast_11_piece0 in memory on ac0ccb30c6a7:44397 (size: 35.0 KiB, free: 434.4 MiB)","logger":"airflow.task.hooks.airflow.providers.standard.hooks.subprocess.SubprocessHook","filename":"subprocess.py","lineno":99}
{"timestamp":"2026-06-02T14:53:59.931998Z","level":"info","event":"26/06/02 14:53:59 INFO SparkContext: Created broadcast 11 from $anonfun$recordDeltaOperationInternal$1 at DatabricksLogging.scala:128","logger":"airflow.task.hooks.airflow.providers.standard.hooks.subprocess.SubprocessHook","filename":"subprocess.py","lineno":99}
{"timestamp":"2026-06-02T14:53:59.934062Z","level":"info","event":"26/06/02 14:53:59 INFO FileSourceScanExec: Planning scan with bin packing, max size: 4194304 bytes, open cost is considered as scanning 4194304 bytes.","logger":"airflow.task.hooks.airflow.providers.standard.hooks.subprocess.SubprocessHook","filename":"subprocess.py","lineno":99}
{"timestamp":"2026-06-02T14:53:59.952348Z","level":"info","event":"26/06/02 14:53:59 INFO SparkContext: Starting job: $anonfun$recordDeltaOperationInternal$1 at DatabricksLogging.scala:128","logger":"airflow.task.hooks.airflow.providers.standard.hooks.subprocess.SubprocessHook","filename":"subprocess.py","lineno":99}
{"timestamp":"2026-06-02T14:53:59.953128Z","level":"info","event":"26/06/02 14:53:59 INFO DAGScheduler: Got job 9 ($anonfun$recordDeltaOperationInternal$1 at DatabricksLogging.scala:128) with 2 output partitions","logger":"airflow.task.hooks.airflow.providers.standard.hooks.subprocess.SubprocessHook","filename":"subprocess.py","lineno":99}
{"timestamp":"2026-06-02T14:53:59.953305Z","level":"info","event":"26/06/02 14:53:59 INFO DAGScheduler: Final stage: ResultStage 9 ($anonfun$recordDeltaOperationInternal$1 at DatabricksLogging.scala:128)","logger":"airflow.task.hooks.airflow.providers.standard.hooks.subprocess.SubprocessHook","filename":"subprocess.py","lineno":99}
{"timestamp":"2026-06-02T14:53:59.953401Z","level":"info","event":"26/06/02 14:53:59 INFO DAGScheduler: Parents of final stage: List()","logger":"airflow.task.hooks.airflow.providers.standard.hooks.subprocess.SubprocessHook","filename":"subprocess.py","lineno":99}
{"timestamp":"2026-06-02T14:53:59.953483Z","level":"info","event":"26/06/02 14:53:59 INFO DAGScheduler: Missing parents: List()","logger":"airflow.task.hooks.airflow.providers.standard.hooks.subprocess.SubprocessHook","filename":"subprocess.py","lineno":99}
{"timestamp":"2026-06-02T14:53:59.954800Z","level":"info","event":"26/06/02 14:53:59 INFO DAGScheduler: Submitting ResultStage 9 (MapPartitionsRDD[26] at $anonfun$recordDeltaOperationInternal$1 at DatabricksLogging.scala:128), which has no missing parents","logger":"airflow.task.hooks.airflow.providers.standard.hooks.subprocess.SubprocessHook","filename":"subprocess.py","lineno":99}
{"timestamp":"2026-06-02T14:53:59.958100Z","level":"info","event":"26/06/02 14:53:59 INFO MemoryStore: Block broadcast_12 stored as values in memory (estimated size 55.2 KiB, free 434.1 MiB)","logger":"airflow.task.hooks.airflow.providers.standard.hooks.subprocess.SubprocessHook","filename":"subprocess.py","lineno":99}
{"timestamp":"2026-06-02T14:53:59.959599Z","level":"info","event":"26/06/02 14:53:59 INFO MemoryStore: Block broadcast_12_piece0 stored as bytes in memory (estimated size 17.2 KiB, free 434.1 MiB)","logger":"airflow.task.hooks.airflow.providers.standard.hooks.subprocess.SubprocessHook","filename":"subprocess.py","lineno":99}
{"timestamp":"2026-06-02T14:53:59.960815Z","level":"info","event":"26/06/02 14:53:59 INFO BlockManagerInfo: Added broadcast_12_piece0 in memory on ac0ccb30c6a7:44397 (size: 17.2 KiB, free: 434.3 MiB)","logger":"airflow.task.hooks.airflow.providers.standard.hooks.subprocess.SubprocessHook","filename":"subprocess.py","lineno":99}
{"timestamp":"2026-06-02T14:53:59.961336Z","level":"info","event":"26/06/02 14:53:59 INFO SparkContext: Created broadcast 12 from broadcast at DAGScheduler.scala:1611","logger":"airflow.task.hooks.airflow.providers.standard.hooks.subprocess.SubprocessHook","filename":"subprocess.py","lineno":99}
{"timestamp":"2026-06-02T14:53:59.961693Z","level":"info","event":"26/06/02 14:53:59 INFO DAGScheduler: Submitting 2 missing tasks from ResultStage 9 (MapPartitionsRDD[26] at $anonfun$recordDeltaOperationInternal$1 at DatabricksLogging.scala:128) (first 15 tasks are for partitions Vector(0, 1))","logger":"airflow.task.hooks.airflow.providers.standard.hooks.subprocess.SubprocessHook","filename":"subprocess.py","lineno":99}
{"timestamp":"2026-06-02T14:53:59.961811Z","level":"info","event":"26/06/02 14:53:59 INFO TaskSchedulerImpl: Adding task set 9.0 with 2 tasks resource profile 0","logger":"airflow.task.hooks.airflow.providers.standard.hooks.subprocess.SubprocessHook","filename":"subprocess.py","lineno":99}
{"timestamp":"2026-06-02T14:53:59.963031Z","level":"info","event":"26/06/02 14:53:59 INFO TaskSetManager: Starting task 0.0 in stage 9.0 (TID 51) (ac0ccb30c6a7, executor driver, partition 0, PROCESS_LOCAL, 9672 bytes)","logger":"airflow.task.hooks.airflow.providers.standard.hooks.subprocess.SubprocessHook","filename":"subprocess.py","lineno":99}
{"timestamp":"2026-06-02T14:53:59.963211Z","level":"info","event":"26/06/02 14:53:59 INFO TaskSetManager: Starting task 1.0 in stage 9.0 (TID 52) (ac0ccb30c6a7, executor driver, partition 1, PROCESS_LOCAL, 9672 bytes)","logger":"airflow.task.hooks.airflow.providers.standard.hooks.subprocess.SubprocessHook","filename":"subprocess.py","lineno":99}
{"timestamp":"2026-06-02T14:53:59.963975Z","level":"info","event":"26/06/02 14:53:59 INFO Executor: Running task 1.0 in stage 9.0 (TID 52)","logger":"airflow.task.hooks.airflow.providers.standard.hooks.subprocess.SubprocessHook","filename":"subprocess.py","lineno":99}
{"timestamp":"2026-06-02T14:53:59.964139Z","level":"info","event":"26/06/02 14:53:59 INFO Executor: Running task 0.0 in stage 9.0 (TID 51)","logger":"airflow.task.hooks.airflow.providers.standard.hooks.subprocess.SubprocessHook","filename":"subprocess.py","lineno":99}
{"timestamp":"2026-06-02T14:53:59.968765Z","level":"info","event":"26/06/02 14:53:59 INFO FileScanRDD: Reading File path: s3a://silver/livestock/_delta_log/00000000000000000001.json, range: 0-4374, partition values: [1]","logger":"airflow.task.hooks.airflow.providers.standard.hooks.subprocess.SubprocessHook","filename":"subprocess.py","lineno":99}
{"timestamp":"2026-06-02T14:53:59.968977Z","level":"info","event":"26/06/02 14:53:59 INFO FileScanRDD: Reading File path: s3a://silver/livestock/_delta_log/00000000000000000000.json, range: 0-1115, partition values: [0]","logger":"airflow.task.hooks.airflow.providers.standard.hooks.subprocess.SubprocessHook","filename":"subprocess.py","lineno":99}
{"timestamp":"2026-06-02T14:54:00.000051Z","level":"info","event":"26/06/02 14:53:59 INFO Executor: Finished task 0.0 in stage 9.0 (TID 51). 1587 bytes result sent to driver","logger":"airflow.task.hooks.airflow.providers.standard.hooks.subprocess.SubprocessHook","filename":"subprocess.py","lineno":99}
{"timestamp":"2026-06-02T14:54:00.000298Z","level":"info","event":"26/06/02 14:53:59 INFO Executor: Finished task 1.0 in stage 9.0 (TID 52). 1959 bytes result sent to driver","logger":"airflow.task.hooks.airflow.providers.standard.hooks.subprocess.SubprocessHook","filename":"subprocess.py","lineno":99}
{"timestamp":"2026-06-02T14:54:00.001292Z","level":"info","event":"26/06/02 14:53:59 INFO TaskSetManager: Finished task 0.0 in stage 9.0 (TID 51) in 38 ms on ac0ccb30c6a7 (executor driver) (1/2)","logger":"airflow.task.hooks.airflow.providers.standard.hooks.subprocess.SubprocessHook","filename":"subprocess.py","lineno":99}
{"timestamp":"2026-06-02T14:54:00.001523Z","level":"info","event":"26/06/02 14:53:59 INFO TaskSetManager: Finished task 1.0 in stage 9.0 (TID 52) in 38 ms on ac0ccb30c6a7 (executor driver) (2/2)","logger":"airflow.task.hooks.airflow.providers.standard.hooks.subprocess.SubprocessHook","filename":"subprocess.py","lineno":99}
{"timestamp":"2026-06-02T14:54:00.001791Z","level":"info","event":"26/06/02 14:53:59 INFO TaskSchedulerImpl: Removed TaskSet 9.0, whose tasks have all completed, from pool","logger":"airflow.task.hooks.airflow.providers.standard.hooks.subprocess.SubprocessHook","filename":"subprocess.py","lineno":99}
{"timestamp":"2026-06-02T14:54:00.001949Z","level":"info","event":"26/06/02 14:54:00 INFO DAGScheduler: ResultStage 9 ($anonfun$recordDeltaOperationInternal$1 at DatabricksLogging.scala:128) finished in 0.047 s","logger":"airflow.task.hooks.airflow.providers.standard.hooks.subprocess.SubprocessHook","filename":"subprocess.py","lineno":99}
{"timestamp":"2026-06-02T14:54:00.002049Z","level":"info","event":"26/06/02 14:54:00 INFO DAGScheduler: Job 9 is finished. Cancelling potential speculative or zombie tasks for this job","logger":"airflow.task.hooks.airflow.providers.standard.hooks.subprocess.SubprocessHook","filename":"subprocess.py","lineno":99}
{"timestamp":"2026-06-02T14:54:00.002171Z","level":"info","event":"26/06/02 14:54:00 INFO TaskSchedulerImpl: Killing all running tasks in stage 9: Stage finished","logger":"airflow.task.hooks.airflow.providers.standard.hooks.subprocess.SubprocessHook","filename":"subprocess.py","lineno":99}
{"timestamp":"2026-06-02T14:54:00.002276Z","level":"info","event":"26/06/02 14:54:00 INFO DAGScheduler: Job 9 finished: $anonfun$recordDeltaOperationInternal$1 at DatabricksLogging.scala:128, took 0.050862 s","logger":"airflow.task.hooks.airflow.providers.standard.hooks.subprocess.SubprocessHook","filename":"subprocess.py","lineno":99}
{"timestamp":"2026-06-02T14:54:00.012885Z","level":"info","event":"26/06/02 14:54:00 INFO Snapshot: [tableId=70dd74ff-8649-4158-aedc-176a27299a44] Created snapshot Snapshot(path=s3a://silver/livestock/_delta_log, version=1, metadata=Metadata(b66c4dee-c17d-4fa9-84a6-b1ef9905bd42,null,null,Format(parquet,Map()),{\"type\":\"struct\",\"fields\":[{\"name\":\"livestock_indicator\",\"type\":\"string\",\"nullable\":true,\"metadata\":{}},{\"name\":\"value\",\"type\":\"double\",\"nullable\":true,\"metadata\":{}},{\"name\":\"unit\",\"type\":\"string\",\"nullable\":true,\"metadata\":{}},{\"name\":\"quarter\",\"type\":\"integer\",\"nullable\":true,\"metadata\":{}},{\"name\":\"year\",\"type\":\"integer\",\"nullable\":true,\"metadata\":{}},{\"name\":\"ingest_at\",\"type\":\"timestamp\",\"nullable\":true,\"metadata\":{}}]},List(),Map(),Some(1780409956297)), logSegment=LogSegment(s3a://silver/livestock/_delta_log,1,WrappedArray(S3AFileStatus{path=s3a://silver/livestock/_delta_log/00000000000000000000.json; isDirectory=false; length=1115; replication=1; blocksize=33554432; modification_time=1780409956413; access_time=0; owner=spark; group=spark; permission=rw-rw-rw-; isSymlink=false; hasAcl=false; isEncrypted=true; isErasureCoded=false} isEmptyDirectory=FALSE eTag=52d1c3025b0b361a787a9123785809c5 versionId=null, S3AFileStatus{path=s3a://silver/livestock/_delta_log/00000000000000000001.json; isDirectory=false; length=4374; replication=1; blocksize=33554432; modification_time=1780409978961; access_time=0; owner=spark; group=spark; permission=rw-rw-rw-; isSymlink=false; hasAcl=false; isEncrypted=true; isErasureCoded=false} isEmptyDirectory=FALSE eTag=7ebcc75933512eff3c755c899007d37e versionId=null),org.apache.spark.sql.delta.EmptyCheckpointProvider$@151220c5,1780409978961), checksumOpt=None)","logger":"airflow.task.hooks.airflow.providers.standard.hooks.subprocess.SubprocessHook","filename":"subprocess.py","lineno":99}
{"timestamp":"2026-06-02T14:54:00.015229Z","level":"info","event":"26/06/02 14:54:00 INFO DeltaLog: Updated snapshot to Snapshot(path=s3a://silver/livestock/_delta_log, version=1, metadata=Metadata(b66c4dee-c17d-4fa9-84a6-b1ef9905bd42,null,null,Format(parquet,Map()),{\"type\":\"struct\",\"fields\":[{\"name\":\"livestock_indicator\",\"type\":\"string\",\"nullable\":true,\"metadata\":{}},{\"name\":\"value\",\"type\":\"double\",\"nullable\":true,\"metadata\":{}},{\"name\":\"unit\",\"type\":\"string\",\"nullable\":true,\"metadata\":{}},{\"name\":\"quarter\",\"type\":\"integer\",\"nullable\":true,\"metadata\":{}},{\"name\":\"year\",\"type\":\"integer\",\"nullable\":true,\"metadata\":{}},{\"name\":\"ingest_at\",\"type\":\"timestamp\",\"nullable\":true,\"metadata\":{}}]},List(),Map(),Some(1780409956297)), logSegment=LogSegment(s3a://silver/livestock/_delta_log,1,WrappedArray(S3AFileStatus{path=s3a://silver/livestock/_delta_log/00000000000000000000.json; isDirectory=false; length=1115; replication=1; blocksize=33554432; modification_time=1780409956413; access_time=0; owner=spark; group=spark; permission=rw-rw-rw-; isSymlink=false; hasAcl=false; isEncrypted=true; isErasureCoded=false} isEmptyDirectory=FALSE eTag=52d1c3025b0b361a787a9123785809c5 versionId=null, S3AFileStatus{path=s3a://silver/livestock/_delta_log/00000000000000000001.json; isDirectory=false; length=4374; replication=1; blocksize=33554432; modification_time=1780409978961; access_time=0; owner=spark; group=spark; permission=rw-rw-rw-; isSymlink=false; hasAcl=false; isEncrypted=true; isErasureCoded=false} isEmptyDirectory=FALSE eTag=7ebcc75933512eff3c755c899007d37e versionId=null),org.apache.spark.sql.delta.EmptyCheckpointProvider$@151220c5,1780409978961), checksumOpt=None)","logger":"airflow.task.hooks.airflow.providers.standard.hooks.subprocess.SubprocessHook","filename":"subprocess.py","lineno":99}
{"timestamp":"2026-06-02T14:54:00.097925Z","level":"info","event":"26/06/02 14:54:00 INFO ParquetUtils: Using default output committer for Parquet: org.apache.parquet.hadoop.ParquetOutputCommitter","logger":"airflow.task.hooks.airflow.providers.standard.hooks.subprocess.SubprocessHook","filename":"subprocess.py","lineno":99}
{"timestamp":"2026-06-02T14:54:00.109990Z","level":"info","event":"26/06/02 14:54:00 INFO CodeGenerator: Code generated in 8.428561 ms","logger":"airflow.task.hooks.airflow.providers.standard.hooks.subprocess.SubprocessHook","filename":"subprocess.py","lineno":99}
{"timestamp":"2026-06-02T14:54:00.138032Z","level":"info","event":"26/06/02 14:54:00 INFO SparkContext: Starting job: saveAsTable at NativeMethodAccessorImpl.java:0","logger":"airflow.task.hooks.airflow.providers.standard.hooks.subprocess.SubprocessHook","filename":"subprocess.py","lineno":99}
{"timestamp":"2026-06-02T14:54:00.139030Z","level":"info","event":"26/06/02 14:54:00 INFO DAGScheduler: Got job 10 (saveAsTable at NativeMethodAccessorImpl.java:0) with 16 output partitions","logger":"airflow.task.hooks.airflow.providers.standard.hooks.subprocess.SubprocessHook","filename":"subprocess.py","lineno":99}
{"timestamp":"2026-06-02T14:54:00.139189Z","level":"info","event":"26/06/02 14:54:00 INFO DAGScheduler: Final stage: ResultStage 10 (saveAsTable at NativeMethodAccessorImpl.java:0)","logger":"airflow.task.hooks.airflow.providers.standard.hooks.subprocess.SubprocessHook","filename":"subprocess.py","lineno":99}
{"timestamp":"2026-06-02T14:54:00.139242Z","level":"info","event":"26/06/02 14:54:00 INFO DAGScheduler: Parents of final stage: List()","logger":"airflow.task.hooks.airflow.providers.standard.hooks.subprocess.SubprocessHook","filename":"subprocess.py","lineno":99}
{"timestamp":"2026-06-02T14:54:00.140094Z","level":"info","event":"26/06/02 14:54:00 INFO DAGScheduler: Missing parents: List()","logger":"airflow.task.hooks.airflow.providers.standard.hooks.subprocess.SubprocessHook","filename":"subprocess.py","lineno":99}
{"timestamp":"2026-06-02T14:54:00.141837Z","level":"info","event":"26/06/02 14:54:00 INFO DAGScheduler: Submitting ResultStage 10 (MapPartitionsRDD[27] at saveAsTable at NativeMethodAccessorImpl.java:0), which has no missing parents","logger":"airflow.task.hooks.airflow.providers.standard.hooks.subprocess.SubprocessHook","filename":"subprocess.py","lineno":99}
{"timestamp":"2026-06-02T14:54:00.160492Z","level":"info","event":"26/06/02 14:54:00 INFO MemoryStore: Block broadcast_13 stored as values in memory (estimated size 340.4 KiB, free 433.8 MiB)","logger":"airflow.task.hooks.airflow.providers.standard.hooks.subprocess.SubprocessHook","filename":"subprocess.py","lineno":99}
{"timestamp":"2026-06-02T14:54:00.162985Z","level":"info","event":"26/06/02 14:54:00 INFO MemoryStore: Block broadcast_13_piece0 stored as bytes in memory (estimated size 124.3 KiB, free 433.6 MiB)","logger":"airflow.task.hooks.airflow.providers.standard.hooks.subprocess.SubprocessHook","filename":"subprocess.py","lineno":99}
{"timestamp":"2026-06-02T14:54:00.163820Z","level":"info","event":"26/06/02 14:54:00 INFO BlockManagerInfo: Added broadcast_13_piece0 in memory on ac0ccb30c6a7:44397 (size: 124.3 KiB, free: 434.2 MiB)","logger":"airflow.task.hooks.airflow.providers.standard.hooks.subprocess.SubprocessHook","filename":"subprocess.py","lineno":99}
{"timestamp":"2026-06-02T14:54:00.164384Z","level":"info","event":"26/06/02 14:54:00 INFO SparkContext: Created broadcast 13 from broadcast at DAGScheduler.scala:1611","logger":"airflow.task.hooks.airflow.providers.standard.hooks.subprocess.SubprocessHook","filename":"subprocess.py","lineno":99}
{"timestamp":"2026-06-02T14:54:00.165035Z","level":"info","event":"26/06/02 14:54:00 INFO DAGScheduler: Submitting 16 missing tasks from ResultStage 10 (MapPartitionsRDD[27] at saveAsTable at NativeMethodAccessorImpl.java:0) (first 15 tasks are for partitions Vector(0, 1, 2, 3, 4, 5, 6, 7, 8, 9, 10, 11, 12, 13, 14))","logger":"airflow.task.hooks.airflow.providers.standard.hooks.subprocess.SubprocessHook","filename":"subprocess.py","lineno":99}
{"timestamp":"2026-06-02T14:54:00.165190Z","level":"info","event":"26/06/02 14:54:00 INFO TaskSchedulerImpl: Adding task set 10.0 with 16 tasks resource profile 0","logger":"airflow.task.hooks.airflow.providers.standard.hooks.subprocess.SubprocessHook","filename":"subprocess.py","lineno":99}
{"timestamp":"2026-06-02T14:54:00.167614Z","level":"info","event":"26/06/02 14:54:00 INFO TaskSetManager: Starting task 0.0 in stage 10.0 (TID 53) (ac0ccb30c6a7, executor driver, partition 0, PROCESS_LOCAL, 8979 bytes)","logger":"airflow.task.hooks.airflow.providers.standard.hooks.subprocess.SubprocessHook","filename":"subprocess.py","lineno":99}
{"timestamp":"2026-06-02T14:54:00.167833Z","level":"info","event":"26/06/02 14:54:00 INFO TaskSetManager: Starting task 1.0 in stage 10.0 (TID 54) (ac0ccb30c6a7, executor driver, partition 1, PROCESS_LOCAL, 8979 bytes)","logger":"airflow.task.hooks.airflow.providers.standard.hooks.subprocess.SubprocessHook","filename":"subprocess.py","lineno":99}
{"timestamp":"2026-06-02T14:54:00.168495Z","level":"info","event":"26/06/02 14:54:00 INFO TaskSetManager: Starting task 2.0 in stage 10.0 (TID 55) (ac0ccb30c6a7, executor driver, partition 2, PROCESS_LOCAL, 9060 bytes)","logger":"airflow.task.hooks.airflow.providers.standard.hooks.subprocess.SubprocessHook","filename":"subprocess.py","lineno":99}
{"timestamp":"2026-06-02T14:54:00.169530Z","level":"info","event":"26/06/02 14:54:00 INFO TaskSetManager: Starting task 3.0 in stage 10.0 (TID 56) (ac0ccb30c6a7, executor driver, partition 3, PROCESS_LOCAL, 8979 bytes)","logger":"airflow.task.hooks.airflow.providers.standard.hooks.subprocess.SubprocessHook","filename":"subprocess.py","lineno":99}
{"timestamp":"2026-06-02T14:54:00.169870Z","level":"info","event":"26/06/02 14:54:00 INFO TaskSetManager: Starting task 4.0 in stage 10.0 (TID 57) (ac0ccb30c6a7, executor driver, partition 4, PROCESS_LOCAL, 8979 bytes)","logger":"airflow.task.hooks.airflow.providers.standard.hooks.subprocess.SubprocessHook","filename":"subprocess.py","lineno":99}
{"timestamp":"2026-06-02T14:54:00.170062Z","level":"info","event":"26/06/02 14:54:00 INFO TaskSetManager: Starting task 5.0 in stage 10.0 (TID 58) (ac0ccb30c6a7, executor driver, partition 5, PROCESS_LOCAL, 9064 bytes)","logger":"airflow.task.hooks.airflow.providers.standard.hooks.subprocess.SubprocessHook","filename":"subprocess.py","lineno":99}
{"timestamp":"2026-06-02T14:54:00.170405Z","level":"info","event":"26/06/02 14:54:00 INFO TaskSetManager: Starting task 6.0 in stage 10.0 (TID 59) (ac0ccb30c6a7, executor driver, partition 6, PROCESS_LOCAL, 8979 bytes)","logger":"airflow.task.hooks.airflow.providers.standard.hooks.subprocess.SubprocessHook","filename":"subprocess.py","lineno":99}
{"timestamp":"2026-06-02T14:54:00.170997Z","level":"info","event":"26/06/02 14:54:00 INFO TaskSetManager: Starting task 7.0 in stage 10.0 (TID 60) (ac0ccb30c6a7, executor driver, partition 7, PROCESS_LOCAL, 9060 bytes)","logger":"airflow.task.hooks.airflow.providers.standard.hooks.subprocess.SubprocessHook","filename":"subprocess.py","lineno":99}
{"timestamp":"2026-06-02T14:54:00.172149Z","level":"info","event":"26/06/02 14:54:00 INFO TaskSetManager: Starting task 8.0 in stage 10.0 (TID 61) (ac0ccb30c6a7, executor driver, partition 8, PROCESS_LOCAL, 8979 bytes)","logger":"airflow.task.hooks.airflow.providers.standard.hooks.subprocess.SubprocessHook","filename":"subprocess.py","lineno":99}
{"timestamp":"2026-06-02T14:54:00.172353Z","level":"info","event":"26/06/02 14:54:00 INFO TaskSetManager: Starting task 9.0 in stage 10.0 (TID 62) (ac0ccb30c6a7, executor driver, partition 9, PROCESS_LOCAL, 8979 bytes)","logger":"airflow.task.hooks.airflow.providers.standard.hooks.subprocess.SubprocessHook","filename":"subprocess.py","lineno":99}
{"timestamp":"2026-06-02T14:54:00.172448Z","level":"info","event":"26/06/02 14:54:00 INFO TaskSetManager: Starting task 10.0 in stage 10.0 (TID 63) (ac0ccb30c6a7, executor driver, partition 10, PROCESS_LOCAL, 9058 bytes)","logger":"airflow.task.hooks.airflow.providers.standard.hooks.subprocess.SubprocessHook","filename":"subprocess.py","lineno":99}
{"timestamp":"2026-06-02T14:54:00.173032Z","level":"info","event":"26/06/02 14:54:00 INFO TaskSetManager: Starting task 11.0 in stage 10.0 (TID 64) (ac0ccb30c6a7, executor driver, partition 11, PROCESS_LOCAL, 8979 bytes)","logger":"airflow.task.hooks.airflow.providers.standard.hooks.subprocess.SubprocessHook","filename":"subprocess.py","lineno":99}
{"timestamp":"2026-06-02T14:54:00.173458Z","level":"info","event":"26/06/02 14:54:00 INFO TaskSetManager: Starting task 12.0 in stage 10.0 (TID 65) (ac0ccb30c6a7, executor driver, partition 12, PROCESS_LOCAL, 8979 bytes)","logger":"airflow.task.hooks.airflow.providers.standard.hooks.subprocess.SubprocessHook","filename":"subprocess.py","lineno":99}
{"timestamp":"2026-06-02T14:54:00.174382Z","level":"info","event":"26/06/02 14:54:00 INFO TaskSetManager: Starting task 13.0 in stage 10.0 (TID 66) (ac0ccb30c6a7, executor driver, partition 13, PROCESS_LOCAL, 9056 bytes)","logger":"airflow.task.hooks.airflow.providers.standard.hooks.subprocess.SubprocessHook","filename":"subprocess.py","lineno":99}
{"timestamp":"2026-06-02T14:54:00.174929Z","level":"info","event":"26/06/02 14:54:00 INFO TaskSetManager: Starting task 14.0 in stage 10.0 (TID 67) (ac0ccb30c6a7, executor driver, partition 14, PROCESS_LOCAL, 8979 bytes)","logger":"airflow.task.hooks.airflow.providers.standard.hooks.subprocess.SubprocessHook","filename":"subprocess.py","lineno":99}
{"timestamp":"2026-06-02T14:54:00.176050Z","level":"info","event":"26/06/02 14:54:00 INFO TaskSetManager: Starting task 15.0 in stage 10.0 (TID 68) (ac0ccb30c6a7, executor driver, partition 15, PROCESS_LOCAL, 9053 bytes)","logger":"airflow.task.hooks.airflow.providers.standard.hooks.subprocess.SubprocessHook","filename":"subprocess.py","lineno":99}
{"timestamp":"2026-06-02T14:54:00.181225Z","level":"info","event":"26/06/02 14:54:00 INFO Executor: Running task 6.0 in stage 10.0 (TID 59)","logger":"airflow.task.hooks.airflow.providers.standard.hooks.subprocess.SubprocessHook","filename":"subprocess.py","lineno":99}
{"timestamp":"2026-06-02T14:54:00.181428Z","level":"info","event":"26/06/02 14:54:00 INFO Executor: Running task 2.0 in stage 10.0 (TID 55)","logger":"airflow.task.hooks.airflow.providers.standard.hooks.subprocess.SubprocessHook","filename":"subprocess.py","lineno":99}
{"timestamp":"2026-06-02T14:54:00.181473Z","level":"info","event":"26/06/02 14:54:00 INFO Executor: Running task 0.0 in stage 10.0 (TID 53)","logger":"airflow.task.hooks.airflow.providers.standard.hooks.subprocess.SubprocessHook","filename":"subprocess.py","lineno":99}
{"timestamp":"2026-06-02T14:54:00.181499Z","level":"info","event":"26/06/02 14:54:00 INFO Executor: Running task 8.0 in stage 10.0 (TID 61)","logger":"airflow.task.hooks.airflow.providers.standard.hooks.subprocess.SubprocessHook","filename":"subprocess.py","lineno":99}
{"timestamp":"2026-06-02T14:54:00.181519Z","level":"info","event":"26/06/02 14:54:00 INFO Executor: Running task 9.0 in stage 10.0 (TID 62)","logger":"airflow.task.hooks.airflow.providers.standard.hooks.subprocess.SubprocessHook","filename":"subprocess.py","lineno":99}
{"timestamp":"2026-06-02T14:54:00.181550Z","level":"info","event":"26/06/02 14:54:00 INFO Executor: Running task 3.0 in stage 10.0 (TID 56)","logger":"airflow.task.hooks.airflow.providers.standard.hooks.subprocess.SubprocessHook","filename":"subprocess.py","lineno":99}
{"timestamp":"2026-06-02T14:54:00.181583Z","level":"info","event":"26/06/02 14:54:00 INFO Executor: Running task 5.0 in stage 10.0 (TID 58)","logger":"airflow.task.hooks.airflow.providers.standard.hooks.subprocess.SubprocessHook","filename":"subprocess.py","lineno":99}
{"timestamp":"2026-06-02T14:54:00.181617Z","level":"info","event":"26/06/02 14:54:00 INFO Executor: Running task 12.0 in stage 10.0 (TID 65)","logger":"airflow.task.hooks.airflow.providers.standard.hooks.subprocess.SubprocessHook","filename":"subprocess.py","lineno":99}
{"timestamp":"2026-06-02T14:54:00.181656Z","level":"info","event":"26/06/02 14:54:00 INFO Executor: Running task 11.0 in stage 10.0 (TID 64)","logger":"airflow.task.hooks.airflow.providers.standard.hooks.subprocess.SubprocessHook","filename":"subprocess.py","lineno":99}
{"timestamp":"2026-06-02T14:54:00.181692Z","level":"info","event":"26/06/02 14:54:00 INFO Executor: Running task 13.0 in stage 10.0 (TID 66)","logger":"airflow.task.hooks.airflow.providers.standard.hooks.subprocess.SubprocessHook","filename":"subprocess.py","lineno":99}
{"timestamp":"2026-06-02T14:54:00.181725Z","level":"info","event":"26/06/02 14:54:00 INFO Executor: Running task 14.0 in stage 10.0 (TID 67)","logger":"airflow.task.hooks.airflow.providers.standard.hooks.subprocess.SubprocessHook","filename":"subprocess.py","lineno":99}
{"timestamp":"2026-06-02T14:54:00.181759Z","level":"info","event":"26/06/02 14:54:00 INFO Executor: Running task 1.0 in stage 10.0 (TID 54)","logger":"airflow.task.hooks.airflow.providers.standard.hooks.subprocess.SubprocessHook","filename":"subprocess.py","lineno":99}
{"timestamp":"2026-06-02T14:54:00.181791Z","level":"info","event":"26/06/02 14:54:00 INFO Executor: Running task 4.0 in stage 10.0 (TID 57)","logger":"airflow.task.hooks.airflow.providers.standard.hooks.subprocess.SubprocessHook","filename":"subprocess.py","lineno":99}
{"timestamp":"2026-06-02T14:54:00.181822Z","level":"info","event":"26/06/02 14:54:00 INFO Executor: Running task 7.0 in stage 10.0 (TID 60)","logger":"airflow.task.hooks.airflow.providers.standard.hooks.subprocess.SubprocessHook","filename":"subprocess.py","lineno":99}
{"timestamp":"2026-06-02T14:54:00.181847Z","level":"info","event":"26/06/02 14:54:00 INFO Executor: Running task 10.0 in stage 10.0 (TID 63)","logger":"airflow.task.hooks.airflow.providers.standard.hooks.subprocess.SubprocessHook","filename":"subprocess.py","lineno":99}
{"timestamp":"2026-06-02T14:54:00.181866Z","level":"info","event":"26/06/02 14:54:00 INFO Executor: Running task 15.0 in stage 10.0 (TID 68)","logger":"airflow.task.hooks.airflow.providers.standard.hooks.subprocess.SubprocessHook","filename":"subprocess.py","lineno":99}
{"timestamp":"2026-06-02T14:54:00.198999Z","level":"info","event":"26/06/02 14:54:00 INFO BlockManagerInfo: Removed broadcast_12_piece0 on ac0ccb30c6a7:44397 in memory (size: 17.2 KiB, free: 434.2 MiB)","logger":"airflow.task.hooks.airflow.providers.standard.hooks.subprocess.SubprocessHook","filename":"subprocess.py","lineno":99}
{"timestamp":"2026-06-02T14:54:00.210713Z","level":"info","event":"26/06/02 14:54:00 INFO BlockManagerInfo: Removed broadcast_11_piece0 on ac0ccb30c6a7:44397 in memory (size: 35.0 KiB, free: 434.3 MiB)","logger":"airflow.task.hooks.airflow.providers.standard.hooks.subprocess.SubprocessHook","filename":"subprocess.py","lineno":99}
{"timestamp":"2026-06-02T14:54:00.276509Z","level":"info","event":"26/06/02 14:54:00 INFO CodeGenerator: Code generated in 33.613629 ms","logger":"airflow.task.hooks.airflow.providers.standard.hooks.subprocess.SubprocessHook","filename":"subprocess.py","lineno":99}
{"timestamp":"2026-06-02T14:54:00.379628Z","level":"info","event":"26/06/02 14:54:00 INFO PythonRunner: Times: total = 132, boot = -745, init = 877, finish = 0","logger":"airflow.task.hooks.airflow.providers.standard.hooks.subprocess.SubprocessHook","filename":"subprocess.py","lineno":99}
{"timestamp":"2026-06-02T14:54:00.392580Z","level":"info","event":"26/06/02 14:54:00 INFO PythonRunner: Times: total = 140, boot = -748, init = 888, finish = 0","logger":"airflow.task.hooks.airflow.providers.standard.hooks.subprocess.SubprocessHook","filename":"subprocess.py","lineno":99}
{"timestamp":"2026-06-02T14:54:00.412864Z","level":"info","event":"26/06/02 14:54:00 INFO PythonRunner: Times: total = 162, boot = -519, init = 680, finish = 1","logger":"airflow.task.hooks.airflow.providers.standard.hooks.subprocess.SubprocessHook","filename":"subprocess.py","lineno":99}
{"timestamp":"2026-06-02T14:54:00.413612Z","level":"info","event":"26/06/02 14:54:00 INFO PythonRunner: Times: total = 170, boot = -736, init = 906, finish = 0","logger":"airflow.task.hooks.airflow.providers.standard.hooks.subprocess.SubprocessHook","filename":"subprocess.py","lineno":99}
{"timestamp":"2026-06-02T14:54:00.418935Z","level":"info","event":"26/06/02 14:54:00 INFO PythonRunner: Times: total = 162, boot = -513, init = 675, finish = 0","logger":"airflow.task.hooks.airflow.providers.standard.hooks.subprocess.SubprocessHook","filename":"subprocess.py","lineno":99}
{"timestamp":"2026-06-02T14:54:00.421725Z","level":"info","event":"26/06/02 14:54:00 INFO PythonRunner: Times: total = 145, boot = -536, init = 681, finish = 0","logger":"airflow.task.hooks.airflow.providers.standard.hooks.subprocess.SubprocessHook","filename":"subprocess.py","lineno":99}
{"timestamp":"2026-06-02T14:54:00.424603Z","level":"info","event":"26/06/02 14:54:00 INFO CodeGenerator: Code generated in 39.021921 ms","logger":"airflow.task.hooks.airflow.providers.standard.hooks.subprocess.SubprocessHook","filename":"subprocess.py","lineno":99}
{"timestamp":"2026-06-02T14:54:00.527841Z","level":"info","event":"26/06/02 14:54:00 INFO PythonRunner: Times: total = 235, boot = -533, init = 768, finish = 0","logger":"airflow.task.hooks.airflow.providers.standard.hooks.subprocess.SubprocessHook","filename":"subprocess.py","lineno":99}
{"timestamp":"2026-06-02T14:54:00.542316Z","level":"info","event":"26/06/02 14:54:00 INFO PythonRunner: Times: total = 261, boot = -531, init = 792, finish = 0","logger":"airflow.task.hooks.airflow.providers.standard.hooks.subprocess.SubprocessHook","filename":"subprocess.py","lineno":99}
{"timestamp":"2026-06-02T14:54:00.584766Z","level":"info","event":"26/06/02 14:54:00 INFO PythonRunner: Times: total = 308, boot = -520, init = 828, finish = 0","logger":"airflow.task.hooks.airflow.providers.standard.hooks.subprocess.SubprocessHook","filename":"subprocess.py","lineno":99}
{"timestamp":"2026-06-02T14:54:00.626170Z","level":"info","event":"26/06/02 14:54:00 INFO CodeGenerator: Code generated in 99.680091 ms","logger":"airflow.task.hooks.airflow.providers.standard.hooks.subprocess.SubprocessHook","filename":"subprocess.py","lineno":99}
{"timestamp":"2026-06-02T14:54:00.640954Z","level":"info","event":"26/06/02 14:54:00 INFO CodecConfig: Compression: SNAPPY","logger":"airflow.task.hooks.airflow.providers.standard.hooks.subprocess.SubprocessHook","filename":"subprocess.py","lineno":99}
{"timestamp":"2026-06-02T14:54:00.641394Z","level":"info","event":"26/06/02 14:54:00 INFO CodecConfig: Compression: SNAPPY","logger":"airflow.task.hooks.airflow.providers.standard.hooks.subprocess.SubprocessHook","filename":"subprocess.py","lineno":99}
{"timestamp":"2026-06-02T14:54:00.641532Z","level":"info","event":"26/06/02 14:54:00 INFO Executor: Finished task 3.0 in stage 10.0 (TID 56). 2902 bytes result sent to driver","logger":"airflow.task.hooks.airflow.providers.standard.hooks.subprocess.SubprocessHook","filename":"subprocess.py","lineno":99}
{"timestamp":"2026-06-02T14:54:00.641616Z","level":"info","event":"26/06/02 14:54:00 INFO CodecConfig: Compression: SNAPPY","logger":"airflow.task.hooks.airflow.providers.standard.hooks.subprocess.SubprocessHook","filename":"subprocess.py","lineno":99}
{"timestamp":"2026-06-02T14:54:00.641773Z","level":"info","event":"26/06/02 14:54:00 INFO Executor: Finished task 4.0 in stage 10.0 (TID 57). 2902 bytes result sent to driver","logger":"airflow.task.hooks.airflow.providers.standard.hooks.subprocess.SubprocessHook","filename":"subprocess.py","lineno":99}
{"timestamp":"2026-06-02T14:54:00.641892Z","level":"info","event":"26/06/02 14:54:00 INFO Executor: Finished task 14.0 in stage 10.0 (TID 67). 2902 bytes result sent to driver","logger":"airflow.task.hooks.airflow.providers.standard.hooks.subprocess.SubprocessHook","filename":"subprocess.py","lineno":99}
{"timestamp":"2026-06-02T14:54:00.642229Z","level":"info","event":"26/06/02 14:54:00 INFO CodecConfig: Compression: SNAPPY","logger":"airflow.task.hooks.airflow.providers.standard.hooks.subprocess.SubprocessHook","filename":"subprocess.py","lineno":99}
{"timestamp":"2026-06-02T14:54:00.642350Z","level":"info","event":"26/06/02 14:54:00 INFO Executor: Finished task 1.0 in stage 10.0 (TID 54). 2902 bytes result sent to driver","logger":"airflow.task.hooks.airflow.providers.standard.hooks.subprocess.SubprocessHook","filename":"subprocess.py","lineno":99}
{"timestamp":"2026-06-02T14:54:00.642425Z","level":"info","event":"26/06/02 14:54:00 INFO CodecConfig: Compression: SNAPPY","logger":"airflow.task.hooks.airflow.providers.standard.hooks.subprocess.SubprocessHook","filename":"subprocess.py","lineno":99}
{"timestamp":"2026-06-02T14:54:00.642485Z","level":"info","event":"26/06/02 14:54:00 INFO Executor: Finished task 12.0 in stage 10.0 (TID 65). 2902 bytes result sent to driver","logger":"airflow.task.hooks.airflow.providers.standard.hooks.subprocess.SubprocessHook","filename":"subprocess.py","lineno":99}
{"timestamp":"2026-06-02T14:54:00.642544Z","level":"info","event":"26/06/02 14:54:00 INFO CodecConfig: Compression: SNAPPY","logger":"airflow.task.hooks.airflow.providers.standard.hooks.subprocess.SubprocessHook","filename":"subprocess.py","lineno":99}
{"timestamp":"2026-06-02T14:54:00.642604Z","level":"info","event":"26/06/02 14:54:00 INFO CodecConfig: Compression: SNAPPY","logger":"airflow.task.hooks.airflow.providers.standard.hooks.subprocess.SubprocessHook","filename":"subprocess.py","lineno":99}
{"timestamp":"2026-06-02T14:54:00.642663Z","level":"info","event":"26/06/02 14:54:00 INFO CodecConfig: Compression: SNAPPY","logger":"airflow.task.hooks.airflow.providers.standard.hooks.subprocess.SubprocessHook","filename":"subprocess.py","lineno":99}
{"timestamp":"2026-06-02T14:54:00.642727Z","level":"info","event":"26/06/02 14:54:00 INFO CodecConfig: Compression: SNAPPY","logger":"airflow.task.hooks.airflow.providers.standard.hooks.subprocess.SubprocessHook","filename":"subprocess.py","lineno":99}
{"timestamp":"2026-06-02T14:54:00.642789Z","level":"info","event":"26/06/02 14:54:00 INFO Executor: Finished task 9.0 in stage 10.0 (TID 62). 2945 bytes result sent to driver","logger":"airflow.task.hooks.airflow.providers.standard.hooks.subprocess.SubprocessHook","filename":"subprocess.py","lineno":99}
{"timestamp":"2026-06-02T14:54:00.642935Z","level":"info","event":"26/06/02 14:54:00 INFO ParquetOutputFormat: ParquetRecordWriter [block size: 134217728b, row group padding size: 8388608b, validating: false]","logger":"airflow.task.hooks.airflow.providers.standard.hooks.subprocess.SubprocessHook","filename":"subprocess.py","lineno":99}
{"timestamp":"2026-06-02T14:54:00.643039Z","level":"info","event":"26/06/02 14:54:00 INFO ParquetOutputFormat: ParquetRecordWriter [block size: 134217728b, row group padding size: 8388608b, validating: false]","logger":"airflow.task.hooks.airflow.providers.standard.hooks.subprocess.SubprocessHook","filename":"subprocess.py","lineno":99}
{"timestamp":"2026-06-02T14:54:00.643111Z","level":"info","event":"26/06/02 14:54:00 INFO CodecConfig: Compression: SNAPPY","logger":"airflow.task.hooks.airflow.providers.standard.hooks.subprocess.SubprocessHook","filename":"subprocess.py","lineno":99}
{"timestamp":"2026-06-02T14:54:00.643169Z","level":"info","event":"26/06/02 14:54:00 INFO ParquetOutputFormat: ParquetRecordWriter [block size: 134217728b, row group padding size: 8388608b, validating: false]","logger":"airflow.task.hooks.airflow.providers.standard.hooks.subprocess.SubprocessHook","filename":"subprocess.py","lineno":99}
{"timestamp":"2026-06-02T14:54:00.643229Z","level":"info","event":"26/06/02 14:54:00 INFO ParquetOutputFormat: ParquetRecordWriter [block size: 134217728b, row group padding size: 8388608b, validating: false]","logger":"airflow.task.hooks.airflow.providers.standard.hooks.subprocess.SubprocessHook","filename":"subprocess.py","lineno":99}
{"timestamp":"2026-06-02T14:54:00.643291Z","level":"info","event":"26/06/02 14:54:00 INFO Executor: Finished task 6.0 in stage 10.0 (TID 59). 2902 bytes result sent to driver","logger":"airflow.task.hooks.airflow.providers.standard.hooks.subprocess.SubprocessHook","filename":"subprocess.py","lineno":99}
{"timestamp":"2026-06-02T14:54:00.643351Z","level":"info","event":"26/06/02 14:54:00 INFO CodecConfig: Compression: SNAPPY","logger":"airflow.task.hooks.airflow.providers.standard.hooks.subprocess.SubprocessHook","filename":"subprocess.py","lineno":99}
{"timestamp":"2026-06-02T14:54:00.643411Z","level":"info","event":"26/06/02 14:54:00 INFO Executor: Finished task 11.0 in stage 10.0 (TID 64). 2902 bytes result sent to driver","logger":"airflow.task.hooks.airflow.providers.standard.hooks.subprocess.SubprocessHook","filename":"subprocess.py","lineno":99}
{"timestamp":"2026-06-02T14:54:00.643467Z","level":"info","event":"26/06/02 14:54:00 INFO TaskSetManager: Finished task 3.0 in stage 10.0 (TID 56) in 472 ms on ac0ccb30c6a7 (executor driver) (1/16)","logger":"airflow.task.hooks.airflow.providers.standard.hooks.subprocess.SubprocessHook","filename":"subprocess.py","lineno":99}
{"timestamp":"2026-06-02T14:54:00.643523Z","level":"info","event":"26/06/02 14:54:00 INFO CodecConfig: Compression: SNAPPY","logger":"airflow.task.hooks.airflow.providers.standard.hooks.subprocess.SubprocessHook","filename":"subprocess.py","lineno":99}
{"timestamp":"2026-06-02T14:54:00.643580Z","level":"info","event":"26/06/02 14:54:00 INFO ParquetWriteSupport: Initialized Parquet WriteSupport with Catalyst schema:","logger":"airflow.task.hooks.airflow.providers.standard.hooks.subprocess.SubprocessHook","filename":"subprocess.py","lineno":99}
{"timestamp":"2026-06-02T14:54:00.643639Z","level":"info","event":"{","logger":"airflow.task.hooks.airflow.providers.standard.hooks.subprocess.SubprocessHook","filename":"subprocess.py","lineno":99}
{"timestamp":"2026-06-02T14:54:00.643698Z","level":"info","event":"  \"type\" : \"struct\",","logger":"airflow.task.hooks.airflow.providers.standard.hooks.subprocess.SubprocessHook","filename":"subprocess.py","lineno":99}
{"timestamp":"2026-06-02T14:54:00.643757Z","level":"info","event":"  \"fields\" : [ {","logger":"airflow.task.hooks.airflow.providers.standard.hooks.subprocess.SubprocessHook","filename":"subprocess.py","lineno":99}
{"timestamp":"2026-06-02T14:54:00.643812Z","level":"info","event":"    \"name\" : \"livestock_indicator\",","logger":"airflow.task.hooks.airflow.providers.standard.hooks.subprocess.SubprocessHook","filename":"subprocess.py","lineno":99}
{"timestamp":"2026-06-02T14:54:00.643872Z","level":"info","event":"    \"type\" : \"string\",","logger":"airflow.task.hooks.airflow.providers.standard.hooks.subprocess.SubprocessHook","filename":"subprocess.py","lineno":99}
{"timestamp":"2026-06-02T14:54:00.643928Z","level":"info","event":"    \"nullable\" : true,","logger":"airflow.task.hooks.airflow.providers.standard.hooks.subprocess.SubprocessHook","filename":"subprocess.py","lineno":99}
{"timestamp":"2026-06-02T14:54:00.643984Z","level":"info","event":"    \"metadata\" : { }","logger":"airflow.task.hooks.airflow.providers.standard.hooks.subprocess.SubprocessHook","filename":"subprocess.py","lineno":99}
{"timestamp":"2026-06-02T14:54:00.644043Z","level":"info","event":"  }, {","logger":"airflow.task.hooks.airflow.providers.standard.hooks.subprocess.SubprocessHook","filename":"subprocess.py","lineno":99}
{"timestamp":"2026-06-02T14:54:00.644097Z","level":"info","event":"    \"name\" : \"value\",","logger":"airflow.task.hooks.airflow.providers.standard.hooks.subprocess.SubprocessHook","filename":"subprocess.py","lineno":99}
{"timestamp":"2026-06-02T14:54:00.644154Z","level":"info","event":"    \"type\" : \"double\",","logger":"airflow.task.hooks.airflow.providers.standard.hooks.subprocess.SubprocessHook","filename":"subprocess.py","lineno":99}
{"timestamp":"2026-06-02T14:54:00.644213Z","level":"info","event":"    \"nullable\" : true,","logger":"airflow.task.hooks.airflow.providers.standard.hooks.subprocess.SubprocessHook","filename":"subprocess.py","lineno":99}
{"timestamp":"2026-06-02T14:54:00.644407Z","level":"info","event":"    \"metadata\" : { }","logger":"airflow.task.hooks.airflow.providers.standard.hooks.subprocess.SubprocessHook","filename":"subprocess.py","lineno":99}
{"timestamp":"2026-06-02T14:54:00.644507Z","level":"info","event":"  }, {","logger":"airflow.task.hooks.airflow.providers.standard.hooks.subprocess.SubprocessHook","filename":"subprocess.py","lineno":99}
{"timestamp":"2026-06-02T14:54:00.644574Z","level":"info","event":"    \"name\" : \"unit\",","logger":"airflow.task.hooks.airflow.providers.standard.hooks.subprocess.SubprocessHook","filename":"subprocess.py","lineno":99}
{"timestamp":"2026-06-02T14:54:00.644632Z","level":"info","event":"    \"type\" : \"string\",","logger":"airflow.task.hooks.airflow.providers.standard.hooks.subprocess.SubprocessHook","filename":"subprocess.py","lineno":99}
{"timestamp":"2026-06-02T14:54:00.644688Z","level":"info","event":"    \"nullable\" : true,","logger":"airflow.task.hooks.airflow.providers.standard.hooks.subprocess.SubprocessHook","filename":"subprocess.py","lineno":99}
{"timestamp":"2026-06-02T14:54:00.644745Z","level":"info","event":"    \"metadata\" : { }","logger":"airflow.task.hooks.airflow.providers.standard.hooks.subprocess.SubprocessHook","filename":"subprocess.py","lineno":99}
{"timestamp":"2026-06-02T14:54:00.645010Z","level":"info","event":"  }, {","logger":"airflow.task.hooks.airflow.providers.standard.hooks.subprocess.SubprocessHook","filename":"subprocess.py","lineno":99}
{"timestamp":"2026-06-02T14:54:00.645126Z","level":"info","event":"    \"name\" : \"quarter\",","logger":"airflow.task.hooks.airflow.providers.standard.hooks.subprocess.SubprocessHook","filename":"subprocess.py","lineno":99}
{"timestamp":"2026-06-02T14:54:00.645194Z","level":"info","event":"    \"type\" : \"integer\",","logger":"airflow.task.hooks.airflow.providers.standard.hooks.subprocess.SubprocessHook","filename":"subprocess.py","lineno":99}
{"timestamp":"2026-06-02T14:54:00.645253Z","level":"info","event":"    \"nullable\" : true,","logger":"airflow.task.hooks.airflow.providers.standard.hooks.subprocess.SubprocessHook","filename":"subprocess.py","lineno":99}
{"timestamp":"2026-06-02T14:54:00.645311Z","level":"info","event":"    \"metadata\" : { }","logger":"airflow.task.hooks.airflow.providers.standard.hooks.subprocess.SubprocessHook","filename":"subprocess.py","lineno":99}
{"timestamp":"2026-06-02T14:54:00.645370Z","level":"info","event":"  }, {","logger":"airflow.task.hooks.airflow.providers.standard.hooks.subprocess.SubprocessHook","filename":"subprocess.py","lineno":99}
{"timestamp":"2026-06-02T14:54:00.645426Z","level":"info","event":"    \"name\" : \"year\",","logger":"airflow.task.hooks.airflow.providers.standard.hooks.subprocess.SubprocessHook","filename":"subprocess.py","lineno":99}
{"timestamp":"2026-06-02T14:54:00.645480Z","level":"info","event":"    \"type\" : \"integer\",","logger":"airflow.task.hooks.airflow.providers.standard.hooks.subprocess.SubprocessHook","filename":"subprocess.py","lineno":99}
{"timestamp":"2026-06-02T14:54:00.645533Z","level":"info","event":"    \"nullable\" : true,","logger":"airflow.task.hooks.airflow.providers.standard.hooks.subprocess.SubprocessHook","filename":"subprocess.py","lineno":99}
{"timestamp":"2026-06-02T14:54:00.645591Z","level":"info","event":"    \"metadata\" : { }","logger":"airflow.task.hooks.airflow.providers.standard.hooks.subprocess.SubprocessHook","filename":"subprocess.py","lineno":99}
{"timestamp":"2026-06-02T14:54:00.645649Z","level":"info","event":"  }, {","logger":"airflow.task.hooks.airflow.providers.standard.hooks.subprocess.SubprocessHook","filename":"subprocess.py","lineno":99}
{"timestamp":"2026-06-02T14:54:00.645705Z","level":"info","event":"    \"name\" : \"ingest_at\",","logger":"airflow.task.hooks.airflow.providers.standard.hooks.subprocess.SubprocessHook","filename":"subprocess.py","lineno":99}
{"timestamp":"2026-06-02T14:54:00.645764Z","level":"info","event":"    \"type\" : \"timestamp\",","logger":"airflow.task.hooks.airflow.providers.standard.hooks.subprocess.SubprocessHook","filename":"subprocess.py","lineno":99}
{"timestamp":"2026-06-02T14:54:00.645917Z","level":"info","event":"    \"nullable\" : true,","logger":"airflow.task.hooks.airflow.providers.standard.hooks.subprocess.SubprocessHook","filename":"subprocess.py","lineno":99}
{"timestamp":"2026-06-02T14:54:00.646013Z","level":"info","event":"    \"metadata\" : { }","logger":"airflow.task.hooks.airflow.providers.standard.hooks.subprocess.SubprocessHook","filename":"subprocess.py","lineno":99}
{"timestamp":"2026-06-02T14:54:00.646050Z","level":"info","event":"  } ]","logger":"airflow.task.hooks.airflow.providers.standard.hooks.subprocess.SubprocessHook","filename":"subprocess.py","lineno":99}
{"timestamp":"2026-06-02T14:54:00.646076Z","level":"info","event":"}","logger":"airflow.task.hooks.airflow.providers.standard.hooks.subprocess.SubprocessHook","filename":"subprocess.py","lineno":99}
{"timestamp":"2026-06-02T14:54:00.646099Z","level":"info","event":"and corresponding Parquet message type:","logger":"airflow.task.hooks.airflow.providers.standard.hooks.subprocess.SubprocessHook","filename":"subprocess.py","lineno":99}
{"timestamp":"2026-06-02T14:54:00.646119Z","level":"info","event":"message spark_schema {","logger":"airflow.task.hooks.airflow.providers.standard.hooks.subprocess.SubprocessHook","filename":"subprocess.py","lineno":99}
{"timestamp":"2026-06-02T14:54:00.646137Z","level":"info","event":"  optional binary livestock_indicator (STRING);","logger":"airflow.task.hooks.airflow.providers.standard.hooks.subprocess.SubprocessHook","filename":"subprocess.py","lineno":99}
{"timestamp":"2026-06-02T14:54:00.646156Z","level":"info","event":"  optional double value;","logger":"airflow.task.hooks.airflow.providers.standard.hooks.subprocess.SubprocessHook","filename":"subprocess.py","lineno":99}
{"timestamp":"2026-06-02T14:54:00.646174Z","level":"info","event":"  optional binary unit (STRING);","logger":"airflow.task.hooks.airflow.providers.standard.hooks.subprocess.SubprocessHook","filename":"subprocess.py","lineno":99}
{"timestamp":"2026-06-02T14:54:00.646193Z","level":"info","event":"  optional int32 quarter;","logger":"airflow.task.hooks.airflow.providers.standard.hooks.subprocess.SubprocessHook","filename":"subprocess.py","lineno":99}
{"timestamp":"2026-06-02T14:54:00.646211Z","level":"info","event":"  optional int32 year;","logger":"airflow.task.hooks.airflow.providers.standard.hooks.subprocess.SubprocessHook","filename":"subprocess.py","lineno":99}
{"timestamp":"2026-06-02T14:54:00.646229Z","level":"info","event":"  optional int96 ingest_at;","logger":"airflow.task.hooks.airflow.providers.standard.hooks.subprocess.SubprocessHook","filename":"subprocess.py","lineno":99}
{"timestamp":"2026-06-02T14:54:00.646248Z","level":"info","event":"}","logger":"airflow.task.hooks.airflow.providers.standard.hooks.subprocess.SubprocessHook","filename":"subprocess.py","lineno":99}
{"timestamp":"2026-06-02T14:54:00.646268Z","level":"info","event":"","logger":"airflow.task.hooks.airflow.providers.standard.hooks.subprocess.SubprocessHook","filename":"subprocess.py","lineno":99}
{"timestamp":"2026-06-02T14:54:00.646286Z","level":"info","event":"","logger":"airflow.task.hooks.airflow.providers.standard.hooks.subprocess.SubprocessHook","filename":"subprocess.py","lineno":99}
{"timestamp":"2026-06-02T14:54:00.646305Z","level":"info","event":"26/06/02 14:54:00 INFO CodecConfig: Compression: SNAPPY","logger":"airflow.task.hooks.airflow.providers.standard.hooks.subprocess.SubprocessHook","filename":"subprocess.py","lineno":99}
{"timestamp":"2026-06-02T14:54:00.646323Z","level":"info","event":"26/06/02 14:54:00 INFO TaskSetManager: Finished task 4.0 in stage 10.0 (TID 57) in 472 ms on ac0ccb30c6a7 (executor driver) (2/16)","logger":"airflow.task.hooks.airflow.providers.standard.hooks.subprocess.SubprocessHook","filename":"subprocess.py","lineno":99}
{"timestamp":"2026-06-02T14:54:00.651784Z","level":"info","event":"26/06/02 14:54:00 INFO CodecConfig: Compression: SNAPPY","logger":"airflow.task.hooks.airflow.providers.standard.hooks.subprocess.SubprocessHook","filename":"subprocess.py","lineno":99}
{"timestamp":"2026-06-02T14:54:00.652146Z","level":"info","event":"26/06/02 14:54:00 INFO ParquetWriteSupport: Initialized Parquet WriteSupport with Catalyst schema:","logger":"airflow.task.hooks.airflow.providers.standard.hooks.subprocess.SubprocessHook","filename":"subprocess.py","lineno":99}
{"timestamp":"2026-06-02T14:54:00.652316Z","level":"info","event":"{","logger":"airflow.task.hooks.airflow.providers.standard.hooks.subprocess.SubprocessHook","filename":"subprocess.py","lineno":99}
{"timestamp":"2026-06-02T14:54:00.652413Z","level":"info","event":"  \"type\" : \"struct\",","logger":"airflow.task.hooks.airflow.providers.standard.hooks.subprocess.SubprocessHook","filename":"subprocess.py","lineno":99}
{"timestamp":"2026-06-02T14:54:00.652492Z","level":"info","event":"  \"fields\" : [ {","logger":"airflow.task.hooks.airflow.providers.standard.hooks.subprocess.SubprocessHook","filename":"subprocess.py","lineno":99}
{"timestamp":"2026-06-02T14:54:00.652564Z","level":"info","event":"    \"name\" : \"livestock_indicator\",","logger":"airflow.task.hooks.airflow.providers.standard.hooks.subprocess.SubprocessHook","filename":"subprocess.py","lineno":99}
{"timestamp":"2026-06-02T14:54:00.652638Z","level":"info","event":"    \"type\" : \"string\",","logger":"airflow.task.hooks.airflow.providers.standard.hooks.subprocess.SubprocessHook","filename":"subprocess.py","lineno":99}
{"timestamp":"2026-06-02T14:54:00.652710Z","level":"info","event":"    \"nullable\" : true,","logger":"airflow.task.hooks.airflow.providers.standard.hooks.subprocess.SubprocessHook","filename":"subprocess.py","lineno":99}
{"timestamp":"2026-06-02T14:54:00.653029Z","level":"info","event":"    \"metadata\" : { }","logger":"airflow.task.hooks.airflow.providers.standard.hooks.subprocess.SubprocessHook","filename":"subprocess.py","lineno":99}
{"timestamp":"2026-06-02T14:54:00.653115Z","level":"info","event":"  }, {","logger":"airflow.task.hooks.airflow.providers.standard.hooks.subprocess.SubprocessHook","filename":"subprocess.py","lineno":99}
{"timestamp":"2026-06-02T14:54:00.653184Z","level":"info","event":"    \"name\" : \"value\",","logger":"airflow.task.hooks.airflow.providers.standard.hooks.subprocess.SubprocessHook","filename":"subprocess.py","lineno":99}
{"timestamp":"2026-06-02T14:54:00.653251Z","level":"info","event":"    \"type\" : \"double\",","logger":"airflow.task.hooks.airflow.providers.standard.hooks.subprocess.SubprocessHook","filename":"subprocess.py","lineno":99}
{"timestamp":"2026-06-02T14:54:00.653316Z","level":"info","event":"    \"nullable\" : true,","logger":"airflow.task.hooks.airflow.providers.standard.hooks.subprocess.SubprocessHook","filename":"subprocess.py","lineno":99}
{"timestamp":"2026-06-02T14:54:00.653382Z","level":"info","event":"    \"metadata\" : { }","logger":"airflow.task.hooks.airflow.providers.standard.hooks.subprocess.SubprocessHook","filename":"subprocess.py","lineno":99}
{"timestamp":"2026-06-02T14:54:00.653446Z","level":"info","event":"  }, {","logger":"airflow.task.hooks.airflow.providers.standard.hooks.subprocess.SubprocessHook","filename":"subprocess.py","lineno":99}
{"timestamp":"2026-06-02T14:54:00.653518Z","level":"info","event":"    \"name\" : \"unit\",","logger":"airflow.task.hooks.airflow.providers.standard.hooks.subprocess.SubprocessHook","filename":"subprocess.py","lineno":99}
{"timestamp":"2026-06-02T14:54:00.653595Z","level":"info","event":"    \"type\" : \"string\",","logger":"airflow.task.hooks.airflow.providers.standard.hooks.subprocess.SubprocessHook","filename":"subprocess.py","lineno":99}
{"timestamp":"2026-06-02T14:54:00.653686Z","level":"info","event":"    \"nullable\" : true,","logger":"airflow.task.hooks.airflow.providers.standard.hooks.subprocess.SubprocessHook","filename":"subprocess.py","lineno":99}
{"timestamp":"2026-06-02T14:54:00.653770Z","level":"info","event":"    \"metadata\" : { }","logger":"airflow.task.hooks.airflow.providers.standard.hooks.subprocess.SubprocessHook","filename":"subprocess.py","lineno":99}
{"timestamp":"2026-06-02T14:54:00.653844Z","level":"info","event":"  }, {","logger":"airflow.task.hooks.airflow.providers.standard.hooks.subprocess.SubprocessHook","filename":"subprocess.py","lineno":99}
{"timestamp":"2026-06-02T14:54:00.653915Z","level":"info","event":"    \"name\" : \"quarter\",","logger":"airflow.task.hooks.airflow.providers.standard.hooks.subprocess.SubprocessHook","filename":"subprocess.py","lineno":99}
{"timestamp":"2026-06-02T14:54:00.653981Z","level":"info","event":"    \"type\" : \"integer\",","logger":"airflow.task.hooks.airflow.providers.standard.hooks.subprocess.SubprocessHook","filename":"subprocess.py","lineno":99}
{"timestamp":"2026-06-02T14:54:00.654048Z","level":"info","event":"    \"nullable\" : true,","logger":"airflow.task.hooks.airflow.providers.standard.hooks.subprocess.SubprocessHook","filename":"subprocess.py","lineno":99}
{"timestamp":"2026-06-02T14:54:00.654113Z","level":"info","event":"    \"metadata\" : { }","logger":"airflow.task.hooks.airflow.providers.standard.hooks.subprocess.SubprocessHook","filename":"subprocess.py","lineno":99}
{"timestamp":"2026-06-02T14:54:00.654177Z","level":"info","event":"  }, {","logger":"airflow.task.hooks.airflow.providers.standard.hooks.subprocess.SubprocessHook","filename":"subprocess.py","lineno":99}
{"timestamp":"2026-06-02T14:54:00.654248Z","level":"info","event":"    \"name\" : \"year\",","logger":"airflow.task.hooks.airflow.providers.standard.hooks.subprocess.SubprocessHook","filename":"subprocess.py","lineno":99}
{"timestamp":"2026-06-02T14:54:00.654315Z","level":"info","event":"    \"type\" : \"integer\",","logger":"airflow.task.hooks.airflow.providers.standard.hooks.subprocess.SubprocessHook","filename":"subprocess.py","lineno":99}
{"timestamp":"2026-06-02T14:54:00.654382Z","level":"info","event":"    \"nullable\" : true,","logger":"airflow.task.hooks.airflow.providers.standard.hooks.subprocess.SubprocessHook","filename":"subprocess.py","lineno":99}
{"timestamp":"2026-06-02T14:54:00.654471Z","level":"info","event":"    \"metadata\" : { }","logger":"airflow.task.hooks.airflow.providers.standard.hooks.subprocess.SubprocessHook","filename":"subprocess.py","lineno":99}
{"timestamp":"2026-06-02T14:54:00.654545Z","level":"info","event":"  }, {","logger":"airflow.task.hooks.airflow.providers.standard.hooks.subprocess.SubprocessHook","filename":"subprocess.py","lineno":99}
{"timestamp":"2026-06-02T14:54:00.654607Z","level":"info","event":"    \"name\" : \"ingest_at\",","logger":"airflow.task.hooks.airflow.providers.standard.hooks.subprocess.SubprocessHook","filename":"subprocess.py","lineno":99}
{"timestamp":"2026-06-02T14:54:00.654671Z","level":"info","event":"    \"type\" : \"timestamp\",","logger":"airflow.task.hooks.airflow.providers.standard.hooks.subprocess.SubprocessHook","filename":"subprocess.py","lineno":99}
{"timestamp":"2026-06-02T14:54:00.654736Z","level":"info","event":"    \"nullable\" : true,","logger":"airflow.task.hooks.airflow.providers.standard.hooks.subprocess.SubprocessHook","filename":"subprocess.py","lineno":99}
{"timestamp":"2026-06-02T14:54:00.654861Z","level":"info","event":"    \"metadata\" : { }","logger":"airflow.task.hooks.airflow.providers.standard.hooks.subprocess.SubprocessHook","filename":"subprocess.py","lineno":99}
{"timestamp":"2026-06-02T14:54:00.654975Z","level":"info","event":"  } ]","logger":"airflow.task.hooks.airflow.providers.standard.hooks.subprocess.SubprocessHook","filename":"subprocess.py","lineno":99}
{"timestamp":"2026-06-02T14:54:00.655050Z","level":"info","event":"}","logger":"airflow.task.hooks.airflow.providers.standard.hooks.subprocess.SubprocessHook","filename":"subprocess.py","lineno":99}
{"timestamp":"2026-06-02T14:54:00.655112Z","level":"info","event":"and corresponding Parquet message type:","logger":"airflow.task.hooks.airflow.providers.standard.hooks.subprocess.SubprocessHook","filename":"subprocess.py","lineno":99}
{"timestamp":"2026-06-02T14:54:00.655173Z","level":"info","event":"message spark_schema {","logger":"airflow.task.hooks.airflow.providers.standard.hooks.subprocess.SubprocessHook","filename":"subprocess.py","lineno":99}
{"timestamp":"2026-06-02T14:54:00.655230Z","level":"info","event":"  optional binary livestock_indicator (STRING);","logger":"airflow.task.hooks.airflow.providers.standard.hooks.subprocess.SubprocessHook","filename":"subprocess.py","lineno":99}
{"timestamp":"2026-06-02T14:54:00.655286Z","level":"info","event":"  optional double value;","logger":"airflow.task.hooks.airflow.providers.standard.hooks.subprocess.SubprocessHook","filename":"subprocess.py","lineno":99}
{"timestamp":"2026-06-02T14:54:00.655341Z","level":"info","event":"  optional binary unit (STRING);","logger":"airflow.task.hooks.airflow.providers.standard.hooks.subprocess.SubprocessHook","filename":"subprocess.py","lineno":99}
{"timestamp":"2026-06-02T14:54:00.655402Z","level":"info","event":"  optional int32 quarter;","logger":"airflow.task.hooks.airflow.providers.standard.hooks.subprocess.SubprocessHook","filename":"subprocess.py","lineno":99}
{"timestamp":"2026-06-02T14:54:00.655470Z","level":"info","event":"  optional int32 year;","logger":"airflow.task.hooks.airflow.providers.standard.hooks.subprocess.SubprocessHook","filename":"subprocess.py","lineno":99}
{"timestamp":"2026-06-02T14:54:00.655537Z","level":"info","event":"  optional int96 ingest_at;","logger":"airflow.task.hooks.airflow.providers.standard.hooks.subprocess.SubprocessHook","filename":"subprocess.py","lineno":99}
{"timestamp":"2026-06-02T14:54:00.655613Z","level":"info","event":"}","logger":"airflow.task.hooks.airflow.providers.standard.hooks.subprocess.SubprocessHook","filename":"subprocess.py","lineno":99}
{"timestamp":"2026-06-02T14:54:00.655687Z","level":"info","event":"","logger":"airflow.task.hooks.airflow.providers.standard.hooks.subprocess.SubprocessHook","filename":"subprocess.py","lineno":99}
{"timestamp":"2026-06-02T14:54:00.655752Z","level":"info","event":"","logger":"airflow.task.hooks.airflow.providers.standard.hooks.subprocess.SubprocessHook","filename":"subprocess.py","lineno":99}
{"timestamp":"2026-06-02T14:54:00.655844Z","level":"info","event":"26/06/02 14:54:00 INFO ParquetWriteSupport: Initialized Parquet WriteSupport with Catalyst schema:","logger":"airflow.task.hooks.airflow.providers.standard.hooks.subprocess.SubprocessHook","filename":"subprocess.py","lineno":99}
{"timestamp":"2026-06-02T14:54:00.655925Z","level":"info","event":"{","logger":"airflow.task.hooks.airflow.providers.standard.hooks.subprocess.SubprocessHook","filename":"subprocess.py","lineno":99}
{"timestamp":"2026-06-02T14:54:00.655996Z","level":"info","event":"  \"type\" : \"struct\",","logger":"airflow.task.hooks.airflow.providers.standard.hooks.subprocess.SubprocessHook","filename":"subprocess.py","lineno":99}
{"timestamp":"2026-06-02T14:54:00.656069Z","level":"info","event":"  \"fields\" : [ {","logger":"airflow.task.hooks.airflow.providers.standard.hooks.subprocess.SubprocessHook","filename":"subprocess.py","lineno":99}
{"timestamp":"2026-06-02T14:54:00.656134Z","level":"info","event":"    \"name\" : \"livestock_indicator\",","logger":"airflow.task.hooks.airflow.providers.standard.hooks.subprocess.SubprocessHook","filename":"subprocess.py","lineno":99}
{"timestamp":"2026-06-02T14:54:00.656197Z","level":"info","event":"    \"type\" : \"string\",","logger":"airflow.task.hooks.airflow.providers.standard.hooks.subprocess.SubprocessHook","filename":"subprocess.py","lineno":99}
{"timestamp":"2026-06-02T14:54:00.656298Z","level":"info","event":"    \"nullable\" : true,","logger":"airflow.task.hooks.airflow.providers.standard.hooks.subprocess.SubprocessHook","filename":"subprocess.py","lineno":99}
{"timestamp":"2026-06-02T14:54:00.656367Z","level":"info","event":"    \"metadata\" : { }","logger":"airflow.task.hooks.airflow.providers.standard.hooks.subprocess.SubprocessHook","filename":"subprocess.py","lineno":99}
{"timestamp":"2026-06-02T14:54:00.656429Z","level":"info","event":"  }, {","logger":"airflow.task.hooks.airflow.providers.standard.hooks.subprocess.SubprocessHook","filename":"subprocess.py","lineno":99}
{"timestamp":"2026-06-02T14:54:00.656486Z","level":"info","event":"    \"name\" : \"value\",","logger":"airflow.task.hooks.airflow.providers.standard.hooks.subprocess.SubprocessHook","filename":"subprocess.py","lineno":99}
{"timestamp":"2026-06-02T14:54:00.656654Z","level":"info","event":"    \"type\" : \"double\",","logger":"airflow.task.hooks.airflow.providers.standard.hooks.subprocess.SubprocessHook","filename":"subprocess.py","lineno":99}
{"timestamp":"2026-06-02T14:54:00.656725Z","level":"info","event":"    \"nullable\" : true,","logger":"airflow.task.hooks.airflow.providers.standard.hooks.subprocess.SubprocessHook","filename":"subprocess.py","lineno":99}
{"timestamp":"2026-06-02T14:54:00.656767Z","level":"info","event":"    \"metadata\" : { }","logger":"airflow.task.hooks.airflow.providers.standard.hooks.subprocess.SubprocessHook","filename":"subprocess.py","lineno":99}
{"timestamp":"2026-06-02T14:54:00.656818Z","level":"info","event":"  }, {","logger":"airflow.task.hooks.airflow.providers.standard.hooks.subprocess.SubprocessHook","filename":"subprocess.py","lineno":99}
{"timestamp":"2026-06-02T14:54:00.656857Z","level":"info","event":"    \"name\" : \"unit\",","logger":"airflow.task.hooks.airflow.providers.standard.hooks.subprocess.SubprocessHook","filename":"subprocess.py","lineno":99}
{"timestamp":"2026-06-02T14:54:00.657043Z","level":"info","event":"    \"type\" : \"string\",","logger":"airflow.task.hooks.airflow.providers.standard.hooks.subprocess.SubprocessHook","filename":"subprocess.py","lineno":99}
{"timestamp":"2026-06-02T14:54:00.657194Z","level":"info","event":"    \"nullable\" : true,","logger":"airflow.task.hooks.airflow.providers.standard.hooks.subprocess.SubprocessHook","filename":"subprocess.py","lineno":99}
{"timestamp":"2026-06-02T14:54:00.657261Z","level":"info","event":"    \"metadata\" : { }","logger":"airflow.task.hooks.airflow.providers.standard.hooks.subprocess.SubprocessHook","filename":"subprocess.py","lineno":99}
{"timestamp":"2026-06-02T14:54:00.657394Z","level":"info","event":"  }, {","logger":"airflow.task.hooks.airflow.providers.standard.hooks.subprocess.SubprocessHook","filename":"subprocess.py","lineno":99}
{"timestamp":"2026-06-02T14:54:00.657499Z","level":"info","event":"    \"name\" : \"quarter\",","logger":"airflow.task.hooks.airflow.providers.standard.hooks.subprocess.SubprocessHook","filename":"subprocess.py","lineno":99}
{"timestamp":"2026-06-02T14:54:00.657549Z","level":"info","event":"    \"type\" : \"integer\",","logger":"airflow.task.hooks.airflow.providers.standard.hooks.subprocess.SubprocessHook","filename":"subprocess.py","lineno":99}
{"timestamp":"2026-06-02T14:54:00.657791Z","level":"info","event":"    \"nullable\" : true,","logger":"airflow.task.hooks.airflow.providers.standard.hooks.subprocess.SubprocessHook","filename":"subprocess.py","lineno":99}
{"timestamp":"2026-06-02T14:54:00.658570Z","level":"info","event":"    \"metadata\" : { }","logger":"airflow.task.hooks.airflow.providers.standard.hooks.subprocess.SubprocessHook","filename":"subprocess.py","lineno":99}
{"timestamp":"2026-06-02T14:54:00.658730Z","level":"info","event":"  }, {","logger":"airflow.task.hooks.airflow.providers.standard.hooks.subprocess.SubprocessHook","filename":"subprocess.py","lineno":99}
{"timestamp":"2026-06-02T14:54:00.658808Z","level":"info","event":"    \"name\" : \"year\",","logger":"airflow.task.hooks.airflow.providers.standard.hooks.subprocess.SubprocessHook","filename":"subprocess.py","lineno":99}
{"timestamp":"2026-06-02T14:54:00.658857Z","level":"info","event":"    \"type\" : \"integer\",","logger":"airflow.task.hooks.airflow.providers.standard.hooks.subprocess.SubprocessHook","filename":"subprocess.py","lineno":99}
{"timestamp":"2026-06-02T14:54:00.658900Z","level":"info","event":"    \"nullable\" : true,","logger":"airflow.task.hooks.airflow.providers.standard.hooks.subprocess.SubprocessHook","filename":"subprocess.py","lineno":99}
{"timestamp":"2026-06-02T14:54:00.659083Z","level":"info","event":"    \"metadata\" : { }","logger":"airflow.task.hooks.airflow.providers.standard.hooks.subprocess.SubprocessHook","filename":"subprocess.py","lineno":99}
{"timestamp":"2026-06-02T14:54:00.659140Z","level":"info","event":"  }, {","logger":"airflow.task.hooks.airflow.providers.standard.hooks.subprocess.SubprocessHook","filename":"subprocess.py","lineno":99}
{"timestamp":"2026-06-02T14:54:00.659181Z","level":"info","event":"    \"name\" : \"ingest_at\",","logger":"airflow.task.hooks.airflow.providers.standard.hooks.subprocess.SubprocessHook","filename":"subprocess.py","lineno":99}
{"timestamp":"2026-06-02T14:54:00.659216Z","level":"info","event":"    \"type\" : \"timestamp\",","logger":"airflow.task.hooks.airflow.providers.standard.hooks.subprocess.SubprocessHook","filename":"subprocess.py","lineno":99}
{"timestamp":"2026-06-02T14:54:00.659252Z","level":"info","event":"    \"nullable\" : true,","logger":"airflow.task.hooks.airflow.providers.standard.hooks.subprocess.SubprocessHook","filename":"subprocess.py","lineno":99}
{"timestamp":"2026-06-02T14:54:00.659284Z","level":"info","event":"    \"metadata\" : { }","logger":"airflow.task.hooks.airflow.providers.standard.hooks.subprocess.SubprocessHook","filename":"subprocess.py","lineno":99}
{"timestamp":"2026-06-02T14:54:00.659316Z","level":"info","event":"  } ]","logger":"airflow.task.hooks.airflow.providers.standard.hooks.subprocess.SubprocessHook","filename":"subprocess.py","lineno":99}
{"timestamp":"2026-06-02T14:54:00.659349Z","level":"info","event":"}","logger":"airflow.task.hooks.airflow.providers.standard.hooks.subprocess.SubprocessHook","filename":"subprocess.py","lineno":99}
{"timestamp":"2026-06-02T14:54:00.659385Z","level":"info","event":"and corresponding Parquet message type:","logger":"airflow.task.hooks.airflow.providers.standard.hooks.subprocess.SubprocessHook","filename":"subprocess.py","lineno":99}
{"timestamp":"2026-06-02T14:54:00.659423Z","level":"info","event":"message spark_schema {","logger":"airflow.task.hooks.airflow.providers.standard.hooks.subprocess.SubprocessHook","filename":"subprocess.py","lineno":99}
{"timestamp":"2026-06-02T14:54:00.659459Z","level":"info","event":"  optional binary livestock_indicator (STRING);","logger":"airflow.task.hooks.airflow.providers.standard.hooks.subprocess.SubprocessHook","filename":"subprocess.py","lineno":99}
{"timestamp":"2026-06-02T14:54:00.659500Z","level":"info","event":"  optional double value;","logger":"airflow.task.hooks.airflow.providers.standard.hooks.subprocess.SubprocessHook","filename":"subprocess.py","lineno":99}
{"timestamp":"2026-06-02T14:54:00.659541Z","level":"info","event":"  optional binary unit (STRING);","logger":"airflow.task.hooks.airflow.providers.standard.hooks.subprocess.SubprocessHook","filename":"subprocess.py","lineno":99}
{"timestamp":"2026-06-02T14:54:00.659583Z","level":"info","event":"  optional int32 quarter;","logger":"airflow.task.hooks.airflow.providers.standard.hooks.subprocess.SubprocessHook","filename":"subprocess.py","lineno":99}
{"timestamp":"2026-06-02T14:54:00.659619Z","level":"info","event":"  optional int32 year;","logger":"airflow.task.hooks.airflow.providers.standard.hooks.subprocess.SubprocessHook","filename":"subprocess.py","lineno":99}
{"timestamp":"2026-06-02T14:54:00.659664Z","level":"info","event":"  optional int96 ingest_at;","logger":"airflow.task.hooks.airflow.providers.standard.hooks.subprocess.SubprocessHook","filename":"subprocess.py","lineno":99}
{"timestamp":"2026-06-02T14:54:00.659697Z","level":"info","event":"}","logger":"airflow.task.hooks.airflow.providers.standard.hooks.subprocess.SubprocessHook","filename":"subprocess.py","lineno":99}
{"timestamp":"2026-06-02T14:54:00.659734Z","level":"info","event":"","logger":"airflow.task.hooks.airflow.providers.standard.hooks.subprocess.SubprocessHook","filename":"subprocess.py","lineno":99}
{"timestamp":"2026-06-02T14:54:00.660013Z","level":"info","event":"","logger":"airflow.task.hooks.airflow.providers.standard.hooks.subprocess.SubprocessHook","filename":"subprocess.py","lineno":99}
{"timestamp":"2026-06-02T14:54:00.660123Z","level":"info","event":"26/06/02 14:54:00 INFO ParquetOutputFormat: ParquetRecordWriter [block size: 134217728b, row group padding size: 8388608b, validating: false]","logger":"airflow.task.hooks.airflow.providers.standard.hooks.subprocess.SubprocessHook","filename":"subprocess.py","lineno":99}
{"timestamp":"2026-06-02T14:54:00.660173Z","level":"info","event":"26/06/02 14:54:00 INFO ParquetOutputFormat: ParquetRecordWriter [block size: 134217728b, row group padding size: 8388608b, validating: false]","logger":"airflow.task.hooks.airflow.providers.standard.hooks.subprocess.SubprocessHook","filename":"subprocess.py","lineno":99}
{"timestamp":"2026-06-02T14:54:00.660209Z","level":"info","event":"26/06/02 14:54:00 INFO ParquetWriteSupport: Initialized Parquet WriteSupport with Catalyst schema:","logger":"airflow.task.hooks.airflow.providers.standard.hooks.subprocess.SubprocessHook","filename":"subprocess.py","lineno":99}
{"timestamp":"2026-06-02T14:54:00.660515Z","level":"info","event":"{","logger":"airflow.task.hooks.airflow.providers.standard.hooks.subprocess.SubprocessHook","filename":"subprocess.py","lineno":99}
{"timestamp":"2026-06-02T14:54:00.660623Z","level":"info","event":"  \"type\" : \"struct\",","logger":"airflow.task.hooks.airflow.providers.standard.hooks.subprocess.SubprocessHook","filename":"subprocess.py","lineno":99}
{"timestamp":"2026-06-02T14:54:00.660676Z","level":"info","event":"  \"fields\" : [ {","logger":"airflow.task.hooks.airflow.providers.standard.hooks.subprocess.SubprocessHook","filename":"subprocess.py","lineno":99}
{"timestamp":"2026-06-02T14:54:00.660715Z","level":"info","event":"    \"name\" : \"livestock_indicator\",","logger":"airflow.task.hooks.airflow.providers.standard.hooks.subprocess.SubprocessHook","filename":"subprocess.py","lineno":99}
{"timestamp":"2026-06-02T14:54:00.660750Z","level":"info","event":"    \"type\" : \"string\",","logger":"airflow.task.hooks.airflow.providers.standard.hooks.subprocess.SubprocessHook","filename":"subprocess.py","lineno":99}
{"timestamp":"2026-06-02T14:54:00.660786Z","level":"info","event":"    \"nullable\" : true,","logger":"airflow.task.hooks.airflow.providers.standard.hooks.subprocess.SubprocessHook","filename":"subprocess.py","lineno":99}
{"timestamp":"2026-06-02T14:54:00.660821Z","level":"info","event":"    \"metadata\" : { }","logger":"airflow.task.hooks.airflow.providers.standard.hooks.subprocess.SubprocessHook","filename":"subprocess.py","lineno":99}
{"timestamp":"2026-06-02T14:54:00.660855Z","level":"info","event":"  }, {","logger":"airflow.task.hooks.airflow.providers.standard.hooks.subprocess.SubprocessHook","filename":"subprocess.py","lineno":99}
{"timestamp":"2026-06-02T14:54:00.660894Z","level":"info","event":"    \"name\" : \"value\",","logger":"airflow.task.hooks.airflow.providers.standard.hooks.subprocess.SubprocessHook","filename":"subprocess.py","lineno":99}
{"timestamp":"2026-06-02T14:54:00.660935Z","level":"info","event":"    \"type\" : \"double\",","logger":"airflow.task.hooks.airflow.providers.standard.hooks.subprocess.SubprocessHook","filename":"subprocess.py","lineno":99}
{"timestamp":"2026-06-02T14:54:00.660975Z","level":"info","event":"    \"nullable\" : true,","logger":"airflow.task.hooks.airflow.providers.standard.hooks.subprocess.SubprocessHook","filename":"subprocess.py","lineno":99}
{"timestamp":"2026-06-02T14:54:00.661014Z","level":"info","event":"    \"metadata\" : { }","logger":"airflow.task.hooks.airflow.providers.standard.hooks.subprocess.SubprocessHook","filename":"subprocess.py","lineno":99}
{"timestamp":"2026-06-02T14:54:00.661053Z","level":"info","event":"  }, {","logger":"airflow.task.hooks.airflow.providers.standard.hooks.subprocess.SubprocessHook","filename":"subprocess.py","lineno":99}
{"timestamp":"2026-06-02T14:54:00.661092Z","level":"info","event":"    \"name\" : \"unit\",","logger":"airflow.task.hooks.airflow.providers.standard.hooks.subprocess.SubprocessHook","filename":"subprocess.py","lineno":99}
{"timestamp":"2026-06-02T14:54:00.661128Z","level":"info","event":"    \"type\" : \"string\",","logger":"airflow.task.hooks.airflow.providers.standard.hooks.subprocess.SubprocessHook","filename":"subprocess.py","lineno":99}
{"timestamp":"2026-06-02T14:54:00.661173Z","level":"info","event":"    \"nullable\" : true,","logger":"airflow.task.hooks.airflow.providers.standard.hooks.subprocess.SubprocessHook","filename":"subprocess.py","lineno":99}
{"timestamp":"2026-06-02T14:54:00.661224Z","level":"info","event":"    \"metadata\" : { }","logger":"airflow.task.hooks.airflow.providers.standard.hooks.subprocess.SubprocessHook","filename":"subprocess.py","lineno":99}
{"timestamp":"2026-06-02T14:54:00.661270Z","level":"info","event":"  }, {","logger":"airflow.task.hooks.airflow.providers.standard.hooks.subprocess.SubprocessHook","filename":"subprocess.py","lineno":99}
{"timestamp":"2026-06-02T14:54:00.661313Z","level":"info","event":"    \"name\" : \"quarter\",","logger":"airflow.task.hooks.airflow.providers.standard.hooks.subprocess.SubprocessHook","filename":"subprocess.py","lineno":99}
{"timestamp":"2026-06-02T14:54:00.661361Z","level":"info","event":"    \"type\" : \"integer\",","logger":"airflow.task.hooks.airflow.providers.standard.hooks.subprocess.SubprocessHook","filename":"subprocess.py","lineno":99}
{"timestamp":"2026-06-02T14:54:00.661403Z","level":"info","event":"    \"nullable\" : true,","logger":"airflow.task.hooks.airflow.providers.standard.hooks.subprocess.SubprocessHook","filename":"subprocess.py","lineno":99}
{"timestamp":"2026-06-02T14:54:00.661444Z","level":"info","event":"    \"metadata\" : { }","logger":"airflow.task.hooks.airflow.providers.standard.hooks.subprocess.SubprocessHook","filename":"subprocess.py","lineno":99}
{"timestamp":"2026-06-02T14:54:00.661489Z","level":"info","event":"  }, {","logger":"airflow.task.hooks.airflow.providers.standard.hooks.subprocess.SubprocessHook","filename":"subprocess.py","lineno":99}
{"timestamp":"2026-06-02T14:54:00.661543Z","level":"info","event":"    \"name\" : \"year\",","logger":"airflow.task.hooks.airflow.providers.standard.hooks.subprocess.SubprocessHook","filename":"subprocess.py","lineno":99}
{"timestamp":"2026-06-02T14:54:00.661594Z","level":"info","event":"    \"type\" : \"integer\",","logger":"airflow.task.hooks.airflow.providers.standard.hooks.subprocess.SubprocessHook","filename":"subprocess.py","lineno":99}
{"timestamp":"2026-06-02T14:54:00.661657Z","level":"info","event":"    \"nullable\" : true,","logger":"airflow.task.hooks.airflow.providers.standard.hooks.subprocess.SubprocessHook","filename":"subprocess.py","lineno":99}
{"timestamp":"2026-06-02T14:54:00.661720Z","level":"info","event":"    \"metadata\" : { }","logger":"airflow.task.hooks.airflow.providers.standard.hooks.subprocess.SubprocessHook","filename":"subprocess.py","lineno":99}
{"timestamp":"2026-06-02T14:54:00.661777Z","level":"info","event":"  }, {","logger":"airflow.task.hooks.airflow.providers.standard.hooks.subprocess.SubprocessHook","filename":"subprocess.py","lineno":99}
{"timestamp":"2026-06-02T14:54:00.751937Z","level":"info","event":"    \"name\" : \"ingest_at\",","logger":"airflow.task.hooks.airflow.providers.standard.hooks.subprocess.SubprocessHook","filename":"subprocess.py","lineno":99}
{"timestamp":"2026-06-02T14:54:00.752106Z","level":"info","event":"    \"type\" : \"timestamp\",","logger":"airflow.task.hooks.airflow.providers.standard.hooks.subprocess.SubprocessHook","filename":"subprocess.py","lineno":99}
{"timestamp":"2026-06-02T14:54:00.752186Z","level":"info","event":"    \"nullable\" : true,","logger":"airflow.task.hooks.airflow.providers.standard.hooks.subprocess.SubprocessHook","filename":"subprocess.py","lineno":99}
{"timestamp":"2026-06-02T14:54:00.752348Z","level":"info","event":"    \"metadata\" : { }","logger":"airflow.task.hooks.airflow.providers.standard.hooks.subprocess.SubprocessHook","filename":"subprocess.py","lineno":99}
{"timestamp":"2026-06-02T14:54:00.752439Z","level":"info","event":"  } ]","logger":"airflow.task.hooks.airflow.providers.standard.hooks.subprocess.SubprocessHook","filename":"subprocess.py","lineno":99}
{"timestamp":"2026-06-02T14:54:00.752508Z","level":"info","event":"}","logger":"airflow.task.hooks.airflow.providers.standard.hooks.subprocess.SubprocessHook","filename":"subprocess.py","lineno":99}
{"timestamp":"2026-06-02T14:54:00.752573Z","level":"info","event":"and corresponding Parquet message type:","logger":"airflow.task.hooks.airflow.providers.standard.hooks.subprocess.SubprocessHook","filename":"subprocess.py","lineno":99}
{"timestamp":"2026-06-02T14:54:00.752638Z","level":"info","event":"message spark_schema {","logger":"airflow.task.hooks.airflow.providers.standard.hooks.subprocess.SubprocessHook","filename":"subprocess.py","lineno":99}
{"timestamp":"2026-06-02T14:54:00.752703Z","level":"info","event":"  optional binary livestock_indicator (STRING);","logger":"airflow.task.hooks.airflow.providers.standard.hooks.subprocess.SubprocessHook","filename":"subprocess.py","lineno":99}
{"timestamp":"2026-06-02T14:54:00.752771Z","level":"info","event":"  optional double value;","logger":"airflow.task.hooks.airflow.providers.standard.hooks.subprocess.SubprocessHook","filename":"subprocess.py","lineno":99}
{"timestamp":"2026-06-02T14:54:00.752835Z","level":"info","event":"  optional binary unit (STRING);","logger":"airflow.task.hooks.airflow.providers.standard.hooks.subprocess.SubprocessHook","filename":"subprocess.py","lineno":99}
{"timestamp":"2026-06-02T14:54:00.752901Z","level":"info","event":"  optional int32 quarter;","logger":"airflow.task.hooks.airflow.providers.standard.hooks.subprocess.SubprocessHook","filename":"subprocess.py","lineno":99}
{"timestamp":"2026-06-02T14:54:00.752961Z","level":"info","event":"  optional int32 year;","logger":"airflow.task.hooks.airflow.providers.standard.hooks.subprocess.SubprocessHook","filename":"subprocess.py","lineno":99}
{"timestamp":"2026-06-02T14:54:00.753018Z","level":"info","event":"  optional int96 ingest_at;","logger":"airflow.task.hooks.airflow.providers.standard.hooks.subprocess.SubprocessHook","filename":"subprocess.py","lineno":99}
{"timestamp":"2026-06-02T14:54:00.753076Z","level":"info","event":"}","logger":"airflow.task.hooks.airflow.providers.standard.hooks.subprocess.SubprocessHook","filename":"subprocess.py","lineno":99}
{"timestamp":"2026-06-02T14:54:00.753136Z","level":"info","event":"","logger":"airflow.task.hooks.airflow.providers.standard.hooks.subprocess.SubprocessHook","filename":"subprocess.py","lineno":99}
{"timestamp":"2026-06-02T14:54:00.753195Z","level":"info","event":"","logger":"airflow.task.hooks.airflow.providers.standard.hooks.subprocess.SubprocessHook","filename":"subprocess.py","lineno":99}
{"timestamp":"2026-06-02T14:54:00.753253Z","level":"info","event":"26/06/02 14:54:00 INFO TaskSetManager: Finished task 14.0 in stage 10.0 (TID 67) in 476 ms on ac0ccb30c6a7 (executor driver) (3/16)","logger":"airflow.task.hooks.airflow.providers.standard.hooks.subprocess.SubprocessHook","filename":"subprocess.py","lineno":99}
{"timestamp":"2026-06-02T14:54:00.753314Z","level":"info","event":"26/06/02 14:54:00 INFO Executor: Finished task 8.0 in stage 10.0 (TID 61). 2902 bytes result sent to driver","logger":"airflow.task.hooks.airflow.providers.standard.hooks.subprocess.SubprocessHook","filename":"subprocess.py","lineno":99}
{"timestamp":"2026-06-02T14:54:00.753369Z","level":"info","event":"26/06/02 14:54:00 INFO TaskSetManager: Finished task 1.0 in stage 10.0 (TID 54) in 483 ms on ac0ccb30c6a7 (executor driver) (4/16)","logger":"airflow.task.hooks.airflow.providers.standard.hooks.subprocess.SubprocessHook","filename":"subprocess.py","lineno":99}
{"timestamp":"2026-06-02T14:54:00.753425Z","level":"info","event":"26/06/02 14:54:00 INFO ParquetOutputFormat: ParquetRecordWriter [block size: 134217728b, row group padding size: 8388608b, validating: false]","logger":"airflow.task.hooks.airflow.providers.standard.hooks.subprocess.SubprocessHook","filename":"subprocess.py","lineno":99}
{"timestamp":"2026-06-02T14:54:00.753485Z","level":"info","event":"26/06/02 14:54:00 INFO TaskSetManager: Finished task 9.0 in stage 10.0 (TID 62) in 480 ms on ac0ccb30c6a7 (executor driver) (5/16)","logger":"airflow.task.hooks.airflow.providers.standard.hooks.subprocess.SubprocessHook","filename":"subprocess.py","lineno":99}
{"timestamp":"2026-06-02T14:54:00.753546Z","level":"info","event":"26/06/02 14:54:00 INFO TaskSetManager: Finished task 6.0 in stage 10.0 (TID 59) in 482 ms on ac0ccb30c6a7 (executor driver) (6/16)","logger":"airflow.task.hooks.airflow.providers.standard.hooks.subprocess.SubprocessHook","filename":"subprocess.py","lineno":99}
{"timestamp":"2026-06-02T14:54:00.753685Z","level":"info","event":"26/06/02 14:54:00 INFO TaskSetManager: Finished task 12.0 in stage 10.0 (TID 65) in 480 ms on ac0ccb30c6a7 (executor driver) (7/16)","logger":"airflow.task.hooks.airflow.providers.standard.hooks.subprocess.SubprocessHook","filename":"subprocess.py","lineno":99}
{"timestamp":"2026-06-02T14:54:00.753760Z","level":"info","event":"26/06/02 14:54:00 INFO ParquetWriteSupport: Initialized Parquet WriteSupport with Catalyst schema:","logger":"airflow.task.hooks.airflow.providers.standard.hooks.subprocess.SubprocessHook","filename":"subprocess.py","lineno":99}
{"timestamp":"2026-06-02T14:54:00.753826Z","level":"info","event":"{","logger":"airflow.task.hooks.airflow.providers.standard.hooks.subprocess.SubprocessHook","filename":"subprocess.py","lineno":99}
{"timestamp":"2026-06-02T14:54:00.753885Z","level":"info","event":"  \"type\" : \"struct\",","logger":"airflow.task.hooks.airflow.providers.standard.hooks.subprocess.SubprocessHook","filename":"subprocess.py","lineno":99}
{"timestamp":"2026-06-02T14:54:00.753945Z","level":"info","event":"  \"fields\" : [ {","logger":"airflow.task.hooks.airflow.providers.standard.hooks.subprocess.SubprocessHook","filename":"subprocess.py","lineno":99}
{"timestamp":"2026-06-02T14:54:00.754002Z","level":"info","event":"    \"name\" : \"livestock_indicator\",","logger":"airflow.task.hooks.airflow.providers.standard.hooks.subprocess.SubprocessHook","filename":"subprocess.py","lineno":99}
{"timestamp":"2026-06-02T14:54:00.754064Z","level":"info","event":"    \"type\" : \"string\",","logger":"airflow.task.hooks.airflow.providers.standard.hooks.subprocess.SubprocessHook","filename":"subprocess.py","lineno":99}
{"timestamp":"2026-06-02T14:54:00.754124Z","level":"info","event":"    \"nullable\" : true,","logger":"airflow.task.hooks.airflow.providers.standard.hooks.subprocess.SubprocessHook","filename":"subprocess.py","lineno":99}
{"timestamp":"2026-06-02T14:54:00.754186Z","level":"info","event":"    \"metadata\" : { }","logger":"airflow.task.hooks.airflow.providers.standard.hooks.subprocess.SubprocessHook","filename":"subprocess.py","lineno":99}
{"timestamp":"2026-06-02T14:54:00.754433Z","level":"info","event":"  }, {","logger":"airflow.task.hooks.airflow.providers.standard.hooks.subprocess.SubprocessHook","filename":"subprocess.py","lineno":99}
{"timestamp":"2026-06-02T14:54:00.754696Z","level":"info","event":"    \"name\" : \"value\",","logger":"airflow.task.hooks.airflow.providers.standard.hooks.subprocess.SubprocessHook","filename":"subprocess.py","lineno":99}
{"timestamp":"2026-06-02T14:54:00.754909Z","level":"info","event":"    \"type\" : \"double\",","logger":"airflow.task.hooks.airflow.providers.standard.hooks.subprocess.SubprocessHook","filename":"subprocess.py","lineno":99}
{"timestamp":"2026-06-02T14:54:00.755130Z","level":"info","event":"    \"nullable\" : true,","logger":"airflow.task.hooks.airflow.providers.standard.hooks.subprocess.SubprocessHook","filename":"subprocess.py","lineno":99}
{"timestamp":"2026-06-02T14:54:00.755333Z","level":"info","event":"    \"metadata\" : { }","logger":"airflow.task.hooks.airflow.providers.standard.hooks.subprocess.SubprocessHook","filename":"subprocess.py","lineno":99}
{"timestamp":"2026-06-02T14:54:00.755435Z","level":"info","event":"  }, {","logger":"airflow.task.hooks.airflow.providers.standard.hooks.subprocess.SubprocessHook","filename":"subprocess.py","lineno":99}
{"timestamp":"2026-06-02T14:54:00.755623Z","level":"info","event":"    \"name\" : \"unit\",","logger":"airflow.task.hooks.airflow.providers.standard.hooks.subprocess.SubprocessHook","filename":"subprocess.py","lineno":99}
{"timestamp":"2026-06-02T14:54:00.755735Z","level":"info","event":"    \"type\" : \"string\",","logger":"airflow.task.hooks.airflow.providers.standard.hooks.subprocess.SubprocessHook","filename":"subprocess.py","lineno":99}
{"timestamp":"2026-06-02T14:54:00.755811Z","level":"info","event":"    \"nullable\" : true,","logger":"airflow.task.hooks.airflow.providers.standard.hooks.subprocess.SubprocessHook","filename":"subprocess.py","lineno":99}
{"timestamp":"2026-06-02T14:54:00.756062Z","level":"info","event":"    \"metadata\" : { }","logger":"airflow.task.hooks.airflow.providers.standard.hooks.subprocess.SubprocessHook","filename":"subprocess.py","lineno":99}
{"timestamp":"2026-06-02T14:54:00.756177Z","level":"info","event":"  }, {","logger":"airflow.task.hooks.airflow.providers.standard.hooks.subprocess.SubprocessHook","filename":"subprocess.py","lineno":99}
{"timestamp":"2026-06-02T14:54:00.756283Z","level":"info","event":"    \"name\" : \"quarter\",","logger":"airflow.task.hooks.airflow.providers.standard.hooks.subprocess.SubprocessHook","filename":"subprocess.py","lineno":99}
{"timestamp":"2026-06-02T14:54:00.756356Z","level":"info","event":"    \"type\" : \"integer\",","logger":"airflow.task.hooks.airflow.providers.standard.hooks.subprocess.SubprocessHook","filename":"subprocess.py","lineno":99}
{"timestamp":"2026-06-02T14:54:00.756419Z","level":"info","event":"    \"nullable\" : true,","logger":"airflow.task.hooks.airflow.providers.standard.hooks.subprocess.SubprocessHook","filename":"subprocess.py","lineno":99}
{"timestamp":"2026-06-02T14:54:00.756589Z","level":"info","event":"    \"metadata\" : { }","logger":"airflow.task.hooks.airflow.providers.standard.hooks.subprocess.SubprocessHook","filename":"subprocess.py","lineno":99}
{"timestamp":"2026-06-02T14:54:00.756705Z","level":"info","event":"  }, {","logger":"airflow.task.hooks.airflow.providers.standard.hooks.subprocess.SubprocessHook","filename":"subprocess.py","lineno":99}
{"timestamp":"2026-06-02T14:54:00.756780Z","level":"info","event":"    \"name\" : \"year\",","logger":"airflow.task.hooks.airflow.providers.standard.hooks.subprocess.SubprocessHook","filename":"subprocess.py","lineno":99}
{"timestamp":"2026-06-02T14:54:00.756840Z","level":"info","event":"    \"type\" : \"integer\",","logger":"airflow.task.hooks.airflow.providers.standard.hooks.subprocess.SubprocessHook","filename":"subprocess.py","lineno":99}
{"timestamp":"2026-06-02T14:54:00.756899Z","level":"info","event":"    \"nullable\" : true,","logger":"airflow.task.hooks.airflow.providers.standard.hooks.subprocess.SubprocessHook","filename":"subprocess.py","lineno":99}
{"timestamp":"2026-06-02T14:54:00.757018Z","level":"info","event":"    \"metadata\" : { }","logger":"airflow.task.hooks.airflow.providers.standard.hooks.subprocess.SubprocessHook","filename":"subprocess.py","lineno":99}
{"timestamp":"2026-06-02T14:54:00.757483Z","level":"info","event":"  }, {","logger":"airflow.task.hooks.airflow.providers.standard.hooks.subprocess.SubprocessHook","filename":"subprocess.py","lineno":99}
{"timestamp":"2026-06-02T14:54:00.757644Z","level":"info","event":"    \"name\" : \"ingest_at\",","logger":"airflow.task.hooks.airflow.providers.standard.hooks.subprocess.SubprocessHook","filename":"subprocess.py","lineno":99}
{"timestamp":"2026-06-02T14:54:00.757738Z","level":"info","event":"    \"type\" : \"timestamp\",","logger":"airflow.task.hooks.airflow.providers.standard.hooks.subprocess.SubprocessHook","filename":"subprocess.py","lineno":99}
{"timestamp":"2026-06-02T14:54:00.757825Z","level":"info","event":"    \"nullable\" : true,","logger":"airflow.task.hooks.airflow.providers.standard.hooks.subprocess.SubprocessHook","filename":"subprocess.py","lineno":99}
{"timestamp":"2026-06-02T14:54:00.757902Z","level":"info","event":"    \"metadata\" : { }","logger":"airflow.task.hooks.airflow.providers.standard.hooks.subprocess.SubprocessHook","filename":"subprocess.py","lineno":99}
{"timestamp":"2026-06-02T14:54:00.757971Z","level":"info","event":"  } ]","logger":"airflow.task.hooks.airflow.providers.standard.hooks.subprocess.SubprocessHook","filename":"subprocess.py","lineno":99}
{"timestamp":"2026-06-02T14:54:00.758043Z","level":"info","event":"}","logger":"airflow.task.hooks.airflow.providers.standard.hooks.subprocess.SubprocessHook","filename":"subprocess.py","lineno":99}
{"timestamp":"2026-06-02T14:54:00.758113Z","level":"info","event":"and corresponding Parquet message type:","logger":"airflow.task.hooks.airflow.providers.standard.hooks.subprocess.SubprocessHook","filename":"subprocess.py","lineno":99}
{"timestamp":"2026-06-02T14:54:00.758190Z","level":"info","event":"message spark_schema {","logger":"airflow.task.hooks.airflow.providers.standard.hooks.subprocess.SubprocessHook","filename":"subprocess.py","lineno":99}
{"timestamp":"2026-06-02T14:54:00.758278Z","level":"info","event":"  optional binary livestock_indicator (STRING);","logger":"airflow.task.hooks.airflow.providers.standard.hooks.subprocess.SubprocessHook","filename":"subprocess.py","lineno":99}
{"timestamp":"2026-06-02T14:54:00.758356Z","level":"info","event":"  optional double value;","logger":"airflow.task.hooks.airflow.providers.standard.hooks.subprocess.SubprocessHook","filename":"subprocess.py","lineno":99}
{"timestamp":"2026-06-02T14:54:00.758435Z","level":"info","event":"  optional binary unit (STRING);","logger":"airflow.task.hooks.airflow.providers.standard.hooks.subprocess.SubprocessHook","filename":"subprocess.py","lineno":99}
{"timestamp":"2026-06-02T14:54:00.759575Z","level":"info","event":"  optional int32 quarter;","logger":"airflow.task.hooks.airflow.providers.standard.hooks.subprocess.SubprocessHook","filename":"subprocess.py","lineno":99}
{"timestamp":"2026-06-02T14:54:00.759789Z","level":"info","event":"  optional int32 year;","logger":"airflow.task.hooks.airflow.providers.standard.hooks.subprocess.SubprocessHook","filename":"subprocess.py","lineno":99}
{"timestamp":"2026-06-02T14:54:00.760068Z","level":"info","event":"  optional int96 ingest_at;","logger":"airflow.task.hooks.airflow.providers.standard.hooks.subprocess.SubprocessHook","filename":"subprocess.py","lineno":99}
{"timestamp":"2026-06-02T14:54:00.760437Z","level":"info","event":"}","logger":"airflow.task.hooks.airflow.providers.standard.hooks.subprocess.SubprocessHook","filename":"subprocess.py","lineno":99}
{"timestamp":"2026-06-02T14:54:00.760778Z","level":"info","event":"","logger":"airflow.task.hooks.airflow.providers.standard.hooks.subprocess.SubprocessHook","filename":"subprocess.py","lineno":99}
{"timestamp":"2026-06-02T14:54:00.760900Z","level":"info","event":"","logger":"airflow.task.hooks.airflow.providers.standard.hooks.subprocess.SubprocessHook","filename":"subprocess.py","lineno":99}
{"timestamp":"2026-06-02T14:54:00.761144Z","level":"info","event":"26/06/02 14:54:00 INFO ParquetWriteSupport: Initialized Parquet WriteSupport with Catalyst schema:","logger":"airflow.task.hooks.airflow.providers.standard.hooks.subprocess.SubprocessHook","filename":"subprocess.py","lineno":99}
{"timestamp":"2026-06-02T14:54:00.761402Z","level":"info","event":"{","logger":"airflow.task.hooks.airflow.providers.standard.hooks.subprocess.SubprocessHook","filename":"subprocess.py","lineno":99}
{"timestamp":"2026-06-02T14:54:00.761549Z","level":"info","event":"  \"type\" : \"struct\",","logger":"airflow.task.hooks.airflow.providers.standard.hooks.subprocess.SubprocessHook","filename":"subprocess.py","lineno":99}
{"timestamp":"2026-06-02T14:54:00.761881Z","level":"info","event":"  \"fields\" : [ {","logger":"airflow.task.hooks.airflow.providers.standard.hooks.subprocess.SubprocessHook","filename":"subprocess.py","lineno":99}
{"timestamp":"2026-06-02T14:54:00.762102Z","level":"info","event":"    \"name\" : \"livestock_indicator\",","logger":"airflow.task.hooks.airflow.providers.standard.hooks.subprocess.SubprocessHook","filename":"subprocess.py","lineno":99}
{"timestamp":"2026-06-02T14:54:00.762175Z","level":"info","event":"    \"type\" : \"string\",","logger":"airflow.task.hooks.airflow.providers.standard.hooks.subprocess.SubprocessHook","filename":"subprocess.py","lineno":99}
{"timestamp":"2026-06-02T14:54:00.762271Z","level":"info","event":"    \"nullable\" : true,","logger":"airflow.task.hooks.airflow.providers.standard.hooks.subprocess.SubprocessHook","filename":"subprocess.py","lineno":99}
{"timestamp":"2026-06-02T14:54:00.762323Z","level":"info","event":"    \"metadata\" : { }","logger":"airflow.task.hooks.airflow.providers.standard.hooks.subprocess.SubprocessHook","filename":"subprocess.py","lineno":99}
{"timestamp":"2026-06-02T14:54:00.762440Z","level":"info","event":"  }, {","logger":"airflow.task.hooks.airflow.providers.standard.hooks.subprocess.SubprocessHook","filename":"subprocess.py","lineno":99}
{"timestamp":"2026-06-02T14:54:00.762545Z","level":"info","event":"    \"name\" : \"value\",","logger":"airflow.task.hooks.airflow.providers.standard.hooks.subprocess.SubprocessHook","filename":"subprocess.py","lineno":99}
{"timestamp":"2026-06-02T14:54:00.762655Z","level":"info","event":"    \"type\" : \"double\",","logger":"airflow.task.hooks.airflow.providers.standard.hooks.subprocess.SubprocessHook","filename":"subprocess.py","lineno":99}
{"timestamp":"2026-06-02T14:54:00.762731Z","level":"info","event":"    \"nullable\" : true,","logger":"airflow.task.hooks.airflow.providers.standard.hooks.subprocess.SubprocessHook","filename":"subprocess.py","lineno":99}
{"timestamp":"2026-06-02T14:54:00.762777Z","level":"info","event":"    \"metadata\" : { }","logger":"airflow.task.hooks.airflow.providers.standard.hooks.subprocess.SubprocessHook","filename":"subprocess.py","lineno":99}
{"timestamp":"2026-06-02T14:54:00.762839Z","level":"info","event":"  }, {","logger":"airflow.task.hooks.airflow.providers.standard.hooks.subprocess.SubprocessHook","filename":"subprocess.py","lineno":99}
{"timestamp":"2026-06-02T14:54:00.763140Z","level":"info","event":"    \"name\" : \"unit\",","logger":"airflow.task.hooks.airflow.providers.standard.hooks.subprocess.SubprocessHook","filename":"subprocess.py","lineno":99}
{"timestamp":"2026-06-02T14:54:00.763223Z","level":"info","event":"    \"type\" : \"string\",","logger":"airflow.task.hooks.airflow.providers.standard.hooks.subprocess.SubprocessHook","filename":"subprocess.py","lineno":99}
{"timestamp":"2026-06-02T14:54:00.763268Z","level":"info","event":"    \"nullable\" : true,","logger":"airflow.task.hooks.airflow.providers.standard.hooks.subprocess.SubprocessHook","filename":"subprocess.py","lineno":99}
{"timestamp":"2026-06-02T14:54:00.763303Z","level":"info","event":"    \"metadata\" : { }","logger":"airflow.task.hooks.airflow.providers.standard.hooks.subprocess.SubprocessHook","filename":"subprocess.py","lineno":99}
{"timestamp":"2026-06-02T14:54:00.763339Z","level":"info","event":"  }, {","logger":"airflow.task.hooks.airflow.providers.standard.hooks.subprocess.SubprocessHook","filename":"subprocess.py","lineno":99}
{"timestamp":"2026-06-02T14:54:00.763374Z","level":"info","event":"    \"name\" : \"quarter\",","logger":"airflow.task.hooks.airflow.providers.standard.hooks.subprocess.SubprocessHook","filename":"subprocess.py","lineno":99}
{"timestamp":"2026-06-02T14:54:00.763413Z","level":"info","event":"    \"type\" : \"integer\",","logger":"airflow.task.hooks.airflow.providers.standard.hooks.subprocess.SubprocessHook","filename":"subprocess.py","lineno":99}
{"timestamp":"2026-06-02T14:54:00.763452Z","level":"info","event":"    \"nullable\" : true,","logger":"airflow.task.hooks.airflow.providers.standard.hooks.subprocess.SubprocessHook","filename":"subprocess.py","lineno":99}
{"timestamp":"2026-06-02T14:54:00.763490Z","level":"info","event":"    \"metadata\" : { }","logger":"airflow.task.hooks.airflow.providers.standard.hooks.subprocess.SubprocessHook","filename":"subprocess.py","lineno":99}
{"timestamp":"2026-06-02T14:54:00.763526Z","level":"info","event":"  }, {","logger":"airflow.task.hooks.airflow.providers.standard.hooks.subprocess.SubprocessHook","filename":"subprocess.py","lineno":99}
{"timestamp":"2026-06-02T14:54:00.763558Z","level":"info","event":"    \"name\" : \"year\",","logger":"airflow.task.hooks.airflow.providers.standard.hooks.subprocess.SubprocessHook","filename":"subprocess.py","lineno":99}
{"timestamp":"2026-06-02T14:54:00.763587Z","level":"info","event":"    \"type\" : \"integer\",","logger":"airflow.task.hooks.airflow.providers.standard.hooks.subprocess.SubprocessHook","filename":"subprocess.py","lineno":99}
{"timestamp":"2026-06-02T14:54:00.763619Z","level":"info","event":"    \"nullable\" : true,","logger":"airflow.task.hooks.airflow.providers.standard.hooks.subprocess.SubprocessHook","filename":"subprocess.py","lineno":99}
{"timestamp":"2026-06-02T14:54:00.763654Z","level":"info","event":"    \"metadata\" : { }","logger":"airflow.task.hooks.airflow.providers.standard.hooks.subprocess.SubprocessHook","filename":"subprocess.py","lineno":99}
{"timestamp":"2026-06-02T14:54:00.763685Z","level":"info","event":"  }, {","logger":"airflow.task.hooks.airflow.providers.standard.hooks.subprocess.SubprocessHook","filename":"subprocess.py","lineno":99}
{"timestamp":"2026-06-02T14:54:00.763723Z","level":"info","event":"    \"name\" : \"ingest_at\",","logger":"airflow.task.hooks.airflow.providers.standard.hooks.subprocess.SubprocessHook","filename":"subprocess.py","lineno":99}
{"timestamp":"2026-06-02T14:54:00.763755Z","level":"info","event":"    \"type\" : \"timestamp\",","logger":"airflow.task.hooks.airflow.providers.standard.hooks.subprocess.SubprocessHook","filename":"subprocess.py","lineno":99}
{"timestamp":"2026-06-02T14:54:00.763789Z","level":"info","event":"    \"nullable\" : true,","logger":"airflow.task.hooks.airflow.providers.standard.hooks.subprocess.SubprocessHook","filename":"subprocess.py","lineno":99}
{"timestamp":"2026-06-02T14:54:00.763820Z","level":"info","event":"    \"metadata\" : { }","logger":"airflow.task.hooks.airflow.providers.standard.hooks.subprocess.SubprocessHook","filename":"subprocess.py","lineno":99}
{"timestamp":"2026-06-02T14:54:00.763854Z","level":"info","event":"  } ]","logger":"airflow.task.hooks.airflow.providers.standard.hooks.subprocess.SubprocessHook","filename":"subprocess.py","lineno":99}
{"timestamp":"2026-06-02T14:54:00.763889Z","level":"info","event":"}","logger":"airflow.task.hooks.airflow.providers.standard.hooks.subprocess.SubprocessHook","filename":"subprocess.py","lineno":99}
{"timestamp":"2026-06-02T14:54:00.763927Z","level":"info","event":"and corresponding Parquet message type:","logger":"airflow.task.hooks.airflow.providers.standard.hooks.subprocess.SubprocessHook","filename":"subprocess.py","lineno":99}
{"timestamp":"2026-06-02T14:54:00.763966Z","level":"info","event":"message spark_schema {","logger":"airflow.task.hooks.airflow.providers.standard.hooks.subprocess.SubprocessHook","filename":"subprocess.py","lineno":99}
{"timestamp":"2026-06-02T14:54:00.764038Z","level":"info","event":"  optional binary livestock_indicator (STRING);","logger":"airflow.task.hooks.airflow.providers.standard.hooks.subprocess.SubprocessHook","filename":"subprocess.py","lineno":99}
{"timestamp":"2026-06-02T14:54:00.764158Z","level":"info","event":"  optional double value;","logger":"airflow.task.hooks.airflow.providers.standard.hooks.subprocess.SubprocessHook","filename":"subprocess.py","lineno":99}
{"timestamp":"2026-06-02T14:54:00.764211Z","level":"info","event":"  optional binary unit (STRING);","logger":"airflow.task.hooks.airflow.providers.standard.hooks.subprocess.SubprocessHook","filename":"subprocess.py","lineno":99}
{"timestamp":"2026-06-02T14:54:00.764331Z","level":"info","event":"  optional int32 quarter;","logger":"airflow.task.hooks.airflow.providers.standard.hooks.subprocess.SubprocessHook","filename":"subprocess.py","lineno":99}
{"timestamp":"2026-06-02T14:54:00.764396Z","level":"info","event":"  optional int32 year;","logger":"airflow.task.hooks.airflow.providers.standard.hooks.subprocess.SubprocessHook","filename":"subprocess.py","lineno":99}
{"timestamp":"2026-06-02T14:54:00.764442Z","level":"info","event":"  optional int96 ingest_at;","logger":"airflow.task.hooks.airflow.providers.standard.hooks.subprocess.SubprocessHook","filename":"subprocess.py","lineno":99}
{"timestamp":"2026-06-02T14:54:00.764484Z","level":"info","event":"}","logger":"airflow.task.hooks.airflow.providers.standard.hooks.subprocess.SubprocessHook","filename":"subprocess.py","lineno":99}
{"timestamp":"2026-06-02T14:54:00.764524Z","level":"info","event":"","logger":"airflow.task.hooks.airflow.providers.standard.hooks.subprocess.SubprocessHook","filename":"subprocess.py","lineno":99}
{"timestamp":"2026-06-02T14:54:00.764562Z","level":"info","event":"","logger":"airflow.task.hooks.airflow.providers.standard.hooks.subprocess.SubprocessHook","filename":"subprocess.py","lineno":99}
{"timestamp":"2026-06-02T14:54:00.764922Z","level":"info","event":"26/06/02 14:54:00 INFO ParquetWriteSupport: Initialized Parquet WriteSupport with Catalyst schema:","logger":"airflow.task.hooks.airflow.providers.standard.hooks.subprocess.SubprocessHook","filename":"subprocess.py","lineno":99}
{"timestamp":"2026-06-02T14:54:00.765026Z","level":"info","event":"{","logger":"airflow.task.hooks.airflow.providers.standard.hooks.subprocess.SubprocessHook","filename":"subprocess.py","lineno":99}
{"timestamp":"2026-06-02T14:54:00.765065Z","level":"info","event":"  \"type\" : \"struct\",","logger":"airflow.task.hooks.airflow.providers.standard.hooks.subprocess.SubprocessHook","filename":"subprocess.py","lineno":99}
{"timestamp":"2026-06-02T14:54:00.765099Z","level":"info","event":"  \"fields\" : [ {","logger":"airflow.task.hooks.airflow.providers.standard.hooks.subprocess.SubprocessHook","filename":"subprocess.py","lineno":99}
{"timestamp":"2026-06-02T14:54:00.765133Z","level":"info","event":"    \"name\" : \"livestock_indicator\",","logger":"airflow.task.hooks.airflow.providers.standard.hooks.subprocess.SubprocessHook","filename":"subprocess.py","lineno":99}
{"timestamp":"2026-06-02T14:54:00.765169Z","level":"info","event":"    \"type\" : \"string\",","logger":"airflow.task.hooks.airflow.providers.standard.hooks.subprocess.SubprocessHook","filename":"subprocess.py","lineno":99}
{"timestamp":"2026-06-02T14:54:00.765202Z","level":"info","event":"    \"nullable\" : true,","logger":"airflow.task.hooks.airflow.providers.standard.hooks.subprocess.SubprocessHook","filename":"subprocess.py","lineno":99}
{"timestamp":"2026-06-02T14:54:00.765234Z","level":"info","event":"    \"metadata\" : { }","logger":"airflow.task.hooks.airflow.providers.standard.hooks.subprocess.SubprocessHook","filename":"subprocess.py","lineno":99}
{"timestamp":"2026-06-02T14:54:00.765267Z","level":"info","event":"  }, {","logger":"airflow.task.hooks.airflow.providers.standard.hooks.subprocess.SubprocessHook","filename":"subprocess.py","lineno":99}
{"timestamp":"2026-06-02T14:54:00.765295Z","level":"info","event":"    \"name\" : \"value\",","logger":"airflow.task.hooks.airflow.providers.standard.hooks.subprocess.SubprocessHook","filename":"subprocess.py","lineno":99}
{"timestamp":"2026-06-02T14:54:00.765333Z","level":"info","event":"    \"type\" : \"double\",","logger":"airflow.task.hooks.airflow.providers.standard.hooks.subprocess.SubprocessHook","filename":"subprocess.py","lineno":99}
{"timestamp":"2026-06-02T14:54:00.765372Z","level":"info","event":"    \"nullable\" : true,","logger":"airflow.task.hooks.airflow.providers.standard.hooks.subprocess.SubprocessHook","filename":"subprocess.py","lineno":99}
{"timestamp":"2026-06-02T14:54:00.765407Z","level":"info","event":"    \"metadata\" : { }","logger":"airflow.task.hooks.airflow.providers.standard.hooks.subprocess.SubprocessHook","filename":"subprocess.py","lineno":99}
{"timestamp":"2026-06-02T14:54:00.765448Z","level":"info","event":"  }, {","logger":"airflow.task.hooks.airflow.providers.standard.hooks.subprocess.SubprocessHook","filename":"subprocess.py","lineno":99}
{"timestamp":"2026-06-02T14:54:00.765492Z","level":"info","event":"    \"name\" : \"unit\",","logger":"airflow.task.hooks.airflow.providers.standard.hooks.subprocess.SubprocessHook","filename":"subprocess.py","lineno":99}
{"timestamp":"2026-06-02T14:54:00.765536Z","level":"info","event":"    \"type\" : \"string\",","logger":"airflow.task.hooks.airflow.providers.standard.hooks.subprocess.SubprocessHook","filename":"subprocess.py","lineno":99}
{"timestamp":"2026-06-02T14:54:00.765576Z","level":"info","event":"    \"nullable\" : true,","logger":"airflow.task.hooks.airflow.providers.standard.hooks.subprocess.SubprocessHook","filename":"subprocess.py","lineno":99}
{"timestamp":"2026-06-02T14:54:00.765613Z","level":"info","event":"    \"metadata\" : { }","logger":"airflow.task.hooks.airflow.providers.standard.hooks.subprocess.SubprocessHook","filename":"subprocess.py","lineno":99}
{"timestamp":"2026-06-02T14:54:00.765651Z","level":"info","event":"  }, {","logger":"airflow.task.hooks.airflow.providers.standard.hooks.subprocess.SubprocessHook","filename":"subprocess.py","lineno":99}
{"timestamp":"2026-06-02T14:54:00.765687Z","level":"info","event":"    \"name\" : \"quarter\",","logger":"airflow.task.hooks.airflow.providers.standard.hooks.subprocess.SubprocessHook","filename":"subprocess.py","lineno":99}
{"timestamp":"2026-06-02T14:54:00.765724Z","level":"info","event":"    \"type\" : \"integer\",","logger":"airflow.task.hooks.airflow.providers.standard.hooks.subprocess.SubprocessHook","filename":"subprocess.py","lineno":99}
{"timestamp":"2026-06-02T14:54:00.765766Z","level":"info","event":"    \"nullable\" : true,","logger":"airflow.task.hooks.airflow.providers.standard.hooks.subprocess.SubprocessHook","filename":"subprocess.py","lineno":99}
{"timestamp":"2026-06-02T14:54:00.765812Z","level":"info","event":"    \"metadata\" : { }","logger":"airflow.task.hooks.airflow.providers.standard.hooks.subprocess.SubprocessHook","filename":"subprocess.py","lineno":99}
{"timestamp":"2026-06-02T14:54:00.765851Z","level":"info","event":"  }, {","logger":"airflow.task.hooks.airflow.providers.standard.hooks.subprocess.SubprocessHook","filename":"subprocess.py","lineno":99}
{"timestamp":"2026-06-02T14:54:00.765889Z","level":"info","event":"    \"name\" : \"year\",","logger":"airflow.task.hooks.airflow.providers.standard.hooks.subprocess.SubprocessHook","filename":"subprocess.py","lineno":99}
{"timestamp":"2026-06-02T14:54:00.765931Z","level":"info","event":"    \"type\" : \"integer\",","logger":"airflow.task.hooks.airflow.providers.standard.hooks.subprocess.SubprocessHook","filename":"subprocess.py","lineno":99}
{"timestamp":"2026-06-02T14:54:00.765975Z","level":"info","event":"    \"nullable\" : true,","logger":"airflow.task.hooks.airflow.providers.standard.hooks.subprocess.SubprocessHook","filename":"subprocess.py","lineno":99}
{"timestamp":"2026-06-02T14:54:00.766066Z","level":"info","event":"    \"metadata\" : { }","logger":"airflow.task.hooks.airflow.providers.standard.hooks.subprocess.SubprocessHook","filename":"subprocess.py","lineno":99}
{"timestamp":"2026-06-02T14:54:00.766154Z","level":"info","event":"  }, {","logger":"airflow.task.hooks.airflow.providers.standard.hooks.subprocess.SubprocessHook","filename":"subprocess.py","lineno":99}
{"timestamp":"2026-06-02T14:54:00.766804Z","level":"info","event":"    \"name\" : \"ingest_at\",","logger":"airflow.task.hooks.airflow.providers.standard.hooks.subprocess.SubprocessHook","filename":"subprocess.py","lineno":99}
{"timestamp":"2026-06-02T14:54:00.766922Z","level":"info","event":"    \"type\" : \"timestamp\",","logger":"airflow.task.hooks.airflow.providers.standard.hooks.subprocess.SubprocessHook","filename":"subprocess.py","lineno":99}
{"timestamp":"2026-06-02T14:54:00.850299Z","level":"info","event":"    \"nullable\" : true,","logger":"airflow.task.hooks.airflow.providers.standard.hooks.subprocess.SubprocessHook","filename":"subprocess.py","lineno":99}
{"timestamp":"2026-06-02T14:54:00.850489Z","level":"info","event":"    \"metadata\" : { }","logger":"airflow.task.hooks.airflow.providers.standard.hooks.subprocess.SubprocessHook","filename":"subprocess.py","lineno":99}
{"timestamp":"2026-06-02T14:54:00.850581Z","level":"info","event":"  } ]","logger":"airflow.task.hooks.airflow.providers.standard.hooks.subprocess.SubprocessHook","filename":"subprocess.py","lineno":99}
{"timestamp":"2026-06-02T14:54:00.850658Z","level":"info","event":"}","logger":"airflow.task.hooks.airflow.providers.standard.hooks.subprocess.SubprocessHook","filename":"subprocess.py","lineno":99}
{"timestamp":"2026-06-02T14:54:00.850725Z","level":"info","event":"and corresponding Parquet message type:","logger":"airflow.task.hooks.airflow.providers.standard.hooks.subprocess.SubprocessHook","filename":"subprocess.py","lineno":99}
{"timestamp":"2026-06-02T14:54:00.850786Z","level":"info","event":"message spark_schema {","logger":"airflow.task.hooks.airflow.providers.standard.hooks.subprocess.SubprocessHook","filename":"subprocess.py","lineno":99}
{"timestamp":"2026-06-02T14:54:00.850850Z","level":"info","event":"  optional binary livestock_indicator (STRING);","logger":"airflow.task.hooks.airflow.providers.standard.hooks.subprocess.SubprocessHook","filename":"subprocess.py","lineno":99}
{"timestamp":"2026-06-02T14:54:00.850911Z","level":"info","event":"  optional double value;","logger":"airflow.task.hooks.airflow.providers.standard.hooks.subprocess.SubprocessHook","filename":"subprocess.py","lineno":99}
{"timestamp":"2026-06-02T14:54:00.850971Z","level":"info","event":"  optional binary unit (STRING);","logger":"airflow.task.hooks.airflow.providers.standard.hooks.subprocess.SubprocessHook","filename":"subprocess.py","lineno":99}
{"timestamp":"2026-06-02T14:54:00.851071Z","level":"info","event":"  optional int32 quarter;","logger":"airflow.task.hooks.airflow.providers.standard.hooks.subprocess.SubprocessHook","filename":"subprocess.py","lineno":99}
{"timestamp":"2026-06-02T14:54:00.851186Z","level":"info","event":"  optional int32 year;","logger":"airflow.task.hooks.airflow.providers.standard.hooks.subprocess.SubprocessHook","filename":"subprocess.py","lineno":99}
{"timestamp":"2026-06-02T14:54:00.851231Z","level":"info","event":"  optional int96 ingest_at;","logger":"airflow.task.hooks.airflow.providers.standard.hooks.subprocess.SubprocessHook","filename":"subprocess.py","lineno":99}
{"timestamp":"2026-06-02T14:54:00.851268Z","level":"info","event":"}","logger":"airflow.task.hooks.airflow.providers.standard.hooks.subprocess.SubprocessHook","filename":"subprocess.py","lineno":99}
{"timestamp":"2026-06-02T14:54:00.851291Z","level":"info","event":"","logger":"airflow.task.hooks.airflow.providers.standard.hooks.subprocess.SubprocessHook","filename":"subprocess.py","lineno":99}
{"timestamp":"2026-06-02T14:54:00.851312Z","level":"info","event":"","logger":"airflow.task.hooks.airflow.providers.standard.hooks.subprocess.SubprocessHook","filename":"subprocess.py","lineno":99}
{"timestamp":"2026-06-02T14:54:00.851331Z","level":"info","event":"26/06/02 14:54:00 INFO TaskSetManager: Finished task 11.0 in stage 10.0 (TID 64) in 480 ms on ac0ccb30c6a7 (executor driver) (8/16)","logger":"airflow.task.hooks.airflow.providers.standard.hooks.subprocess.SubprocessHook","filename":"subprocess.py","lineno":99}
{"timestamp":"2026-06-02T14:54:00.851352Z","level":"info","event":"26/06/02 14:54:00 INFO TaskSetManager: Finished task 8.0 in stage 10.0 (TID 61) in 484 ms on ac0ccb30c6a7 (executor driver) (9/16)","logger":"airflow.task.hooks.airflow.providers.standard.hooks.subprocess.SubprocessHook","filename":"subprocess.py","lineno":99}
{"timestamp":"2026-06-02T14:54:00.851372Z","level":"info","event":"26/06/02 14:54:00 INFO PythonRunner: Times: total = 134, boot = -744, init = 878, finish = 0","logger":"airflow.task.hooks.airflow.providers.standard.hooks.subprocess.SubprocessHook","filename":"subprocess.py","lineno":99}
{"timestamp":"2026-06-02T14:54:00.851391Z","level":"info","event":"26/06/02 14:54:00 INFO PythonRunner: Times: total = 212, boot = -534, init = 746, finish = 0","logger":"airflow.task.hooks.airflow.providers.standard.hooks.subprocess.SubprocessHook","filename":"subprocess.py","lineno":99}
{"timestamp":"2026-06-02T14:54:00.851410Z","level":"info","event":"26/06/02 14:54:00 INFO PythonRunner: Times: total = 141, boot = -894, init = 1035, finish = 0","logger":"airflow.task.hooks.airflow.providers.standard.hooks.subprocess.SubprocessHook","filename":"subprocess.py","lineno":99}
{"timestamp":"2026-06-02T14:54:00.851428Z","level":"info","event":"26/06/02 14:54:00 INFO PythonRunner: Times: total = 142, boot = -513, init = 655, finish = 0","logger":"airflow.task.hooks.airflow.providers.standard.hooks.subprocess.SubprocessHook","filename":"subprocess.py","lineno":99}
{"timestamp":"2026-06-02T14:54:00.851446Z","level":"info","event":"26/06/02 14:54:00 INFO PythonRunner: Times: total = 140, boot = -544, init = 684, finish = 0","logger":"airflow.task.hooks.airflow.providers.standard.hooks.subprocess.SubprocessHook","filename":"subprocess.py","lineno":99}
{"timestamp":"2026-06-02T14:54:00.851464Z","level":"info","event":"26/06/02 14:54:00 INFO PythonRunner: Times: total = 278, boot = -545, init = 823, finish = 0","logger":"airflow.task.hooks.airflow.providers.standard.hooks.subprocess.SubprocessHook","filename":"subprocess.py","lineno":99}
{"timestamp":"2026-06-02T14:54:00.851481Z","level":"info","event":"26/06/02 14:54:00 INFO PythonRunner: Times: total = 177, boot = -540, init = 717, finish = 0","logger":"airflow.task.hooks.airflow.providers.standard.hooks.subprocess.SubprocessHook","filename":"subprocess.py","lineno":99}
{"timestamp":"2026-06-02T14:54:00.851501Z","level":"info","event":"26/06/02 14:54:00 INFO Executor: Finished task 0.0 in stage 10.0 (TID 53). 3734 bytes result sent to driver","logger":"airflow.task.hooks.airflow.providers.standard.hooks.subprocess.SubprocessHook","filename":"subprocess.py","lineno":99}
{"timestamp":"2026-06-02T14:54:00.851522Z","level":"info","event":"26/06/02 14:54:00 INFO Executor: Finished task 2.0 in stage 10.0 (TID 55). 4155 bytes result sent to driver","logger":"airflow.task.hooks.airflow.providers.standard.hooks.subprocess.SubprocessHook","filename":"subprocess.py","lineno":99}
{"timestamp":"2026-06-02T14:54:00.851599Z","level":"info","event":"26/06/02 14:54:00 INFO Executor: Finished task 15.0 in stage 10.0 (TID 68). 4182 bytes result sent to driver","logger":"airflow.task.hooks.airflow.providers.standard.hooks.subprocess.SubprocessHook","filename":"subprocess.py","lineno":99}
{"timestamp":"2026-06-02T14:54:00.851628Z","level":"info","event":"26/06/02 14:54:00 INFO Executor: Finished task 13.0 in stage 10.0 (TID 66). 4145 bytes result sent to driver","logger":"airflow.task.hooks.airflow.providers.standard.hooks.subprocess.SubprocessHook","filename":"subprocess.py","lineno":99}
{"timestamp":"2026-06-02T14:54:00.851649Z","level":"info","event":"26/06/02 14:54:00 INFO Executor: Finished task 10.0 in stage 10.0 (TID 63). 4151 bytes result sent to driver","logger":"airflow.task.hooks.airflow.providers.standard.hooks.subprocess.SubprocessHook","filename":"subprocess.py","lineno":99}
{"timestamp":"2026-06-02T14:54:00.851674Z","level":"info","event":"26/06/02 14:54:00 INFO Executor: Finished task 7.0 in stage 10.0 (TID 60). 4151 bytes result sent to driver","logger":"airflow.task.hooks.airflow.providers.standard.hooks.subprocess.SubprocessHook","filename":"subprocess.py","lineno":99}
{"timestamp":"2026-06-02T14:54:00.851696Z","level":"info","event":"26/06/02 14:54:00 INFO TaskSetManager: Finished task 0.0 in stage 10.0 (TID 53) in 573 ms on ac0ccb30c6a7 (executor driver) (10/16)","logger":"airflow.task.hooks.airflow.providers.standard.hooks.subprocess.SubprocessHook","filename":"subprocess.py","lineno":99}
{"timestamp":"2026-06-02T14:54:00.851715Z","level":"info","event":"26/06/02 14:54:00 INFO TaskSetManager: Finished task 15.0 in stage 10.0 (TID 68) in 566 ms on ac0ccb30c6a7 (executor driver) (11/16)","logger":"airflow.task.hooks.airflow.providers.standard.hooks.subprocess.SubprocessHook","filename":"subprocess.py","lineno":99}
{"timestamp":"2026-06-02T14:54:00.851736Z","level":"info","event":"26/06/02 14:54:00 INFO TaskSetManager: Finished task 13.0 in stage 10.0 (TID 66) in 567 ms on ac0ccb30c6a7 (executor driver) (12/16)","logger":"airflow.task.hooks.airflow.providers.standard.hooks.subprocess.SubprocessHook","filename":"subprocess.py","lineno":99}
{"timestamp":"2026-06-02T14:54:00.851772Z","level":"info","event":"26/06/02 14:54:00 INFO TaskSetManager: Finished task 10.0 in stage 10.0 (TID 63) in 568 ms on ac0ccb30c6a7 (executor driver) (13/16)","logger":"airflow.task.hooks.airflow.providers.standard.hooks.subprocess.SubprocessHook","filename":"subprocess.py","lineno":99}
{"timestamp":"2026-06-02T14:54:00.851798Z","level":"info","event":"26/06/02 14:54:00 INFO TaskSetManager: Finished task 7.0 in stage 10.0 (TID 60) in 570 ms on ac0ccb30c6a7 (executor driver) (14/16)","logger":"airflow.task.hooks.airflow.providers.standard.hooks.subprocess.SubprocessHook","filename":"subprocess.py","lineno":99}
{"timestamp":"2026-06-02T14:54:00.851818Z","level":"info","event":"26/06/02 14:54:00 INFO TaskSetManager: Finished task 2.0 in stage 10.0 (TID 55) in 573 ms on ac0ccb30c6a7 (executor driver) (15/16)","logger":"airflow.task.hooks.airflow.providers.standard.hooks.subprocess.SubprocessHook","filename":"subprocess.py","lineno":99}
{"timestamp":"2026-06-02T14:54:00.851843Z","level":"info","event":"26/06/02 14:54:00 INFO Executor: Finished task 5.0 in stage 10.0 (TID 58). 4161 bytes result sent to driver","logger":"airflow.task.hooks.airflow.providers.standard.hooks.subprocess.SubprocessHook","filename":"subprocess.py","lineno":99}
{"timestamp":"2026-06-02T14:54:00.851866Z","level":"info","event":"26/06/02 14:54:00 INFO TaskSetManager: Finished task 5.0 in stage 10.0 (TID 58) in 594 ms on ac0ccb30c6a7 (executor driver) (16/16)","logger":"airflow.task.hooks.airflow.providers.standard.hooks.subprocess.SubprocessHook","filename":"subprocess.py","lineno":99}
{"timestamp":"2026-06-02T14:54:00.851891Z","level":"info","event":"26/06/02 14:54:00 INFO TaskSchedulerImpl: Removed TaskSet 10.0, whose tasks have all completed, from pool","logger":"airflow.task.hooks.airflow.providers.standard.hooks.subprocess.SubprocessHook","filename":"subprocess.py","lineno":99}
{"timestamp":"2026-06-02T14:54:00.851913Z","level":"info","event":"26/06/02 14:54:00 INFO DAGScheduler: ResultStage 10 (saveAsTable at NativeMethodAccessorImpl.java:0) finished in 0.622 s","logger":"airflow.task.hooks.airflow.providers.standard.hooks.subprocess.SubprocessHook","filename":"subprocess.py","lineno":99}
{"timestamp":"2026-06-02T14:54:00.851935Z","level":"info","event":"26/06/02 14:54:00 INFO DAGScheduler: Job 10 is finished. Cancelling potential speculative or zombie tasks for this job","logger":"airflow.task.hooks.airflow.providers.standard.hooks.subprocess.SubprocessHook","filename":"subprocess.py","lineno":99}
{"timestamp":"2026-06-02T14:54:00.851958Z","level":"info","event":"26/06/02 14:54:00 INFO TaskSchedulerImpl: Killing all running tasks in stage 10: Stage finished","logger":"airflow.task.hooks.airflow.providers.standard.hooks.subprocess.SubprocessHook","filename":"subprocess.py","lineno":99}
{"timestamp":"2026-06-02T14:54:00.851980Z","level":"info","event":"26/06/02 14:54:00 INFO DAGScheduler: Job 10 finished: saveAsTable at NativeMethodAccessorImpl.java:0, took 0.629397 s","logger":"airflow.task.hooks.airflow.providers.standard.hooks.subprocess.SubprocessHook","filename":"subprocess.py","lineno":99}
{"timestamp":"2026-06-02T14:54:00.851999Z","level":"info","event":"26/06/02 14:54:00 INFO DeltaFileFormatWriter: Start to commit write Job 7ab52601-1131-4dd0-a858-6197ff538f5e.","logger":"airflow.task.hooks.airflow.providers.standard.hooks.subprocess.SubprocessHook","filename":"subprocess.py","lineno":99}
{"timestamp":"2026-06-02T14:54:00.852018Z","level":"info","event":"26/06/02 14:54:00 INFO DeltaFileFormatWriter: Write Job 7ab52601-1131-4dd0-a858-6197ff538f5e committed. Elapsed time: 0 ms.","logger":"airflow.task.hooks.airflow.providers.standard.hooks.subprocess.SubprocessHook","filename":"subprocess.py","lineno":99}
{"timestamp":"2026-06-02T14:54:00.852039Z","level":"info","event":"26/06/02 14:54:00 INFO DeltaFileFormatWriter: Finished processing stats for write job 7ab52601-1131-4dd0-a858-6197ff538f5e.","logger":"airflow.task.hooks.airflow.providers.standard.hooks.subprocess.SubprocessHook","filename":"subprocess.py","lineno":99}
{"timestamp":"2026-06-02T14:54:00.852061Z","level":"info","event":"26/06/02 14:54:00 INFO OptimisticTransaction: [tableId=b66c4dee,txnId=d8833172] Attempting to commit version 2 with 7 actions with Serializable isolation level","logger":"airflow.task.hooks.airflow.providers.standard.hooks.subprocess.SubprocessHook","filename":"subprocess.py","lineno":99}
{"timestamp":"2026-06-02T14:54:00.854892Z","level":"info","event":"26/06/02 14:54:00 INFO DeltaLog: Creating a new snapshot v2 for commit version 2","logger":"airflow.task.hooks.airflow.providers.standard.hooks.subprocess.SubprocessHook","filename":"subprocess.py","lineno":99}
{"timestamp":"2026-06-02T14:54:00.855143Z","level":"info","event":"26/06/02 14:54:00 INFO DeltaLog: Loading version 2.","logger":"airflow.task.hooks.airflow.providers.standard.hooks.subprocess.SubprocessHook","filename":"subprocess.py","lineno":99}
{"timestamp":"2026-06-02T14:54:00.861033Z","level":"info","event":"26/06/02 14:54:00 INFO DeltaLogFileIndex: Created DeltaLogFileIndex(JSON, numFilesInSegment: 3, totalFileSize: 9863)","logger":"airflow.task.hooks.airflow.providers.standard.hooks.subprocess.SubprocessHook","filename":"subprocess.py","lineno":99}
{"timestamp":"2026-06-02T14:54:00.928968Z","level":"info","event":"26/06/02 14:54:00 INFO DataSourceStrategy: Pruning directories with:","logger":"airflow.task.hooks.airflow.providers.standard.hooks.subprocess.SubprocessHook","filename":"subprocess.py","lineno":99}
{"timestamp":"2026-06-02T14:54:00.929234Z","level":"info","event":"26/06/02 14:54:00 INFO FileSourceStrategy: Pushed Filters:","logger":"airflow.task.hooks.airflow.providers.standard.hooks.subprocess.SubprocessHook","filename":"subprocess.py","lineno":99}
{"timestamp":"2026-06-02T14:54:00.929373Z","level":"info","event":"26/06/02 14:54:00 INFO FileSourceStrategy: Post-Scan Filters: ((isnotnull(protocol#1171.minReaderVersion) OR isnotnull(metaData#1170.id)) OR (isnotnull(commitInfo#1172.inCommitTimestamp) AND (version#1173L = 2)))","logger":"airflow.task.hooks.airflow.providers.standard.hooks.subprocess.SubprocessHook","filename":"subprocess.py","lineno":99}
{"timestamp":"2026-06-02T14:54:00.949982Z","level":"info","event":"26/06/02 14:54:00 INFO MemoryStore: Block broadcast_14 stored as values in memory (estimated size 202.4 KiB, free 433.7 MiB)","logger":"airflow.task.hooks.airflow.providers.standard.hooks.subprocess.SubprocessHook","filename":"subprocess.py","lineno":99}
{"timestamp":"2026-06-02T14:54:00.957106Z","level":"info","event":"26/06/02 14:54:00 INFO MemoryStore: Block broadcast_14_piece0 stored as bytes in memory (estimated size 35.0 KiB, free 433.7 MiB)","logger":"airflow.task.hooks.airflow.providers.standard.hooks.subprocess.SubprocessHook","filename":"subprocess.py","lineno":99}
{"timestamp":"2026-06-02T14:54:00.957377Z","level":"info","event":"26/06/02 14:54:00 INFO BlockManagerInfo: Added broadcast_14_piece0 in memory on ac0ccb30c6a7:44397 (size: 35.0 KiB, free: 434.2 MiB)","logger":"airflow.task.hooks.airflow.providers.standard.hooks.subprocess.SubprocessHook","filename":"subprocess.py","lineno":99}
{"timestamp":"2026-06-02T14:54:00.958774Z","level":"info","event":"26/06/02 14:54:00 INFO SparkContext: Created broadcast 14 from $anonfun$recordDeltaOperationInternal$1 at DatabricksLogging.scala:128","logger":"airflow.task.hooks.airflow.providers.standard.hooks.subprocess.SubprocessHook","filename":"subprocess.py","lineno":99}
{"timestamp":"2026-06-02T14:54:00.959733Z","level":"info","event":"26/06/02 14:54:00 INFO FileSourceScanExec: Planning scan with bin packing, max size: 4194304 bytes, open cost is considered as scanning 4194304 bytes.","logger":"airflow.task.hooks.airflow.providers.standard.hooks.subprocess.SubprocessHook","filename":"subprocess.py","lineno":99}
{"timestamp":"2026-06-02T14:54:00.978119Z","level":"info","event":"26/06/02 14:54:00 INFO SparkContext: Starting job: $anonfun$recordDeltaOperationInternal$1 at DatabricksLogging.scala:128","logger":"airflow.task.hooks.airflow.providers.standard.hooks.subprocess.SubprocessHook","filename":"subprocess.py","lineno":99}
{"timestamp":"2026-06-02T14:54:00.978916Z","level":"info","event":"26/06/02 14:54:00 INFO DAGScheduler: Got job 11 ($anonfun$recordDeltaOperationInternal$1 at DatabricksLogging.scala:128) with 3 output partitions","logger":"airflow.task.hooks.airflow.providers.standard.hooks.subprocess.SubprocessHook","filename":"subprocess.py","lineno":99}
{"timestamp":"2026-06-02T14:54:00.979190Z","level":"info","event":"26/06/02 14:54:00 INFO DAGScheduler: Final stage: ResultStage 11 ($anonfun$recordDeltaOperationInternal$1 at DatabricksLogging.scala:128)","logger":"airflow.task.hooks.airflow.providers.standard.hooks.subprocess.SubprocessHook","filename":"subprocess.py","lineno":99}
{"timestamp":"2026-06-02T14:54:00.979315Z","level":"info","event":"26/06/02 14:54:00 INFO DAGScheduler: Parents of final stage: List()","logger":"airflow.task.hooks.airflow.providers.standard.hooks.subprocess.SubprocessHook","filename":"subprocess.py","lineno":99}
{"timestamp":"2026-06-02T14:54:00.979412Z","level":"info","event":"26/06/02 14:54:00 INFO DAGScheduler: Missing parents: List()","logger":"airflow.task.hooks.airflow.providers.standard.hooks.subprocess.SubprocessHook","filename":"subprocess.py","lineno":99}
{"timestamp":"2026-06-02T14:54:00.980583Z","level":"info","event":"26/06/02 14:54:00 INFO DAGScheduler: Submitting ResultStage 11 (MapPartitionsRDD[31] at $anonfun$recordDeltaOperationInternal$1 at DatabricksLogging.scala:128), which has no missing parents","logger":"airflow.task.hooks.airflow.providers.standard.hooks.subprocess.SubprocessHook","filename":"subprocess.py","lineno":99}
{"timestamp":"2026-06-02T14:54:00.983573Z","level":"info","event":"26/06/02 14:54:00 INFO MemoryStore: Block broadcast_15 stored as values in memory (estimated size 55.2 KiB, free 433.7 MiB)","logger":"airflow.task.hooks.airflow.providers.standard.hooks.subprocess.SubprocessHook","filename":"subprocess.py","lineno":99}
{"timestamp":"2026-06-02T14:54:00.985273Z","level":"info","event":"26/06/02 14:54:00 INFO MemoryStore: Block broadcast_15_piece0 stored as bytes in memory (estimated size 17.1 KiB, free 433.6 MiB)","logger":"airflow.task.hooks.airflow.providers.standard.hooks.subprocess.SubprocessHook","filename":"subprocess.py","lineno":99}
{"timestamp":"2026-06-02T14:54:00.985591Z","level":"info","event":"26/06/02 14:54:00 INFO BlockManagerInfo: Added broadcast_15_piece0 in memory on ac0ccb30c6a7:44397 (size: 17.1 KiB, free: 434.2 MiB)","logger":"airflow.task.hooks.airflow.providers.standard.hooks.subprocess.SubprocessHook","filename":"subprocess.py","lineno":99}
{"timestamp":"2026-06-02T14:54:00.987627Z","level":"info","event":"26/06/02 14:54:00 INFO SparkContext: Created broadcast 15 from broadcast at DAGScheduler.scala:1611","logger":"airflow.task.hooks.airflow.providers.standard.hooks.subprocess.SubprocessHook","filename":"subprocess.py","lineno":99}
{"timestamp":"2026-06-02T14:54:00.987930Z","level":"info","event":"26/06/02 14:54:00 INFO DAGScheduler: Submitting 3 missing tasks from ResultStage 11 (MapPartitionsRDD[31] at $anonfun$recordDeltaOperationInternal$1 at DatabricksLogging.scala:128) (first 15 tasks are for partitions Vector(0, 1, 2))","logger":"airflow.task.hooks.airflow.providers.standard.hooks.subprocess.SubprocessHook","filename":"subprocess.py","lineno":99}
{"timestamp":"2026-06-02T14:54:00.988032Z","level":"info","event":"26/06/02 14:54:00 INFO TaskSchedulerImpl: Adding task set 11.0 with 3 tasks resource profile 0","logger":"airflow.task.hooks.airflow.providers.standard.hooks.subprocess.SubprocessHook","filename":"subprocess.py","lineno":99}
{"timestamp":"2026-06-02T14:54:00.993175Z","level":"info","event":"26/06/02 14:54:00 INFO TaskSetManager: Starting task 0.0 in stage 11.0 (TID 69) (ac0ccb30c6a7, executor driver, partition 0, PROCESS_LOCAL, 9672 bytes)","logger":"airflow.task.hooks.airflow.providers.standard.hooks.subprocess.SubprocessHook","filename":"subprocess.py","lineno":99}
{"timestamp":"2026-06-02T14:54:00.993470Z","level":"info","event":"26/06/02 14:54:00 INFO TaskSetManager: Starting task 1.0 in stage 11.0 (TID 70) (ac0ccb30c6a7, executor driver, partition 1, PROCESS_LOCAL, 9672 bytes)","logger":"airflow.task.hooks.airflow.providers.standard.hooks.subprocess.SubprocessHook","filename":"subprocess.py","lineno":99}
{"timestamp":"2026-06-02T14:54:00.993553Z","level":"info","event":"26/06/02 14:54:00 INFO TaskSetManager: Starting task 2.0 in stage 11.0 (TID 71) (ac0ccb30c6a7, executor driver, partition 2, PROCESS_LOCAL, 9672 bytes)","logger":"airflow.task.hooks.airflow.providers.standard.hooks.subprocess.SubprocessHook","filename":"subprocess.py","lineno":99}
{"timestamp":"2026-06-02T14:54:00.993601Z","level":"info","event":"26/06/02 14:54:00 INFO Executor: Running task 2.0 in stage 11.0 (TID 71)","logger":"airflow.task.hooks.airflow.providers.standard.hooks.subprocess.SubprocessHook","filename":"subprocess.py","lineno":99}
{"timestamp":"2026-06-02T14:54:00.993630Z","level":"info","event":"26/06/02 14:54:00 INFO Executor: Running task 0.0 in stage 11.0 (TID 69)","logger":"airflow.task.hooks.airflow.providers.standard.hooks.subprocess.SubprocessHook","filename":"subprocess.py","lineno":99}
{"timestamp":"2026-06-02T14:54:00.993652Z","level":"info","event":"26/06/02 14:54:00 INFO Executor: Running task 1.0 in stage 11.0 (TID 70)","logger":"airflow.task.hooks.airflow.providers.standard.hooks.subprocess.SubprocessHook","filename":"subprocess.py","lineno":99}
{"timestamp":"2026-06-02T14:54:00.998046Z","level":"info","event":"26/06/02 14:54:00 INFO FileScanRDD: Reading File path: s3a://silver/livestock/_delta_log/00000000000000000000.json, range: 0-1115, partition values: [0]","logger":"airflow.task.hooks.airflow.providers.standard.hooks.subprocess.SubprocessHook","filename":"subprocess.py","lineno":99}
{"timestamp":"2026-06-02T14:54:00.998306Z","level":"info","event":"26/06/02 14:54:00 INFO FileScanRDD: Reading File path: s3a://silver/livestock/_delta_log/00000000000000000001.json, range: 0-4374, partition values: [1]","logger":"airflow.task.hooks.airflow.providers.standard.hooks.subprocess.SubprocessHook","filename":"subprocess.py","lineno":99}
{"timestamp":"2026-06-02T14:54:00.998400Z","level":"info","event":"26/06/02 14:54:00 INFO FileScanRDD: Reading File path: s3a://silver/livestock/_delta_log/00000000000000000002.json, range: 0-4374, partition values: [2]","logger":"airflow.task.hooks.airflow.providers.standard.hooks.subprocess.SubprocessHook","filename":"subprocess.py","lineno":99}
{"timestamp":"2026-06-02T14:54:01.039199Z","level":"info","event":"26/06/02 14:54:01 INFO Executor: Finished task 1.0 in stage 11.0 (TID 70). 1587 bytes result sent to driver","logger":"airflow.task.hooks.airflow.providers.standard.hooks.subprocess.SubprocessHook","filename":"subprocess.py","lineno":99}
{"timestamp":"2026-06-02T14:54:01.039508Z","level":"info","event":"26/06/02 14:54:01 INFO Executor: Finished task 2.0 in stage 11.0 (TID 71). 1959 bytes result sent to driver","logger":"airflow.task.hooks.airflow.providers.standard.hooks.subprocess.SubprocessHook","filename":"subprocess.py","lineno":99}
{"timestamp":"2026-06-02T14:54:01.040508Z","level":"info","event":"26/06/02 14:54:01 INFO TaskSetManager: Finished task 1.0 in stage 11.0 (TID 70) in 50 ms on ac0ccb30c6a7 (executor driver) (1/3)","logger":"airflow.task.hooks.airflow.providers.standard.hooks.subprocess.SubprocessHook","filename":"subprocess.py","lineno":99}
{"timestamp":"2026-06-02T14:54:01.040751Z","level":"info","event":"26/06/02 14:54:01 INFO Executor: Finished task 0.0 in stage 11.0 (TID 69). 1587 bytes result sent to driver","logger":"airflow.task.hooks.airflow.providers.standard.hooks.subprocess.SubprocessHook","filename":"subprocess.py","lineno":99}
{"timestamp":"2026-06-02T14:54:01.040834Z","level":"info","event":"26/06/02 14:54:01 INFO TaskSetManager: Finished task 2.0 in stage 11.0 (TID 71) in 49 ms on ac0ccb30c6a7 (executor driver) (2/3)","logger":"airflow.task.hooks.airflow.providers.standard.hooks.subprocess.SubprocessHook","filename":"subprocess.py","lineno":99}
{"timestamp":"2026-06-02T14:54:01.041386Z","level":"info","event":"26/06/02 14:54:01 INFO TaskSetManager: Finished task 0.0 in stage 11.0 (TID 69) in 52 ms on ac0ccb30c6a7 (executor driver) (3/3)","logger":"airflow.task.hooks.airflow.providers.standard.hooks.subprocess.SubprocessHook","filename":"subprocess.py","lineno":99}
{"timestamp":"2026-06-02T14:54:01.041556Z","level":"info","event":"26/06/02 14:54:01 INFO TaskSchedulerImpl: Removed TaskSet 11.0, whose tasks have all completed, from pool","logger":"airflow.task.hooks.airflow.providers.standard.hooks.subprocess.SubprocessHook","filename":"subprocess.py","lineno":99}
{"timestamp":"2026-06-02T14:54:01.042291Z","level":"info","event":"26/06/02 14:54:01 INFO DAGScheduler: ResultStage 11 ($anonfun$recordDeltaOperationInternal$1 at DatabricksLogging.scala:128) finished in 0.061 s","logger":"airflow.task.hooks.airflow.providers.standard.hooks.subprocess.SubprocessHook","filename":"subprocess.py","lineno":99}
{"timestamp":"2026-06-02T14:54:01.042487Z","level":"info","event":"26/06/02 14:54:01 INFO DAGScheduler: Job 11 is finished. Cancelling potential speculative or zombie tasks for this job","logger":"airflow.task.hooks.airflow.providers.standard.hooks.subprocess.SubprocessHook","filename":"subprocess.py","lineno":99}
{"timestamp":"2026-06-02T14:54:01.042637Z","level":"info","event":"26/06/02 14:54:01 INFO TaskSchedulerImpl: Killing all running tasks in stage 11: Stage finished","logger":"airflow.task.hooks.airflow.providers.standard.hooks.subprocess.SubprocessHook","filename":"subprocess.py","lineno":99}
{"timestamp":"2026-06-02T14:54:01.043221Z","level":"info","event":"26/06/02 14:54:01 INFO DAGScheduler: Job 11 finished: $anonfun$recordDeltaOperationInternal$1 at DatabricksLogging.scala:128, took 0.065710 s","logger":"airflow.task.hooks.airflow.providers.standard.hooks.subprocess.SubprocessHook","filename":"subprocess.py","lineno":99}
{"timestamp":"2026-06-02T14:54:01.049266Z","level":"info","event":"26/06/02 14:54:01 INFO Snapshot: [tableId=b66c4dee-c17d-4fa9-84a6-b1ef9905bd42] Created snapshot Snapshot(path=s3a://silver/livestock/_delta_log, version=2, metadata=Metadata(b66c4dee-c17d-4fa9-84a6-b1ef9905bd42,null,null,Format(parquet,Map()),{\"type\":\"struct\",\"fields\":[{\"name\":\"livestock_indicator\",\"type\":\"string\",\"nullable\":true,\"metadata\":{}},{\"name\":\"value\",\"type\":\"double\",\"nullable\":true,\"metadata\":{}},{\"name\":\"unit\",\"type\":\"string\",\"nullable\":true,\"metadata\":{}},{\"name\":\"quarter\",\"type\":\"integer\",\"nullable\":true,\"metadata\":{}},{\"name\":\"year\",\"type\":\"integer\",\"nullable\":true,\"metadata\":{}},{\"name\":\"ingest_at\",\"type\":\"timestamp\",\"nullable\":true,\"metadata\":{}}]},List(),Map(),Some(1780409956297)), logSegment=LogSegment(s3a://silver/livestock/_delta_log,2,ArrayBuffer(S3AFileStatus{path=s3a://silver/livestock/_delta_log/00000000000000000000.json; isDirectory=false; length=1115; replication=1; blocksize=33554432; modification_time=1780409956413; access_time=0; owner=spark; group=spark; permission=rw-rw-rw-; isSymlink=false; hasAcl=false; isEncrypted=true; isErasureCoded=false} isEmptyDirectory=FALSE eTag=52d1c3025b0b361a787a9123785809c5 versionId=null, S3AFileStatus{path=s3a://silver/livestock/_delta_log/00000000000000000001.json; isDirectory=false; length=4374; replication=1; blocksize=33554432; modification_time=1780409978961; access_time=0; owner=spark; group=spark; permission=rw-rw-rw-; isSymlink=false; hasAcl=false; isEncrypted=true; isErasureCoded=false} isEmptyDirectory=FALSE eTag=7ebcc75933512eff3c755c899007d37e versionId=null, S3AFileStatus{path=s3a://silver/livestock/_delta_log/00000000000000000002.json; isDirectory=false; length=4374; replication=1; blocksize=33554432; modification_time=1780412040000; access_time=0; owner=spark; group=spark; permission=rw-rw-rw-; isSymlink=false; hasAcl=false; isEncrypted=true; isErasureCoded=false} isEmptyDirectory=FALSE eTag=2cc0218bfb8fbda3a8e2f9766f629689 versionId=null),org.apache.spark.sql.delta.EmptyCheckpointProvider$@151220c5,1780412040000), checksumOpt=None)","logger":"airflow.task.hooks.airflow.providers.standard.hooks.subprocess.SubprocessHook","filename":"subprocess.py","lineno":99}
{"timestamp":"2026-06-02T14:54:01.050076Z","level":"info","event":"26/06/02 14:54:01 INFO DeltaLog: Updated snapshot to Snapshot(path=s3a://silver/livestock/_delta_log, version=2, metadata=Metadata(b66c4dee-c17d-4fa9-84a6-b1ef9905bd42,null,null,Format(parquet,Map()),{\"type\":\"struct\",\"fields\":[{\"name\":\"livestock_indicator\",\"type\":\"string\",\"nullable\":true,\"metadata\":{}},{\"name\":\"value\",\"type\":\"double\",\"nullable\":true,\"metadata\":{}},{\"name\":\"unit\",\"type\":\"string\",\"nullable\":true,\"metadata\":{}},{\"name\":\"quarter\",\"type\":\"integer\",\"nullable\":true,\"metadata\":{}},{\"name\":\"year\",\"type\":\"integer\",\"nullable\":true,\"metadata\":{}},{\"name\":\"ingest_at\",\"type\":\"timestamp\",\"nullable\":true,\"metadata\":{}}]},List(),Map(),Some(1780409956297)), logSegment=LogSegment(s3a://silver/livestock/_delta_log,2,ArrayBuffer(S3AFileStatus{path=s3a://silver/livestock/_delta_log/00000000000000000000.json; isDirectory=false; length=1115; replication=1; blocksize=33554432; modification_time=1780409956413; access_time=0; owner=spark; group=spark; permission=rw-rw-rw-; isSymlink=false; hasAcl=false; isEncrypted=true; isErasureCoded=false} isEmptyDirectory=FALSE eTag=52d1c3025b0b361a787a9123785809c5 versionId=null, S3AFileStatus{path=s3a://silver/livestock/_delta_log/00000000000000000001.json; isDirectory=false; length=4374; replication=1; blocksize=33554432; modification_time=1780409978961; access_time=0; owner=spark; group=spark; permission=rw-rw-rw-; isSymlink=false; hasAcl=false; isEncrypted=true; isErasureCoded=false} isEmptyDirectory=FALSE eTag=7ebcc75933512eff3c755c899007d37e versionId=null, S3AFileStatus{path=s3a://silver/livestock/_delta_log/00000000000000000002.json; isDirectory=false; length=4374; replication=1; blocksize=33554432; modification_time=1780412040000; access_time=0; owner=spark; group=spark; permission=rw-rw-rw-; isSymlink=false; hasAcl=false; isEncrypted=true; isErasureCoded=false} isEmptyDirectory=FALSE eTag=2cc0218bfb8fbda3a8e2f9766f629689 versionId=null),org.apache.spark.sql.delta.EmptyCheckpointProvider$@151220c5,1780412040000), checksumOpt=None)","logger":"airflow.task.hooks.airflow.providers.standard.hooks.subprocess.SubprocessHook","filename":"subprocess.py","lineno":99}
{"timestamp":"2026-06-02T14:54:01.051981Z","level":"info","event":"26/06/02 14:54:01 INFO OptimisticTransaction: [tableId=b66c4dee,txnId=d8833172] Committed delta #2 to s3a://silver/livestock/_delta_log","logger":"airflow.task.hooks.airflow.providers.standard.hooks.subprocess.SubprocessHook","filename":"subprocess.py","lineno":99}
{"timestamp":"2026-06-02T14:54:01.052874Z","level":"info","event":"Tải dữ liệu vào table: livestock hoàn tất !!!!!!!! 2025 4","logger":"airflow.task.hooks.airflow.providers.standard.hooks.subprocess.SubprocessHook","filename":"subprocess.py","lineno":99}
{"timestamp":"2026-06-02T14:54:01.060811Z","level":"info","event":"/opt/spark/apps/silver/Extract_Data_From_Excel_Reports.py:592: FutureWarning: Downcasting object dtype arrays on .fillna, .ffill, .bfill is deprecated and will change in a future version. Call result.infer_objects(copy=False) instead. To opt-in to the future behavior, set `pd.set_option('future.no_silent_downcasting', True)`","logger":"airflow.task.hooks.airflow.providers.standard.hooks.subprocess.SubprocessHook","filename":"subprocess.py","lineno":99}
{"timestamp":"2026-06-02T14:54:01.061125Z","level":"info","event":"  lamnghiep_sheet = lamnghiep_sheet.fillna('Ha')","logger":"airflow.task.hooks.airflow.providers.standard.hooks.subprocess.SubprocessHook","filename":"subprocess.py","lineno":99}
{"timestamp":"2026-06-02T14:54:01.061638Z","level":"info","event":"Bắt đầu insert dữ liệu vào SILVER layer","logger":"airflow.task.hooks.airflow.providers.standard.hooks.subprocess.SubprocessHook","filename":"subprocess.py","lineno":99}
{"timestamp":"2026-06-02T14:54:01.123615Z","level":"info","event":"root","logger":"airflow.task.hooks.airflow.providers.standard.hooks.subprocess.SubprocessHook","filename":"subprocess.py","lineno":99}
{"timestamp":"2026-06-02T14:54:01.123850Z","level":"info","event":" |-- forestry_indicator: string (nullable = true)","logger":"airflow.task.hooks.airflow.providers.standard.hooks.subprocess.SubprocessHook","filename":"subprocess.py","lineno":99}
{"timestamp":"2026-06-02T14:54:01.123934Z","level":"info","event":" |-- value: double (nullable = true)","logger":"airflow.task.hooks.airflow.providers.standard.hooks.subprocess.SubprocessHook","filename":"subprocess.py","lineno":99}
{"timestamp":"2026-06-02T14:54:01.123996Z","level":"info","event":" |-- unit: string (nullable = true)","logger":"airflow.task.hooks.airflow.providers.standard.hooks.subprocess.SubprocessHook","filename":"subprocess.py","lineno":99}
{"timestamp":"2026-06-02T14:54:01.124050Z","level":"info","event":" |-- quarter: integer (nullable = true)","logger":"airflow.task.hooks.airflow.providers.standard.hooks.subprocess.SubprocessHook","filename":"subprocess.py","lineno":99}
{"timestamp":"2026-06-02T14:54:01.124105Z","level":"info","event":" |-- year: integer (nullable = true)","logger":"airflow.task.hooks.airflow.providers.standard.hooks.subprocess.SubprocessHook","filename":"subprocess.py","lineno":99}
{"timestamp":"2026-06-02T14:54:01.124158Z","level":"info","event":" |-- ingest_at: timestamp (nullable = true)","logger":"airflow.task.hooks.airflow.providers.standard.hooks.subprocess.SubprocessHook","filename":"subprocess.py","lineno":99}
{"timestamp":"2026-06-02T14:54:01.124211Z","level":"info","event":"","logger":"airflow.task.hooks.airflow.providers.standard.hooks.subprocess.SubprocessHook","filename":"subprocess.py","lineno":99}
{"timestamp":"2026-06-02T14:54:01.124299Z","level":"info","event":"Đang tải dữ liệu vào Silver.Forestry !!!!!","logger":"airflow.task.hooks.airflow.providers.standard.hooks.subprocess.SubprocessHook","filename":"subprocess.py","lineno":99}
{"timestamp":"2026-06-02T14:54:01.182484Z","level":"info","event":"26/06/02 14:54:01 INFO SparkContext: Starting job: showString at NativeMethodAccessorImpl.java:0","logger":"airflow.task.hooks.airflow.providers.standard.hooks.subprocess.SubprocessHook","filename":"subprocess.py","lineno":99}
{"timestamp":"2026-06-02T14:54:01.184035Z","level":"info","event":"26/06/02 14:54:01 INFO DAGScheduler: Got job 12 (showString at NativeMethodAccessorImpl.java:0) with 1 output partitions","logger":"airflow.task.hooks.airflow.providers.standard.hooks.subprocess.SubprocessHook","filename":"subprocess.py","lineno":99}
{"timestamp":"2026-06-02T14:54:01.184210Z","level":"info","event":"26/06/02 14:54:01 INFO DAGScheduler: Final stage: ResultStage 12 (showString at NativeMethodAccessorImpl.java:0)","logger":"airflow.task.hooks.airflow.providers.standard.hooks.subprocess.SubprocessHook","filename":"subprocess.py","lineno":99}
{"timestamp":"2026-06-02T14:54:01.184369Z","level":"info","event":"26/06/02 14:54:01 INFO DAGScheduler: Parents of final stage: List()","logger":"airflow.task.hooks.airflow.providers.standard.hooks.subprocess.SubprocessHook","filename":"subprocess.py","lineno":99}
{"timestamp":"2026-06-02T14:54:01.191668Z","level":"info","event":"26/06/02 14:54:01 INFO DAGScheduler: Missing parents: List()","logger":"airflow.task.hooks.airflow.providers.standard.hooks.subprocess.SubprocessHook","filename":"subprocess.py","lineno":99}
{"timestamp":"2026-06-02T14:54:01.193171Z","level":"info","event":"26/06/02 14:54:01 INFO DAGScheduler: Submitting ResultStage 12 (MapPartitionsRDD[38] at showString at NativeMethodAccessorImpl.java:0), which has no missing parents","logger":"airflow.task.hooks.airflow.providers.standard.hooks.subprocess.SubprocessHook","filename":"subprocess.py","lineno":99}
{"timestamp":"2026-06-02T14:54:01.197069Z","level":"info","event":"26/06/02 14:54:01 INFO MemoryStore: Block broadcast_16 stored as values in memory (estimated size 15.3 KiB, free 433.6 MiB)","logger":"airflow.task.hooks.airflow.providers.standard.hooks.subprocess.SubprocessHook","filename":"subprocess.py","lineno":99}
{"timestamp":"2026-06-02T14:54:01.200298Z","level":"info","event":"26/06/02 14:54:01 INFO MemoryStore: Block broadcast_16_piece0 stored as bytes in memory (estimated size 7.6 KiB, free 433.6 MiB)","logger":"airflow.task.hooks.airflow.providers.standard.hooks.subprocess.SubprocessHook","filename":"subprocess.py","lineno":99}
{"timestamp":"2026-06-02T14:54:01.200679Z","level":"info","event":"26/06/02 14:54:01 INFO BlockManagerInfo: Added broadcast_16_piece0 in memory on ac0ccb30c6a7:44397 (size: 7.6 KiB, free: 434.2 MiB)","logger":"airflow.task.hooks.airflow.providers.standard.hooks.subprocess.SubprocessHook","filename":"subprocess.py","lineno":99}
{"timestamp":"2026-06-02T14:54:01.202524Z","level":"info","event":"26/06/02 14:54:01 INFO SparkContext: Created broadcast 16 from broadcast at DAGScheduler.scala:1611","logger":"airflow.task.hooks.airflow.providers.standard.hooks.subprocess.SubprocessHook","filename":"subprocess.py","lineno":99}
{"timestamp":"2026-06-02T14:54:01.202751Z","level":"info","event":"26/06/02 14:54:01 INFO DAGScheduler: Submitting 1 missing tasks from ResultStage 12 (MapPartitionsRDD[38] at showString at NativeMethodAccessorImpl.java:0) (first 15 tasks are for partitions Vector(0))","logger":"airflow.task.hooks.airflow.providers.standard.hooks.subprocess.SubprocessHook","filename":"subprocess.py","lineno":99}
{"timestamp":"2026-06-02T14:54:01.202859Z","level":"info","event":"26/06/02 14:54:01 INFO TaskSchedulerImpl: Adding task set 12.0 with 1 tasks resource profile 0","logger":"airflow.task.hooks.airflow.providers.standard.hooks.subprocess.SubprocessHook","filename":"subprocess.py","lineno":99}
{"timestamp":"2026-06-02T14:54:01.204440Z","level":"info","event":"26/06/02 14:54:01 INFO TaskSetManager: Starting task 0.0 in stage 12.0 (TID 72) (ac0ccb30c6a7, executor driver, partition 0, PROCESS_LOCAL, 8979 bytes)","logger":"airflow.task.hooks.airflow.providers.standard.hooks.subprocess.SubprocessHook","filename":"subprocess.py","lineno":99}
{"timestamp":"2026-06-02T14:54:01.205075Z","level":"info","event":"26/06/02 14:54:01 INFO Executor: Running task 0.0 in stage 12.0 (TID 72)","logger":"airflow.task.hooks.airflow.providers.standard.hooks.subprocess.SubprocessHook","filename":"subprocess.py","lineno":99}
{"timestamp":"2026-06-02T14:54:01.295258Z","level":"info","event":"26/06/02 14:54:01 INFO PythonRunner: Times: total = 83, boot = -799, init = 882, finish = 0","logger":"airflow.task.hooks.airflow.providers.standard.hooks.subprocess.SubprocessHook","filename":"subprocess.py","lineno":99}
{"timestamp":"2026-06-02T14:54:01.299488Z","level":"info","event":"26/06/02 14:54:01 INFO Executor: Finished task 0.0 in stage 12.0 (TID 72). 1843 bytes result sent to driver","logger":"airflow.task.hooks.airflow.providers.standard.hooks.subprocess.SubprocessHook","filename":"subprocess.py","lineno":99}
{"timestamp":"2026-06-02T14:54:01.301024Z","level":"info","event":"26/06/02 14:54:01 INFO TaskSetManager: Finished task 0.0 in stage 12.0 (TID 72) in 97 ms on ac0ccb30c6a7 (executor driver) (1/1)","logger":"airflow.task.hooks.airflow.providers.standard.hooks.subprocess.SubprocessHook","filename":"subprocess.py","lineno":99}
{"timestamp":"2026-06-02T14:54:01.301176Z","level":"info","event":"26/06/02 14:54:01 INFO TaskSchedulerImpl: Removed TaskSet 12.0, whose tasks have all completed, from pool","logger":"airflow.task.hooks.airflow.providers.standard.hooks.subprocess.SubprocessHook","filename":"subprocess.py","lineno":99}
{"timestamp":"2026-06-02T14:54:01.302795Z","level":"info","event":"26/06/02 14:54:01 INFO DAGScheduler: ResultStage 12 (showString at NativeMethodAccessorImpl.java:0) finished in 0.108 s","logger":"airflow.task.hooks.airflow.providers.standard.hooks.subprocess.SubprocessHook","filename":"subprocess.py","lineno":99}
{"timestamp":"2026-06-02T14:54:01.303016Z","level":"info","event":"26/06/02 14:54:01 INFO DAGScheduler: Job 12 is finished. Cancelling potential speculative or zombie tasks for this job","logger":"airflow.task.hooks.airflow.providers.standard.hooks.subprocess.SubprocessHook","filename":"subprocess.py","lineno":99}
{"timestamp":"2026-06-02T14:54:01.303071Z","level":"info","event":"26/06/02 14:54:01 INFO TaskSchedulerImpl: Killing all running tasks in stage 12: Stage finished","logger":"airflow.task.hooks.airflow.providers.standard.hooks.subprocess.SubprocessHook","filename":"subprocess.py","lineno":99}
{"timestamp":"2026-06-02T14:54:01.303285Z","level":"info","event":"26/06/02 14:54:01 INFO DAGScheduler: Job 12 finished: showString at NativeMethodAccessorImpl.java:0, took 0.121071 s","logger":"airflow.task.hooks.airflow.providers.standard.hooks.subprocess.SubprocessHook","filename":"subprocess.py","lineno":99}
{"timestamp":"2026-06-02T14:54:01.314245Z","level":"info","event":"26/06/02 14:54:01 INFO SparkContext: Starting job: showString at NativeMethodAccessorImpl.java:0","logger":"airflow.task.hooks.airflow.providers.standard.hooks.subprocess.SubprocessHook","filename":"subprocess.py","lineno":99}
{"timestamp":"2026-06-02T14:54:01.315035Z","level":"info","event":"26/06/02 14:54:01 INFO DAGScheduler: Got job 13 (showString at NativeMethodAccessorImpl.java:0) with 4 output partitions","logger":"airflow.task.hooks.airflow.providers.standard.hooks.subprocess.SubprocessHook","filename":"subprocess.py","lineno":99}
{"timestamp":"2026-06-02T14:54:01.315257Z","level":"info","event":"26/06/02 14:54:01 INFO DAGScheduler: Final stage: ResultStage 13 (showString at NativeMethodAccessorImpl.java:0)","logger":"airflow.task.hooks.airflow.providers.standard.hooks.subprocess.SubprocessHook","filename":"subprocess.py","lineno":99}
{"timestamp":"2026-06-02T14:54:01.315365Z","level":"info","event":"26/06/02 14:54:01 INFO DAGScheduler: Parents of final stage: List()","logger":"airflow.task.hooks.airflow.providers.standard.hooks.subprocess.SubprocessHook","filename":"subprocess.py","lineno":99}
{"timestamp":"2026-06-02T14:54:01.315445Z","level":"info","event":"26/06/02 14:54:01 INFO DAGScheduler: Missing parents: List()","logger":"airflow.task.hooks.airflow.providers.standard.hooks.subprocess.SubprocessHook","filename":"subprocess.py","lineno":99}
{"timestamp":"2026-06-02T14:54:01.316878Z","level":"info","event":"26/06/02 14:54:01 INFO DAGScheduler: Submitting ResultStage 13 (MapPartitionsRDD[38] at showString at NativeMethodAccessorImpl.java:0), which has no missing parents","logger":"airflow.task.hooks.airflow.providers.standard.hooks.subprocess.SubprocessHook","filename":"subprocess.py","lineno":99}
{"timestamp":"2026-06-02T14:54:01.319448Z","level":"info","event":"26/06/02 14:54:01 INFO MemoryStore: Block broadcast_17 stored as values in memory (estimated size 15.3 KiB, free 433.6 MiB)","logger":"airflow.task.hooks.airflow.providers.standard.hooks.subprocess.SubprocessHook","filename":"subprocess.py","lineno":99}
{"timestamp":"2026-06-02T14:54:01.320942Z","level":"info","event":"26/06/02 14:54:01 INFO MemoryStore: Block broadcast_17_piece0 stored as bytes in memory (estimated size 7.6 KiB, free 433.6 MiB)","logger":"airflow.task.hooks.airflow.providers.standard.hooks.subprocess.SubprocessHook","filename":"subprocess.py","lineno":99}
{"timestamp":"2026-06-02T14:54:01.321775Z","level":"info","event":"26/06/02 14:54:01 INFO BlockManagerInfo: Added broadcast_17_piece0 in memory on ac0ccb30c6a7:44397 (size: 7.6 KiB, free: 434.2 MiB)","logger":"airflow.task.hooks.airflow.providers.standard.hooks.subprocess.SubprocessHook","filename":"subprocess.py","lineno":99}
{"timestamp":"2026-06-02T14:54:01.322485Z","level":"info","event":"26/06/02 14:54:01 INFO SparkContext: Created broadcast 17 from broadcast at DAGScheduler.scala:1611","logger":"airflow.task.hooks.airflow.providers.standard.hooks.subprocess.SubprocessHook","filename":"subprocess.py","lineno":99}
{"timestamp":"2026-06-02T14:54:01.322639Z","level":"info","event":"26/06/02 14:54:01 INFO DAGScheduler: Submitting 4 missing tasks from ResultStage 13 (MapPartitionsRDD[38] at showString at NativeMethodAccessorImpl.java:0) (first 15 tasks are for partitions Vector(1, 2, 3, 4))","logger":"airflow.task.hooks.airflow.providers.standard.hooks.subprocess.SubprocessHook","filename":"subprocess.py","lineno":99}
{"timestamp":"2026-06-02T14:54:01.322853Z","level":"info","event":"26/06/02 14:54:01 INFO TaskSchedulerImpl: Adding task set 13.0 with 4 tasks resource profile 0","logger":"airflow.task.hooks.airflow.providers.standard.hooks.subprocess.SubprocessHook","filename":"subprocess.py","lineno":99}
{"timestamp":"2026-06-02T14:54:01.324980Z","level":"info","event":"26/06/02 14:54:01 INFO TaskSetManager: Starting task 0.0 in stage 13.0 (TID 73) (ac0ccb30c6a7, executor driver, partition 1, PROCESS_LOCAL, 8979 bytes)","logger":"airflow.task.hooks.airflow.providers.standard.hooks.subprocess.SubprocessHook","filename":"subprocess.py","lineno":99}
{"timestamp":"2026-06-02T14:54:01.325229Z","level":"info","event":"26/06/02 14:54:01 INFO TaskSetManager: Starting task 1.0 in stage 13.0 (TID 74) (ac0ccb30c6a7, executor driver, partition 2, PROCESS_LOCAL, 9090 bytes)","logger":"airflow.task.hooks.airflow.providers.standard.hooks.subprocess.SubprocessHook","filename":"subprocess.py","lineno":99}
{"timestamp":"2026-06-02T14:54:01.325345Z","level":"info","event":"26/06/02 14:54:01 INFO TaskSetManager: Starting task 2.0 in stage 13.0 (TID 75) (ac0ccb30c6a7, executor driver, partition 3, PROCESS_LOCAL, 8979 bytes)","logger":"airflow.task.hooks.airflow.providers.standard.hooks.subprocess.SubprocessHook","filename":"subprocess.py","lineno":99}
{"timestamp":"2026-06-02T14:54:01.325439Z","level":"info","event":"26/06/02 14:54:01 INFO TaskSetManager: Starting task 3.0 in stage 13.0 (TID 76) (ac0ccb30c6a7, executor driver, partition 4, PROCESS_LOCAL, 8979 bytes)","logger":"airflow.task.hooks.airflow.providers.standard.hooks.subprocess.SubprocessHook","filename":"subprocess.py","lineno":99}
{"timestamp":"2026-06-02T14:54:01.326048Z","level":"info","event":"26/06/02 14:54:01 INFO Executor: Running task 1.0 in stage 13.0 (TID 74)","logger":"airflow.task.hooks.airflow.providers.standard.hooks.subprocess.SubprocessHook","filename":"subprocess.py","lineno":99}
{"timestamp":"2026-06-02T14:54:01.326136Z","level":"info","event":"26/06/02 14:54:01 INFO Executor: Running task 2.0 in stage 13.0 (TID 75)","logger":"airflow.task.hooks.airflow.providers.standard.hooks.subprocess.SubprocessHook","filename":"subprocess.py","lineno":99}
{"timestamp":"2026-06-02T14:54:01.326165Z","level":"info","event":"26/06/02 14:54:01 INFO Executor: Running task 0.0 in stage 13.0 (TID 73)","logger":"airflow.task.hooks.airflow.providers.standard.hooks.subprocess.SubprocessHook","filename":"subprocess.py","lineno":99}
{"timestamp":"2026-06-02T14:54:01.326185Z","level":"info","event":"26/06/02 14:54:01 INFO Executor: Running task 3.0 in stage 13.0 (TID 76)","logger":"airflow.task.hooks.airflow.providers.standard.hooks.subprocess.SubprocessHook","filename":"subprocess.py","lineno":99}
{"timestamp":"2026-06-02T14:54:01.434249Z","level":"info","event":"26/06/02 14:54:01 INFO PythonRunner: Times: total = 102, boot = -920, init = 1022, finish = 0","logger":"airflow.task.hooks.airflow.providers.standard.hooks.subprocess.SubprocessHook","filename":"subprocess.py","lineno":99}
{"timestamp":"2026-06-02T14:54:01.434543Z","level":"info","event":"26/06/02 14:54:01 INFO PythonRunner: Times: total = 103, boot = -902, init = 1005, finish = 0","logger":"airflow.task.hooks.airflow.providers.standard.hooks.subprocess.SubprocessHook","filename":"subprocess.py","lineno":99}
{"timestamp":"2026-06-02T14:54:01.436916Z","level":"info","event":"26/06/02 14:54:01 INFO PythonRunner: Times: total = 105, boot = -891, init = 996, finish = 0","logger":"airflow.task.hooks.airflow.providers.standard.hooks.subprocess.SubprocessHook","filename":"subprocess.py","lineno":99}
{"timestamp":"2026-06-02T14:54:01.439752Z","level":"info","event":"26/06/02 14:54:01 INFO PythonRunner: Times: total = 108, boot = -898, init = 1006, finish = 0","logger":"airflow.task.hooks.airflow.providers.standard.hooks.subprocess.SubprocessHook","filename":"subprocess.py","lineno":99}
{"timestamp":"2026-06-02T14:54:01.448442Z","level":"info","event":"26/06/02 14:54:01 INFO Executor: Finished task 1.0 in stage 13.0 (TID 74). 2070 bytes result sent to driver","logger":"airflow.task.hooks.airflow.providers.standard.hooks.subprocess.SubprocessHook","filename":"subprocess.py","lineno":99}
{"timestamp":"2026-06-02T14:54:01.450058Z","level":"info","event":"26/06/02 14:54:01 INFO TaskSetManager: Finished task 1.0 in stage 13.0 (TID 74) in 125 ms on ac0ccb30c6a7 (executor driver) (1/4)","logger":"airflow.task.hooks.airflow.providers.standard.hooks.subprocess.SubprocessHook","filename":"subprocess.py","lineno":99}
{"timestamp":"2026-06-02T14:54:01.463597Z","level":"info","event":"26/06/02 14:54:01 INFO Executor: Finished task 2.0 in stage 13.0 (TID 75). 1886 bytes result sent to driver","logger":"airflow.task.hooks.airflow.providers.standard.hooks.subprocess.SubprocessHook","filename":"subprocess.py","lineno":99}
{"timestamp":"2026-06-02T14:54:01.464259Z","level":"info","event":"26/06/02 14:54:01 INFO TaskSetManager: Finished task 2.0 in stage 13.0 (TID 75) in 139 ms on ac0ccb30c6a7 (executor driver) (2/4)","logger":"airflow.task.hooks.airflow.providers.standard.hooks.subprocess.SubprocessHook","filename":"subprocess.py","lineno":99}
{"timestamp":"2026-06-02T14:54:01.464453Z","level":"info","event":"26/06/02 14:54:01 INFO Executor: Finished task 0.0 in stage 13.0 (TID 73). 1886 bytes result sent to driver","logger":"airflow.task.hooks.airflow.providers.standard.hooks.subprocess.SubprocessHook","filename":"subprocess.py","lineno":99}
{"timestamp":"2026-06-02T14:54:01.467227Z","level":"info","event":"26/06/02 14:54:01 INFO TaskSetManager: Finished task 0.0 in stage 13.0 (TID 73) in 142 ms on ac0ccb30c6a7 (executor driver) (3/4)","logger":"airflow.task.hooks.airflow.providers.standard.hooks.subprocess.SubprocessHook","filename":"subprocess.py","lineno":99}
{"timestamp":"2026-06-02T14:54:01.470796Z","level":"info","event":"26/06/02 14:54:01 INFO Executor: Finished task 3.0 in stage 13.0 (TID 76). 1886 bytes result sent to driver","logger":"airflow.task.hooks.airflow.providers.standard.hooks.subprocess.SubprocessHook","filename":"subprocess.py","lineno":99}
{"timestamp":"2026-06-02T14:54:01.471976Z","level":"info","event":"26/06/02 14:54:01 INFO TaskSetManager: Finished task 3.0 in stage 13.0 (TID 76) in 147 ms on ac0ccb30c6a7 (executor driver) (4/4)","logger":"airflow.task.hooks.airflow.providers.standard.hooks.subprocess.SubprocessHook","filename":"subprocess.py","lineno":99}
{"timestamp":"2026-06-02T14:54:01.472163Z","level":"info","event":"26/06/02 14:54:01 INFO TaskSchedulerImpl: Removed TaskSet 13.0, whose tasks have all completed, from pool","logger":"airflow.task.hooks.airflow.providers.standard.hooks.subprocess.SubprocessHook","filename":"subprocess.py","lineno":99}
{"timestamp":"2026-06-02T14:54:01.472533Z","level":"info","event":"26/06/02 14:54:01 INFO DAGScheduler: ResultStage 13 (showString at NativeMethodAccessorImpl.java:0) finished in 0.155 s","logger":"airflow.task.hooks.airflow.providers.standard.hooks.subprocess.SubprocessHook","filename":"subprocess.py","lineno":99}
{"timestamp":"2026-06-02T14:54:01.472674Z","level":"info","event":"26/06/02 14:54:01 INFO DAGScheduler: Job 13 is finished. Cancelling potential speculative or zombie tasks for this job","logger":"airflow.task.hooks.airflow.providers.standard.hooks.subprocess.SubprocessHook","filename":"subprocess.py","lineno":99}
{"timestamp":"2026-06-02T14:54:01.472723Z","level":"info","event":"26/06/02 14:54:01 INFO TaskSchedulerImpl: Killing all running tasks in stage 13: Stage finished","logger":"airflow.task.hooks.airflow.providers.standard.hooks.subprocess.SubprocessHook","filename":"subprocess.py","lineno":99}
{"timestamp":"2026-06-02T14:54:01.472986Z","level":"info","event":"26/06/02 14:54:01 INFO DAGScheduler: Job 13 finished: showString at NativeMethodAccessorImpl.java:0, took 0.159100 s","logger":"airflow.task.hooks.airflow.providers.standard.hooks.subprocess.SubprocessHook","filename":"subprocess.py","lineno":99}
{"timestamp":"2026-06-02T14:54:01.486397Z","level":"info","event":"26/06/02 14:54:01 INFO BlockManagerInfo: Removed broadcast_14_piece0 on ac0ccb30c6a7:44397 in memory (size: 35.0 KiB, free: 434.2 MiB)","logger":"airflow.task.hooks.airflow.providers.standard.hooks.subprocess.SubprocessHook","filename":"subprocess.py","lineno":99}
{"timestamp":"2026-06-02T14:54:01.488893Z","level":"info","event":"26/06/02 14:54:01 INFO SparkContext: Starting job: showString at NativeMethodAccessorImpl.java:0","logger":"airflow.task.hooks.airflow.providers.standard.hooks.subprocess.SubprocessHook","filename":"subprocess.py","lineno":99}
{"timestamp":"2026-06-02T14:54:01.489729Z","level":"info","event":"26/06/02 14:54:01 INFO DAGScheduler: Got job 14 (showString at NativeMethodAccessorImpl.java:0) with 11 output partitions","logger":"airflow.task.hooks.airflow.providers.standard.hooks.subprocess.SubprocessHook","filename":"subprocess.py","lineno":99}
{"timestamp":"2026-06-02T14:54:01.489900Z","level":"info","event":"26/06/02 14:54:01 INFO DAGScheduler: Final stage: ResultStage 14 (showString at NativeMethodAccessorImpl.java:0)","logger":"airflow.task.hooks.airflow.providers.standard.hooks.subprocess.SubprocessHook","filename":"subprocess.py","lineno":99}
{"timestamp":"2026-06-02T14:54:01.489957Z","level":"info","event":"26/06/02 14:54:01 INFO DAGScheduler: Parents of final stage: List()","logger":"airflow.task.hooks.airflow.providers.standard.hooks.subprocess.SubprocessHook","filename":"subprocess.py","lineno":99}
{"timestamp":"2026-06-02T14:54:01.490157Z","level":"info","event":"26/06/02 14:54:01 INFO DAGScheduler: Missing parents: List()","logger":"airflow.task.hooks.airflow.providers.standard.hooks.subprocess.SubprocessHook","filename":"subprocess.py","lineno":99}
{"timestamp":"2026-06-02T14:54:01.492116Z","level":"info","event":"26/06/02 14:54:01 INFO DAGScheduler: Submitting ResultStage 14 (MapPartitionsRDD[38] at showString at NativeMethodAccessorImpl.java:0), which has no missing parents","logger":"airflow.task.hooks.airflow.providers.standard.hooks.subprocess.SubprocessHook","filename":"subprocess.py","lineno":99}
{"timestamp":"2026-06-02T14:54:01.495163Z","level":"info","event":"26/06/02 14:54:01 INFO MemoryStore: Block broadcast_18 stored as values in memory (estimated size 15.3 KiB, free 433.8 MiB)","logger":"airflow.task.hooks.airflow.providers.standard.hooks.subprocess.SubprocessHook","filename":"subprocess.py","lineno":99}
{"timestamp":"2026-06-02T14:54:01.495487Z","level":"info","event":"26/06/02 14:54:01 INFO BlockManagerInfo: Removed broadcast_16_piece0 on ac0ccb30c6a7:44397 in memory (size: 7.6 KiB, free: 434.3 MiB)","logger":"airflow.task.hooks.airflow.providers.standard.hooks.subprocess.SubprocessHook","filename":"subprocess.py","lineno":99}
{"timestamp":"2026-06-02T14:54:01.497902Z","level":"info","event":"26/06/02 14:54:01 INFO MemoryStore: Block broadcast_18_piece0 stored as bytes in memory (estimated size 7.6 KiB, free 433.8 MiB)","logger":"airflow.task.hooks.airflow.providers.standard.hooks.subprocess.SubprocessHook","filename":"subprocess.py","lineno":99}
{"timestamp":"2026-06-02T14:54:01.498234Z","level":"info","event":"26/06/02 14:54:01 INFO BlockManagerInfo: Added broadcast_18_piece0 in memory on ac0ccb30c6a7:44397 (size: 7.6 KiB, free: 434.2 MiB)","logger":"airflow.task.hooks.airflow.providers.standard.hooks.subprocess.SubprocessHook","filename":"subprocess.py","lineno":99}
{"timestamp":"2026-06-02T14:54:01.499076Z","level":"info","event":"26/06/02 14:54:01 INFO SparkContext: Created broadcast 18 from broadcast at DAGScheduler.scala:1611","logger":"airflow.task.hooks.airflow.providers.standard.hooks.subprocess.SubprocessHook","filename":"subprocess.py","lineno":99}
{"timestamp":"2026-06-02T14:54:01.501091Z","level":"info","event":"26/06/02 14:54:01 INFO DAGScheduler: Submitting 11 missing tasks from ResultStage 14 (MapPartitionsRDD[38] at showString at NativeMethodAccessorImpl.java:0) (first 15 tasks are for partitions Vector(5, 6, 7, 8, 9, 10, 11, 12, 13, 14, 15))","logger":"airflow.task.hooks.airflow.providers.standard.hooks.subprocess.SubprocessHook","filename":"subprocess.py","lineno":99}
{"timestamp":"2026-06-02T14:54:01.501265Z","level":"info","event":"26/06/02 14:54:01 INFO TaskSchedulerImpl: Adding task set 14.0 with 11 tasks resource profile 0","logger":"airflow.task.hooks.airflow.providers.standard.hooks.subprocess.SubprocessHook","filename":"subprocess.py","lineno":99}
{"timestamp":"2026-06-02T14:54:01.503432Z","level":"info","event":"26/06/02 14:54:01 INFO TaskSetManager: Starting task 0.0 in stage 14.0 (TID 77) (ac0ccb30c6a7, executor driver, partition 5, PROCESS_LOCAL, 9090 bytes)","logger":"airflow.task.hooks.airflow.providers.standard.hooks.subprocess.SubprocessHook","filename":"subprocess.py","lineno":99}
{"timestamp":"2026-06-02T14:54:01.505412Z","level":"info","event":"26/06/02 14:54:01 INFO TaskSetManager: Starting task 1.0 in stage 14.0 (TID 78) (ac0ccb30c6a7, executor driver, partition 6, PROCESS_LOCAL, 8979 bytes)","logger":"airflow.task.hooks.airflow.providers.standard.hooks.subprocess.SubprocessHook","filename":"subprocess.py","lineno":99}
{"timestamp":"2026-06-02T14:54:01.506676Z","level":"info","event":"26/06/02 14:54:01 INFO TaskSetManager: Starting task 2.0 in stage 14.0 (TID 79) (ac0ccb30c6a7, executor driver, partition 7, PROCESS_LOCAL, 9075 bytes)","logger":"airflow.task.hooks.airflow.providers.standard.hooks.subprocess.SubprocessHook","filename":"subprocess.py","lineno":99}
{"timestamp":"2026-06-02T14:54:01.510487Z","level":"info","event":"26/06/02 14:54:01 INFO TaskSetManager: Starting task 3.0 in stage 14.0 (TID 80) (ac0ccb30c6a7, executor driver, partition 8, PROCESS_LOCAL, 8979 bytes)","logger":"airflow.task.hooks.airflow.providers.standard.hooks.subprocess.SubprocessHook","filename":"subprocess.py","lineno":99}
{"timestamp":"2026-06-02T14:54:01.510749Z","level":"info","event":"26/06/02 14:54:01 INFO BlockManagerInfo: Removed broadcast_17_piece0 on ac0ccb30c6a7:44397 in memory (size: 7.6 KiB, free: 434.3 MiB)","logger":"airflow.task.hooks.airflow.providers.standard.hooks.subprocess.SubprocessHook","filename":"subprocess.py","lineno":99}
{"timestamp":"2026-06-02T14:54:01.517662Z","level":"info","event":"26/06/02 14:54:01 INFO TaskSetManager: Starting task 4.0 in stage 14.0 (TID 81) (ac0ccb30c6a7, executor driver, partition 9, PROCESS_LOCAL, 8979 bytes)","logger":"airflow.task.hooks.airflow.providers.standard.hooks.subprocess.SubprocessHook","filename":"subprocess.py","lineno":99}
{"timestamp":"2026-06-02T14:54:01.519584Z","level":"info","event":"26/06/02 14:54:01 INFO TaskSetManager: Starting task 5.0 in stage 14.0 (TID 82) (ac0ccb30c6a7, executor driver, partition 10, PROCESS_LOCAL, 9076 bytes)","logger":"airflow.task.hooks.airflow.providers.standard.hooks.subprocess.SubprocessHook","filename":"subprocess.py","lineno":99}
{"timestamp":"2026-06-02T14:54:01.521654Z","level":"info","event":"26/06/02 14:54:01 INFO TaskSetManager: Starting task 6.0 in stage 14.0 (TID 83) (ac0ccb30c6a7, executor driver, partition 11, PROCESS_LOCAL, 8979 bytes)","logger":"airflow.task.hooks.airflow.providers.standard.hooks.subprocess.SubprocessHook","filename":"subprocess.py","lineno":99}
{"timestamp":"2026-06-02T14:54:01.522691Z","level":"info","event":"26/06/02 14:54:01 INFO TaskSetManager: Starting task 7.0 in stage 14.0 (TID 84) (ac0ccb30c6a7, executor driver, partition 12, PROCESS_LOCAL, 8979 bytes)","logger":"airflow.task.hooks.airflow.providers.standard.hooks.subprocess.SubprocessHook","filename":"subprocess.py","lineno":99}
{"timestamp":"2026-06-02T14:54:01.523519Z","level":"info","event":"26/06/02 14:54:01 INFO TaskSetManager: Starting task 8.0 in stage 14.0 (TID 85) (ac0ccb30c6a7, executor driver, partition 13, PROCESS_LOCAL, 9050 bytes)","logger":"airflow.task.hooks.airflow.providers.standard.hooks.subprocess.SubprocessHook","filename":"subprocess.py","lineno":99}
{"timestamp":"2026-06-02T14:54:01.526919Z","level":"info","event":"26/06/02 14:54:01 INFO TaskSetManager: Starting task 9.0 in stage 14.0 (TID 86) (ac0ccb30c6a7, executor driver, partition 14, PROCESS_LOCAL, 8979 bytes)","logger":"airflow.task.hooks.airflow.providers.standard.hooks.subprocess.SubprocessHook","filename":"subprocess.py","lineno":99}
{"timestamp":"2026-06-02T14:54:01.528865Z","level":"info","event":"26/06/02 14:54:01 INFO TaskSetManager: Starting task 10.0 in stage 14.0 (TID 87) (ac0ccb30c6a7, executor driver, partition 15, PROCESS_LOCAL, 9056 bytes)","logger":"airflow.task.hooks.airflow.providers.standard.hooks.subprocess.SubprocessHook","filename":"subprocess.py","lineno":99}
{"timestamp":"2026-06-02T14:54:01.530844Z","level":"info","event":"26/06/02 14:54:01 INFO Executor: Running task 1.0 in stage 14.0 (TID 78)","logger":"airflow.task.hooks.airflow.providers.standard.hooks.subprocess.SubprocessHook","filename":"subprocess.py","lineno":99}
{"timestamp":"2026-06-02T14:54:01.531132Z","level":"info","event":"26/06/02 14:54:01 INFO Executor: Running task 3.0 in stage 14.0 (TID 80)","logger":"airflow.task.hooks.airflow.providers.standard.hooks.subprocess.SubprocessHook","filename":"subprocess.py","lineno":99}
{"timestamp":"2026-06-02T14:54:01.531215Z","level":"info","event":"26/06/02 14:54:01 INFO Executor: Running task 0.0 in stage 14.0 (TID 77)","logger":"airflow.task.hooks.airflow.providers.standard.hooks.subprocess.SubprocessHook","filename":"subprocess.py","lineno":99}
{"timestamp":"2026-06-02T14:54:01.531259Z","level":"info","event":"26/06/02 14:54:01 INFO Executor: Running task 4.0 in stage 14.0 (TID 81)","logger":"airflow.task.hooks.airflow.providers.standard.hooks.subprocess.SubprocessHook","filename":"subprocess.py","lineno":99}
{"timestamp":"2026-06-02T14:54:01.531294Z","level":"info","event":"26/06/02 14:54:01 INFO Executor: Running task 5.0 in stage 14.0 (TID 82)","logger":"airflow.task.hooks.airflow.providers.standard.hooks.subprocess.SubprocessHook","filename":"subprocess.py","lineno":99}
{"timestamp":"2026-06-02T14:54:01.531339Z","level":"info","event":"26/06/02 14:54:01 INFO Executor: Running task 2.0 in stage 14.0 (TID 79)","logger":"airflow.task.hooks.airflow.providers.standard.hooks.subprocess.SubprocessHook","filename":"subprocess.py","lineno":99}
{"timestamp":"2026-06-02T14:54:01.536391Z","level":"info","event":"26/06/02 14:54:01 INFO Executor: Running task 6.0 in stage 14.0 (TID 83)","logger":"airflow.task.hooks.airflow.providers.standard.hooks.subprocess.SubprocessHook","filename":"subprocess.py","lineno":99}
{"timestamp":"2026-06-02T14:54:01.536691Z","level":"info","event":"26/06/02 14:54:01 INFO Executor: Running task 9.0 in stage 14.0 (TID 86)","logger":"airflow.task.hooks.airflow.providers.standard.hooks.subprocess.SubprocessHook","filename":"subprocess.py","lineno":99}
{"timestamp":"2026-06-02T14:54:01.536822Z","level":"info","event":"26/06/02 14:54:01 INFO Executor: Running task 8.0 in stage 14.0 (TID 85)","logger":"airflow.task.hooks.airflow.providers.standard.hooks.subprocess.SubprocessHook","filename":"subprocess.py","lineno":99}
{"timestamp":"2026-06-02T14:54:01.538159Z","level":"info","event":"26/06/02 14:54:01 INFO Executor: Running task 7.0 in stage 14.0 (TID 84)","logger":"airflow.task.hooks.airflow.providers.standard.hooks.subprocess.SubprocessHook","filename":"subprocess.py","lineno":99}
{"timestamp":"2026-06-02T14:54:01.538377Z","level":"info","event":"26/06/02 14:54:01 INFO Executor: Running task 10.0 in stage 14.0 (TID 87)","logger":"airflow.task.hooks.airflow.providers.standard.hooks.subprocess.SubprocessHook","filename":"subprocess.py","lineno":99}
{"timestamp":"2026-06-02T14:54:01.552982Z","level":"info","event":"26/06/02 14:54:01 INFO BlockManagerInfo: Removed broadcast_15_piece0 on ac0ccb30c6a7:44397 in memory (size: 17.1 KiB, free: 434.3 MiB)","logger":"airflow.task.hooks.airflow.providers.standard.hooks.subprocess.SubprocessHook","filename":"subprocess.py","lineno":99}
{"timestamp":"2026-06-02T14:54:01.693872Z","level":"info","event":"26/06/02 14:54:01 INFO PythonRunner: Times: total = 143, boot = -968, init = 1111, finish = 0","logger":"airflow.task.hooks.airflow.providers.standard.hooks.subprocess.SubprocessHook","filename":"subprocess.py","lineno":99}
{"timestamp":"2026-06-02T14:54:01.694238Z","level":"info","event":"26/06/02 14:54:01 INFO PythonRunner: Times: total = 142, boot = -1132, init = 1274, finish = 0","logger":"airflow.task.hooks.airflow.providers.standard.hooks.subprocess.SubprocessHook","filename":"subprocess.py","lineno":99}
{"timestamp":"2026-06-02T14:54:01.695547Z","level":"info","event":"26/06/02 14:54:01 INFO Executor: Finished task 9.0 in stage 14.0 (TID 86). 1843 bytes result sent to driver","logger":"airflow.task.hooks.airflow.providers.standard.hooks.subprocess.SubprocessHook","filename":"subprocess.py","lineno":99}
{"timestamp":"2026-06-02T14:54:01.695655Z","level":"info","event":"26/06/02 14:54:01 INFO Executor: Finished task 2.0 in stage 14.0 (TID 79). 2010 bytes result sent to driver","logger":"airflow.task.hooks.airflow.providers.standard.hooks.subprocess.SubprocessHook","filename":"subprocess.py","lineno":99}
{"timestamp":"2026-06-02T14:54:01.695706Z","level":"info","event":"26/06/02 14:54:01 INFO TaskSetManager: Finished task 9.0 in stage 14.0 (TID 86) in 163 ms on ac0ccb30c6a7 (executor driver) (1/11)","logger":"airflow.task.hooks.airflow.providers.standard.hooks.subprocess.SubprocessHook","filename":"subprocess.py","lineno":99}
{"timestamp":"2026-06-02T14:54:01.696861Z","level":"info","event":"26/06/02 14:54:01 INFO TaskSetManager: Finished task 2.0 in stage 14.0 (TID 79) in 183 ms on ac0ccb30c6a7 (executor driver) (2/11)","logger":"airflow.task.hooks.airflow.providers.standard.hooks.subprocess.SubprocessHook","filename":"subprocess.py","lineno":99}
{"timestamp":"2026-06-02T14:54:01.697785Z","level":"info","event":"26/06/02 14:54:01 INFO PythonRunner: Times: total = 151, boot = -1032, init = 1183, finish = 0","logger":"airflow.task.hooks.airflow.providers.standard.hooks.subprocess.SubprocessHook","filename":"subprocess.py","lineno":99}
{"timestamp":"2026-06-02T14:54:01.697939Z","level":"info","event":"26/06/02 14:54:01 INFO PythonRunner: Times: total = 150, boot = -1133, init = 1283, finish = 0","logger":"airflow.task.hooks.airflow.providers.standard.hooks.subprocess.SubprocessHook","filename":"subprocess.py","lineno":99}
{"timestamp":"2026-06-02T14:54:01.698010Z","level":"info","event":"26/06/02 14:54:01 INFO PythonRunner: Times: total = 155, boot = -1144, init = 1299, finish = 0","logger":"airflow.task.hooks.airflow.providers.standard.hooks.subprocess.SubprocessHook","filename":"subprocess.py","lineno":99}
{"timestamp":"2026-06-02T14:54:01.701356Z","level":"info","event":"26/06/02 14:54:01 INFO PythonRunner: Times: total = 152, boot = -1093, init = 1245, finish = 0","logger":"airflow.task.hooks.airflow.providers.standard.hooks.subprocess.SubprocessHook","filename":"subprocess.py","lineno":99}
{"timestamp":"2026-06-02T14:54:01.701738Z","level":"info","event":"26/06/02 14:54:01 INFO Executor: Finished task 5.0 in stage 14.0 (TID 82). 2007 bytes result sent to driver","logger":"airflow.task.hooks.airflow.providers.standard.hooks.subprocess.SubprocessHook","filename":"subprocess.py","lineno":99}
{"timestamp":"2026-06-02T14:54:01.701809Z","level":"info","event":"26/06/02 14:54:01 INFO Executor: Finished task 8.0 in stage 14.0 (TID 85). 1984 bytes result sent to driver","logger":"airflow.task.hooks.airflow.providers.standard.hooks.subprocess.SubprocessHook","filename":"subprocess.py","lineno":99}
{"timestamp":"2026-06-02T14:54:01.701852Z","level":"info","event":"26/06/02 14:54:01 INFO PythonRunner: Times: total = 158, boot = -969, init = 1127, finish = 0","logger":"airflow.task.hooks.airflow.providers.standard.hooks.subprocess.SubprocessHook","filename":"subprocess.py","lineno":99}
{"timestamp":"2026-06-02T14:54:01.705716Z","level":"info","event":"26/06/02 14:54:01 INFO TaskSetManager: Finished task 5.0 in stage 14.0 (TID 82) in 187 ms on ac0ccb30c6a7 (executor driver) (3/11)","logger":"airflow.task.hooks.airflow.providers.standard.hooks.subprocess.SubprocessHook","filename":"subprocess.py","lineno":99}
{"timestamp":"2026-06-02T14:54:01.707863Z","level":"info","event":"26/06/02 14:54:01 INFO Executor: Finished task 4.0 in stage 14.0 (TID 81). 1886 bytes result sent to driver","logger":"airflow.task.hooks.airflow.providers.standard.hooks.subprocess.SubprocessHook","filename":"subprocess.py","lineno":99}
{"timestamp":"2026-06-02T14:54:01.731678Z","level":"info","event":"26/06/02 14:54:01 INFO Executor: Finished task 6.0 in stage 14.0 (TID 83). 1843 bytes result sent to driver","logger":"airflow.task.hooks.airflow.providers.standard.hooks.subprocess.SubprocessHook","filename":"subprocess.py","lineno":99}
{"timestamp":"2026-06-02T14:54:01.731987Z","level":"info","event":"26/06/02 14:54:01 INFO PythonRunner: Times: total = 179, boot = -1074, init = 1253, finish = 0","logger":"airflow.task.hooks.airflow.providers.standard.hooks.subprocess.SubprocessHook","filename":"subprocess.py","lineno":99}
{"timestamp":"2026-06-02T14:54:01.732049Z","level":"info","event":"26/06/02 14:54:01 INFO PythonRunner: Times: total = 189, boot = -1096, init = 1285, finish = 0","logger":"airflow.task.hooks.airflow.providers.standard.hooks.subprocess.SubprocessHook","filename":"subprocess.py","lineno":99}
{"timestamp":"2026-06-02T14:54:01.732988Z","level":"info","event":"26/06/02 14:54:01 INFO PythonRunner: Times: total = 172, boot = -940, init = 1112, finish = 0","logger":"airflow.task.hooks.airflow.providers.standard.hooks.subprocess.SubprocessHook","filename":"subprocess.py","lineno":99}
{"timestamp":"2026-06-02T14:54:01.733364Z","level":"info","event":"26/06/02 14:54:01 INFO Executor: Finished task 0.0 in stage 14.0 (TID 77). 2027 bytes result sent to driver","logger":"airflow.task.hooks.airflow.providers.standard.hooks.subprocess.SubprocessHook","filename":"subprocess.py","lineno":99}
{"timestamp":"2026-06-02T14:54:01.733565Z","level":"info","event":"26/06/02 14:54:01 INFO TaskSetManager: Finished task 8.0 in stage 14.0 (TID 85) in 209 ms on ac0ccb30c6a7 (executor driver) (4/11)","logger":"airflow.task.hooks.airflow.providers.standard.hooks.subprocess.SubprocessHook","filename":"subprocess.py","lineno":99}
{"timestamp":"2026-06-02T14:54:01.735568Z","level":"info","event":"26/06/02 14:54:01 INFO Executor: Finished task 1.0 in stage 14.0 (TID 78). 1886 bytes result sent to driver","logger":"airflow.task.hooks.airflow.providers.standard.hooks.subprocess.SubprocessHook","filename":"subprocess.py","lineno":99}
{"timestamp":"2026-06-02T14:54:01.735845Z","level":"info","event":"26/06/02 14:54:01 INFO TaskSetManager: Finished task 6.0 in stage 14.0 (TID 83) in 215 ms on ac0ccb30c6a7 (executor driver) (5/11)","logger":"airflow.task.hooks.airflow.providers.standard.hooks.subprocess.SubprocessHook","filename":"subprocess.py","lineno":99}
{"timestamp":"2026-06-02T14:54:01.735912Z","level":"info","event":"26/06/02 14:54:01 INFO TaskSetManager: Finished task 0.0 in stage 14.0 (TID 77) in 232 ms on ac0ccb30c6a7 (executor driver) (6/11)","logger":"airflow.task.hooks.airflow.providers.standard.hooks.subprocess.SubprocessHook","filename":"subprocess.py","lineno":99}
{"timestamp":"2026-06-02T14:54:01.735953Z","level":"info","event":"26/06/02 14:54:01 INFO TaskSetManager: Finished task 4.0 in stage 14.0 (TID 81) in 225 ms on ac0ccb30c6a7 (executor driver) (7/11)","logger":"airflow.task.hooks.airflow.providers.standard.hooks.subprocess.SubprocessHook","filename":"subprocess.py","lineno":99}
{"timestamp":"2026-06-02T14:54:01.738340Z","level":"info","event":"26/06/02 14:54:01 INFO Executor: Finished task 3.0 in stage 14.0 (TID 80). 1886 bytes result sent to driver","logger":"airflow.task.hooks.airflow.providers.standard.hooks.subprocess.SubprocessHook","filename":"subprocess.py","lineno":99}
{"timestamp":"2026-06-02T14:54:01.738589Z","level":"info","event":"26/06/02 14:54:01 INFO PythonRunner: Times: total = 171, boot = -960, init = 1131, finish = 0","logger":"airflow.task.hooks.airflow.providers.standard.hooks.subprocess.SubprocessHook","filename":"subprocess.py","lineno":99}
{"timestamp":"2026-06-02T14:54:01.738685Z","level":"info","event":"26/06/02 14:54:01 INFO TaskSetManager: Finished task 1.0 in stage 14.0 (TID 78) in 234 ms on ac0ccb30c6a7 (executor driver) (8/11)","logger":"airflow.task.hooks.airflow.providers.standard.hooks.subprocess.SubprocessHook","filename":"subprocess.py","lineno":99}
{"timestamp":"2026-06-02T14:54:01.738859Z","level":"info","event":"26/06/02 14:54:01 INFO Executor: Finished task 7.0 in stage 14.0 (TID 84). 1886 bytes result sent to driver","logger":"airflow.task.hooks.airflow.providers.standard.hooks.subprocess.SubprocessHook","filename":"subprocess.py","lineno":99}
{"timestamp":"2026-06-02T14:54:01.738925Z","level":"info","event":"26/06/02 14:54:01 INFO TaskSetManager: Finished task 3.0 in stage 14.0 (TID 80) in 231 ms on ac0ccb30c6a7 (executor driver) (9/11)","logger":"airflow.task.hooks.airflow.providers.standard.hooks.subprocess.SubprocessHook","filename":"subprocess.py","lineno":99}
{"timestamp":"2026-06-02T14:54:01.739059Z","level":"info","event":"26/06/02 14:54:01 INFO Executor: Finished task 10.0 in stage 14.0 (TID 87). 2026 bytes result sent to driver","logger":"airflow.task.hooks.airflow.providers.standard.hooks.subprocess.SubprocessHook","filename":"subprocess.py","lineno":99}
{"timestamp":"2026-06-02T14:54:01.741151Z","level":"info","event":"26/06/02 14:54:01 INFO TaskSetManager: Finished task 7.0 in stage 14.0 (TID 84) in 218 ms on ac0ccb30c6a7 (executor driver) (10/11)","logger":"airflow.task.hooks.airflow.providers.standard.hooks.subprocess.SubprocessHook","filename":"subprocess.py","lineno":99}
{"timestamp":"2026-06-02T14:54:01.741365Z","level":"info","event":"26/06/02 14:54:01 INFO TaskSetManager: Finished task 10.0 in stage 14.0 (TID 87) in 214 ms on ac0ccb30c6a7 (executor driver) (11/11)","logger":"airflow.task.hooks.airflow.providers.standard.hooks.subprocess.SubprocessHook","filename":"subprocess.py","lineno":99}
{"timestamp":"2026-06-02T14:54:01.741452Z","level":"info","event":"26/06/02 14:54:01 INFO TaskSchedulerImpl: Removed TaskSet 14.0, whose tasks have all completed, from pool","logger":"airflow.task.hooks.airflow.providers.standard.hooks.subprocess.SubprocessHook","filename":"subprocess.py","lineno":99}
{"timestamp":"2026-06-02T14:54:01.742790Z","level":"info","event":"26/06/02 14:54:01 INFO DAGScheduler: ResultStage 14 (showString at NativeMethodAccessorImpl.java:0) finished in 0.249 s","logger":"airflow.task.hooks.airflow.providers.standard.hooks.subprocess.SubprocessHook","filename":"subprocess.py","lineno":99}
{"timestamp":"2026-06-02T14:54:01.742989Z","level":"info","event":"26/06/02 14:54:01 INFO DAGScheduler: Job 14 is finished. Cancelling potential speculative or zombie tasks for this job","logger":"airflow.task.hooks.airflow.providers.standard.hooks.subprocess.SubprocessHook","filename":"subprocess.py","lineno":99}
{"timestamp":"2026-06-02T14:54:01.743066Z","level":"info","event":"26/06/02 14:54:01 INFO TaskSchedulerImpl: Killing all running tasks in stage 14: Stage finished","logger":"airflow.task.hooks.airflow.providers.standard.hooks.subprocess.SubprocessHook","filename":"subprocess.py","lineno":99}
{"timestamp":"2026-06-02T14:54:01.743134Z","level":"info","event":"26/06/02 14:54:01 INFO DAGScheduler: Job 14 finished: showString at NativeMethodAccessorImpl.java:0, took 0.254235 s","logger":"airflow.task.hooks.airflow.providers.standard.hooks.subprocess.SubprocessHook","filename":"subprocess.py","lineno":99}
{"timestamp":"2026-06-02T14:54:01.747923Z","level":"info","event":"+--------------------+------------------+---------+-------+----+--------------------+","logger":"airflow.task.hooks.airflow.providers.standard.hooks.subprocess.SubprocessHook","filename":"subprocess.py","lineno":99}
{"timestamp":"2026-06-02T14:54:01.748219Z","level":"info","event":"|  forestry_indicator|             value|     unit|quarter|year|           ingest_at|","logger":"airflow.task.hooks.airflow.providers.standard.hooks.subprocess.SubprocessHook","filename":"subprocess.py","lineno":99}
{"timestamp":"2026-06-02T14:54:01.748409Z","level":"info","event":"+--------------------+------------------+---------+-------+----+--------------------+","logger":"airflow.task.hooks.airflow.providers.standard.hooks.subprocess.SubprocessHook","filename":"subprocess.py","lineno":99}
{"timestamp":"2026-06-02T14:54:01.748477Z","level":"info","event":"|Diện tích rừng tr...|103.50479075026209| Nghìn ha|      4|2025|2026-06-02 14:54:...|","logger":"airflow.task.hooks.airflow.providers.standard.hooks.subprocess.SubprocessHook","filename":"subprocess.py","lineno":99}
{"timestamp":"2026-06-02T14:54:01.748547Z","level":"info","event":"|Số cây lâm nghiệp...|15.654494361616003|Triệu cây|      4|2025|2026-06-02 14:54:...|","logger":"airflow.task.hooks.airflow.providers.standard.hooks.subprocess.SubprocessHook","filename":"subprocess.py","lineno":99}
{"timestamp":"2026-06-02T14:54:01.748608Z","level":"info","event":"|Sản lượng gỗ khai...| 7752.329694177017| Nghìn m3|      4|2025|2026-06-02 14:54:...|","logger":"airflow.task.hooks.airflow.providers.standard.hooks.subprocess.SubprocessHook","filename":"subprocess.py","lineno":99}
{"timestamp":"2026-06-02T14:54:01.748661Z","level":"info","event":"|Diện tích rừng bị...|129.32000000000016|       Ha|      4|2025|2026-06-02 14:54:...|","logger":"airflow.task.hooks.airflow.providers.standard.hooks.subprocess.SubprocessHook","filename":"subprocess.py","lineno":99}
{"timestamp":"2026-06-02T14:54:01.748715Z","level":"info","event":"|           Cháy rừng|11.622000000000014|       Ha|      4|2025|2026-06-02 14:54:...|","logger":"airflow.task.hooks.airflow.providers.standard.hooks.subprocess.SubprocessHook","filename":"subprocess.py","lineno":99}
{"timestamp":"2026-06-02T14:54:01.748768Z","level":"info","event":"|       Chặt phá rừng|117.69800000000009|       Ha|      4|2025|2026-06-02 14:54:...|","logger":"airflow.task.hooks.airflow.providers.standard.hooks.subprocess.SubprocessHook","filename":"subprocess.py","lineno":99}
{"timestamp":"2026-06-02T14:54:01.748820Z","level":"info","event":"+--------------------+------------------+---------+-------+----+--------------------+","logger":"airflow.task.hooks.airflow.providers.standard.hooks.subprocess.SubprocessHook","filename":"subprocess.py","lineno":99}
{"timestamp":"2026-06-02T14:54:01.748870Z","level":"info","event":"","logger":"airflow.task.hooks.airflow.providers.standard.hooks.subprocess.SubprocessHook","filename":"subprocess.py","lineno":99}
{"timestamp":"2026-06-02T14:54:01.783538Z","level":"info","event":"26/06/02 14:54:01 INFO DelegatingLogStore: LogStore `LogStoreAdapter(io.delta.storage.S3SingleDriverLogStore)` is used for scheme `s3a`","logger":"airflow.task.hooks.airflow.providers.standard.hooks.subprocess.SubprocessHook","filename":"subprocess.py","lineno":99}
{"timestamp":"2026-06-02T14:54:01.809819Z","level":"info","event":"26/06/02 14:54:01 INFO DeltaLog: Loading version 1.","logger":"airflow.task.hooks.airflow.providers.standard.hooks.subprocess.SubprocessHook","filename":"subprocess.py","lineno":99}
{"timestamp":"2026-06-02T14:54:01.815883Z","level":"info","event":"26/06/02 14:54:01 INFO DeltaLogFileIndex: Created DeltaLogFileIndex(JSON, numFilesInSegment: 2, totalFileSize: 5649)","logger":"airflow.task.hooks.airflow.providers.standard.hooks.subprocess.SubprocessHook","filename":"subprocess.py","lineno":99}
{"timestamp":"2026-06-02T14:54:01.860562Z","level":"info","event":"26/06/02 14:54:01 INFO DataSourceStrategy: Pruning directories with:","logger":"airflow.task.hooks.airflow.providers.standard.hooks.subprocess.SubprocessHook","filename":"subprocess.py","lineno":99}
{"timestamp":"2026-06-02T14:54:01.860733Z","level":"info","event":"26/06/02 14:54:01 INFO FileSourceStrategy: Pushed Filters:","logger":"airflow.task.hooks.airflow.providers.standard.hooks.subprocess.SubprocessHook","filename":"subprocess.py","lineno":99}
{"timestamp":"2026-06-02T14:54:01.860779Z","level":"info","event":"26/06/02 14:54:01 INFO FileSourceStrategy: Post-Scan Filters: ((isnotnull(protocol#1270.minReaderVersion) OR isnotnull(metaData#1269.id)) OR (isnotnull(commitInfo#1271.inCommitTimestamp) AND (version#1272L = 1)))","logger":"airflow.task.hooks.airflow.providers.standard.hooks.subprocess.SubprocessHook","filename":"subprocess.py","lineno":99}
{"timestamp":"2026-06-02T14:54:01.885303Z","level":"info","event":"26/06/02 14:54:01 INFO MemoryStore: Block broadcast_19 stored as values in memory (estimated size 202.4 KiB, free 433.7 MiB)","logger":"airflow.task.hooks.airflow.providers.standard.hooks.subprocess.SubprocessHook","filename":"subprocess.py","lineno":99}
{"timestamp":"2026-06-02T14:54:01.894356Z","level":"info","event":"26/06/02 14:54:01 INFO MemoryStore: Block broadcast_19_piece0 stored as bytes in memory (estimated size 35.0 KiB, free 433.7 MiB)","logger":"airflow.task.hooks.airflow.providers.standard.hooks.subprocess.SubprocessHook","filename":"subprocess.py","lineno":99}
{"timestamp":"2026-06-02T14:54:01.895600Z","level":"info","event":"26/06/02 14:54:01 INFO BlockManagerInfo: Added broadcast_19_piece0 in memory on ac0ccb30c6a7:44397 (size: 35.0 KiB, free: 434.2 MiB)","logger":"airflow.task.hooks.airflow.providers.standard.hooks.subprocess.SubprocessHook","filename":"subprocess.py","lineno":99}
{"timestamp":"2026-06-02T14:54:01.896266Z","level":"info","event":"26/06/02 14:54:01 INFO SparkContext: Created broadcast 19 from $anonfun$recordDeltaOperationInternal$1 at DatabricksLogging.scala:128","logger":"airflow.task.hooks.airflow.providers.standard.hooks.subprocess.SubprocessHook","filename":"subprocess.py","lineno":99}
{"timestamp":"2026-06-02T14:54:01.898490Z","level":"info","event":"26/06/02 14:54:01 INFO FileSourceScanExec: Planning scan with bin packing, max size: 4194304 bytes, open cost is considered as scanning 4194304 bytes.","logger":"airflow.task.hooks.airflow.providers.standard.hooks.subprocess.SubprocessHook","filename":"subprocess.py","lineno":99}
{"timestamp":"2026-06-02T14:54:01.911484Z","level":"info","event":"26/06/02 14:54:01 INFO SparkContext: Starting job: $anonfun$recordDeltaOperationInternal$1 at DatabricksLogging.scala:128","logger":"airflow.task.hooks.airflow.providers.standard.hooks.subprocess.SubprocessHook","filename":"subprocess.py","lineno":99}
{"timestamp":"2026-06-02T14:54:01.912500Z","level":"info","event":"26/06/02 14:54:01 INFO DAGScheduler: Got job 15 ($anonfun$recordDeltaOperationInternal$1 at DatabricksLogging.scala:128) with 2 output partitions","logger":"airflow.task.hooks.airflow.providers.standard.hooks.subprocess.SubprocessHook","filename":"subprocess.py","lineno":99}
{"timestamp":"2026-06-02T14:54:01.912737Z","level":"info","event":"26/06/02 14:54:01 INFO DAGScheduler: Final stage: ResultStage 15 ($anonfun$recordDeltaOperationInternal$1 at DatabricksLogging.scala:128)","logger":"airflow.task.hooks.airflow.providers.standard.hooks.subprocess.SubprocessHook","filename":"subprocess.py","lineno":99}
{"timestamp":"2026-06-02T14:54:01.912837Z","level":"info","event":"26/06/02 14:54:01 INFO DAGScheduler: Parents of final stage: List()","logger":"airflow.task.hooks.airflow.providers.standard.hooks.subprocess.SubprocessHook","filename":"subprocess.py","lineno":99}
{"timestamp":"2026-06-02T14:54:01.912921Z","level":"info","event":"26/06/02 14:54:01 INFO DAGScheduler: Missing parents: List()","logger":"airflow.task.hooks.airflow.providers.standard.hooks.subprocess.SubprocessHook","filename":"subprocess.py","lineno":99}
{"timestamp":"2026-06-02T14:54:01.914323Z","level":"info","event":"26/06/02 14:54:01 INFO DAGScheduler: Submitting ResultStage 15 (MapPartitionsRDD[42] at $anonfun$recordDeltaOperationInternal$1 at DatabricksLogging.scala:128), which has no missing parents","logger":"airflow.task.hooks.airflow.providers.standard.hooks.subprocess.SubprocessHook","filename":"subprocess.py","lineno":99}
{"timestamp":"2026-06-02T14:54:01.915886Z","level":"info","event":"26/06/02 14:54:01 INFO MemoryStore: Block broadcast_20 stored as values in memory (estimated size 55.2 KiB, free 433.6 MiB)","logger":"airflow.task.hooks.airflow.providers.standard.hooks.subprocess.SubprocessHook","filename":"subprocess.py","lineno":99}
{"timestamp":"2026-06-02T14:54:01.918414Z","level":"info","event":"26/06/02 14:54:01 INFO MemoryStore: Block broadcast_20_piece0 stored as bytes in memory (estimated size 17.1 KiB, free 433.6 MiB)","logger":"airflow.task.hooks.airflow.providers.standard.hooks.subprocess.SubprocessHook","filename":"subprocess.py","lineno":99}
{"timestamp":"2026-06-02T14:54:01.919638Z","level":"info","event":"26/06/02 14:54:01 INFO BlockManagerInfo: Added broadcast_20_piece0 in memory on ac0ccb30c6a7:44397 (size: 17.1 KiB, free: 434.2 MiB)","logger":"airflow.task.hooks.airflow.providers.standard.hooks.subprocess.SubprocessHook","filename":"subprocess.py","lineno":99}
{"timestamp":"2026-06-02T14:54:01.919817Z","level":"info","event":"26/06/02 14:54:01 INFO SparkContext: Created broadcast 20 from broadcast at DAGScheduler.scala:1611","logger":"airflow.task.hooks.airflow.providers.standard.hooks.subprocess.SubprocessHook","filename":"subprocess.py","lineno":99}
{"timestamp":"2026-06-02T14:54:01.920533Z","level":"info","event":"26/06/02 14:54:01 INFO DAGScheduler: Submitting 2 missing tasks from ResultStage 15 (MapPartitionsRDD[42] at $anonfun$recordDeltaOperationInternal$1 at DatabricksLogging.scala:128) (first 15 tasks are for partitions Vector(0, 1))","logger":"airflow.task.hooks.airflow.providers.standard.hooks.subprocess.SubprocessHook","filename":"subprocess.py","lineno":99}
{"timestamp":"2026-06-02T14:54:01.921218Z","level":"info","event":"26/06/02 14:54:01 INFO TaskSchedulerImpl: Adding task set 15.0 with 2 tasks resource profile 0","logger":"airflow.task.hooks.airflow.providers.standard.hooks.subprocess.SubprocessHook","filename":"subprocess.py","lineno":99}
{"timestamp":"2026-06-02T14:54:01.923160Z","level":"info","event":"26/06/02 14:54:01 INFO TaskSetManager: Starting task 0.0 in stage 15.0 (TID 88) (ac0ccb30c6a7, executor driver, partition 0, PROCESS_LOCAL, 9671 bytes)","logger":"airflow.task.hooks.airflow.providers.standard.hooks.subprocess.SubprocessHook","filename":"subprocess.py","lineno":99}
{"timestamp":"2026-06-02T14:54:01.923349Z","level":"info","event":"26/06/02 14:54:01 INFO TaskSetManager: Starting task 1.0 in stage 15.0 (TID 89) (ac0ccb30c6a7, executor driver, partition 1, PROCESS_LOCAL, 9671 bytes)","logger":"airflow.task.hooks.airflow.providers.standard.hooks.subprocess.SubprocessHook","filename":"subprocess.py","lineno":99}
{"timestamp":"2026-06-02T14:54:01.924817Z","level":"info","event":"26/06/02 14:54:01 INFO Executor: Running task 1.0 in stage 15.0 (TID 89)","logger":"airflow.task.hooks.airflow.providers.standard.hooks.subprocess.SubprocessHook","filename":"subprocess.py","lineno":99}
{"timestamp":"2026-06-02T14:54:01.924985Z","level":"info","event":"26/06/02 14:54:01 INFO Executor: Running task 0.0 in stage 15.0 (TID 88)","logger":"airflow.task.hooks.airflow.providers.standard.hooks.subprocess.SubprocessHook","filename":"subprocess.py","lineno":99}
{"timestamp":"2026-06-02T14:54:01.930255Z","level":"info","event":"26/06/02 14:54:01 INFO FileScanRDD: Reading File path: s3a://silver/forestry/_delta_log/00000000000000000000.json, range: 0-1114, partition values: [0]","logger":"airflow.task.hooks.airflow.providers.standard.hooks.subprocess.SubprocessHook","filename":"subprocess.py","lineno":99}
{"timestamp":"2026-06-02T14:54:01.930510Z","level":"info","event":"26/06/02 14:54:01 INFO FileScanRDD: Reading File path: s3a://silver/forestry/_delta_log/00000000000000000001.json, range: 0-4535, partition values: [1]","logger":"airflow.task.hooks.airflow.providers.standard.hooks.subprocess.SubprocessHook","filename":"subprocess.py","lineno":99}
{"timestamp":"2026-06-02T14:54:01.963781Z","level":"info","event":"26/06/02 14:54:01 INFO Executor: Finished task 1.0 in stage 15.0 (TID 89). 1958 bytes result sent to driver","logger":"airflow.task.hooks.airflow.providers.standard.hooks.subprocess.SubprocessHook","filename":"subprocess.py","lineno":99}
{"timestamp":"2026-06-02T14:54:01.965722Z","level":"info","event":"26/06/02 14:54:01 INFO Executor: Finished task 0.0 in stage 15.0 (TID 88). 1587 bytes result sent to driver","logger":"airflow.task.hooks.airflow.providers.standard.hooks.subprocess.SubprocessHook","filename":"subprocess.py","lineno":99}
{"timestamp":"2026-06-02T14:54:01.965903Z","level":"info","event":"26/06/02 14:54:01 INFO TaskSetManager: Finished task 1.0 in stage 15.0 (TID 89) in 42 ms on ac0ccb30c6a7 (executor driver) (1/2)","logger":"airflow.task.hooks.airflow.providers.standard.hooks.subprocess.SubprocessHook","filename":"subprocess.py","lineno":99}
{"timestamp":"2026-06-02T14:54:01.965958Z","level":"info","event":"26/06/02 14:54:01 INFO TaskSetManager: Finished task 0.0 in stage 15.0 (TID 88) in 43 ms on ac0ccb30c6a7 (executor driver) (2/2)","logger":"airflow.task.hooks.airflow.providers.standard.hooks.subprocess.SubprocessHook","filename":"subprocess.py","lineno":99}
{"timestamp":"2026-06-02T14:54:01.965997Z","level":"info","event":"26/06/02 14:54:01 INFO TaskSchedulerImpl: Removed TaskSet 15.0, whose tasks have all completed, from pool","logger":"airflow.task.hooks.airflow.providers.standard.hooks.subprocess.SubprocessHook","filename":"subprocess.py","lineno":99}
{"timestamp":"2026-06-02T14:54:01.966509Z","level":"info","event":"26/06/02 14:54:01 INFO DAGScheduler: ResultStage 15 ($anonfun$recordDeltaOperationInternal$1 at DatabricksLogging.scala:128) finished in 0.052 s","logger":"airflow.task.hooks.airflow.providers.standard.hooks.subprocess.SubprocessHook","filename":"subprocess.py","lineno":99}
{"timestamp":"2026-06-02T14:54:01.966637Z","level":"info","event":"26/06/02 14:54:01 INFO DAGScheduler: Job 15 is finished. Cancelling potential speculative or zombie tasks for this job","logger":"airflow.task.hooks.airflow.providers.standard.hooks.subprocess.SubprocessHook","filename":"subprocess.py","lineno":99}
{"timestamp":"2026-06-02T14:54:01.966692Z","level":"info","event":"26/06/02 14:54:01 INFO TaskSchedulerImpl: Killing all running tasks in stage 15: Stage finished","logger":"airflow.task.hooks.airflow.providers.standard.hooks.subprocess.SubprocessHook","filename":"subprocess.py","lineno":99}
{"timestamp":"2026-06-02T14:54:01.967132Z","level":"info","event":"26/06/02 14:54:01 INFO DAGScheduler: Job 15 finished: $anonfun$recordDeltaOperationInternal$1 at DatabricksLogging.scala:128, took 0.056029 s","logger":"airflow.task.hooks.airflow.providers.standard.hooks.subprocess.SubprocessHook","filename":"subprocess.py","lineno":99}
{"timestamp":"2026-06-02T14:54:01.974770Z","level":"info","event":"26/06/02 14:54:01 INFO Snapshot: [tableId=9daeda5c-b02b-4b58-b084-8fb98d893b39] Created snapshot Snapshot(path=s3a://silver/forestry/_delta_log, version=1, metadata=Metadata(52ab094e-b4ff-4c10-a702-e0e566d608bf,null,null,Format(parquet,Map()),{\"type\":\"struct\",\"fields\":[{\"name\":\"forestry_indicator\",\"type\":\"string\",\"nullable\":true,\"metadata\":{}},{\"name\":\"value\",\"type\":\"double\",\"nullable\":true,\"metadata\":{}},{\"name\":\"unit\",\"type\":\"string\",\"nullable\":true,\"metadata\":{}},{\"name\":\"quarter\",\"type\":\"integer\",\"nullable\":true,\"metadata\":{}},{\"name\":\"year\",\"type\":\"integer\",\"nullable\":true,\"metadata\":{}},{\"name\":\"ingest_at\",\"type\":\"timestamp\",\"nullable\":true,\"metadata\":{}}]},List(),Map(),Some(1780409955441)), logSegment=LogSegment(s3a://silver/forestry/_delta_log,1,WrappedArray(S3AFileStatus{path=s3a://silver/forestry/_delta_log/00000000000000000000.json; isDirectory=false; length=1114; replication=1; blocksize=33554432; modification_time=1780409955513; access_time=0; owner=spark; group=spark; permission=rw-rw-rw-; isSymlink=false; hasAcl=false; isEncrypted=true; isErasureCoded=false} isEmptyDirectory=FALSE eTag=b2b6fb11c0c0f5ba4dca4e5dc7bc9b5b versionId=null, S3AFileStatus{path=s3a://silver/forestry/_delta_log/00000000000000000001.json; isDirectory=false; length=4535; replication=1; blocksize=33554432; modification_time=1780409981086; access_time=0; owner=spark; group=spark; permission=rw-rw-rw-; isSymlink=false; hasAcl=false; isEncrypted=true; isErasureCoded=false} isEmptyDirectory=FALSE eTag=33dbdcf5aa967880987d85bfbbd6c761 versionId=null),org.apache.spark.sql.delta.EmptyCheckpointProvider$@151220c5,1780409981086), checksumOpt=None)","logger":"airflow.task.hooks.airflow.providers.standard.hooks.subprocess.SubprocessHook","filename":"subprocess.py","lineno":99}
{"timestamp":"2026-06-02T14:54:01.975612Z","level":"info","event":"26/06/02 14:54:01 INFO DeltaLog: Updated snapshot to Snapshot(path=s3a://silver/forestry/_delta_log, version=1, metadata=Metadata(52ab094e-b4ff-4c10-a702-e0e566d608bf,null,null,Format(parquet,Map()),{\"type\":\"struct\",\"fields\":[{\"name\":\"forestry_indicator\",\"type\":\"string\",\"nullable\":true,\"metadata\":{}},{\"name\":\"value\",\"type\":\"double\",\"nullable\":true,\"metadata\":{}},{\"name\":\"unit\",\"type\":\"string\",\"nullable\":true,\"metadata\":{}},{\"name\":\"quarter\",\"type\":\"integer\",\"nullable\":true,\"metadata\":{}},{\"name\":\"year\",\"type\":\"integer\",\"nullable\":true,\"metadata\":{}},{\"name\":\"ingest_at\",\"type\":\"timestamp\",\"nullable\":true,\"metadata\":{}}]},List(),Map(),Some(1780409955441)), logSegment=LogSegment(s3a://silver/forestry/_delta_log,1,WrappedArray(S3AFileStatus{path=s3a://silver/forestry/_delta_log/00000000000000000000.json; isDirectory=false; length=1114; replication=1; blocksize=33554432; modification_time=1780409955513; access_time=0; owner=spark; group=spark; permission=rw-rw-rw-; isSymlink=false; hasAcl=false; isEncrypted=true; isErasureCoded=false} isEmptyDirectory=FALSE eTag=b2b6fb11c0c0f5ba4dca4e5dc7bc9b5b versionId=null, S3AFileStatus{path=s3a://silver/forestry/_delta_log/00000000000000000001.json; isDirectory=false; length=4535; replication=1; blocksize=33554432; modification_time=1780409981086; access_time=0; owner=spark; group=spark; permission=rw-rw-rw-; isSymlink=false; hasAcl=false; isEncrypted=true; isErasureCoded=false} isEmptyDirectory=FALSE eTag=33dbdcf5aa967880987d85bfbbd6c761 versionId=null),org.apache.spark.sql.delta.EmptyCheckpointProvider$@151220c5,1780409981086), checksumOpt=None)","logger":"airflow.task.hooks.airflow.providers.standard.hooks.subprocess.SubprocessHook","filename":"subprocess.py","lineno":99}
{"timestamp":"2026-06-02T14:54:02.068888Z","level":"info","event":"26/06/02 14:54:02 INFO ParquetUtils: Using default output committer for Parquet: org.apache.parquet.hadoop.ParquetOutputCommitter","logger":"airflow.task.hooks.airflow.providers.standard.hooks.subprocess.SubprocessHook","filename":"subprocess.py","lineno":99}
{"timestamp":"2026-06-02T14:54:02.099063Z","level":"info","event":"26/06/02 14:54:02 INFO SparkContext: Starting job: saveAsTable at NativeMethodAccessorImpl.java:0","logger":"airflow.task.hooks.airflow.providers.standard.hooks.subprocess.SubprocessHook","filename":"subprocess.py","lineno":99}
{"timestamp":"2026-06-02T14:54:02.099268Z","level":"info","event":"26/06/02 14:54:02 INFO DAGScheduler: Got job 16 (saveAsTable at NativeMethodAccessorImpl.java:0) with 16 output partitions","logger":"airflow.task.hooks.airflow.providers.standard.hooks.subprocess.SubprocessHook","filename":"subprocess.py","lineno":99}
{"timestamp":"2026-06-02T14:54:02.099340Z","level":"info","event":"26/06/02 14:54:02 INFO DAGScheduler: Final stage: ResultStage 16 (saveAsTable at NativeMethodAccessorImpl.java:0)","logger":"airflow.task.hooks.airflow.providers.standard.hooks.subprocess.SubprocessHook","filename":"subprocess.py","lineno":99}
{"timestamp":"2026-06-02T14:54:02.099382Z","level":"info","event":"26/06/02 14:54:02 INFO DAGScheduler: Parents of final stage: List()","logger":"airflow.task.hooks.airflow.providers.standard.hooks.subprocess.SubprocessHook","filename":"subprocess.py","lineno":99}
{"timestamp":"2026-06-02T14:54:02.099409Z","level":"info","event":"26/06/02 14:54:02 INFO DAGScheduler: Missing parents: List()","logger":"airflow.task.hooks.airflow.providers.standard.hooks.subprocess.SubprocessHook","filename":"subprocess.py","lineno":99}
{"timestamp":"2026-06-02T14:54:02.101095Z","level":"info","event":"26/06/02 14:54:02 INFO DAGScheduler: Submitting ResultStage 16 (MapPartitionsRDD[43] at saveAsTable at NativeMethodAccessorImpl.java:0), which has no missing parents","logger":"airflow.task.hooks.airflow.providers.standard.hooks.subprocess.SubprocessHook","filename":"subprocess.py","lineno":99}
{"timestamp":"2026-06-02T14:54:02.117355Z","level":"info","event":"26/06/02 14:54:02 INFO MemoryStore: Block broadcast_21 stored as values in memory (estimated size 340.3 KiB, free 433.3 MiB)","logger":"airflow.task.hooks.airflow.providers.standard.hooks.subprocess.SubprocessHook","filename":"subprocess.py","lineno":99}
{"timestamp":"2026-06-02T14:54:02.120305Z","level":"info","event":"26/06/02 14:54:02 INFO MemoryStore: Block broadcast_21_piece0 stored as bytes in memory (estimated size 124.2 KiB, free 433.2 MiB)","logger":"airflow.task.hooks.airflow.providers.standard.hooks.subprocess.SubprocessHook","filename":"subprocess.py","lineno":99}
{"timestamp":"2026-06-02T14:54:02.121800Z","level":"info","event":"26/06/02 14:54:02 INFO BlockManagerInfo: Added broadcast_21_piece0 in memory on ac0ccb30c6a7:44397 (size: 124.2 KiB, free: 434.1 MiB)","logger":"airflow.task.hooks.airflow.providers.standard.hooks.subprocess.SubprocessHook","filename":"subprocess.py","lineno":99}
{"timestamp":"2026-06-02T14:54:02.121937Z","level":"info","event":"26/06/02 14:54:02 INFO SparkContext: Created broadcast 21 from broadcast at DAGScheduler.scala:1611","logger":"airflow.task.hooks.airflow.providers.standard.hooks.subprocess.SubprocessHook","filename":"subprocess.py","lineno":99}
{"timestamp":"2026-06-02T14:54:02.122330Z","level":"info","event":"26/06/02 14:54:02 INFO DAGScheduler: Submitting 16 missing tasks from ResultStage 16 (MapPartitionsRDD[43] at saveAsTable at NativeMethodAccessorImpl.java:0) (first 15 tasks are for partitions Vector(0, 1, 2, 3, 4, 5, 6, 7, 8, 9, 10, 11, 12, 13, 14))","logger":"airflow.task.hooks.airflow.providers.standard.hooks.subprocess.SubprocessHook","filename":"subprocess.py","lineno":99}
{"timestamp":"2026-06-02T14:54:02.122478Z","level":"info","event":"26/06/02 14:54:02 INFO TaskSchedulerImpl: Adding task set 16.0 with 16 tasks resource profile 0","logger":"airflow.task.hooks.airflow.providers.standard.hooks.subprocess.SubprocessHook","filename":"subprocess.py","lineno":99}
{"timestamp":"2026-06-02T14:54:02.124397Z","level":"info","event":"26/06/02 14:54:02 INFO TaskSetManager: Starting task 0.0 in stage 16.0 (TID 90) (ac0ccb30c6a7, executor driver, partition 0, PROCESS_LOCAL, 8979 bytes)","logger":"airflow.task.hooks.airflow.providers.standard.hooks.subprocess.SubprocessHook","filename":"subprocess.py","lineno":99}
{"timestamp":"2026-06-02T14:54:02.124604Z","level":"info","event":"26/06/02 14:54:02 INFO TaskSetManager: Starting task 1.0 in stage 16.0 (TID 91) (ac0ccb30c6a7, executor driver, partition 1, PROCESS_LOCAL, 8979 bytes)","logger":"airflow.task.hooks.airflow.providers.standard.hooks.subprocess.SubprocessHook","filename":"subprocess.py","lineno":99}
{"timestamp":"2026-06-02T14:54:02.125362Z","level":"info","event":"26/06/02 14:54:02 INFO TaskSetManager: Starting task 2.0 in stage 16.0 (TID 92) (ac0ccb30c6a7, executor driver, partition 2, PROCESS_LOCAL, 9090 bytes)","logger":"airflow.task.hooks.airflow.providers.standard.hooks.subprocess.SubprocessHook","filename":"subprocess.py","lineno":99}
{"timestamp":"2026-06-02T14:54:02.126024Z","level":"info","event":"26/06/02 14:54:02 INFO TaskSetManager: Starting task 3.0 in stage 16.0 (TID 93) (ac0ccb30c6a7, executor driver, partition 3, PROCESS_LOCAL, 8979 bytes)","logger":"airflow.task.hooks.airflow.providers.standard.hooks.subprocess.SubprocessHook","filename":"subprocess.py","lineno":99}
{"timestamp":"2026-06-02T14:54:02.126681Z","level":"info","event":"26/06/02 14:54:02 INFO TaskSetManager: Starting task 4.0 in stage 16.0 (TID 94) (ac0ccb30c6a7, executor driver, partition 4, PROCESS_LOCAL, 8979 bytes)","logger":"airflow.task.hooks.airflow.providers.standard.hooks.subprocess.SubprocessHook","filename":"subprocess.py","lineno":99}
{"timestamp":"2026-06-02T14:54:02.126852Z","level":"info","event":"26/06/02 14:54:02 INFO TaskSetManager: Starting task 5.0 in stage 16.0 (TID 95) (ac0ccb30c6a7, executor driver, partition 5, PROCESS_LOCAL, 9090 bytes)","logger":"airflow.task.hooks.airflow.providers.standard.hooks.subprocess.SubprocessHook","filename":"subprocess.py","lineno":99}
{"timestamp":"2026-06-02T14:54:02.127859Z","level":"info","event":"26/06/02 14:54:02 INFO TaskSetManager: Starting task 6.0 in stage 16.0 (TID 96) (ac0ccb30c6a7, executor driver, partition 6, PROCESS_LOCAL, 8979 bytes)","logger":"airflow.task.hooks.airflow.providers.standard.hooks.subprocess.SubprocessHook","filename":"subprocess.py","lineno":99}
{"timestamp":"2026-06-02T14:54:02.128048Z","level":"info","event":"26/06/02 14:54:02 INFO TaskSetManager: Starting task 7.0 in stage 16.0 (TID 97) (ac0ccb30c6a7, executor driver, partition 7, PROCESS_LOCAL, 9075 bytes)","logger":"airflow.task.hooks.airflow.providers.standard.hooks.subprocess.SubprocessHook","filename":"subprocess.py","lineno":99}
{"timestamp":"2026-06-02T14:54:02.128146Z","level":"info","event":"26/06/02 14:54:02 INFO TaskSetManager: Starting task 8.0 in stage 16.0 (TID 98) (ac0ccb30c6a7, executor driver, partition 8, PROCESS_LOCAL, 8979 bytes)","logger":"airflow.task.hooks.airflow.providers.standard.hooks.subprocess.SubprocessHook","filename":"subprocess.py","lineno":99}
{"timestamp":"2026-06-02T14:54:02.130005Z","level":"info","event":"26/06/02 14:54:02 INFO TaskSetManager: Starting task 9.0 in stage 16.0 (TID 99) (ac0ccb30c6a7, executor driver, partition 9, PROCESS_LOCAL, 8979 bytes)","logger":"airflow.task.hooks.airflow.providers.standard.hooks.subprocess.SubprocessHook","filename":"subprocess.py","lineno":99}
{"timestamp":"2026-06-02T14:54:02.130195Z","level":"info","event":"26/06/02 14:54:02 INFO TaskSetManager: Starting task 10.0 in stage 16.0 (TID 100) (ac0ccb30c6a7, executor driver, partition 10, PROCESS_LOCAL, 9076 bytes)","logger":"airflow.task.hooks.airflow.providers.standard.hooks.subprocess.SubprocessHook","filename":"subprocess.py","lineno":99}
{"timestamp":"2026-06-02T14:54:02.130288Z","level":"info","event":"26/06/02 14:54:02 INFO TaskSetManager: Starting task 11.0 in stage 16.0 (TID 101) (ac0ccb30c6a7, executor driver, partition 11, PROCESS_LOCAL, 8979 bytes)","logger":"airflow.task.hooks.airflow.providers.standard.hooks.subprocess.SubprocessHook","filename":"subprocess.py","lineno":99}
{"timestamp":"2026-06-02T14:54:02.130359Z","level":"info","event":"26/06/02 14:54:02 INFO TaskSetManager: Starting task 12.0 in stage 16.0 (TID 102) (ac0ccb30c6a7, executor driver, partition 12, PROCESS_LOCAL, 8979 bytes)","logger":"airflow.task.hooks.airflow.providers.standard.hooks.subprocess.SubprocessHook","filename":"subprocess.py","lineno":99}
{"timestamp":"2026-06-02T14:54:02.130436Z","level":"info","event":"26/06/02 14:54:02 INFO TaskSetManager: Starting task 13.0 in stage 16.0 (TID 103) (ac0ccb30c6a7, executor driver, partition 13, PROCESS_LOCAL, 9050 bytes)","logger":"airflow.task.hooks.airflow.providers.standard.hooks.subprocess.SubprocessHook","filename":"subprocess.py","lineno":99}
{"timestamp":"2026-06-02T14:54:02.131163Z","level":"info","event":"26/06/02 14:54:02 INFO TaskSetManager: Starting task 14.0 in stage 16.0 (TID 104) (ac0ccb30c6a7, executor driver, partition 14, PROCESS_LOCAL, 8979 bytes)","logger":"airflow.task.hooks.airflow.providers.standard.hooks.subprocess.SubprocessHook","filename":"subprocess.py","lineno":99}
{"timestamp":"2026-06-02T14:54:02.131747Z","level":"info","event":"26/06/02 14:54:02 INFO TaskSetManager: Starting task 15.0 in stage 16.0 (TID 105) (ac0ccb30c6a7, executor driver, partition 15, PROCESS_LOCAL, 9056 bytes)","logger":"airflow.task.hooks.airflow.providers.standard.hooks.subprocess.SubprocessHook","filename":"subprocess.py","lineno":99}
{"timestamp":"2026-06-02T14:54:02.131898Z","level":"info","event":"26/06/02 14:54:02 INFO Executor: Running task 0.0 in stage 16.0 (TID 90)","logger":"airflow.task.hooks.airflow.providers.standard.hooks.subprocess.SubprocessHook","filename":"subprocess.py","lineno":99}
{"timestamp":"2026-06-02T14:54:02.131978Z","level":"info","event":"26/06/02 14:54:02 INFO Executor: Running task 3.0 in stage 16.0 (TID 93)","logger":"airflow.task.hooks.airflow.providers.standard.hooks.subprocess.SubprocessHook","filename":"subprocess.py","lineno":99}
{"timestamp":"2026-06-02T14:54:02.132041Z","level":"info","event":"26/06/02 14:54:02 INFO Executor: Running task 1.0 in stage 16.0 (TID 91)","logger":"airflow.task.hooks.airflow.providers.standard.hooks.subprocess.SubprocessHook","filename":"subprocess.py","lineno":99}
{"timestamp":"2026-06-02T14:54:02.136410Z","level":"info","event":"26/06/02 14:54:02 INFO Executor: Running task 2.0 in stage 16.0 (TID 92)","logger":"airflow.task.hooks.airflow.providers.standard.hooks.subprocess.SubprocessHook","filename":"subprocess.py","lineno":99}
{"timestamp":"2026-06-02T14:54:02.140149Z","level":"info","event":"26/06/02 14:54:02 INFO Executor: Running task 4.0 in stage 16.0 (TID 94)","logger":"airflow.task.hooks.airflow.providers.standard.hooks.subprocess.SubprocessHook","filename":"subprocess.py","lineno":99}
{"timestamp":"2026-06-02T14:54:02.140617Z","level":"info","event":"26/06/02 14:54:02 INFO Executor: Running task 8.0 in stage 16.0 (TID 98)","logger":"airflow.task.hooks.airflow.providers.standard.hooks.subprocess.SubprocessHook","filename":"subprocess.py","lineno":99}
{"timestamp":"2026-06-02T14:54:02.140745Z","level":"info","event":"26/06/02 14:54:02 INFO Executor: Running task 5.0 in stage 16.0 (TID 95)","logger":"airflow.task.hooks.airflow.providers.standard.hooks.subprocess.SubprocessHook","filename":"subprocess.py","lineno":99}
{"timestamp":"2026-06-02T14:54:02.141049Z","level":"info","event":"26/06/02 14:54:02 INFO Executor: Running task 10.0 in stage 16.0 (TID 100)","logger":"airflow.task.hooks.airflow.providers.standard.hooks.subprocess.SubprocessHook","filename":"subprocess.py","lineno":99}
{"timestamp":"2026-06-02T14:54:02.141157Z","level":"info","event":"26/06/02 14:54:02 INFO Executor: Running task 14.0 in stage 16.0 (TID 104)","logger":"airflow.task.hooks.airflow.providers.standard.hooks.subprocess.SubprocessHook","filename":"subprocess.py","lineno":99}
{"timestamp":"2026-06-02T14:54:02.141232Z","level":"info","event":"26/06/02 14:54:02 INFO Executor: Running task 6.0 in stage 16.0 (TID 96)","logger":"airflow.task.hooks.airflow.providers.standard.hooks.subprocess.SubprocessHook","filename":"subprocess.py","lineno":99}
{"timestamp":"2026-06-02T14:54:02.141298Z","level":"info","event":"26/06/02 14:54:02 INFO Executor: Running task 9.0 in stage 16.0 (TID 99)","logger":"airflow.task.hooks.airflow.providers.standard.hooks.subprocess.SubprocessHook","filename":"subprocess.py","lineno":99}
{"timestamp":"2026-06-02T14:54:02.141360Z","level":"info","event":"26/06/02 14:54:02 INFO Executor: Running task 13.0 in stage 16.0 (TID 103)","logger":"airflow.task.hooks.airflow.providers.standard.hooks.subprocess.SubprocessHook","filename":"subprocess.py","lineno":99}
{"timestamp":"2026-06-02T14:54:02.141456Z","level":"info","event":"26/06/02 14:54:02 INFO Executor: Running task 7.0 in stage 16.0 (TID 97)","logger":"airflow.task.hooks.airflow.providers.standard.hooks.subprocess.SubprocessHook","filename":"subprocess.py","lineno":99}
{"timestamp":"2026-06-02T14:54:02.141547Z","level":"info","event":"26/06/02 14:54:02 INFO Executor: Running task 11.0 in stage 16.0 (TID 101)","logger":"airflow.task.hooks.airflow.providers.standard.hooks.subprocess.SubprocessHook","filename":"subprocess.py","lineno":99}
{"timestamp":"2026-06-02T14:54:02.141611Z","level":"info","event":"26/06/02 14:54:02 INFO Executor: Running task 12.0 in stage 16.0 (TID 102)","logger":"airflow.task.hooks.airflow.providers.standard.hooks.subprocess.SubprocessHook","filename":"subprocess.py","lineno":99}
{"timestamp":"2026-06-02T14:54:02.141671Z","level":"info","event":"26/06/02 14:54:02 INFO Executor: Running task 15.0 in stage 16.0 (TID 105)","logger":"airflow.task.hooks.airflow.providers.standard.hooks.subprocess.SubprocessHook","filename":"subprocess.py","lineno":99}
{"timestamp":"2026-06-02T14:54:02.162086Z","level":"info","event":"26/06/02 14:54:02 INFO BlockManagerInfo: Removed broadcast_19_piece0 on ac0ccb30c6a7:44397 in memory (size: 35.0 KiB, free: 434.1 MiB)","logger":"airflow.task.hooks.airflow.providers.standard.hooks.subprocess.SubprocessHook","filename":"subprocess.py","lineno":99}
{"timestamp":"2026-06-02T14:54:02.171133Z","level":"info","event":"26/06/02 14:54:02 INFO BlockManagerInfo: Removed broadcast_20_piece0 on ac0ccb30c6a7:44397 in memory (size: 17.1 KiB, free: 434.1 MiB)","logger":"airflow.task.hooks.airflow.providers.standard.hooks.subprocess.SubprocessHook","filename":"subprocess.py","lineno":99}
{"timestamp":"2026-06-02T14:54:02.197264Z","level":"info","event":"26/06/02 14:54:02 INFO BlockManagerInfo: Removed broadcast_18_piece0 on ac0ccb30c6a7:44397 in memory (size: 7.6 KiB, free: 434.2 MiB)","logger":"airflow.task.hooks.airflow.providers.standard.hooks.subprocess.SubprocessHook","filename":"subprocess.py","lineno":99}
{"timestamp":"2026-06-02T14:54:02.316461Z","level":"info","event":"26/06/02 14:54:02 INFO PythonRunner: Times: total = 131, boot = -865, init = 996, finish = 0","logger":"airflow.task.hooks.airflow.providers.standard.hooks.subprocess.SubprocessHook","filename":"subprocess.py","lineno":99}
{"timestamp":"2026-06-02T14:54:02.334727Z","level":"info","event":"26/06/02 14:54:02 INFO PythonRunner: Times: total = 152, boot = -722, init = 874, finish = 0","logger":"airflow.task.hooks.airflow.providers.standard.hooks.subprocess.SubprocessHook","filename":"subprocess.py","lineno":99}
{"timestamp":"2026-06-02T14:54:02.364789Z","level":"info","event":"26/06/02 14:54:02 INFO PythonRunner: Times: total = 146, boot = -484, init = 630, finish = 0","logger":"airflow.task.hooks.airflow.providers.standard.hooks.subprocess.SubprocessHook","filename":"subprocess.py","lineno":99}
{"timestamp":"2026-06-02T14:54:02.365081Z","level":"info","event":"26/06/02 14:54:02 INFO PythonRunner: Times: total = 153, boot = -487, init = 640, finish = 0","logger":"airflow.task.hooks.airflow.providers.standard.hooks.subprocess.SubprocessHook","filename":"subprocess.py","lineno":99}
{"timestamp":"2026-06-02T14:54:02.368514Z","level":"info","event":"26/06/02 14:54:02 INFO PythonRunner: Times: total = 165, boot = -743, init = 908, finish = 0","logger":"airflow.task.hooks.airflow.providers.standard.hooks.subprocess.SubprocessHook","filename":"subprocess.py","lineno":99}
{"timestamp":"2026-06-02T14:54:02.388461Z","level":"info","event":"26/06/02 14:54:02 INFO PythonRunner: Times: total = 176, boot = -474, init = 649, finish = 1","logger":"airflow.task.hooks.airflow.providers.standard.hooks.subprocess.SubprocessHook","filename":"subprocess.py","lineno":99}
{"timestamp":"2026-06-02T14:54:02.393678Z","level":"info","event":"26/06/02 14:54:02 INFO PythonRunner: Times: total = 173, boot = -479, init = 652, finish = 0","logger":"airflow.task.hooks.airflow.providers.standard.hooks.subprocess.SubprocessHook","filename":"subprocess.py","lineno":99}
{"timestamp":"2026-06-02T14:54:02.464387Z","level":"info","event":"26/06/02 14:54:02 INFO PythonRunner: Times: total = 243, boot = -486, init = 729, finish = 0","logger":"airflow.task.hooks.airflow.providers.standard.hooks.subprocess.SubprocessHook","filename":"subprocess.py","lineno":99}
{"timestamp":"2026-06-02T14:54:02.464679Z","level":"info","event":"26/06/02 14:54:02 INFO PythonRunner: Times: total = 239, boot = -479, init = 718, finish = 0","logger":"airflow.task.hooks.airflow.providers.standard.hooks.subprocess.SubprocessHook","filename":"subprocess.py","lineno":99}
{"timestamp":"2026-06-02T14:54:02.544969Z","level":"info","event":"26/06/02 14:54:02 INFO CodeGenerator: Code generated in 150.88355 ms","logger":"airflow.task.hooks.airflow.providers.standard.hooks.subprocess.SubprocessHook","filename":"subprocess.py","lineno":99}
{"timestamp":"2026-06-02T14:54:02.557053Z","level":"info","event":"26/06/02 14:54:02 INFO Executor: Finished task 14.0 in stage 16.0 (TID 104). 2902 bytes result sent to driver","logger":"airflow.task.hooks.airflow.providers.standard.hooks.subprocess.SubprocessHook","filename":"subprocess.py","lineno":99}
{"timestamp":"2026-06-02T14:54:02.558488Z","level":"info","event":"26/06/02 14:54:02 INFO CodecConfig: Compression: SNAPPY","logger":"airflow.task.hooks.airflow.providers.standard.hooks.subprocess.SubprocessHook","filename":"subprocess.py","lineno":99}
{"timestamp":"2026-06-02T14:54:02.558802Z","level":"info","event":"26/06/02 14:54:02 INFO CodecConfig: Compression: SNAPPY","logger":"airflow.task.hooks.airflow.providers.standard.hooks.subprocess.SubprocessHook","filename":"subprocess.py","lineno":99}
{"timestamp":"2026-06-02T14:54:02.562229Z","level":"info","event":"26/06/02 14:54:02 INFO CodecConfig: Compression: SNAPPY","logger":"airflow.task.hooks.airflow.providers.standard.hooks.subprocess.SubprocessHook","filename":"subprocess.py","lineno":99}
{"timestamp":"2026-06-02T14:54:02.562569Z","level":"info","event":"26/06/02 14:54:02 INFO CodecConfig: Compression: SNAPPY","logger":"airflow.task.hooks.airflow.providers.standard.hooks.subprocess.SubprocessHook","filename":"subprocess.py","lineno":99}
{"timestamp":"2026-06-02T14:54:02.562743Z","level":"info","event":"26/06/02 14:54:02 INFO CodecConfig: Compression: SNAPPY","logger":"airflow.task.hooks.airflow.providers.standard.hooks.subprocess.SubprocessHook","filename":"subprocess.py","lineno":99}
{"timestamp":"2026-06-02T14:54:02.562874Z","level":"info","event":"26/06/02 14:54:02 INFO CodecConfig: Compression: SNAPPY","logger":"airflow.task.hooks.airflow.providers.standard.hooks.subprocess.SubprocessHook","filename":"subprocess.py","lineno":99}
{"timestamp":"2026-06-02T14:54:02.562945Z","level":"info","event":"26/06/02 14:54:02 INFO Executor: Finished task 11.0 in stage 16.0 (TID 101). 2902 bytes result sent to driver","logger":"airflow.task.hooks.airflow.providers.standard.hooks.subprocess.SubprocessHook","filename":"subprocess.py","lineno":99}
{"timestamp":"2026-06-02T14:54:02.563127Z","level":"info","event":"26/06/02 14:54:02 INFO ParquetOutputFormat: ParquetRecordWriter [block size: 134217728b, row group padding size: 8388608b, validating: false]","logger":"airflow.task.hooks.airflow.providers.standard.hooks.subprocess.SubprocessHook","filename":"subprocess.py","lineno":99}
{"timestamp":"2026-06-02T14:54:02.578538Z","level":"info","event":"26/06/02 14:54:02 INFO CodecConfig: Compression: SNAPPY","logger":"airflow.task.hooks.airflow.providers.standard.hooks.subprocess.SubprocessHook","filename":"subprocess.py","lineno":99}
{"timestamp":"2026-06-02T14:54:02.578856Z","level":"info","event":"26/06/02 14:54:02 INFO CodecConfig: Compression: SNAPPY","logger":"airflow.task.hooks.airflow.providers.standard.hooks.subprocess.SubprocessHook","filename":"subprocess.py","lineno":99}
{"timestamp":"2026-06-02T14:54:02.578955Z","level":"info","event":"26/06/02 14:54:02 INFO ParquetWriteSupport: Initialized Parquet WriteSupport with Catalyst schema:","logger":"airflow.task.hooks.airflow.providers.standard.hooks.subprocess.SubprocessHook","filename":"subprocess.py","lineno":99}
{"timestamp":"2026-06-02T14:54:02.579002Z","level":"info","event":"{","logger":"airflow.task.hooks.airflow.providers.standard.hooks.subprocess.SubprocessHook","filename":"subprocess.py","lineno":99}
{"timestamp":"2026-06-02T14:54:02.579044Z","level":"info","event":"  \"type\" : \"struct\",","logger":"airflow.task.hooks.airflow.providers.standard.hooks.subprocess.SubprocessHook","filename":"subprocess.py","lineno":99}
{"timestamp":"2026-06-02T14:54:02.579088Z","level":"info","event":"  \"fields\" : [ {","logger":"airflow.task.hooks.airflow.providers.standard.hooks.subprocess.SubprocessHook","filename":"subprocess.py","lineno":99}
{"timestamp":"2026-06-02T14:54:02.579122Z","level":"info","event":"    \"name\" : \"forestry_indicator\",","logger":"airflow.task.hooks.airflow.providers.standard.hooks.subprocess.SubprocessHook","filename":"subprocess.py","lineno":99}
{"timestamp":"2026-06-02T14:54:02.579155Z","level":"info","event":"    \"type\" : \"string\",","logger":"airflow.task.hooks.airflow.providers.standard.hooks.subprocess.SubprocessHook","filename":"subprocess.py","lineno":99}
{"timestamp":"2026-06-02T14:54:02.579190Z","level":"info","event":"    \"nullable\" : true,","logger":"airflow.task.hooks.airflow.providers.standard.hooks.subprocess.SubprocessHook","filename":"subprocess.py","lineno":99}
{"timestamp":"2026-06-02T14:54:02.579223Z","level":"info","event":"    \"metadata\" : { }","logger":"airflow.task.hooks.airflow.providers.standard.hooks.subprocess.SubprocessHook","filename":"subprocess.py","lineno":99}
{"timestamp":"2026-06-02T14:54:02.579258Z","level":"info","event":"  }, {","logger":"airflow.task.hooks.airflow.providers.standard.hooks.subprocess.SubprocessHook","filename":"subprocess.py","lineno":99}
{"timestamp":"2026-06-02T14:54:02.579291Z","level":"info","event":"    \"name\" : \"value\",","logger":"airflow.task.hooks.airflow.providers.standard.hooks.subprocess.SubprocessHook","filename":"subprocess.py","lineno":99}
{"timestamp":"2026-06-02T14:54:02.579325Z","level":"info","event":"    \"type\" : \"double\",","logger":"airflow.task.hooks.airflow.providers.standard.hooks.subprocess.SubprocessHook","filename":"subprocess.py","lineno":99}
{"timestamp":"2026-06-02T14:54:02.579359Z","level":"info","event":"    \"nullable\" : true,","logger":"airflow.task.hooks.airflow.providers.standard.hooks.subprocess.SubprocessHook","filename":"subprocess.py","lineno":99}
{"timestamp":"2026-06-02T14:54:02.579396Z","level":"info","event":"    \"metadata\" : { }","logger":"airflow.task.hooks.airflow.providers.standard.hooks.subprocess.SubprocessHook","filename":"subprocess.py","lineno":99}
{"timestamp":"2026-06-02T14:54:02.579432Z","level":"info","event":"  }, {","logger":"airflow.task.hooks.airflow.providers.standard.hooks.subprocess.SubprocessHook","filename":"subprocess.py","lineno":99}
{"timestamp":"2026-06-02T14:54:02.579467Z","level":"info","event":"    \"name\" : \"unit\",","logger":"airflow.task.hooks.airflow.providers.standard.hooks.subprocess.SubprocessHook","filename":"subprocess.py","lineno":99}
{"timestamp":"2026-06-02T14:54:02.579504Z","level":"info","event":"    \"type\" : \"string\",","logger":"airflow.task.hooks.airflow.providers.standard.hooks.subprocess.SubprocessHook","filename":"subprocess.py","lineno":99}
{"timestamp":"2026-06-02T14:54:02.579539Z","level":"info","event":"    \"nullable\" : true,","logger":"airflow.task.hooks.airflow.providers.standard.hooks.subprocess.SubprocessHook","filename":"subprocess.py","lineno":99}
{"timestamp":"2026-06-02T14:54:02.579577Z","level":"info","event":"    \"metadata\" : { }","logger":"airflow.task.hooks.airflow.providers.standard.hooks.subprocess.SubprocessHook","filename":"subprocess.py","lineno":99}
{"timestamp":"2026-06-02T14:54:02.579614Z","level":"info","event":"  }, {","logger":"airflow.task.hooks.airflow.providers.standard.hooks.subprocess.SubprocessHook","filename":"subprocess.py","lineno":99}
{"timestamp":"2026-06-02T14:54:02.579648Z","level":"info","event":"    \"name\" : \"quarter\",","logger":"airflow.task.hooks.airflow.providers.standard.hooks.subprocess.SubprocessHook","filename":"subprocess.py","lineno":99}
{"timestamp":"2026-06-02T14:54:02.579680Z","level":"info","event":"    \"type\" : \"integer\",","logger":"airflow.task.hooks.airflow.providers.standard.hooks.subprocess.SubprocessHook","filename":"subprocess.py","lineno":99}
{"timestamp":"2026-06-02T14:54:02.579713Z","level":"info","event":"    \"nullable\" : true,","logger":"airflow.task.hooks.airflow.providers.standard.hooks.subprocess.SubprocessHook","filename":"subprocess.py","lineno":99}
{"timestamp":"2026-06-02T14:54:02.579747Z","level":"info","event":"    \"metadata\" : { }","logger":"airflow.task.hooks.airflow.providers.standard.hooks.subprocess.SubprocessHook","filename":"subprocess.py","lineno":99}
{"timestamp":"2026-06-02T14:54:02.579781Z","level":"info","event":"  }, {","logger":"airflow.task.hooks.airflow.providers.standard.hooks.subprocess.SubprocessHook","filename":"subprocess.py","lineno":99}
{"timestamp":"2026-06-02T14:54:02.579818Z","level":"info","event":"    \"name\" : \"year\",","logger":"airflow.task.hooks.airflow.providers.standard.hooks.subprocess.SubprocessHook","filename":"subprocess.py","lineno":99}
{"timestamp":"2026-06-02T14:54:02.579853Z","level":"info","event":"    \"type\" : \"integer\",","logger":"airflow.task.hooks.airflow.providers.standard.hooks.subprocess.SubprocessHook","filename":"subprocess.py","lineno":99}
{"timestamp":"2026-06-02T14:54:02.579885Z","level":"info","event":"    \"nullable\" : true,","logger":"airflow.task.hooks.airflow.providers.standard.hooks.subprocess.SubprocessHook","filename":"subprocess.py","lineno":99}
{"timestamp":"2026-06-02T14:54:02.579918Z","level":"info","event":"    \"metadata\" : { }","logger":"airflow.task.hooks.airflow.providers.standard.hooks.subprocess.SubprocessHook","filename":"subprocess.py","lineno":99}
{"timestamp":"2026-06-02T14:54:02.579957Z","level":"info","event":"  }, {","logger":"airflow.task.hooks.airflow.providers.standard.hooks.subprocess.SubprocessHook","filename":"subprocess.py","lineno":99}
{"timestamp":"2026-06-02T14:54:02.579991Z","level":"info","event":"    \"name\" : \"ingest_at\",","logger":"airflow.task.hooks.airflow.providers.standard.hooks.subprocess.SubprocessHook","filename":"subprocess.py","lineno":99}
{"timestamp":"2026-06-02T14:54:02.580032Z","level":"info","event":"    \"type\" : \"timestamp\",","logger":"airflow.task.hooks.airflow.providers.standard.hooks.subprocess.SubprocessHook","filename":"subprocess.py","lineno":99}
{"timestamp":"2026-06-02T14:54:02.580071Z","level":"info","event":"    \"nullable\" : true,","logger":"airflow.task.hooks.airflow.providers.standard.hooks.subprocess.SubprocessHook","filename":"subprocess.py","lineno":99}
{"timestamp":"2026-06-02T14:54:02.580112Z","level":"info","event":"    \"metadata\" : { }","logger":"airflow.task.hooks.airflow.providers.standard.hooks.subprocess.SubprocessHook","filename":"subprocess.py","lineno":99}
{"timestamp":"2026-06-02T14:54:02.580154Z","level":"info","event":"  } ]","logger":"airflow.task.hooks.airflow.providers.standard.hooks.subprocess.SubprocessHook","filename":"subprocess.py","lineno":99}
{"timestamp":"2026-06-02T14:54:02.580195Z","level":"info","event":"}","logger":"airflow.task.hooks.airflow.providers.standard.hooks.subprocess.SubprocessHook","filename":"subprocess.py","lineno":99}
{"timestamp":"2026-06-02T14:54:02.581884Z","level":"info","event":"and corresponding Parquet message type:","logger":"airflow.task.hooks.airflow.providers.standard.hooks.subprocess.SubprocessHook","filename":"subprocess.py","lineno":99}
{"timestamp":"2026-06-02T14:54:02.582095Z","level":"info","event":"message spark_schema {","logger":"airflow.task.hooks.airflow.providers.standard.hooks.subprocess.SubprocessHook","filename":"subprocess.py","lineno":99}
{"timestamp":"2026-06-02T14:54:02.582204Z","level":"info","event":"  optional binary forestry_indicator (STRING);","logger":"airflow.task.hooks.airflow.providers.standard.hooks.subprocess.SubprocessHook","filename":"subprocess.py","lineno":99}
{"timestamp":"2026-06-02T14:54:02.582289Z","level":"info","event":"  optional double value;","logger":"airflow.task.hooks.airflow.providers.standard.hooks.subprocess.SubprocessHook","filename":"subprocess.py","lineno":99}
{"timestamp":"2026-06-02T14:54:02.582362Z","level":"info","event":"  optional binary unit (STRING);","logger":"airflow.task.hooks.airflow.providers.standard.hooks.subprocess.SubprocessHook","filename":"subprocess.py","lineno":99}
{"timestamp":"2026-06-02T14:54:02.582432Z","level":"info","event":"  optional int32 quarter;","logger":"airflow.task.hooks.airflow.providers.standard.hooks.subprocess.SubprocessHook","filename":"subprocess.py","lineno":99}
{"timestamp":"2026-06-02T14:54:02.582496Z","level":"info","event":"  optional int32 year;","logger":"airflow.task.hooks.airflow.providers.standard.hooks.subprocess.SubprocessHook","filename":"subprocess.py","lineno":99}
{"timestamp":"2026-06-02T14:54:02.582556Z","level":"info","event":"  optional int96 ingest_at;","logger":"airflow.task.hooks.airflow.providers.standard.hooks.subprocess.SubprocessHook","filename":"subprocess.py","lineno":99}
{"timestamp":"2026-06-02T14:54:02.582619Z","level":"info","event":"}","logger":"airflow.task.hooks.airflow.providers.standard.hooks.subprocess.SubprocessHook","filename":"subprocess.py","lineno":99}
{"timestamp":"2026-06-02T14:54:02.582683Z","level":"info","event":"","logger":"airflow.task.hooks.airflow.providers.standard.hooks.subprocess.SubprocessHook","filename":"subprocess.py","lineno":99}
{"timestamp":"2026-06-02T14:54:02.582748Z","level":"info","event":"","logger":"airflow.task.hooks.airflow.providers.standard.hooks.subprocess.SubprocessHook","filename":"subprocess.py","lineno":99}
{"timestamp":"2026-06-02T14:54:02.582813Z","level":"info","event":"26/06/02 14:54:02 INFO Executor: Finished task 1.0 in stage 16.0 (TID 91). 2902 bytes result sent to driver","logger":"airflow.task.hooks.airflow.providers.standard.hooks.subprocess.SubprocessHook","filename":"subprocess.py","lineno":99}
{"timestamp":"2026-06-02T14:54:02.582883Z","level":"info","event":"26/06/02 14:54:02 INFO ParquetOutputFormat: ParquetRecordWriter [block size: 134217728b, row group padding size: 8388608b, validating: false]","logger":"airflow.task.hooks.airflow.providers.standard.hooks.subprocess.SubprocessHook","filename":"subprocess.py","lineno":99}
{"timestamp":"2026-06-02T14:54:02.582971Z","level":"info","event":"26/06/02 14:54:02 INFO ParquetOutputFormat: ParquetRecordWriter [block size: 134217728b, row group padding size: 8388608b, validating: false]","logger":"airflow.task.hooks.airflow.providers.standard.hooks.subprocess.SubprocessHook","filename":"subprocess.py","lineno":99}
{"timestamp":"2026-06-02T14:54:02.583054Z","level":"info","event":"26/06/02 14:54:02 INFO ParquetOutputFormat: ParquetRecordWriter [block size: 134217728b, row group padding size: 8388608b, validating: false]","logger":"airflow.task.hooks.airflow.providers.standard.hooks.subprocess.SubprocessHook","filename":"subprocess.py","lineno":99}
{"timestamp":"2026-06-02T14:54:02.583122Z","level":"info","event":"26/06/02 14:54:02 INFO ParquetWriteSupport: Initialized Parquet WriteSupport with Catalyst schema:","logger":"airflow.task.hooks.airflow.providers.standard.hooks.subprocess.SubprocessHook","filename":"subprocess.py","lineno":99}
{"timestamp":"2026-06-02T14:54:02.583187Z","level":"info","event":"{","logger":"airflow.task.hooks.airflow.providers.standard.hooks.subprocess.SubprocessHook","filename":"subprocess.py","lineno":99}
{"timestamp":"2026-06-02T14:54:02.583250Z","level":"info","event":"  \"type\" : \"struct\",","logger":"airflow.task.hooks.airflow.providers.standard.hooks.subprocess.SubprocessHook","filename":"subprocess.py","lineno":99}
{"timestamp":"2026-06-02T14:54:02.583313Z","level":"info","event":"  \"fields\" : [ {","logger":"airflow.task.hooks.airflow.providers.standard.hooks.subprocess.SubprocessHook","filename":"subprocess.py","lineno":99}
{"timestamp":"2026-06-02T14:54:02.583375Z","level":"info","event":"    \"name\" : \"forestry_indicator\",","logger":"airflow.task.hooks.airflow.providers.standard.hooks.subprocess.SubprocessHook","filename":"subprocess.py","lineno":99}
{"timestamp":"2026-06-02T14:54:02.583436Z","level":"info","event":"    \"type\" : \"string\",","logger":"airflow.task.hooks.airflow.providers.standard.hooks.subprocess.SubprocessHook","filename":"subprocess.py","lineno":99}
{"timestamp":"2026-06-02T14:54:02.583499Z","level":"info","event":"    \"nullable\" : true,","logger":"airflow.task.hooks.airflow.providers.standard.hooks.subprocess.SubprocessHook","filename":"subprocess.py","lineno":99}
{"timestamp":"2026-06-02T14:54:02.583914Z","level":"info","event":"    \"metadata\" : { }","logger":"airflow.task.hooks.airflow.providers.standard.hooks.subprocess.SubprocessHook","filename":"subprocess.py","lineno":99}
{"timestamp":"2026-06-02T14:54:02.584057Z","level":"info","event":"  }, {","logger":"airflow.task.hooks.airflow.providers.standard.hooks.subprocess.SubprocessHook","filename":"subprocess.py","lineno":99}
{"timestamp":"2026-06-02T14:54:02.584127Z","level":"info","event":"    \"name\" : \"value\",","logger":"airflow.task.hooks.airflow.providers.standard.hooks.subprocess.SubprocessHook","filename":"subprocess.py","lineno":99}
{"timestamp":"2026-06-02T14:54:02.584191Z","level":"info","event":"    \"type\" : \"double\",","logger":"airflow.task.hooks.airflow.providers.standard.hooks.subprocess.SubprocessHook","filename":"subprocess.py","lineno":99}
{"timestamp":"2026-06-02T14:54:02.584314Z","level":"info","event":"    \"nullable\" : true,","logger":"airflow.task.hooks.airflow.providers.standard.hooks.subprocess.SubprocessHook","filename":"subprocess.py","lineno":99}
{"timestamp":"2026-06-02T14:54:02.584403Z","level":"info","event":"    \"metadata\" : { }","logger":"airflow.task.hooks.airflow.providers.standard.hooks.subprocess.SubprocessHook","filename":"subprocess.py","lineno":99}
{"timestamp":"2026-06-02T14:54:02.584476Z","level":"info","event":"  }, {","logger":"airflow.task.hooks.airflow.providers.standard.hooks.subprocess.SubprocessHook","filename":"subprocess.py","lineno":99}
{"timestamp":"2026-06-02T14:54:02.584543Z","level":"info","event":"    \"name\" : \"unit\",","logger":"airflow.task.hooks.airflow.providers.standard.hooks.subprocess.SubprocessHook","filename":"subprocess.py","lineno":99}
{"timestamp":"2026-06-02T14:54:02.584605Z","level":"info","event":"    \"type\" : \"string\",","logger":"airflow.task.hooks.airflow.providers.standard.hooks.subprocess.SubprocessHook","filename":"subprocess.py","lineno":99}
{"timestamp":"2026-06-02T14:54:02.584665Z","level":"info","event":"    \"nullable\" : true,","logger":"airflow.task.hooks.airflow.providers.standard.hooks.subprocess.SubprocessHook","filename":"subprocess.py","lineno":99}
{"timestamp":"2026-06-02T14:54:02.584723Z","level":"info","event":"    \"metadata\" : { }","logger":"airflow.task.hooks.airflow.providers.standard.hooks.subprocess.SubprocessHook","filename":"subprocess.py","lineno":99}
{"timestamp":"2026-06-02T14:54:02.584781Z","level":"info","event":"  }, {","logger":"airflow.task.hooks.airflow.providers.standard.hooks.subprocess.SubprocessHook","filename":"subprocess.py","lineno":99}
{"timestamp":"2026-06-02T14:54:02.584842Z","level":"info","event":"    \"name\" : \"quarter\",","logger":"airflow.task.hooks.airflow.providers.standard.hooks.subprocess.SubprocessHook","filename":"subprocess.py","lineno":99}
{"timestamp":"2026-06-02T14:54:02.584903Z","level":"info","event":"    \"type\" : \"integer\",","logger":"airflow.task.hooks.airflow.providers.standard.hooks.subprocess.SubprocessHook","filename":"subprocess.py","lineno":99}
{"timestamp":"2026-06-02T14:54:02.584964Z","level":"info","event":"    \"nullable\" : true,","logger":"airflow.task.hooks.airflow.providers.standard.hooks.subprocess.SubprocessHook","filename":"subprocess.py","lineno":99}
{"timestamp":"2026-06-02T14:54:02.585033Z","level":"info","event":"    \"metadata\" : { }","logger":"airflow.task.hooks.airflow.providers.standard.hooks.subprocess.SubprocessHook","filename":"subprocess.py","lineno":99}
{"timestamp":"2026-06-02T14:54:02.585095Z","level":"info","event":"  }, {","logger":"airflow.task.hooks.airflow.providers.standard.hooks.subprocess.SubprocessHook","filename":"subprocess.py","lineno":99}
{"timestamp":"2026-06-02T14:54:02.585164Z","level":"info","event":"    \"name\" : \"year\",","logger":"airflow.task.hooks.airflow.providers.standard.hooks.subprocess.SubprocessHook","filename":"subprocess.py","lineno":99}
{"timestamp":"2026-06-02T14:54:02.585240Z","level":"info","event":"    \"type\" : \"integer\",","logger":"airflow.task.hooks.airflow.providers.standard.hooks.subprocess.SubprocessHook","filename":"subprocess.py","lineno":99}
{"timestamp":"2026-06-02T14:54:02.585311Z","level":"info","event":"    \"nullable\" : true,","logger":"airflow.task.hooks.airflow.providers.standard.hooks.subprocess.SubprocessHook","filename":"subprocess.py","lineno":99}
{"timestamp":"2026-06-02T14:54:02.585380Z","level":"info","event":"    \"metadata\" : { }","logger":"airflow.task.hooks.airflow.providers.standard.hooks.subprocess.SubprocessHook","filename":"subprocess.py","lineno":99}
{"timestamp":"2026-06-02T14:54:02.585453Z","level":"info","event":"  }, {","logger":"airflow.task.hooks.airflow.providers.standard.hooks.subprocess.SubprocessHook","filename":"subprocess.py","lineno":99}
{"timestamp":"2026-06-02T14:54:02.585567Z","level":"info","event":"    \"name\" : \"ingest_at\",","logger":"airflow.task.hooks.airflow.providers.standard.hooks.subprocess.SubprocessHook","filename":"subprocess.py","lineno":99}
{"timestamp":"2026-06-02T14:54:02.585695Z","level":"info","event":"    \"type\" : \"timestamp\",","logger":"airflow.task.hooks.airflow.providers.standard.hooks.subprocess.SubprocessHook","filename":"subprocess.py","lineno":99}
{"timestamp":"2026-06-02T14:54:02.585790Z","level":"info","event":"    \"nullable\" : true,","logger":"airflow.task.hooks.airflow.providers.standard.hooks.subprocess.SubprocessHook","filename":"subprocess.py","lineno":99}
{"timestamp":"2026-06-02T14:54:02.585867Z","level":"info","event":"    \"metadata\" : { }","logger":"airflow.task.hooks.airflow.providers.standard.hooks.subprocess.SubprocessHook","filename":"subprocess.py","lineno":99}
{"timestamp":"2026-06-02T14:54:02.585939Z","level":"info","event":"  } ]","logger":"airflow.task.hooks.airflow.providers.standard.hooks.subprocess.SubprocessHook","filename":"subprocess.py","lineno":99}
{"timestamp":"2026-06-02T14:54:02.586005Z","level":"info","event":"}","logger":"airflow.task.hooks.airflow.providers.standard.hooks.subprocess.SubprocessHook","filename":"subprocess.py","lineno":99}
{"timestamp":"2026-06-02T14:54:02.586068Z","level":"info","event":"and corresponding Parquet message type:","logger":"airflow.task.hooks.airflow.providers.standard.hooks.subprocess.SubprocessHook","filename":"subprocess.py","lineno":99}
{"timestamp":"2026-06-02T14:54:02.586131Z","level":"info","event":"message spark_schema {","logger":"airflow.task.hooks.airflow.providers.standard.hooks.subprocess.SubprocessHook","filename":"subprocess.py","lineno":99}
{"timestamp":"2026-06-02T14:54:02.586194Z","level":"info","event":"  optional binary forestry_indicator (STRING);","logger":"airflow.task.hooks.airflow.providers.standard.hooks.subprocess.SubprocessHook","filename":"subprocess.py","lineno":99}
{"timestamp":"2026-06-02T14:54:02.586260Z","level":"info","event":"  optional double value;","logger":"airflow.task.hooks.airflow.providers.standard.hooks.subprocess.SubprocessHook","filename":"subprocess.py","lineno":99}
{"timestamp":"2026-06-02T14:54:02.586371Z","level":"info","event":"  optional binary unit (STRING);","logger":"airflow.task.hooks.airflow.providers.standard.hooks.subprocess.SubprocessHook","filename":"subprocess.py","lineno":99}
{"timestamp":"2026-06-02T14:54:02.586894Z","level":"info","event":"  optional int32 quarter;","logger":"airflow.task.hooks.airflow.providers.standard.hooks.subprocess.SubprocessHook","filename":"subprocess.py","lineno":99}
{"timestamp":"2026-06-02T14:54:02.587013Z","level":"info","event":"  optional int32 year;","logger":"airflow.task.hooks.airflow.providers.standard.hooks.subprocess.SubprocessHook","filename":"subprocess.py","lineno":99}
{"timestamp":"2026-06-02T14:54:02.587097Z","level":"info","event":"  optional int96 ingest_at;","logger":"airflow.task.hooks.airflow.providers.standard.hooks.subprocess.SubprocessHook","filename":"subprocess.py","lineno":99}
{"timestamp":"2026-06-02T14:54:02.587173Z","level":"info","event":"}","logger":"airflow.task.hooks.airflow.providers.standard.hooks.subprocess.SubprocessHook","filename":"subprocess.py","lineno":99}
{"timestamp":"2026-06-02T14:54:02.587253Z","level":"info","event":"","logger":"airflow.task.hooks.airflow.providers.standard.hooks.subprocess.SubprocessHook","filename":"subprocess.py","lineno":99}
{"timestamp":"2026-06-02T14:54:02.587332Z","level":"info","event":"","logger":"airflow.task.hooks.airflow.providers.standard.hooks.subprocess.SubprocessHook","filename":"subprocess.py","lineno":99}
{"timestamp":"2026-06-02T14:54:02.587416Z","level":"info","event":"26/06/02 14:54:02 INFO ParquetWriteSupport: Initialized Parquet WriteSupport with Catalyst schema:","logger":"airflow.task.hooks.airflow.providers.standard.hooks.subprocess.SubprocessHook","filename":"subprocess.py","lineno":99}
{"timestamp":"2026-06-02T14:54:02.587502Z","level":"info","event":"{","logger":"airflow.task.hooks.airflow.providers.standard.hooks.subprocess.SubprocessHook","filename":"subprocess.py","lineno":99}
{"timestamp":"2026-06-02T14:54:02.587665Z","level":"info","event":"  \"type\" : \"struct\",","logger":"airflow.task.hooks.airflow.providers.standard.hooks.subprocess.SubprocessHook","filename":"subprocess.py","lineno":99}
{"timestamp":"2026-06-02T14:54:02.587787Z","level":"info","event":"  \"fields\" : [ {","logger":"airflow.task.hooks.airflow.providers.standard.hooks.subprocess.SubprocessHook","filename":"subprocess.py","lineno":99}
{"timestamp":"2026-06-02T14:54:02.587885Z","level":"info","event":"    \"name\" : \"forestry_indicator\",","logger":"airflow.task.hooks.airflow.providers.standard.hooks.subprocess.SubprocessHook","filename":"subprocess.py","lineno":99}
{"timestamp":"2026-06-02T14:54:02.587976Z","level":"info","event":"    \"type\" : \"string\",","logger":"airflow.task.hooks.airflow.providers.standard.hooks.subprocess.SubprocessHook","filename":"subprocess.py","lineno":99}
{"timestamp":"2026-06-02T14:54:02.588061Z","level":"info","event":"    \"nullable\" : true,","logger":"airflow.task.hooks.airflow.providers.standard.hooks.subprocess.SubprocessHook","filename":"subprocess.py","lineno":99}
{"timestamp":"2026-06-02T14:54:02.588642Z","level":"info","event":"    \"metadata\" : { }","logger":"airflow.task.hooks.airflow.providers.standard.hooks.subprocess.SubprocessHook","filename":"subprocess.py","lineno":99}
{"timestamp":"2026-06-02T14:54:02.588783Z","level":"info","event":"  }, {","logger":"airflow.task.hooks.airflow.providers.standard.hooks.subprocess.SubprocessHook","filename":"subprocess.py","lineno":99}
{"timestamp":"2026-06-02T14:54:02.588883Z","level":"info","event":"    \"name\" : \"value\",","logger":"airflow.task.hooks.airflow.providers.standard.hooks.subprocess.SubprocessHook","filename":"subprocess.py","lineno":99}
{"timestamp":"2026-06-02T14:54:02.588969Z","level":"info","event":"    \"type\" : \"double\",","logger":"airflow.task.hooks.airflow.providers.standard.hooks.subprocess.SubprocessHook","filename":"subprocess.py","lineno":99}
{"timestamp":"2026-06-02T14:54:02.589041Z","level":"info","event":"    \"nullable\" : true,","logger":"airflow.task.hooks.airflow.providers.standard.hooks.subprocess.SubprocessHook","filename":"subprocess.py","lineno":99}
{"timestamp":"2026-06-02T14:54:02.589110Z","level":"info","event":"    \"metadata\" : { }","logger":"airflow.task.hooks.airflow.providers.standard.hooks.subprocess.SubprocessHook","filename":"subprocess.py","lineno":99}
{"timestamp":"2026-06-02T14:54:02.589179Z","level":"info","event":"  }, {","logger":"airflow.task.hooks.airflow.providers.standard.hooks.subprocess.SubprocessHook","filename":"subprocess.py","lineno":99}
{"timestamp":"2026-06-02T14:54:02.589245Z","level":"info","event":"    \"name\" : \"unit\",","logger":"airflow.task.hooks.airflow.providers.standard.hooks.subprocess.SubprocessHook","filename":"subprocess.py","lineno":99}
{"timestamp":"2026-06-02T14:54:02.589312Z","level":"info","event":"    \"type\" : \"string\",","logger":"airflow.task.hooks.airflow.providers.standard.hooks.subprocess.SubprocessHook","filename":"subprocess.py","lineno":99}
{"timestamp":"2026-06-02T14:54:02.589381Z","level":"info","event":"    \"nullable\" : true,","logger":"airflow.task.hooks.airflow.providers.standard.hooks.subprocess.SubprocessHook","filename":"subprocess.py","lineno":99}
{"timestamp":"2026-06-02T14:54:02.589452Z","level":"info","event":"    \"metadata\" : { }","logger":"airflow.task.hooks.airflow.providers.standard.hooks.subprocess.SubprocessHook","filename":"subprocess.py","lineno":99}
{"timestamp":"2026-06-02T14:54:02.589521Z","level":"info","event":"  }, {","logger":"airflow.task.hooks.airflow.providers.standard.hooks.subprocess.SubprocessHook","filename":"subprocess.py","lineno":99}
{"timestamp":"2026-06-02T14:54:02.589662Z","level":"info","event":"    \"name\" : \"quarter\",","logger":"airflow.task.hooks.airflow.providers.standard.hooks.subprocess.SubprocessHook","filename":"subprocess.py","lineno":99}
{"timestamp":"2026-06-02T14:54:02.589792Z","level":"info","event":"    \"type\" : \"integer\",","logger":"airflow.task.hooks.airflow.providers.standard.hooks.subprocess.SubprocessHook","filename":"subprocess.py","lineno":99}
{"timestamp":"2026-06-02T14:54:02.589891Z","level":"info","event":"    \"nullable\" : true,","logger":"airflow.task.hooks.airflow.providers.standard.hooks.subprocess.SubprocessHook","filename":"subprocess.py","lineno":99}
{"timestamp":"2026-06-02T14:54:02.589976Z","level":"info","event":"    \"metadata\" : { }","logger":"airflow.task.hooks.airflow.providers.standard.hooks.subprocess.SubprocessHook","filename":"subprocess.py","lineno":99}
{"timestamp":"2026-06-02T14:54:02.590051Z","level":"info","event":"  }, {","logger":"airflow.task.hooks.airflow.providers.standard.hooks.subprocess.SubprocessHook","filename":"subprocess.py","lineno":99}
{"timestamp":"2026-06-02T14:54:02.590126Z","level":"info","event":"    \"name\" : \"year\",","logger":"airflow.task.hooks.airflow.providers.standard.hooks.subprocess.SubprocessHook","filename":"subprocess.py","lineno":99}
{"timestamp":"2026-06-02T14:54:02.590201Z","level":"info","event":"    \"type\" : \"integer\",","logger":"airflow.task.hooks.airflow.providers.standard.hooks.subprocess.SubprocessHook","filename":"subprocess.py","lineno":99}
{"timestamp":"2026-06-02T14:54:02.590285Z","level":"info","event":"    \"nullable\" : true,","logger":"airflow.task.hooks.airflow.providers.standard.hooks.subprocess.SubprocessHook","filename":"subprocess.py","lineno":99}
{"timestamp":"2026-06-02T14:54:02.590367Z","level":"info","event":"    \"metadata\" : { }","logger":"airflow.task.hooks.airflow.providers.standard.hooks.subprocess.SubprocessHook","filename":"subprocess.py","lineno":99}
{"timestamp":"2026-06-02T14:54:02.590450Z","level":"info","event":"  }, {","logger":"airflow.task.hooks.airflow.providers.standard.hooks.subprocess.SubprocessHook","filename":"subprocess.py","lineno":99}
{"timestamp":"2026-06-02T14:54:02.590532Z","level":"info","event":"    \"name\" : \"ingest_at\",","logger":"airflow.task.hooks.airflow.providers.standard.hooks.subprocess.SubprocessHook","filename":"subprocess.py","lineno":99}
{"timestamp":"2026-06-02T14:54:02.590611Z","level":"info","event":"    \"type\" : \"timestamp\",","logger":"airflow.task.hooks.airflow.providers.standard.hooks.subprocess.SubprocessHook","filename":"subprocess.py","lineno":99}
{"timestamp":"2026-06-02T14:54:02.590691Z","level":"info","event":"    \"nullable\" : true,","logger":"airflow.task.hooks.airflow.providers.standard.hooks.subprocess.SubprocessHook","filename":"subprocess.py","lineno":99}
{"timestamp":"2026-06-02T14:54:02.590771Z","level":"info","event":"    \"metadata\" : { }","logger":"airflow.task.hooks.airflow.providers.standard.hooks.subprocess.SubprocessHook","filename":"subprocess.py","lineno":99}
{"timestamp":"2026-06-02T14:54:02.590846Z","level":"info","event":"  } ]","logger":"airflow.task.hooks.airflow.providers.standard.hooks.subprocess.SubprocessHook","filename":"subprocess.py","lineno":99}
{"timestamp":"2026-06-02T14:54:02.590916Z","level":"info","event":"}","logger":"airflow.task.hooks.airflow.providers.standard.hooks.subprocess.SubprocessHook","filename":"subprocess.py","lineno":99}
{"timestamp":"2026-06-02T14:54:02.590984Z","level":"info","event":"and corresponding Parquet message type:","logger":"airflow.task.hooks.airflow.providers.standard.hooks.subprocess.SubprocessHook","filename":"subprocess.py","lineno":99}
{"timestamp":"2026-06-02T14:54:02.591482Z","level":"info","event":"message spark_schema {","logger":"airflow.task.hooks.airflow.providers.standard.hooks.subprocess.SubprocessHook","filename":"subprocess.py","lineno":99}
{"timestamp":"2026-06-02T14:54:02.591774Z","level":"info","event":"  optional binary forestry_indicator (STRING);","logger":"airflow.task.hooks.airflow.providers.standard.hooks.subprocess.SubprocessHook","filename":"subprocess.py","lineno":99}
{"timestamp":"2026-06-02T14:54:02.592121Z","level":"info","event":"  optional double value;","logger":"airflow.task.hooks.airflow.providers.standard.hooks.subprocess.SubprocessHook","filename":"subprocess.py","lineno":99}
{"timestamp":"2026-06-02T14:54:02.592409Z","level":"info","event":"  optional binary unit (STRING);","logger":"airflow.task.hooks.airflow.providers.standard.hooks.subprocess.SubprocessHook","filename":"subprocess.py","lineno":99}
{"timestamp":"2026-06-02T14:54:02.592607Z","level":"info","event":"  optional int32 quarter;","logger":"airflow.task.hooks.airflow.providers.standard.hooks.subprocess.SubprocessHook","filename":"subprocess.py","lineno":99}
{"timestamp":"2026-06-02T14:54:02.592720Z","level":"info","event":"  optional int32 year;","logger":"airflow.task.hooks.airflow.providers.standard.hooks.subprocess.SubprocessHook","filename":"subprocess.py","lineno":99}
{"timestamp":"2026-06-02T14:54:02.593120Z","level":"info","event":"  optional int96 ingest_at;","logger":"airflow.task.hooks.airflow.providers.standard.hooks.subprocess.SubprocessHook","filename":"subprocess.py","lineno":99}
{"timestamp":"2026-06-02T14:54:02.593308Z","level":"info","event":"}","logger":"airflow.task.hooks.airflow.providers.standard.hooks.subprocess.SubprocessHook","filename":"subprocess.py","lineno":99}
{"timestamp":"2026-06-02T14:54:02.593483Z","level":"info","event":"","logger":"airflow.task.hooks.airflow.providers.standard.hooks.subprocess.SubprocessHook","filename":"subprocess.py","lineno":99}
{"timestamp":"2026-06-02T14:54:02.593604Z","level":"info","event":"","logger":"airflow.task.hooks.airflow.providers.standard.hooks.subprocess.SubprocessHook","filename":"subprocess.py","lineno":99}
{"timestamp":"2026-06-02T14:54:02.593700Z","level":"info","event":"26/06/02 14:54:02 INFO CodecConfig: Compression: SNAPPY","logger":"airflow.task.hooks.airflow.providers.standard.hooks.subprocess.SubprocessHook","filename":"subprocess.py","lineno":99}
{"timestamp":"2026-06-02T14:54:02.593788Z","level":"info","event":"26/06/02 14:54:02 INFO CodecConfig: Compression: SNAPPY","logger":"airflow.task.hooks.airflow.providers.standard.hooks.subprocess.SubprocessHook","filename":"subprocess.py","lineno":99}
{"timestamp":"2026-06-02T14:54:02.593870Z","level":"info","event":"26/06/02 14:54:02 INFO Executor: Finished task 9.0 in stage 16.0 (TID 99). 2902 bytes result sent to driver","logger":"airflow.task.hooks.airflow.providers.standard.hooks.subprocess.SubprocessHook","filename":"subprocess.py","lineno":99}
{"timestamp":"2026-06-02T14:54:02.593976Z","level":"info","event":"26/06/02 14:54:02 INFO Executor: Finished task 8.0 in stage 16.0 (TID 98). 2902 bytes result sent to driver","logger":"airflow.task.hooks.airflow.providers.standard.hooks.subprocess.SubprocessHook","filename":"subprocess.py","lineno":99}
{"timestamp":"2026-06-02T14:54:02.594066Z","level":"info","event":"26/06/02 14:54:02 INFO ParquetOutputFormat: ParquetRecordWriter [block size: 134217728b, row group padding size: 8388608b, validating: false]","logger":"airflow.task.hooks.airflow.providers.standard.hooks.subprocess.SubprocessHook","filename":"subprocess.py","lineno":99}
{"timestamp":"2026-06-02T14:54:02.594145Z","level":"info","event":"26/06/02 14:54:02 INFO ParquetWriteSupport: Initialized Parquet WriteSupport with Catalyst schema:","logger":"airflow.task.hooks.airflow.providers.standard.hooks.subprocess.SubprocessHook","filename":"subprocess.py","lineno":99}
{"timestamp":"2026-06-02T14:54:02.594224Z","level":"info","event":"{","logger":"airflow.task.hooks.airflow.providers.standard.hooks.subprocess.SubprocessHook","filename":"subprocess.py","lineno":99}
{"timestamp":"2026-06-02T14:54:02.594310Z","level":"info","event":"  \"type\" : \"struct\",","logger":"airflow.task.hooks.airflow.providers.standard.hooks.subprocess.SubprocessHook","filename":"subprocess.py","lineno":99}
{"timestamp":"2026-06-02T14:54:02.594405Z","level":"info","event":"  \"fields\" : [ {","logger":"airflow.task.hooks.airflow.providers.standard.hooks.subprocess.SubprocessHook","filename":"subprocess.py","lineno":99}
{"timestamp":"2026-06-02T14:54:02.594493Z","level":"info","event":"    \"name\" : \"forestry_indicator\",","logger":"airflow.task.hooks.airflow.providers.standard.hooks.subprocess.SubprocessHook","filename":"subprocess.py","lineno":99}
{"timestamp":"2026-06-02T14:54:02.594579Z","level":"info","event":"    \"type\" : \"string\",","logger":"airflow.task.hooks.airflow.providers.standard.hooks.subprocess.SubprocessHook","filename":"subprocess.py","lineno":99}
{"timestamp":"2026-06-02T14:54:02.594665Z","level":"info","event":"    \"nullable\" : true,","logger":"airflow.task.hooks.airflow.providers.standard.hooks.subprocess.SubprocessHook","filename":"subprocess.py","lineno":99}
{"timestamp":"2026-06-02T14:54:02.594749Z","level":"info","event":"    \"metadata\" : { }","logger":"airflow.task.hooks.airflow.providers.standard.hooks.subprocess.SubprocessHook","filename":"subprocess.py","lineno":99}
{"timestamp":"2026-06-02T14:54:02.594827Z","level":"info","event":"  }, {","logger":"airflow.task.hooks.airflow.providers.standard.hooks.subprocess.SubprocessHook","filename":"subprocess.py","lineno":99}
{"timestamp":"2026-06-02T14:54:02.594895Z","level":"info","event":"    \"name\" : \"value\",","logger":"airflow.task.hooks.airflow.providers.standard.hooks.subprocess.SubprocessHook","filename":"subprocess.py","lineno":99}
{"timestamp":"2026-06-02T14:54:02.594960Z","level":"info","event":"    \"type\" : \"double\",","logger":"airflow.task.hooks.airflow.providers.standard.hooks.subprocess.SubprocessHook","filename":"subprocess.py","lineno":99}
{"timestamp":"2026-06-02T14:54:02.595024Z","level":"info","event":"    \"nullable\" : true,","logger":"airflow.task.hooks.airflow.providers.standard.hooks.subprocess.SubprocessHook","filename":"subprocess.py","lineno":99}
{"timestamp":"2026-06-02T14:54:02.595092Z","level":"info","event":"    \"metadata\" : { }","logger":"airflow.task.hooks.airflow.providers.standard.hooks.subprocess.SubprocessHook","filename":"subprocess.py","lineno":99}
{"timestamp":"2026-06-02T14:54:02.595163Z","level":"info","event":"  }, {","logger":"airflow.task.hooks.airflow.providers.standard.hooks.subprocess.SubprocessHook","filename":"subprocess.py","lineno":99}
{"timestamp":"2026-06-02T14:54:02.595235Z","level":"info","event":"    \"name\" : \"unit\",","logger":"airflow.task.hooks.airflow.providers.standard.hooks.subprocess.SubprocessHook","filename":"subprocess.py","lineno":99}
{"timestamp":"2026-06-02T14:54:02.595305Z","level":"info","event":"    \"type\" : \"string\",","logger":"airflow.task.hooks.airflow.providers.standard.hooks.subprocess.SubprocessHook","filename":"subprocess.py","lineno":99}
{"timestamp":"2026-06-02T14:54:02.595465Z","level":"info","event":"    \"nullable\" : true,","logger":"airflow.task.hooks.airflow.providers.standard.hooks.subprocess.SubprocessHook","filename":"subprocess.py","lineno":99}
{"timestamp":"2026-06-02T14:54:02.596189Z","level":"info","event":"    \"metadata\" : { }","logger":"airflow.task.hooks.airflow.providers.standard.hooks.subprocess.SubprocessHook","filename":"subprocess.py","lineno":99}
{"timestamp":"2026-06-02T14:54:02.596756Z","level":"info","event":"  }, {","logger":"airflow.task.hooks.airflow.providers.standard.hooks.subprocess.SubprocessHook","filename":"subprocess.py","lineno":99}
{"timestamp":"2026-06-02T14:54:02.599251Z","level":"info","event":"    \"name\" : \"quarter\",","logger":"airflow.task.hooks.airflow.providers.standard.hooks.subprocess.SubprocessHook","filename":"subprocess.py","lineno":99}
{"timestamp":"2026-06-02T14:54:02.600564Z","level":"info","event":"    \"type\" : \"integer\",","logger":"airflow.task.hooks.airflow.providers.standard.hooks.subprocess.SubprocessHook","filename":"subprocess.py","lineno":99}
{"timestamp":"2026-06-02T14:54:02.600817Z","level":"info","event":"    \"nullable\" : true,","logger":"airflow.task.hooks.airflow.providers.standard.hooks.subprocess.SubprocessHook","filename":"subprocess.py","lineno":99}
{"timestamp":"2026-06-02T14:54:02.601038Z","level":"info","event":"    \"metadata\" : { }","logger":"airflow.task.hooks.airflow.providers.standard.hooks.subprocess.SubprocessHook","filename":"subprocess.py","lineno":99}
{"timestamp":"2026-06-02T14:54:02.601139Z","level":"info","event":"  }, {","logger":"airflow.task.hooks.airflow.providers.standard.hooks.subprocess.SubprocessHook","filename":"subprocess.py","lineno":99}
{"timestamp":"2026-06-02T14:54:02.601216Z","level":"info","event":"    \"name\" : \"year\",","logger":"airflow.task.hooks.airflow.providers.standard.hooks.subprocess.SubprocessHook","filename":"subprocess.py","lineno":99}
{"timestamp":"2026-06-02T14:54:02.601290Z","level":"info","event":"    \"type\" : \"integer\",","logger":"airflow.task.hooks.airflow.providers.standard.hooks.subprocess.SubprocessHook","filename":"subprocess.py","lineno":99}
{"timestamp":"2026-06-02T14:54:02.601363Z","level":"info","event":"    \"nullable\" : true,","logger":"airflow.task.hooks.airflow.providers.standard.hooks.subprocess.SubprocessHook","filename":"subprocess.py","lineno":99}
{"timestamp":"2026-06-02T14:54:02.601431Z","level":"info","event":"    \"metadata\" : { }","logger":"airflow.task.hooks.airflow.providers.standard.hooks.subprocess.SubprocessHook","filename":"subprocess.py","lineno":99}
{"timestamp":"2026-06-02T14:54:02.601563Z","level":"info","event":"  }, {","logger":"airflow.task.hooks.airflow.providers.standard.hooks.subprocess.SubprocessHook","filename":"subprocess.py","lineno":99}
{"timestamp":"2026-06-02T14:54:02.601663Z","level":"info","event":"    \"name\" : \"ingest_at\",","logger":"airflow.task.hooks.airflow.providers.standard.hooks.subprocess.SubprocessHook","filename":"subprocess.py","lineno":99}
{"timestamp":"2026-06-02T14:54:02.601744Z","level":"info","event":"    \"type\" : \"timestamp\",","logger":"airflow.task.hooks.airflow.providers.standard.hooks.subprocess.SubprocessHook","filename":"subprocess.py","lineno":99}
{"timestamp":"2026-06-02T14:54:02.601824Z","level":"info","event":"    \"nullable\" : true,","logger":"airflow.task.hooks.airflow.providers.standard.hooks.subprocess.SubprocessHook","filename":"subprocess.py","lineno":99}
{"timestamp":"2026-06-02T14:54:02.601900Z","level":"info","event":"    \"metadata\" : { }","logger":"airflow.task.hooks.airflow.providers.standard.hooks.subprocess.SubprocessHook","filename":"subprocess.py","lineno":99}
{"timestamp":"2026-06-02T14:54:02.601973Z","level":"info","event":"  } ]","logger":"airflow.task.hooks.airflow.providers.standard.hooks.subprocess.SubprocessHook","filename":"subprocess.py","lineno":99}
{"timestamp":"2026-06-02T14:54:02.602046Z","level":"info","event":"}","logger":"airflow.task.hooks.airflow.providers.standard.hooks.subprocess.SubprocessHook","filename":"subprocess.py","lineno":99}
{"timestamp":"2026-06-02T14:54:02.602117Z","level":"info","event":"and corresponding Parquet message type:","logger":"airflow.task.hooks.airflow.providers.standard.hooks.subprocess.SubprocessHook","filename":"subprocess.py","lineno":99}
{"timestamp":"2026-06-02T14:54:02.602185Z","level":"info","event":"message spark_schema {","logger":"airflow.task.hooks.airflow.providers.standard.hooks.subprocess.SubprocessHook","filename":"subprocess.py","lineno":99}
{"timestamp":"2026-06-02T14:54:02.679908Z","level":"info","event":"  optional binary forestry_indicator (STRING);","logger":"airflow.task.hooks.airflow.providers.standard.hooks.subprocess.SubprocessHook","filename":"subprocess.py","lineno":99}
{"timestamp":"2026-06-02T14:54:02.680120Z","level":"info","event":"  optional double value;","logger":"airflow.task.hooks.airflow.providers.standard.hooks.subprocess.SubprocessHook","filename":"subprocess.py","lineno":99}
{"timestamp":"2026-06-02T14:54:02.680218Z","level":"info","event":"  optional binary unit (STRING);","logger":"airflow.task.hooks.airflow.providers.standard.hooks.subprocess.SubprocessHook","filename":"subprocess.py","lineno":99}
{"timestamp":"2026-06-02T14:54:02.680370Z","level":"info","event":"  optional int32 quarter;","logger":"airflow.task.hooks.airflow.providers.standard.hooks.subprocess.SubprocessHook","filename":"subprocess.py","lineno":99}
{"timestamp":"2026-06-02T14:54:02.680446Z","level":"info","event":"  optional int32 year;","logger":"airflow.task.hooks.airflow.providers.standard.hooks.subprocess.SubprocessHook","filename":"subprocess.py","lineno":99}
{"timestamp":"2026-06-02T14:54:02.680513Z","level":"info","event":"  optional int96 ingest_at;","logger":"airflow.task.hooks.airflow.providers.standard.hooks.subprocess.SubprocessHook","filename":"subprocess.py","lineno":99}
{"timestamp":"2026-06-02T14:54:02.680579Z","level":"info","event":"}","logger":"airflow.task.hooks.airflow.providers.standard.hooks.subprocess.SubprocessHook","filename":"subprocess.py","lineno":99}
{"timestamp":"2026-06-02T14:54:02.680645Z","level":"info","event":"","logger":"airflow.task.hooks.airflow.providers.standard.hooks.subprocess.SubprocessHook","filename":"subprocess.py","lineno":99}
{"timestamp":"2026-06-02T14:54:02.680707Z","level":"info","event":"","logger":"airflow.task.hooks.airflow.providers.standard.hooks.subprocess.SubprocessHook","filename":"subprocess.py","lineno":99}
{"timestamp":"2026-06-02T14:54:02.680772Z","level":"info","event":"26/06/02 14:54:02 INFO TaskSetManager: Finished task 14.0 in stage 16.0 (TID 104) in 441 ms on ac0ccb30c6a7 (executor driver) (1/16)","logger":"airflow.task.hooks.airflow.providers.standard.hooks.subprocess.SubprocessHook","filename":"subprocess.py","lineno":99}
{"timestamp":"2026-06-02T14:54:02.680837Z","level":"info","event":"26/06/02 14:54:02 INFO Executor: Finished task 12.0 in stage 16.0 (TID 102). 2902 bytes result sent to driver","logger":"airflow.task.hooks.airflow.providers.standard.hooks.subprocess.SubprocessHook","filename":"subprocess.py","lineno":99}
{"timestamp":"2026-06-02T14:54:02.680899Z","level":"info","event":"26/06/02 14:54:02 INFO ParquetWriteSupport: Initialized Parquet WriteSupport with Catalyst schema:","logger":"airflow.task.hooks.airflow.providers.standard.hooks.subprocess.SubprocessHook","filename":"subprocess.py","lineno":99}
{"timestamp":"2026-06-02T14:54:02.680960Z","level":"info","event":"{","logger":"airflow.task.hooks.airflow.providers.standard.hooks.subprocess.SubprocessHook","filename":"subprocess.py","lineno":99}
{"timestamp":"2026-06-02T14:54:02.681023Z","level":"info","event":"  \"type\" : \"struct\",","logger":"airflow.task.hooks.airflow.providers.standard.hooks.subprocess.SubprocessHook","filename":"subprocess.py","lineno":99}
{"timestamp":"2026-06-02T14:54:02.681087Z","level":"info","event":"  \"fields\" : [ {","logger":"airflow.task.hooks.airflow.providers.standard.hooks.subprocess.SubprocessHook","filename":"subprocess.py","lineno":99}
{"timestamp":"2026-06-02T14:54:02.681149Z","level":"info","event":"    \"name\" : \"forestry_indicator\",","logger":"airflow.task.hooks.airflow.providers.standard.hooks.subprocess.SubprocessHook","filename":"subprocess.py","lineno":99}
{"timestamp":"2026-06-02T14:54:02.681209Z","level":"info","event":"    \"type\" : \"string\",","logger":"airflow.task.hooks.airflow.providers.standard.hooks.subprocess.SubprocessHook","filename":"subprocess.py","lineno":99}
{"timestamp":"2026-06-02T14:54:02.681268Z","level":"info","event":"    \"nullable\" : true,","logger":"airflow.task.hooks.airflow.providers.standard.hooks.subprocess.SubprocessHook","filename":"subprocess.py","lineno":99}
{"timestamp":"2026-06-02T14:54:02.681326Z","level":"info","event":"    \"metadata\" : { }","logger":"airflow.task.hooks.airflow.providers.standard.hooks.subprocess.SubprocessHook","filename":"subprocess.py","lineno":99}
{"timestamp":"2026-06-02T14:54:02.681388Z","level":"info","event":"  }, {","logger":"airflow.task.hooks.airflow.providers.standard.hooks.subprocess.SubprocessHook","filename":"subprocess.py","lineno":99}
{"timestamp":"2026-06-02T14:54:02.681449Z","level":"info","event":"    \"name\" : \"value\",","logger":"airflow.task.hooks.airflow.providers.standard.hooks.subprocess.SubprocessHook","filename":"subprocess.py","lineno":99}
{"timestamp":"2026-06-02T14:54:02.681565Z","level":"info","event":"    \"type\" : \"double\",","logger":"airflow.task.hooks.airflow.providers.standard.hooks.subprocess.SubprocessHook","filename":"subprocess.py","lineno":99}
{"timestamp":"2026-06-02T14:54:02.681675Z","level":"info","event":"    \"nullable\" : true,","logger":"airflow.task.hooks.airflow.providers.standard.hooks.subprocess.SubprocessHook","filename":"subprocess.py","lineno":99}
{"timestamp":"2026-06-02T14:54:02.681744Z","level":"info","event":"    \"metadata\" : { }","logger":"airflow.task.hooks.airflow.providers.standard.hooks.subprocess.SubprocessHook","filename":"subprocess.py","lineno":99}
{"timestamp":"2026-06-02T14:54:02.681810Z","level":"info","event":"  }, {","logger":"airflow.task.hooks.airflow.providers.standard.hooks.subprocess.SubprocessHook","filename":"subprocess.py","lineno":99}
{"timestamp":"2026-06-02T14:54:02.681874Z","level":"info","event":"    \"name\" : \"unit\",","logger":"airflow.task.hooks.airflow.providers.standard.hooks.subprocess.SubprocessHook","filename":"subprocess.py","lineno":99}
{"timestamp":"2026-06-02T14:54:02.681934Z","level":"info","event":"    \"type\" : \"string\",","logger":"airflow.task.hooks.airflow.providers.standard.hooks.subprocess.SubprocessHook","filename":"subprocess.py","lineno":99}
{"timestamp":"2026-06-02T14:54:02.682240Z","level":"info","event":"    \"nullable\" : true,","logger":"airflow.task.hooks.airflow.providers.standard.hooks.subprocess.SubprocessHook","filename":"subprocess.py","lineno":99}
{"timestamp":"2026-06-02T14:54:02.682358Z","level":"info","event":"    \"metadata\" : { }","logger":"airflow.task.hooks.airflow.providers.standard.hooks.subprocess.SubprocessHook","filename":"subprocess.py","lineno":99}
{"timestamp":"2026-06-02T14:54:02.682519Z","level":"info","event":"  }, {","logger":"airflow.task.hooks.airflow.providers.standard.hooks.subprocess.SubprocessHook","filename":"subprocess.py","lineno":99}
{"timestamp":"2026-06-02T14:54:02.682772Z","level":"info","event":"    \"name\" : \"quarter\",","logger":"airflow.task.hooks.airflow.providers.standard.hooks.subprocess.SubprocessHook","filename":"subprocess.py","lineno":99}
{"timestamp":"2026-06-02T14:54:02.682859Z","level":"info","event":"    \"type\" : \"integer\",","logger":"airflow.task.hooks.airflow.providers.standard.hooks.subprocess.SubprocessHook","filename":"subprocess.py","lineno":99}
{"timestamp":"2026-06-02T14:54:02.682933Z","level":"info","event":"    \"nullable\" : true,","logger":"airflow.task.hooks.airflow.providers.standard.hooks.subprocess.SubprocessHook","filename":"subprocess.py","lineno":99}
{"timestamp":"2026-06-02T14:54:02.682999Z","level":"info","event":"    \"metadata\" : { }","logger":"airflow.task.hooks.airflow.providers.standard.hooks.subprocess.SubprocessHook","filename":"subprocess.py","lineno":99}
{"timestamp":"2026-06-02T14:54:02.683060Z","level":"info","event":"  }, {","logger":"airflow.task.hooks.airflow.providers.standard.hooks.subprocess.SubprocessHook","filename":"subprocess.py","lineno":99}
{"timestamp":"2026-06-02T14:54:02.685722Z","level":"info","event":"    \"name\" : \"year\",","logger":"airflow.task.hooks.airflow.providers.standard.hooks.subprocess.SubprocessHook","filename":"subprocess.py","lineno":99}
{"timestamp":"2026-06-02T14:54:02.685883Z","level":"info","event":"    \"type\" : \"integer\",","logger":"airflow.task.hooks.airflow.providers.standard.hooks.subprocess.SubprocessHook","filename":"subprocess.py","lineno":99}
{"timestamp":"2026-06-02T14:54:02.685974Z","level":"info","event":"    \"nullable\" : true,","logger":"airflow.task.hooks.airflow.providers.standard.hooks.subprocess.SubprocessHook","filename":"subprocess.py","lineno":99}
{"timestamp":"2026-06-02T14:54:02.686054Z","level":"info","event":"    \"metadata\" : { }","logger":"airflow.task.hooks.airflow.providers.standard.hooks.subprocess.SubprocessHook","filename":"subprocess.py","lineno":99}
{"timestamp":"2026-06-02T14:54:02.686258Z","level":"info","event":"  }, {","logger":"airflow.task.hooks.airflow.providers.standard.hooks.subprocess.SubprocessHook","filename":"subprocess.py","lineno":99}
{"timestamp":"2026-06-02T14:54:02.686345Z","level":"info","event":"    \"name\" : \"ingest_at\",","logger":"airflow.task.hooks.airflow.providers.standard.hooks.subprocess.SubprocessHook","filename":"subprocess.py","lineno":99}
{"timestamp":"2026-06-02T14:54:02.686407Z","level":"info","event":"    \"type\" : \"timestamp\",","logger":"airflow.task.hooks.airflow.providers.standard.hooks.subprocess.SubprocessHook","filename":"subprocess.py","lineno":99}
{"timestamp":"2026-06-02T14:54:02.686464Z","level":"info","event":"    \"nullable\" : true,","logger":"airflow.task.hooks.airflow.providers.standard.hooks.subprocess.SubprocessHook","filename":"subprocess.py","lineno":99}
{"timestamp":"2026-06-02T14:54:02.686521Z","level":"info","event":"    \"metadata\" : { }","logger":"airflow.task.hooks.airflow.providers.standard.hooks.subprocess.SubprocessHook","filename":"subprocess.py","lineno":99}
{"timestamp":"2026-06-02T14:54:02.686635Z","level":"info","event":"  } ]","logger":"airflow.task.hooks.airflow.providers.standard.hooks.subprocess.SubprocessHook","filename":"subprocess.py","lineno":99}
{"timestamp":"2026-06-02T14:54:02.686804Z","level":"info","event":"}","logger":"airflow.task.hooks.airflow.providers.standard.hooks.subprocess.SubprocessHook","filename":"subprocess.py","lineno":99}
{"timestamp":"2026-06-02T14:54:02.686989Z","level":"info","event":"and corresponding Parquet message type:","logger":"airflow.task.hooks.airflow.providers.standard.hooks.subprocess.SubprocessHook","filename":"subprocess.py","lineno":99}
{"timestamp":"2026-06-02T14:54:02.688806Z","level":"info","event":"message spark_schema {","logger":"airflow.task.hooks.airflow.providers.standard.hooks.subprocess.SubprocessHook","filename":"subprocess.py","lineno":99}
{"timestamp":"2026-06-02T14:54:02.688942Z","level":"info","event":"  optional binary forestry_indicator (STRING);","logger":"airflow.task.hooks.airflow.providers.standard.hooks.subprocess.SubprocessHook","filename":"subprocess.py","lineno":99}
{"timestamp":"2026-06-02T14:54:02.689081Z","level":"info","event":"  optional double value;","logger":"airflow.task.hooks.airflow.providers.standard.hooks.subprocess.SubprocessHook","filename":"subprocess.py","lineno":99}
{"timestamp":"2026-06-02T14:54:02.689170Z","level":"info","event":"  optional binary unit (STRING);","logger":"airflow.task.hooks.airflow.providers.standard.hooks.subprocess.SubprocessHook","filename":"subprocess.py","lineno":99}
{"timestamp":"2026-06-02T14:54:02.689255Z","level":"info","event":"  optional int32 quarter;","logger":"airflow.task.hooks.airflow.providers.standard.hooks.subprocess.SubprocessHook","filename":"subprocess.py","lineno":99}
{"timestamp":"2026-06-02T14:54:02.690209Z","level":"info","event":"  optional int32 year;","logger":"airflow.task.hooks.airflow.providers.standard.hooks.subprocess.SubprocessHook","filename":"subprocess.py","lineno":99}
{"timestamp":"2026-06-02T14:54:02.690985Z","level":"info","event":"  optional int96 ingest_at;","logger":"airflow.task.hooks.airflow.providers.standard.hooks.subprocess.SubprocessHook","filename":"subprocess.py","lineno":99}
{"timestamp":"2026-06-02T14:54:02.691325Z","level":"info","event":"}","logger":"airflow.task.hooks.airflow.providers.standard.hooks.subprocess.SubprocessHook","filename":"subprocess.py","lineno":99}
{"timestamp":"2026-06-02T14:54:02.691658Z","level":"info","event":"","logger":"airflow.task.hooks.airflow.providers.standard.hooks.subprocess.SubprocessHook","filename":"subprocess.py","lineno":99}
{"timestamp":"2026-06-02T14:54:02.691763Z","level":"info","event":"","logger":"airflow.task.hooks.airflow.providers.standard.hooks.subprocess.SubprocessHook","filename":"subprocess.py","lineno":99}
{"timestamp":"2026-06-02T14:54:02.691842Z","level":"info","event":"26/06/02 14:54:02 INFO TaskSetManager: Finished task 11.0 in stage 16.0 (TID 101) in 454 ms on ac0ccb30c6a7 (executor driver) (2/16)","logger":"airflow.task.hooks.airflow.providers.standard.hooks.subprocess.SubprocessHook","filename":"subprocess.py","lineno":99}
{"timestamp":"2026-06-02T14:54:02.691920Z","level":"info","event":"26/06/02 14:54:02 INFO Executor: Finished task 4.0 in stage 16.0 (TID 94). 2902 bytes result sent to driver","logger":"airflow.task.hooks.airflow.providers.standard.hooks.subprocess.SubprocessHook","filename":"subprocess.py","lineno":99}
{"timestamp":"2026-06-02T14:54:02.691994Z","level":"info","event":"26/06/02 14:54:02 INFO CodecConfig: Compression: SNAPPY","logger":"airflow.task.hooks.airflow.providers.standard.hooks.subprocess.SubprocessHook","filename":"subprocess.py","lineno":99}
{"timestamp":"2026-06-02T14:54:02.692061Z","level":"info","event":"26/06/02 14:54:02 INFO CodecConfig: Compression: SNAPPY","logger":"airflow.task.hooks.airflow.providers.standard.hooks.subprocess.SubprocessHook","filename":"subprocess.py","lineno":99}
{"timestamp":"2026-06-02T14:54:02.692130Z","level":"info","event":"26/06/02 14:54:02 INFO TaskSetManager: Finished task 1.0 in stage 16.0 (TID 91) in 464 ms on ac0ccb30c6a7 (executor driver) (3/16)","logger":"airflow.task.hooks.airflow.providers.standard.hooks.subprocess.SubprocessHook","filename":"subprocess.py","lineno":99}
{"timestamp":"2026-06-02T14:54:02.692207Z","level":"info","event":"26/06/02 14:54:02 INFO TaskSetManager: Finished task 12.0 in stage 16.0 (TID 102) in 458 ms on ac0ccb30c6a7 (executor driver) (4/16)","logger":"airflow.task.hooks.airflow.providers.standard.hooks.subprocess.SubprocessHook","filename":"subprocess.py","lineno":99}
{"timestamp":"2026-06-02T14:54:02.692315Z","level":"info","event":"26/06/02 14:54:02 INFO CodecConfig: Compression: SNAPPY","logger":"airflow.task.hooks.airflow.providers.standard.hooks.subprocess.SubprocessHook","filename":"subprocess.py","lineno":99}
{"timestamp":"2026-06-02T14:54:02.692391Z","level":"info","event":"26/06/02 14:54:02 INFO ParquetOutputFormat: ParquetRecordWriter [block size: 134217728b, row group padding size: 8388608b, validating: false]","logger":"airflow.task.hooks.airflow.providers.standard.hooks.subprocess.SubprocessHook","filename":"subprocess.py","lineno":99}
{"timestamp":"2026-06-02T14:54:02.692460Z","level":"info","event":"26/06/02 14:54:02 INFO TaskSetManager: Finished task 4.0 in stage 16.0 (TID 94) in 466 ms on ac0ccb30c6a7 (executor driver) (5/16)","logger":"airflow.task.hooks.airflow.providers.standard.hooks.subprocess.SubprocessHook","filename":"subprocess.py","lineno":99}
{"timestamp":"2026-06-02T14:54:02.692549Z","level":"info","event":"26/06/02 14:54:02 INFO ParquetWriteSupport: Initialized Parquet WriteSupport with Catalyst schema:","logger":"airflow.task.hooks.airflow.providers.standard.hooks.subprocess.SubprocessHook","filename":"subprocess.py","lineno":99}
{"timestamp":"2026-06-02T14:54:02.692626Z","level":"info","event":"{","logger":"airflow.task.hooks.airflow.providers.standard.hooks.subprocess.SubprocessHook","filename":"subprocess.py","lineno":99}
{"timestamp":"2026-06-02T14:54:02.692700Z","level":"info","event":"  \"type\" : \"struct\",","logger":"airflow.task.hooks.airflow.providers.standard.hooks.subprocess.SubprocessHook","filename":"subprocess.py","lineno":99}
{"timestamp":"2026-06-02T14:54:02.692774Z","level":"info","event":"  \"fields\" : [ {","logger":"airflow.task.hooks.airflow.providers.standard.hooks.subprocess.SubprocessHook","filename":"subprocess.py","lineno":99}
{"timestamp":"2026-06-02T14:54:02.692845Z","level":"info","event":"    \"name\" : \"forestry_indicator\",","logger":"airflow.task.hooks.airflow.providers.standard.hooks.subprocess.SubprocessHook","filename":"subprocess.py","lineno":99}
{"timestamp":"2026-06-02T14:54:02.692925Z","level":"info","event":"    \"type\" : \"string\",","logger":"airflow.task.hooks.airflow.providers.standard.hooks.subprocess.SubprocessHook","filename":"subprocess.py","lineno":99}
{"timestamp":"2026-06-02T14:54:02.692998Z","level":"info","event":"    \"nullable\" : true,","logger":"airflow.task.hooks.airflow.providers.standard.hooks.subprocess.SubprocessHook","filename":"subprocess.py","lineno":99}
{"timestamp":"2026-06-02T14:54:02.693127Z","level":"info","event":"    \"metadata\" : { }","logger":"airflow.task.hooks.airflow.providers.standard.hooks.subprocess.SubprocessHook","filename":"subprocess.py","lineno":99}
{"timestamp":"2026-06-02T14:54:02.693225Z","level":"info","event":"  }, {","logger":"airflow.task.hooks.airflow.providers.standard.hooks.subprocess.SubprocessHook","filename":"subprocess.py","lineno":99}
{"timestamp":"2026-06-02T14:54:02.693297Z","level":"info","event":"    \"name\" : \"value\",","logger":"airflow.task.hooks.airflow.providers.standard.hooks.subprocess.SubprocessHook","filename":"subprocess.py","lineno":99}
{"timestamp":"2026-06-02T14:54:02.693367Z","level":"info","event":"    \"type\" : \"double\",","logger":"airflow.task.hooks.airflow.providers.standard.hooks.subprocess.SubprocessHook","filename":"subprocess.py","lineno":99}
{"timestamp":"2026-06-02T14:54:02.693440Z","level":"info","event":"    \"nullable\" : true,","logger":"airflow.task.hooks.airflow.providers.standard.hooks.subprocess.SubprocessHook","filename":"subprocess.py","lineno":99}
{"timestamp":"2026-06-02T14:54:02.693688Z","level":"info","event":"    \"metadata\" : { }","logger":"airflow.task.hooks.airflow.providers.standard.hooks.subprocess.SubprocessHook","filename":"subprocess.py","lineno":99}
{"timestamp":"2026-06-02T14:54:02.693829Z","level":"info","event":"  }, {","logger":"airflow.task.hooks.airflow.providers.standard.hooks.subprocess.SubprocessHook","filename":"subprocess.py","lineno":99}
{"timestamp":"2026-06-02T14:54:02.693907Z","level":"info","event":"    \"name\" : \"unit\",","logger":"airflow.task.hooks.airflow.providers.standard.hooks.subprocess.SubprocessHook","filename":"subprocess.py","lineno":99}
{"timestamp":"2026-06-02T14:54:02.694095Z","level":"info","event":"    \"type\" : \"string\",","logger":"airflow.task.hooks.airflow.providers.standard.hooks.subprocess.SubprocessHook","filename":"subprocess.py","lineno":99}
{"timestamp":"2026-06-02T14:54:02.694201Z","level":"info","event":"    \"nullable\" : true,","logger":"airflow.task.hooks.airflow.providers.standard.hooks.subprocess.SubprocessHook","filename":"subprocess.py","lineno":99}
{"timestamp":"2026-06-02T14:54:02.694267Z","level":"info","event":"    \"metadata\" : { }","logger":"airflow.task.hooks.airflow.providers.standard.hooks.subprocess.SubprocessHook","filename":"subprocess.py","lineno":99}
{"timestamp":"2026-06-02T14:54:02.694442Z","level":"info","event":"  }, {","logger":"airflow.task.hooks.airflow.providers.standard.hooks.subprocess.SubprocessHook","filename":"subprocess.py","lineno":99}
{"timestamp":"2026-06-02T14:54:02.694546Z","level":"info","event":"    \"name\" : \"quarter\",","logger":"airflow.task.hooks.airflow.providers.standard.hooks.subprocess.SubprocessHook","filename":"subprocess.py","lineno":99}
{"timestamp":"2026-06-02T14:54:02.694619Z","level":"info","event":"    \"type\" : \"integer\",","logger":"airflow.task.hooks.airflow.providers.standard.hooks.subprocess.SubprocessHook","filename":"subprocess.py","lineno":99}
{"timestamp":"2026-06-02T14:54:02.694681Z","level":"info","event":"    \"nullable\" : true,","logger":"airflow.task.hooks.airflow.providers.standard.hooks.subprocess.SubprocessHook","filename":"subprocess.py","lineno":99}
{"timestamp":"2026-06-02T14:54:02.694747Z","level":"info","event":"    \"metadata\" : { }","logger":"airflow.task.hooks.airflow.providers.standard.hooks.subprocess.SubprocessHook","filename":"subprocess.py","lineno":99}
{"timestamp":"2026-06-02T14:54:02.694807Z","level":"info","event":"  }, {","logger":"airflow.task.hooks.airflow.providers.standard.hooks.subprocess.SubprocessHook","filename":"subprocess.py","lineno":99}
{"timestamp":"2026-06-02T14:54:02.694866Z","level":"info","event":"    \"name\" : \"year\",","logger":"airflow.task.hooks.airflow.providers.standard.hooks.subprocess.SubprocessHook","filename":"subprocess.py","lineno":99}
{"timestamp":"2026-06-02T14:54:02.694930Z","level":"info","event":"    \"type\" : \"integer\",","logger":"airflow.task.hooks.airflow.providers.standard.hooks.subprocess.SubprocessHook","filename":"subprocess.py","lineno":99}
{"timestamp":"2026-06-02T14:54:02.694996Z","level":"info","event":"    \"nullable\" : true,","logger":"airflow.task.hooks.airflow.providers.standard.hooks.subprocess.SubprocessHook","filename":"subprocess.py","lineno":99}
{"timestamp":"2026-06-02T14:54:02.695061Z","level":"info","event":"    \"metadata\" : { }","logger":"airflow.task.hooks.airflow.providers.standard.hooks.subprocess.SubprocessHook","filename":"subprocess.py","lineno":99}
{"timestamp":"2026-06-02T14:54:02.695201Z","level":"info","event":"  }, {","logger":"airflow.task.hooks.airflow.providers.standard.hooks.subprocess.SubprocessHook","filename":"subprocess.py","lineno":99}
{"timestamp":"2026-06-02T14:54:02.695281Z","level":"info","event":"    \"name\" : \"ingest_at\",","logger":"airflow.task.hooks.airflow.providers.standard.hooks.subprocess.SubprocessHook","filename":"subprocess.py","lineno":99}
{"timestamp":"2026-06-02T14:54:02.695346Z","level":"info","event":"    \"type\" : \"timestamp\",","logger":"airflow.task.hooks.airflow.providers.standard.hooks.subprocess.SubprocessHook","filename":"subprocess.py","lineno":99}
{"timestamp":"2026-06-02T14:54:02.695409Z","level":"info","event":"    \"nullable\" : true,","logger":"airflow.task.hooks.airflow.providers.standard.hooks.subprocess.SubprocessHook","filename":"subprocess.py","lineno":99}
{"timestamp":"2026-06-02T14:54:02.695467Z","level":"info","event":"    \"metadata\" : { }","logger":"airflow.task.hooks.airflow.providers.standard.hooks.subprocess.SubprocessHook","filename":"subprocess.py","lineno":99}
{"timestamp":"2026-06-02T14:54:02.695528Z","level":"info","event":"  } ]","logger":"airflow.task.hooks.airflow.providers.standard.hooks.subprocess.SubprocessHook","filename":"subprocess.py","lineno":99}
{"timestamp":"2026-06-02T14:54:02.695588Z","level":"info","event":"}","logger":"airflow.task.hooks.airflow.providers.standard.hooks.subprocess.SubprocessHook","filename":"subprocess.py","lineno":99}
{"timestamp":"2026-06-02T14:54:02.695648Z","level":"info","event":"and corresponding Parquet message type:","logger":"airflow.task.hooks.airflow.providers.standard.hooks.subprocess.SubprocessHook","filename":"subprocess.py","lineno":99}
{"timestamp":"2026-06-02T14:54:02.695708Z","level":"info","event":"message spark_schema {","logger":"airflow.task.hooks.airflow.providers.standard.hooks.subprocess.SubprocessHook","filename":"subprocess.py","lineno":99}
{"timestamp":"2026-06-02T14:54:02.695767Z","level":"info","event":"  optional binary forestry_indicator (STRING);","logger":"airflow.task.hooks.airflow.providers.standard.hooks.subprocess.SubprocessHook","filename":"subprocess.py","lineno":99}
{"timestamp":"2026-06-02T14:54:02.695824Z","level":"info","event":"  optional double value;","logger":"airflow.task.hooks.airflow.providers.standard.hooks.subprocess.SubprocessHook","filename":"subprocess.py","lineno":99}
{"timestamp":"2026-06-02T14:54:02.695885Z","level":"info","event":"  optional binary unit (STRING);","logger":"airflow.task.hooks.airflow.providers.standard.hooks.subprocess.SubprocessHook","filename":"subprocess.py","lineno":99}
{"timestamp":"2026-06-02T14:54:02.695950Z","level":"info","event":"  optional int32 quarter;","logger":"airflow.task.hooks.airflow.providers.standard.hooks.subprocess.SubprocessHook","filename":"subprocess.py","lineno":99}
{"timestamp":"2026-06-02T14:54:02.696014Z","level":"info","event":"  optional int32 year;","logger":"airflow.task.hooks.airflow.providers.standard.hooks.subprocess.SubprocessHook","filename":"subprocess.py","lineno":99}
{"timestamp":"2026-06-02T14:54:02.696074Z","level":"info","event":"  optional int96 ingest_at;","logger":"airflow.task.hooks.airflow.providers.standard.hooks.subprocess.SubprocessHook","filename":"subprocess.py","lineno":99}
{"timestamp":"2026-06-02T14:54:02.696133Z","level":"info","event":"}","logger":"airflow.task.hooks.airflow.providers.standard.hooks.subprocess.SubprocessHook","filename":"subprocess.py","lineno":99}
{"timestamp":"2026-06-02T14:54:02.696197Z","level":"info","event":"","logger":"airflow.task.hooks.airflow.providers.standard.hooks.subprocess.SubprocessHook","filename":"subprocess.py","lineno":99}
{"timestamp":"2026-06-02T14:54:02.696302Z","level":"info","event":"","logger":"airflow.task.hooks.airflow.providers.standard.hooks.subprocess.SubprocessHook","filename":"subprocess.py","lineno":99}
{"timestamp":"2026-06-02T14:54:02.696372Z","level":"info","event":"26/06/02 14:54:02 INFO Executor: Finished task 6.0 in stage 16.0 (TID 96). 2902 bytes result sent to driver","logger":"airflow.task.hooks.airflow.providers.standard.hooks.subprocess.SubprocessHook","filename":"subprocess.py","lineno":99}
{"timestamp":"2026-06-02T14:54:02.696440Z","level":"info","event":"26/06/02 14:54:02 INFO TaskSetManager: Finished task 8.0 in stage 16.0 (TID 98) in 467 ms on ac0ccb30c6a7 (executor driver) (6/16)","logger":"airflow.task.hooks.airflow.providers.standard.hooks.subprocess.SubprocessHook","filename":"subprocess.py","lineno":99}
{"timestamp":"2026-06-02T14:54:02.696504Z","level":"info","event":"26/06/02 14:54:02 INFO CodecConfig: Compression: SNAPPY","logger":"airflow.task.hooks.airflow.providers.standard.hooks.subprocess.SubprocessHook","filename":"subprocess.py","lineno":99}
{"timestamp":"2026-06-02T14:54:02.696564Z","level":"info","event":"26/06/02 14:54:02 INFO Executor: Finished task 3.0 in stage 16.0 (TID 93). 2902 bytes result sent to driver","logger":"airflow.task.hooks.airflow.providers.standard.hooks.subprocess.SubprocessHook","filename":"subprocess.py","lineno":99}
{"timestamp":"2026-06-02T14:54:02.696631Z","level":"info","event":"26/06/02 14:54:02 INFO PythonRunner: Times: total = 150, boot = -472, init = 622, finish = 0","logger":"airflow.task.hooks.airflow.providers.standard.hooks.subprocess.SubprocessHook","filename":"subprocess.py","lineno":99}
{"timestamp":"2026-06-02T14:54:02.696697Z","level":"info","event":"26/06/02 14:54:02 INFO TaskSetManager: Finished task 6.0 in stage 16.0 (TID 96) in 473 ms on ac0ccb30c6a7 (executor driver) (7/16)","logger":"airflow.task.hooks.airflow.providers.standard.hooks.subprocess.SubprocessHook","filename":"subprocess.py","lineno":99}
{"timestamp":"2026-06-02T14:54:02.696772Z","level":"info","event":"26/06/02 14:54:02 INFO TaskSetManager: Finished task 9.0 in stage 16.0 (TID 99) in 472 ms on ac0ccb30c6a7 (executor driver) (8/16)","logger":"airflow.task.hooks.airflow.providers.standard.hooks.subprocess.SubprocessHook","filename":"subprocess.py","lineno":99}
{"timestamp":"2026-06-02T14:54:02.696841Z","level":"info","event":"26/06/02 14:54:02 INFO TaskSetManager: Finished task 3.0 in stage 16.0 (TID 93) in 478 ms on ac0ccb30c6a7 (executor driver) (9/16)","logger":"airflow.task.hooks.airflow.providers.standard.hooks.subprocess.SubprocessHook","filename":"subprocess.py","lineno":99}
{"timestamp":"2026-06-02T14:54:02.696906Z","level":"info","event":"26/06/02 14:54:02 INFO ParquetOutputFormat: ParquetRecordWriter [block size: 134217728b, row group padding size: 8388608b, validating: false]","logger":"airflow.task.hooks.airflow.providers.standard.hooks.subprocess.SubprocessHook","filename":"subprocess.py","lineno":99}
{"timestamp":"2026-06-02T14:54:02.696975Z","level":"info","event":"26/06/02 14:54:02 INFO PythonRunner: Times: total = 179, boot = -466, init = 645, finish = 0","logger":"airflow.task.hooks.airflow.providers.standard.hooks.subprocess.SubprocessHook","filename":"subprocess.py","lineno":99}
{"timestamp":"2026-06-02T14:54:02.697040Z","level":"info","event":"26/06/02 14:54:02 INFO PythonRunner: Times: total = 170, boot = -474, init = 644, finish = 0","logger":"airflow.task.hooks.airflow.providers.standard.hooks.subprocess.SubprocessHook","filename":"subprocess.py","lineno":99}
{"timestamp":"2026-06-02T14:54:02.697162Z","level":"info","event":"26/06/02 14:54:02 INFO ParquetWriteSupport: Initialized Parquet WriteSupport with Catalyst schema:","logger":"airflow.task.hooks.airflow.providers.standard.hooks.subprocess.SubprocessHook","filename":"subprocess.py","lineno":99}
{"timestamp":"2026-06-02T14:54:02.697295Z","level":"info","event":"{","logger":"airflow.task.hooks.airflow.providers.standard.hooks.subprocess.SubprocessHook","filename":"subprocess.py","lineno":99}
{"timestamp":"2026-06-02T14:54:02.697831Z","level":"info","event":"  \"type\" : \"struct\",","logger":"airflow.task.hooks.airflow.providers.standard.hooks.subprocess.SubprocessHook","filename":"subprocess.py","lineno":99}
{"timestamp":"2026-06-02T14:54:02.698031Z","level":"info","event":"  \"fields\" : [ {","logger":"airflow.task.hooks.airflow.providers.standard.hooks.subprocess.SubprocessHook","filename":"subprocess.py","lineno":99}
{"timestamp":"2026-06-02T14:54:02.698129Z","level":"info","event":"    \"name\" : \"forestry_indicator\",","logger":"airflow.task.hooks.airflow.providers.standard.hooks.subprocess.SubprocessHook","filename":"subprocess.py","lineno":99}
{"timestamp":"2026-06-02T14:54:02.698208Z","level":"info","event":"    \"type\" : \"string\",","logger":"airflow.task.hooks.airflow.providers.standard.hooks.subprocess.SubprocessHook","filename":"subprocess.py","lineno":99}
{"timestamp":"2026-06-02T14:54:02.698277Z","level":"info","event":"    \"nullable\" : true,","logger":"airflow.task.hooks.airflow.providers.standard.hooks.subprocess.SubprocessHook","filename":"subprocess.py","lineno":99}
{"timestamp":"2026-06-02T14:54:02.698339Z","level":"info","event":"    \"metadata\" : { }","logger":"airflow.task.hooks.airflow.providers.standard.hooks.subprocess.SubprocessHook","filename":"subprocess.py","lineno":99}
{"timestamp":"2026-06-02T14:54:02.698400Z","level":"info","event":"  }, {","logger":"airflow.task.hooks.airflow.providers.standard.hooks.subprocess.SubprocessHook","filename":"subprocess.py","lineno":99}
{"timestamp":"2026-06-02T14:54:02.698459Z","level":"info","event":"    \"name\" : \"value\",","logger":"airflow.task.hooks.airflow.providers.standard.hooks.subprocess.SubprocessHook","filename":"subprocess.py","lineno":99}
{"timestamp":"2026-06-02T14:54:02.698580Z","level":"info","event":"    \"type\" : \"double\",","logger":"airflow.task.hooks.airflow.providers.standard.hooks.subprocess.SubprocessHook","filename":"subprocess.py","lineno":99}
{"timestamp":"2026-06-02T14:54:02.698666Z","level":"info","event":"    \"nullable\" : true,","logger":"airflow.task.hooks.airflow.providers.standard.hooks.subprocess.SubprocessHook","filename":"subprocess.py","lineno":99}
{"timestamp":"2026-06-02T14:54:02.698734Z","level":"info","event":"    \"metadata\" : { }","logger":"airflow.task.hooks.airflow.providers.standard.hooks.subprocess.SubprocessHook","filename":"subprocess.py","lineno":99}
{"timestamp":"2026-06-02T14:54:02.698798Z","level":"info","event":"  }, {","logger":"airflow.task.hooks.airflow.providers.standard.hooks.subprocess.SubprocessHook","filename":"subprocess.py","lineno":99}
{"timestamp":"2026-06-02T14:54:02.698861Z","level":"info","event":"    \"name\" : \"unit\",","logger":"airflow.task.hooks.airflow.providers.standard.hooks.subprocess.SubprocessHook","filename":"subprocess.py","lineno":99}
{"timestamp":"2026-06-02T14:54:02.698922Z","level":"info","event":"    \"type\" : \"string\",","logger":"airflow.task.hooks.airflow.providers.standard.hooks.subprocess.SubprocessHook","filename":"subprocess.py","lineno":99}
{"timestamp":"2026-06-02T14:54:02.698979Z","level":"info","event":"    \"nullable\" : true,","logger":"airflow.task.hooks.airflow.providers.standard.hooks.subprocess.SubprocessHook","filename":"subprocess.py","lineno":99}
{"timestamp":"2026-06-02T14:54:02.699035Z","level":"info","event":"    \"metadata\" : { }","logger":"airflow.task.hooks.airflow.providers.standard.hooks.subprocess.SubprocessHook","filename":"subprocess.py","lineno":99}
{"timestamp":"2026-06-02T14:54:02.699092Z","level":"info","event":"  }, {","logger":"airflow.task.hooks.airflow.providers.standard.hooks.subprocess.SubprocessHook","filename":"subprocess.py","lineno":99}
{"timestamp":"2026-06-02T14:54:02.699149Z","level":"info","event":"    \"name\" : \"quarter\",","logger":"airflow.task.hooks.airflow.providers.standard.hooks.subprocess.SubprocessHook","filename":"subprocess.py","lineno":99}
{"timestamp":"2026-06-02T14:54:02.699207Z","level":"info","event":"    \"type\" : \"integer\",","logger":"airflow.task.hooks.airflow.providers.standard.hooks.subprocess.SubprocessHook","filename":"subprocess.py","lineno":99}
{"timestamp":"2026-06-02T14:54:02.699270Z","level":"info","event":"    \"nullable\" : true,","logger":"airflow.task.hooks.airflow.providers.standard.hooks.subprocess.SubprocessHook","filename":"subprocess.py","lineno":99}
{"timestamp":"2026-06-02T14:54:02.788967Z","level":"info","event":"    \"metadata\" : { }","logger":"airflow.task.hooks.airflow.providers.standard.hooks.subprocess.SubprocessHook","filename":"subprocess.py","lineno":99}
{"timestamp":"2026-06-02T14:54:02.789284Z","level":"info","event":"  }, {","logger":"airflow.task.hooks.airflow.providers.standard.hooks.subprocess.SubprocessHook","filename":"subprocess.py","lineno":99}
{"timestamp":"2026-06-02T14:54:02.789465Z","level":"info","event":"    \"name\" : \"year\",","logger":"airflow.task.hooks.airflow.providers.standard.hooks.subprocess.SubprocessHook","filename":"subprocess.py","lineno":99}
{"timestamp":"2026-06-02T14:54:02.789635Z","level":"info","event":"    \"type\" : \"integer\",","logger":"airflow.task.hooks.airflow.providers.standard.hooks.subprocess.SubprocessHook","filename":"subprocess.py","lineno":99}
{"timestamp":"2026-06-02T14:54:02.789789Z","level":"info","event":"    \"nullable\" : true,","logger":"airflow.task.hooks.airflow.providers.standard.hooks.subprocess.SubprocessHook","filename":"subprocess.py","lineno":99}
{"timestamp":"2026-06-02T14:54:02.789886Z","level":"info","event":"    \"metadata\" : { }","logger":"airflow.task.hooks.airflow.providers.standard.hooks.subprocess.SubprocessHook","filename":"subprocess.py","lineno":99}
{"timestamp":"2026-06-02T14:54:02.789968Z","level":"info","event":"  }, {","logger":"airflow.task.hooks.airflow.providers.standard.hooks.subprocess.SubprocessHook","filename":"subprocess.py","lineno":99}
{"timestamp":"2026-06-02T14:54:02.790044Z","level":"info","event":"    \"name\" : \"ingest_at\",","logger":"airflow.task.hooks.airflow.providers.standard.hooks.subprocess.SubprocessHook","filename":"subprocess.py","lineno":99}
{"timestamp":"2026-06-02T14:54:02.790111Z","level":"info","event":"    \"type\" : \"timestamp\",","logger":"airflow.task.hooks.airflow.providers.standard.hooks.subprocess.SubprocessHook","filename":"subprocess.py","lineno":99}
{"timestamp":"2026-06-02T14:54:02.790172Z","level":"info","event":"    \"nullable\" : true,","logger":"airflow.task.hooks.airflow.providers.standard.hooks.subprocess.SubprocessHook","filename":"subprocess.py","lineno":99}
{"timestamp":"2026-06-02T14:54:02.790230Z","level":"info","event":"    \"metadata\" : { }","logger":"airflow.task.hooks.airflow.providers.standard.hooks.subprocess.SubprocessHook","filename":"subprocess.py","lineno":99}
{"timestamp":"2026-06-02T14:54:02.790292Z","level":"info","event":"  } ]","logger":"airflow.task.hooks.airflow.providers.standard.hooks.subprocess.SubprocessHook","filename":"subprocess.py","lineno":99}
{"timestamp":"2026-06-02T14:54:02.790353Z","level":"info","event":"}","logger":"airflow.task.hooks.airflow.providers.standard.hooks.subprocess.SubprocessHook","filename":"subprocess.py","lineno":99}
{"timestamp":"2026-06-02T14:54:02.790411Z","level":"info","event":"and corresponding Parquet message type:","logger":"airflow.task.hooks.airflow.providers.standard.hooks.subprocess.SubprocessHook","filename":"subprocess.py","lineno":99}
{"timestamp":"2026-06-02T14:54:02.790474Z","level":"info","event":"message spark_schema {","logger":"airflow.task.hooks.airflow.providers.standard.hooks.subprocess.SubprocessHook","filename":"subprocess.py","lineno":99}
{"timestamp":"2026-06-02T14:54:02.790612Z","level":"info","event":"  optional binary forestry_indicator (STRING);","logger":"airflow.task.hooks.airflow.providers.standard.hooks.subprocess.SubprocessHook","filename":"subprocess.py","lineno":99}
{"timestamp":"2026-06-02T14:54:02.790689Z","level":"info","event":"  optional double value;","logger":"airflow.task.hooks.airflow.providers.standard.hooks.subprocess.SubprocessHook","filename":"subprocess.py","lineno":99}
{"timestamp":"2026-06-02T14:54:02.790755Z","level":"info","event":"  optional binary unit (STRING);","logger":"airflow.task.hooks.airflow.providers.standard.hooks.subprocess.SubprocessHook","filename":"subprocess.py","lineno":99}
{"timestamp":"2026-06-02T14:54:02.790822Z","level":"info","event":"  optional int32 quarter;","logger":"airflow.task.hooks.airflow.providers.standard.hooks.subprocess.SubprocessHook","filename":"subprocess.py","lineno":99}
{"timestamp":"2026-06-02T14:54:02.790891Z","level":"info","event":"  optional int32 year;","logger":"airflow.task.hooks.airflow.providers.standard.hooks.subprocess.SubprocessHook","filename":"subprocess.py","lineno":99}
{"timestamp":"2026-06-02T14:54:02.790956Z","level":"info","event":"  optional int96 ingest_at;","logger":"airflow.task.hooks.airflow.providers.standard.hooks.subprocess.SubprocessHook","filename":"subprocess.py","lineno":99}
{"timestamp":"2026-06-02T14:54:02.791016Z","level":"info","event":"}","logger":"airflow.task.hooks.airflow.providers.standard.hooks.subprocess.SubprocessHook","filename":"subprocess.py","lineno":99}
{"timestamp":"2026-06-02T14:54:02.791078Z","level":"info","event":"","logger":"airflow.task.hooks.airflow.providers.standard.hooks.subprocess.SubprocessHook","filename":"subprocess.py","lineno":99}
{"timestamp":"2026-06-02T14:54:02.791137Z","level":"info","event":"","logger":"airflow.task.hooks.airflow.providers.standard.hooks.subprocess.SubprocessHook","filename":"subprocess.py","lineno":99}
{"timestamp":"2026-06-02T14:54:02.791196Z","level":"info","event":"26/06/02 14:54:02 INFO PythonRunner: Times: total = 152, boot = -744, init = 896, finish = 0","logger":"airflow.task.hooks.airflow.providers.standard.hooks.subprocess.SubprocessHook","filename":"subprocess.py","lineno":99}
{"timestamp":"2026-06-02T14:54:02.791264Z","level":"info","event":"26/06/02 14:54:02 INFO PythonRunner: Times: total = 168, boot = -482, init = 650, finish = 0","logger":"airflow.task.hooks.airflow.providers.standard.hooks.subprocess.SubprocessHook","filename":"subprocess.py","lineno":99}
{"timestamp":"2026-06-02T14:54:02.791329Z","level":"info","event":"26/06/02 14:54:02 INFO PythonRunner: Times: total = 209, boot = -462, init = 671, finish = 0","logger":"airflow.task.hooks.airflow.providers.standard.hooks.subprocess.SubprocessHook","filename":"subprocess.py","lineno":99}
{"timestamp":"2026-06-02T14:54:02.791390Z","level":"info","event":"26/06/02 14:54:02 INFO PythonRunner: Times: total = 168, boot = -746, init = 914, finish = 0","logger":"airflow.task.hooks.airflow.providers.standard.hooks.subprocess.SubprocessHook","filename":"subprocess.py","lineno":99}
{"timestamp":"2026-06-02T14:54:02.791449Z","level":"info","event":"26/06/02 14:54:02 INFO Executor: Finished task 0.0 in stage 16.0 (TID 90). 3734 bytes result sent to driver","logger":"airflow.task.hooks.airflow.providers.standard.hooks.subprocess.SubprocessHook","filename":"subprocess.py","lineno":99}
{"timestamp":"2026-06-02T14:54:02.791512Z","level":"info","event":"26/06/02 14:54:02 INFO TaskSetManager: Finished task 0.0 in stage 16.0 (TID 90) in 564 ms on ac0ccb30c6a7 (executor driver) (10/16)","logger":"airflow.task.hooks.airflow.providers.standard.hooks.subprocess.SubprocessHook","filename":"subprocess.py","lineno":99}
{"timestamp":"2026-06-02T14:54:02.791590Z","level":"info","event":"26/06/02 14:54:02 INFO Executor: Finished task 7.0 in stage 16.0 (TID 97). 4180 bytes result sent to driver","logger":"airflow.task.hooks.airflow.providers.standard.hooks.subprocess.SubprocessHook","filename":"subprocess.py","lineno":99}
{"timestamp":"2026-06-02T14:54:02.791653Z","level":"info","event":"26/06/02 14:54:02 INFO Executor: Finished task 13.0 in stage 16.0 (TID 103). 4132 bytes result sent to driver","logger":"airflow.task.hooks.airflow.providers.standard.hooks.subprocess.SubprocessHook","filename":"subprocess.py","lineno":99}
{"timestamp":"2026-06-02T14:54:02.791712Z","level":"info","event":"26/06/02 14:54:02 INFO TaskSetManager: Finished task 7.0 in stage 16.0 (TID 97) in 589 ms on ac0ccb30c6a7 (executor driver) (11/16)","logger":"airflow.task.hooks.airflow.providers.standard.hooks.subprocess.SubprocessHook","filename":"subprocess.py","lineno":99}
{"timestamp":"2026-06-02T14:54:02.791768Z","level":"info","event":"26/06/02 14:54:02 INFO TaskSetManager: Finished task 13.0 in stage 16.0 (TID 103) in 590 ms on ac0ccb30c6a7 (executor driver) (12/16)","logger":"airflow.task.hooks.airflow.providers.standard.hooks.subprocess.SubprocessHook","filename":"subprocess.py","lineno":99}
{"timestamp":"2026-06-02T14:54:02.791827Z","level":"info","event":"26/06/02 14:54:02 INFO Executor: Finished task 15.0 in stage 16.0 (TID 105). 4144 bytes result sent to driver","logger":"airflow.task.hooks.airflow.providers.standard.hooks.subprocess.SubprocessHook","filename":"subprocess.py","lineno":99}
{"timestamp":"2026-06-02T14:54:02.791883Z","level":"info","event":"26/06/02 14:54:02 INFO TaskSetManager: Finished task 15.0 in stage 16.0 (TID 105) in 629 ms on ac0ccb30c6a7 (executor driver) (13/16)","logger":"airflow.task.hooks.airflow.providers.standard.hooks.subprocess.SubprocessHook","filename":"subprocess.py","lineno":99}
{"timestamp":"2026-06-02T14:54:02.791937Z","level":"info","event":"26/06/02 14:54:02 INFO Executor: Finished task 5.0 in stage 16.0 (TID 95). 4212 bytes result sent to driver","logger":"airflow.task.hooks.airflow.providers.standard.hooks.subprocess.SubprocessHook","filename":"subprocess.py","lineno":99}
{"timestamp":"2026-06-02T14:54:02.791992Z","level":"info","event":"26/06/02 14:54:02 INFO TaskSetManager: Finished task 5.0 in stage 16.0 (TID 95) in 639 ms on ac0ccb30c6a7 (executor driver) (14/16)","logger":"airflow.task.hooks.airflow.providers.standard.hooks.subprocess.SubprocessHook","filename":"subprocess.py","lineno":99}
{"timestamp":"2026-06-02T14:54:02.792053Z","level":"info","event":"26/06/02 14:54:02 INFO BlockManagerInfo: Removed broadcast_13_piece0 on ac0ccb30c6a7:44397 in memory (size: 124.3 KiB, free: 434.3 MiB)","logger":"airflow.task.hooks.airflow.providers.standard.hooks.subprocess.SubprocessHook","filename":"subprocess.py","lineno":99}
{"timestamp":"2026-06-02T14:54:02.792121Z","level":"info","event":"26/06/02 14:54:02 INFO Executor: Finished task 10.0 in stage 16.0 (TID 100). 4184 bytes result sent to driver","logger":"airflow.task.hooks.airflow.providers.standard.hooks.subprocess.SubprocessHook","filename":"subprocess.py","lineno":99}
{"timestamp":"2026-06-02T14:54:02.792183Z","level":"info","event":"26/06/02 14:54:02 INFO TaskSetManager: Finished task 10.0 in stage 16.0 (TID 100) in 644 ms on ac0ccb30c6a7 (executor driver) (15/16)","logger":"airflow.task.hooks.airflow.providers.standard.hooks.subprocess.SubprocessHook","filename":"subprocess.py","lineno":99}
{"timestamp":"2026-06-02T14:54:02.795346Z","level":"info","event":"26/06/02 14:54:02 INFO Executor: Finished task 2.0 in stage 16.0 (TID 92). 4211 bytes result sent to driver","logger":"airflow.task.hooks.airflow.providers.standard.hooks.subprocess.SubprocessHook","filename":"subprocess.py","lineno":99}
{"timestamp":"2026-06-02T14:54:02.796735Z","level":"info","event":"26/06/02 14:54:02 INFO TaskSetManager: Finished task 2.0 in stage 16.0 (TID 92) in 671 ms on ac0ccb30c6a7 (executor driver) (16/16)","logger":"airflow.task.hooks.airflow.providers.standard.hooks.subprocess.SubprocessHook","filename":"subprocess.py","lineno":99}
{"timestamp":"2026-06-02T14:54:02.796957Z","level":"info","event":"26/06/02 14:54:02 INFO TaskSchedulerImpl: Removed TaskSet 16.0, whose tasks have all completed, from pool","logger":"airflow.task.hooks.airflow.providers.standard.hooks.subprocess.SubprocessHook","filename":"subprocess.py","lineno":99}
{"timestamp":"2026-06-02T14:54:02.798628Z","level":"info","event":"26/06/02 14:54:02 INFO DAGScheduler: ResultStage 16 (saveAsTable at NativeMethodAccessorImpl.java:0) finished in 0.697 s","logger":"airflow.task.hooks.airflow.providers.standard.hooks.subprocess.SubprocessHook","filename":"subprocess.py","lineno":99}
{"timestamp":"2026-06-02T14:54:02.799003Z","level":"info","event":"26/06/02 14:54:02 INFO DAGScheduler: Job 16 is finished. Cancelling potential speculative or zombie tasks for this job","logger":"airflow.task.hooks.airflow.providers.standard.hooks.subprocess.SubprocessHook","filename":"subprocess.py","lineno":99}
{"timestamp":"2026-06-02T14:54:02.799158Z","level":"info","event":"26/06/02 14:54:02 INFO TaskSchedulerImpl: Killing all running tasks in stage 16: Stage finished","logger":"airflow.task.hooks.airflow.providers.standard.hooks.subprocess.SubprocessHook","filename":"subprocess.py","lineno":99}
{"timestamp":"2026-06-02T14:54:02.800015Z","level":"info","event":"26/06/02 14:54:02 INFO DAGScheduler: Job 16 finished: saveAsTable at NativeMethodAccessorImpl.java:0, took 0.700384 s","logger":"airflow.task.hooks.airflow.providers.standard.hooks.subprocess.SubprocessHook","filename":"subprocess.py","lineno":99}
{"timestamp":"2026-06-02T14:54:02.800185Z","level":"info","event":"26/06/02 14:54:02 INFO DeltaFileFormatWriter: Start to commit write Job 56fd9d34-5bd0-474c-96b5-6a0600043d6c.","logger":"airflow.task.hooks.airflow.providers.standard.hooks.subprocess.SubprocessHook","filename":"subprocess.py","lineno":99}
{"timestamp":"2026-06-02T14:54:02.800315Z","level":"info","event":"26/06/02 14:54:02 INFO DeltaFileFormatWriter: Write Job 56fd9d34-5bd0-474c-96b5-6a0600043d6c committed. Elapsed time: 0 ms.","logger":"airflow.task.hooks.airflow.providers.standard.hooks.subprocess.SubprocessHook","filename":"subprocess.py","lineno":99}
{"timestamp":"2026-06-02T14:54:02.800571Z","level":"info","event":"26/06/02 14:54:02 INFO DeltaFileFormatWriter: Finished processing stats for write job 56fd9d34-5bd0-474c-96b5-6a0600043d6c.","logger":"airflow.task.hooks.airflow.providers.standard.hooks.subprocess.SubprocessHook","filename":"subprocess.py","lineno":99}
{"timestamp":"2026-06-02T14:54:02.807800Z","level":"info","event":"26/06/02 14:54:02 INFO OptimisticTransaction: [tableId=52ab094e,txnId=22753641] Attempting to commit version 2 with 7 actions with Serializable isolation level","logger":"airflow.task.hooks.airflow.providers.standard.hooks.subprocess.SubprocessHook","filename":"subprocess.py","lineno":99}
{"timestamp":"2026-06-02T14:54:02.891782Z","level":"info","event":"26/06/02 14:54:02 INFO DeltaLog: Creating a new snapshot v2 for commit version 2","logger":"airflow.task.hooks.airflow.providers.standard.hooks.subprocess.SubprocessHook","filename":"subprocess.py","lineno":99}
{"timestamp":"2026-06-02T14:54:02.892093Z","level":"info","event":"26/06/02 14:54:02 INFO DeltaLog: Loading version 2.","logger":"airflow.task.hooks.airflow.providers.standard.hooks.subprocess.SubprocessHook","filename":"subprocess.py","lineno":99}
{"timestamp":"2026-06-02T14:54:02.899099Z","level":"info","event":"26/06/02 14:54:02 INFO DeltaLogFileIndex: Created DeltaLogFileIndex(JSON, numFilesInSegment: 3, totalFileSize: 10184)","logger":"airflow.task.hooks.airflow.providers.standard.hooks.subprocess.SubprocessHook","filename":"subprocess.py","lineno":99}
{"timestamp":"2026-06-02T14:54:02.977035Z","level":"info","event":"26/06/02 14:54:02 INFO DataSourceStrategy: Pruning directories with:","logger":"airflow.task.hooks.airflow.providers.standard.hooks.subprocess.SubprocessHook","filename":"subprocess.py","lineno":99}
{"timestamp":"2026-06-02T14:54:02.977373Z","level":"info","event":"26/06/02 14:54:02 INFO FileSourceStrategy: Pushed Filters:","logger":"airflow.task.hooks.airflow.providers.standard.hooks.subprocess.SubprocessHook","filename":"subprocess.py","lineno":99}
{"timestamp":"2026-06-02T14:54:02.977599Z","level":"info","event":"26/06/02 14:54:02 INFO FileSourceStrategy: Post-Scan Filters: ((isnotnull(protocol#1700.minReaderVersion) OR isnotnull(metaData#1699.id)) OR (isnotnull(commitInfo#1701.inCommitTimestamp) AND (version#1702L = 2)))","logger":"airflow.task.hooks.airflow.providers.standard.hooks.subprocess.SubprocessHook","filename":"subprocess.py","lineno":99}
{"timestamp":"2026-06-02T14:54:03.010103Z","level":"info","event":"26/06/02 14:54:03 INFO MemoryStore: Block broadcast_22 stored as values in memory (estimated size 202.4 KiB, free 433.7 MiB)","logger":"airflow.task.hooks.airflow.providers.standard.hooks.subprocess.SubprocessHook","filename":"subprocess.py","lineno":99}
{"timestamp":"2026-06-02T14:54:03.021982Z","level":"info","event":"26/06/02 14:54:03 INFO MemoryStore: Block broadcast_22_piece0 stored as bytes in memory (estimated size 35.0 KiB, free 433.7 MiB)","logger":"airflow.task.hooks.airflow.providers.standard.hooks.subprocess.SubprocessHook","filename":"subprocess.py","lineno":99}
{"timestamp":"2026-06-02T14:54:03.022238Z","level":"info","event":"26/06/02 14:54:03 INFO BlockManagerInfo: Added broadcast_22_piece0 in memory on ac0ccb30c6a7:44397 (size: 35.0 KiB, free: 434.2 MiB)","logger":"airflow.task.hooks.airflow.providers.standard.hooks.subprocess.SubprocessHook","filename":"subprocess.py","lineno":99}
{"timestamp":"2026-06-02T14:54:03.022925Z","level":"info","event":"26/06/02 14:54:03 INFO SparkContext: Created broadcast 22 from $anonfun$recordDeltaOperationInternal$1 at DatabricksLogging.scala:128","logger":"airflow.task.hooks.airflow.providers.standard.hooks.subprocess.SubprocessHook","filename":"subprocess.py","lineno":99}
{"timestamp":"2026-06-02T14:54:03.023890Z","level":"info","event":"26/06/02 14:54:03 INFO FileSourceScanExec: Planning scan with bin packing, max size: 4194304 bytes, open cost is considered as scanning 4194304 bytes.","logger":"airflow.task.hooks.airflow.providers.standard.hooks.subprocess.SubprocessHook","filename":"subprocess.py","lineno":99}
{"timestamp":"2026-06-02T14:54:03.039462Z","level":"info","event":"26/06/02 14:54:03 INFO SparkContext: Starting job: $anonfun$recordDeltaOperationInternal$1 at DatabricksLogging.scala:128","logger":"airflow.task.hooks.airflow.providers.standard.hooks.subprocess.SubprocessHook","filename":"subprocess.py","lineno":99}
{"timestamp":"2026-06-02T14:54:03.040149Z","level":"info","event":"26/06/02 14:54:03 INFO DAGScheduler: Got job 17 ($anonfun$recordDeltaOperationInternal$1 at DatabricksLogging.scala:128) with 3 output partitions","logger":"airflow.task.hooks.airflow.providers.standard.hooks.subprocess.SubprocessHook","filename":"subprocess.py","lineno":99}
{"timestamp":"2026-06-02T14:54:03.040368Z","level":"info","event":"26/06/02 14:54:03 INFO DAGScheduler: Final stage: ResultStage 17 ($anonfun$recordDeltaOperationInternal$1 at DatabricksLogging.scala:128)","logger":"airflow.task.hooks.airflow.providers.standard.hooks.subprocess.SubprocessHook","filename":"subprocess.py","lineno":99}
{"timestamp":"2026-06-02T14:54:03.040458Z","level":"info","event":"26/06/02 14:54:03 INFO DAGScheduler: Parents of final stage: List()","logger":"airflow.task.hooks.airflow.providers.standard.hooks.subprocess.SubprocessHook","filename":"subprocess.py","lineno":99}
{"timestamp":"2026-06-02T14:54:03.040528Z","level":"info","event":"26/06/02 14:54:03 INFO DAGScheduler: Missing parents: List()","logger":"airflow.task.hooks.airflow.providers.standard.hooks.subprocess.SubprocessHook","filename":"subprocess.py","lineno":99}
{"timestamp":"2026-06-02T14:54:03.042651Z","level":"info","event":"26/06/02 14:54:03 INFO DAGScheduler: Submitting ResultStage 17 (MapPartitionsRDD[47] at $anonfun$recordDeltaOperationInternal$1 at DatabricksLogging.scala:128), which has no missing parents","logger":"airflow.task.hooks.airflow.providers.standard.hooks.subprocess.SubprocessHook","filename":"subprocess.py","lineno":99}
{"timestamp":"2026-06-02T14:54:03.044871Z","level":"info","event":"26/06/02 14:54:03 INFO MemoryStore: Block broadcast_23 stored as values in memory (estimated size 55.2 KiB, free 433.7 MiB)","logger":"airflow.task.hooks.airflow.providers.standard.hooks.subprocess.SubprocessHook","filename":"subprocess.py","lineno":99}
{"timestamp":"2026-06-02T14:54:03.045828Z","level":"info","event":"26/06/02 14:54:03 INFO MemoryStore: Block broadcast_23_piece0 stored as bytes in memory (estimated size 17.2 KiB, free 433.6 MiB)","logger":"airflow.task.hooks.airflow.providers.standard.hooks.subprocess.SubprocessHook","filename":"subprocess.py","lineno":99}
{"timestamp":"2026-06-02T14:54:03.046783Z","level":"info","event":"26/06/02 14:54:03 INFO BlockManagerInfo: Added broadcast_23_piece0 in memory on ac0ccb30c6a7:44397 (size: 17.2 KiB, free: 434.2 MiB)","logger":"airflow.task.hooks.airflow.providers.standard.hooks.subprocess.SubprocessHook","filename":"subprocess.py","lineno":99}
{"timestamp":"2026-06-02T14:54:03.047311Z","level":"info","event":"26/06/02 14:54:03 INFO SparkContext: Created broadcast 23 from broadcast at DAGScheduler.scala:1611","logger":"airflow.task.hooks.airflow.providers.standard.hooks.subprocess.SubprocessHook","filename":"subprocess.py","lineno":99}
{"timestamp":"2026-06-02T14:54:03.053733Z","level":"info","event":"26/06/02 14:54:03 INFO DAGScheduler: Submitting 3 missing tasks from ResultStage 17 (MapPartitionsRDD[47] at $anonfun$recordDeltaOperationInternal$1 at DatabricksLogging.scala:128) (first 15 tasks are for partitions Vector(0, 1, 2))","logger":"airflow.task.hooks.airflow.providers.standard.hooks.subprocess.SubprocessHook","filename":"subprocess.py","lineno":99}
{"timestamp":"2026-06-02T14:54:03.054005Z","level":"info","event":"26/06/02 14:54:03 INFO TaskSchedulerImpl: Adding task set 17.0 with 3 tasks resource profile 0","logger":"airflow.task.hooks.airflow.providers.standard.hooks.subprocess.SubprocessHook","filename":"subprocess.py","lineno":99}
{"timestamp":"2026-06-02T14:54:03.054890Z","level":"info","event":"26/06/02 14:54:03 INFO TaskSetManager: Starting task 0.0 in stage 17.0 (TID 106) (ac0ccb30c6a7, executor driver, partition 0, PROCESS_LOCAL, 9671 bytes)","logger":"airflow.task.hooks.airflow.providers.standard.hooks.subprocess.SubprocessHook","filename":"subprocess.py","lineno":99}
{"timestamp":"2026-06-02T14:54:03.055263Z","level":"info","event":"26/06/02 14:54:03 INFO TaskSetManager: Starting task 1.0 in stage 17.0 (TID 107) (ac0ccb30c6a7, executor driver, partition 1, PROCESS_LOCAL, 9671 bytes)","logger":"airflow.task.hooks.airflow.providers.standard.hooks.subprocess.SubprocessHook","filename":"subprocess.py","lineno":99}
{"timestamp":"2026-06-02T14:54:03.055420Z","level":"info","event":"26/06/02 14:54:03 INFO TaskSetManager: Starting task 2.0 in stage 17.0 (TID 108) (ac0ccb30c6a7, executor driver, partition 2, PROCESS_LOCAL, 9671 bytes)","logger":"airflow.task.hooks.airflow.providers.standard.hooks.subprocess.SubprocessHook","filename":"subprocess.py","lineno":99}
{"timestamp":"2026-06-02T14:54:03.056775Z","level":"info","event":"26/06/02 14:54:03 INFO Executor: Running task 2.0 in stage 17.0 (TID 108)","logger":"airflow.task.hooks.airflow.providers.standard.hooks.subprocess.SubprocessHook","filename":"subprocess.py","lineno":99}
{"timestamp":"2026-06-02T14:54:03.056965Z","level":"info","event":"26/06/02 14:54:03 INFO Executor: Running task 1.0 in stage 17.0 (TID 107)","logger":"airflow.task.hooks.airflow.providers.standard.hooks.subprocess.SubprocessHook","filename":"subprocess.py","lineno":99}
{"timestamp":"2026-06-02T14:54:03.057026Z","level":"info","event":"26/06/02 14:54:03 INFO Executor: Running task 0.0 in stage 17.0 (TID 106)","logger":"airflow.task.hooks.airflow.providers.standard.hooks.subprocess.SubprocessHook","filename":"subprocess.py","lineno":99}
{"timestamp":"2026-06-02T14:54:03.061422Z","level":"info","event":"26/06/02 14:54:03 INFO FileScanRDD: Reading File path: s3a://silver/forestry/_delta_log/00000000000000000001.json, range: 0-4535, partition values: [1]","logger":"airflow.task.hooks.airflow.providers.standard.hooks.subprocess.SubprocessHook","filename":"subprocess.py","lineno":99}
{"timestamp":"2026-06-02T14:54:03.061640Z","level":"info","event":"26/06/02 14:54:03 INFO FileScanRDD: Reading File path: s3a://silver/forestry/_delta_log/00000000000000000000.json, range: 0-1114, partition values: [0]","logger":"airflow.task.hooks.airflow.providers.standard.hooks.subprocess.SubprocessHook","filename":"subprocess.py","lineno":99}
{"timestamp":"2026-06-02T14:54:03.061686Z","level":"info","event":"26/06/02 14:54:03 INFO FileScanRDD: Reading File path: s3a://silver/forestry/_delta_log/00000000000000000002.json, range: 0-4535, partition values: [2]","logger":"airflow.task.hooks.airflow.providers.standard.hooks.subprocess.SubprocessHook","filename":"subprocess.py","lineno":99}
{"timestamp":"2026-06-02T14:54:03.091162Z","level":"info","event":"26/06/02 14:54:03 INFO Executor: Finished task 1.0 in stage 17.0 (TID 107). 1587 bytes result sent to driver","logger":"airflow.task.hooks.airflow.providers.standard.hooks.subprocess.SubprocessHook","filename":"subprocess.py","lineno":99}
{"timestamp":"2026-06-02T14:54:03.091421Z","level":"info","event":"26/06/02 14:54:03 INFO Executor: Finished task 2.0 in stage 17.0 (TID 108). 1958 bytes result sent to driver","logger":"airflow.task.hooks.airflow.providers.standard.hooks.subprocess.SubprocessHook","filename":"subprocess.py","lineno":99}
{"timestamp":"2026-06-02T14:54:03.092333Z","level":"info","event":"26/06/02 14:54:03 INFO TaskSetManager: Finished task 1.0 in stage 17.0 (TID 107) in 37 ms on ac0ccb30c6a7 (executor driver) (1/3)","logger":"airflow.task.hooks.airflow.providers.standard.hooks.subprocess.SubprocessHook","filename":"subprocess.py","lineno":99}
{"timestamp":"2026-06-02T14:54:03.093261Z","level":"info","event":"26/06/02 14:54:03 INFO TaskSetManager: Finished task 2.0 in stage 17.0 (TID 108) in 38 ms on ac0ccb30c6a7 (executor driver) (2/3)","logger":"airflow.task.hooks.airflow.providers.standard.hooks.subprocess.SubprocessHook","filename":"subprocess.py","lineno":99}
{"timestamp":"2026-06-02T14:54:03.096923Z","level":"info","event":"26/06/02 14:54:03 INFO Executor: Finished task 0.0 in stage 17.0 (TID 106). 1587 bytes result sent to driver","logger":"airflow.task.hooks.airflow.providers.standard.hooks.subprocess.SubprocessHook","filename":"subprocess.py","lineno":99}
{"timestamp":"2026-06-02T14:54:03.099597Z","level":"info","event":"26/06/02 14:54:03 INFO TaskSetManager: Finished task 0.0 in stage 17.0 (TID 106) in 43 ms on ac0ccb30c6a7 (executor driver) (3/3)","logger":"airflow.task.hooks.airflow.providers.standard.hooks.subprocess.SubprocessHook","filename":"subprocess.py","lineno":99}
{"timestamp":"2026-06-02T14:54:03.100108Z","level":"info","event":"26/06/02 14:54:03 INFO TaskSchedulerImpl: Removed TaskSet 17.0, whose tasks have all completed, from pool","logger":"airflow.task.hooks.airflow.providers.standard.hooks.subprocess.SubprocessHook","filename":"subprocess.py","lineno":99}
{"timestamp":"2026-06-02T14:54:03.100211Z","level":"info","event":"26/06/02 14:54:03 INFO DAGScheduler: ResultStage 17 ($anonfun$recordDeltaOperationInternal$1 at DatabricksLogging.scala:128) finished in 0.056 s","logger":"airflow.task.hooks.airflow.providers.standard.hooks.subprocess.SubprocessHook","filename":"subprocess.py","lineno":99}
{"timestamp":"2026-06-02T14:54:03.100289Z","level":"info","event":"26/06/02 14:54:03 INFO DAGScheduler: Job 17 is finished. Cancelling potential speculative or zombie tasks for this job","logger":"airflow.task.hooks.airflow.providers.standard.hooks.subprocess.SubprocessHook","filename":"subprocess.py","lineno":99}
{"timestamp":"2026-06-02T14:54:03.100332Z","level":"info","event":"26/06/02 14:54:03 INFO TaskSchedulerImpl: Killing all running tasks in stage 17: Stage finished","logger":"airflow.task.hooks.airflow.providers.standard.hooks.subprocess.SubprocessHook","filename":"subprocess.py","lineno":99}
{"timestamp":"2026-06-02T14:54:03.100378Z","level":"info","event":"26/06/02 14:54:03 INFO DAGScheduler: Job 17 finished: $anonfun$recordDeltaOperationInternal$1 at DatabricksLogging.scala:128, took 0.060658 s","logger":"airflow.task.hooks.airflow.providers.standard.hooks.subprocess.SubprocessHook","filename":"subprocess.py","lineno":99}
{"timestamp":"2026-06-02T14:54:03.109772Z","level":"info","event":"26/06/02 14:54:03 INFO Snapshot: [tableId=52ab094e-b4ff-4c10-a702-e0e566d608bf] Created snapshot Snapshot(path=s3a://silver/forestry/_delta_log, version=2, metadata=Metadata(52ab094e-b4ff-4c10-a702-e0e566d608bf,null,null,Format(parquet,Map()),{\"type\":\"struct\",\"fields\":[{\"name\":\"forestry_indicator\",\"type\":\"string\",\"nullable\":true,\"metadata\":{}},{\"name\":\"value\",\"type\":\"double\",\"nullable\":true,\"metadata\":{}},{\"name\":\"unit\",\"type\":\"string\",\"nullable\":true,\"metadata\":{}},{\"name\":\"quarter\",\"type\":\"integer\",\"nullable\":true,\"metadata\":{}},{\"name\":\"year\",\"type\":\"integer\",\"nullable\":true,\"metadata\":{}},{\"name\":\"ingest_at\",\"type\":\"timestamp\",\"nullable\":true,\"metadata\":{}}]},List(),Map(),Some(1780409955441)), logSegment=LogSegment(s3a://silver/forestry/_delta_log,2,ArrayBuffer(S3AFileStatus{path=s3a://silver/forestry/_delta_log/00000000000000000000.json; isDirectory=false; length=1114; replication=1; blocksize=33554432; modification_time=1780409955513; access_time=0; owner=spark; group=spark; permission=rw-rw-rw-; isSymlink=false; hasAcl=false; isEncrypted=true; isErasureCoded=false} isEmptyDirectory=FALSE eTag=b2b6fb11c0c0f5ba4dca4e5dc7bc9b5b versionId=null, S3AFileStatus{path=s3a://silver/forestry/_delta_log/00000000000000000001.json; isDirectory=false; length=4535; replication=1; blocksize=33554432; modification_time=1780409981086; access_time=0; owner=spark; group=spark; permission=rw-rw-rw-; isSymlink=false; hasAcl=false; isEncrypted=true; isErasureCoded=false} isEmptyDirectory=FALSE eTag=33dbdcf5aa967880987d85bfbbd6c761 versionId=null, S3AFileStatus{path=s3a://silver/forestry/_delta_log/00000000000000000002.json; isDirectory=false; length=4535; replication=1; blocksize=33554432; modification_time=1780412042000; access_time=0; owner=spark; group=spark; permission=rw-rw-rw-; isSymlink=false; hasAcl=false; isEncrypted=true; isErasureCoded=false} isEmptyDirectory=FALSE eTag=441645f016a7baaee326d124d17728f2 versionId=null),org.apache.spark.sql.delta.EmptyCheckpointProvider$@151220c5,1780412042000), checksumOpt=None)","logger":"airflow.task.hooks.airflow.providers.standard.hooks.subprocess.SubprocessHook","filename":"subprocess.py","lineno":99}
{"timestamp":"2026-06-02T14:54:03.110656Z","level":"info","event":"26/06/02 14:54:03 INFO DeltaLog: Updated snapshot to Snapshot(path=s3a://silver/forestry/_delta_log, version=2, metadata=Metadata(52ab094e-b4ff-4c10-a702-e0e566d608bf,null,null,Format(parquet,Map()),{\"type\":\"struct\",\"fields\":[{\"name\":\"forestry_indicator\",\"type\":\"string\",\"nullable\":true,\"metadata\":{}},{\"name\":\"value\",\"type\":\"double\",\"nullable\":true,\"metadata\":{}},{\"name\":\"unit\",\"type\":\"string\",\"nullable\":true,\"metadata\":{}},{\"name\":\"quarter\",\"type\":\"integer\",\"nullable\":true,\"metadata\":{}},{\"name\":\"year\",\"type\":\"integer\",\"nullable\":true,\"metadata\":{}},{\"name\":\"ingest_at\",\"type\":\"timestamp\",\"nullable\":true,\"metadata\":{}}]},List(),Map(),Some(1780409955441)), logSegment=LogSegment(s3a://silver/forestry/_delta_log,2,ArrayBuffer(S3AFileStatus{path=s3a://silver/forestry/_delta_log/00000000000000000000.json; isDirectory=false; length=1114; replication=1; blocksize=33554432; modification_time=1780409955513; access_time=0; owner=spark; group=spark; permission=rw-rw-rw-; isSymlink=false; hasAcl=false; isEncrypted=true; isErasureCoded=false} isEmptyDirectory=FALSE eTag=b2b6fb11c0c0f5ba4dca4e5dc7bc9b5b versionId=null, S3AFileStatus{path=s3a://silver/forestry/_delta_log/00000000000000000001.json; isDirectory=false; length=4535; replication=1; blocksize=33554432; modification_time=1780409981086; access_time=0; owner=spark; group=spark; permission=rw-rw-rw-; isSymlink=false; hasAcl=false; isEncrypted=true; isErasureCoded=false} isEmptyDirectory=FALSE eTag=33dbdcf5aa967880987d85bfbbd6c761 versionId=null, S3AFileStatus{path=s3a://silver/forestry/_delta_log/00000000000000000002.json; isDirectory=false; length=4535; replication=1; blocksize=33554432; modification_time=1780412042000; access_time=0; owner=spark; group=spark; permission=rw-rw-rw-; isSymlink=false; hasAcl=false; isEncrypted=true; isErasureCoded=false} isEmptyDirectory=FALSE eTag=441645f016a7baaee326d124d17728f2 versionId=null),org.apache.spark.sql.delta.EmptyCheckpointProvider$@151220c5,1780412042000), checksumOpt=None)","logger":"airflow.task.hooks.airflow.providers.standard.hooks.subprocess.SubprocessHook","filename":"subprocess.py","lineno":99}
{"timestamp":"2026-06-02T14:54:03.111687Z","level":"info","event":"26/06/02 14:54:03 INFO OptimisticTransaction: [tableId=52ab094e,txnId=22753641] Committed delta #2 to s3a://silver/forestry/_delta_log","logger":"airflow.task.hooks.airflow.providers.standard.hooks.subprocess.SubprocessHook","filename":"subprocess.py","lineno":99}
{"timestamp":"2026-06-02T14:54:03.112371Z","level":"info","event":"Tải dữ liệu vào table: forestry hoàn tất !!!!!!!! 2025 4","logger":"airflow.task.hooks.airflow.providers.standard.hooks.subprocess.SubprocessHook","filename":"subprocess.py","lineno":99}
{"timestamp":"2026-06-02T14:54:03.120044Z","level":"info","event":"Traceback (most recent call last):","logger":"airflow.task.hooks.airflow.providers.standard.hooks.subprocess.SubprocessHook","filename":"subprocess.py","lineno":99}
{"timestamp":"2026-06-02T14:54:03.120295Z","level":"info","event":"  File \"/opt/spark/apps/silver/Extract_Data_From_Excel_Reports.py\", line 945, in <module>","logger":"airflow.task.hooks.airflow.providers.standard.hooks.subprocess.SubprocessHook","filename":"subprocess.py","lineno":99}
{"timestamp":"2026-06-02T14:54:03.126782Z","level":"info","event":"    main_func()","logger":"airflow.task.hooks.airflow.providers.standard.hooks.subprocess.SubprocessHook","filename":"subprocess.py","lineno":99}
{"timestamp":"2026-06-02T14:54:03.126974Z","level":"info","event":"  File \"/opt/spark/apps/silver/Extract_Data_From_Excel_Reports.py\", line 941, in main_func","logger":"airflow.task.hooks.airflow.providers.standard.hooks.subprocess.SubprocessHook","filename":"subprocess.py","lineno":99}
{"timestamp":"2026-06-02T14:54:03.133749Z","level":"info","event":"    extract_data_for_Product_Productivity_fact(excel_file, year, month)","logger":"airflow.task.hooks.airflow.providers.standard.hooks.subprocess.SubprocessHook","filename":"subprocess.py","lineno":99}
{"timestamp":"2026-06-02T14:54:03.134020Z","level":"info","event":"  File \"/opt/spark/apps/silver/Extract_Data_From_Excel_Reports.py\", line 610, in extract_data_for_Product_Productivity_fact","logger":"airflow.task.hooks.airflow.providers.standard.hooks.subprocess.SubprocessHook","filename":"subprocess.py","lineno":99}
{"timestamp":"2026-06-02T14:54:03.140340Z","level":"info","event":"    idx = thuysan_sheet[thuysan_sheet['aquatic_type'].str.strip() == 'Nuôi trồng'].index[0]","logger":"airflow.task.hooks.airflow.providers.standard.hooks.subprocess.SubprocessHook","filename":"subprocess.py","lineno":99}
{"timestamp":"2026-06-02T14:54:03.140610Z","level":"info","event":"  File \"/usr/local/lib/python3.10/dist-packages/pandas/core/indexes/base.py\", line 5401, in __getitem__","logger":"airflow.task.hooks.airflow.providers.standard.hooks.subprocess.SubprocessHook","filename":"subprocess.py","lineno":99}
{"timestamp":"2026-06-02T14:54:03.143484Z","level":"info","event":"    return getitem(key)","logger":"airflow.task.hooks.airflow.providers.standard.hooks.subprocess.SubprocessHook","filename":"subprocess.py","lineno":99}
{"timestamp":"2026-06-02T14:54:03.143672Z","level":"info","event":"IndexError: index 0 is out of bounds for axis 0 with size 0","logger":"airflow.task.hooks.airflow.providers.standard.hooks.subprocess.SubprocessHook","filename":"subprocess.py","lineno":99}
{"timestamp":"2026-06-02T14:54:03.383711Z","level":"info","event":"26/06/02 14:54:03 INFO SparkContext: Invoking stop() from shutdown hook","logger":"airflow.task.hooks.airflow.providers.standard.hooks.subprocess.SubprocessHook","filename":"subprocess.py","lineno":99}
{"timestamp":"2026-06-02T14:54:03.383987Z","level":"info","event":"26/06/02 14:54:03 INFO SparkContext: SparkContext is stopping with exitCode 0.","logger":"airflow.task.hooks.airflow.providers.standard.hooks.subprocess.SubprocessHook","filename":"subprocess.py","lineno":99}
{"timestamp":"2026-06-02T14:54:03.404128Z","level":"info","event":"26/06/02 14:54:03 INFO SparkUI: Stopped Spark web UI at http://ac0ccb30c6a7:4040","logger":"airflow.task.hooks.airflow.providers.standard.hooks.subprocess.SubprocessHook","filename":"subprocess.py","lineno":99}
{"timestamp":"2026-06-02T14:54:03.434538Z","level":"info","event":"26/06/02 14:54:03 INFO MapOutputTrackerMasterEndpoint: MapOutputTrackerMasterEndpoint stopped!","logger":"airflow.task.hooks.airflow.providers.standard.hooks.subprocess.SubprocessHook","filename":"subprocess.py","lineno":99}
{"timestamp":"2026-06-02T14:54:03.452870Z","level":"info","event":"26/06/02 14:54:03 INFO MemoryStore: MemoryStore cleared","logger":"airflow.task.hooks.airflow.providers.standard.hooks.subprocess.SubprocessHook","filename":"subprocess.py","lineno":99}
{"timestamp":"2026-06-02T14:54:03.453144Z","level":"info","event":"26/06/02 14:54:03 INFO BlockManager: BlockManager stopped","logger":"airflow.task.hooks.airflow.providers.standard.hooks.subprocess.SubprocessHook","filename":"subprocess.py","lineno":99}
{"timestamp":"2026-06-02T14:54:03.460761Z","level":"info","event":"26/06/02 14:54:03 INFO BlockManagerMaster: BlockManagerMaster stopped","logger":"airflow.task.hooks.airflow.providers.standard.hooks.subprocess.SubprocessHook","filename":"subprocess.py","lineno":99}
{"timestamp":"2026-06-02T14:54:03.466024Z","level":"info","event":"26/06/02 14:54:03 INFO OutputCommitCoordinator$OutputCommitCoordinatorEndpoint: OutputCommitCoordinator stopped!","logger":"airflow.task.hooks.airflow.providers.standard.hooks.subprocess.SubprocessHook","filename":"subprocess.py","lineno":99}
{"timestamp":"2026-06-02T14:54:03.485057Z","level":"info","event":"26/06/02 14:54:03 INFO SparkContext: Successfully stopped SparkContext","logger":"airflow.task.hooks.airflow.providers.standard.hooks.subprocess.SubprocessHook","filename":"subprocess.py","lineno":99}
{"timestamp":"2026-06-02T14:54:03.485478Z","level":"info","event":"26/06/02 14:54:03 INFO ShutdownHookManager: Shutdown hook called","logger":"airflow.task.hooks.airflow.providers.standard.hooks.subprocess.SubprocessHook","filename":"subprocess.py","lineno":99}
{"timestamp":"2026-06-02T14:54:03.485609Z","level":"info","event":"26/06/02 14:54:03 INFO ShutdownHookManager: Deleting directory /tmp/spark-ba7c4b0a-92c2-4ca9-9a7d-450f1c60c3c5","logger":"airflow.task.hooks.airflow.providers.standard.hooks.subprocess.SubprocessHook","filename":"subprocess.py","lineno":99}
{"timestamp":"2026-06-02T14:54:03.492061Z","level":"info","event":"26/06/02 14:54:03 INFO ShutdownHookManager: Deleting directory /tmp/spark-7c3de5f8-482e-457f-a9a9-b07db9c34f3e","logger":"airflow.task.hooks.airflow.providers.standard.hooks.subprocess.SubprocessHook","filename":"subprocess.py","lineno":99}
{"timestamp":"2026-06-02T14:54:03.495409Z","level":"info","event":"26/06/02 14:54:03 INFO ShutdownHookManager: Deleting directory /tmp/spark-7c3de5f8-482e-457f-a9a9-b07db9c34f3e/pyspark-29e79bce-13ab-4b82-8f7b-da7ad46410e3","logger":"airflow.task.hooks.airflow.providers.standard.hooks.subprocess.SubprocessHook","filename":"subprocess.py","lineno":99}
{"timestamp":"2026-06-02T14:54:03.517655Z","level":"info","event":"26/06/02 14:54:03 INFO MetricsSystemImpl: Stopping s3a-file-system metrics system...","logger":"airflow.task.hooks.airflow.providers.standard.hooks.subprocess.SubprocessHook","filename":"subprocess.py","lineno":99}
{"timestamp":"2026-06-02T14:54:03.518125Z","level":"info","event":"26/06/02 14:54:03 INFO MetricsSystemImpl: s3a-file-system metrics system stopped.","logger":"airflow.task.hooks.airflow.providers.standard.hooks.subprocess.SubprocessHook","filename":"subprocess.py","lineno":99}
{"timestamp":"2026-06-02T14:54:03.518249Z","level":"info","event":"26/06/02 14:54:03 INFO MetricsSystemImpl: s3a-file-system metrics system shutdown complete.","logger":"airflow.task.hooks.airflow.providers.standard.hooks.subprocess.SubprocessHook","filename":"subprocess.py","lineno":99}
{"timestamp":"2026-06-02T14:54:03.589976Z","level":"info","event":"Command exited with return code 1","logger":"airflow.task.hooks.airflow.providers.standard.hooks.subprocess.SubprocessHook","filename":"subprocess.py","lineno":103}
{"timestamp":"2026-06-02T14:54:03.590815Z","level":"error","event":"Task failed with exception","logger":"task","filename":"task_runner.py","lineno":1325,"error_detail":[{"exc_type":"AirflowException","exc_value":"Bash command failed. The command returned a non-zero exit code 1.","exc_notes":[],"syntax_error":null,"is_cause":false,"frames":[{"filename":"/home/airflow/.local/lib/python3.13/site-packages/airflow/sdk/execution_time/task_runner.py","lineno":1263,"name":"run"},{"filename":"/home/airflow/.local/lib/python3.13/site-packages/airflow/sdk/execution_time/task_runner.py","lineno":1678,"name":"_execute_task"},{"filename":"/home/airflow/.local/lib/python3.13/site-packages/airflow/sdk/bases/operator.py","lineno":443,"name":"wrapper"},{"filename":"/home/airflow/.local/lib/python3.13/site-packages/airflow/providers/standard/operators/bash.py","lineno":226,"name":"execute"}],"is_group":false,"exceptions":[]}]}
