{"timestamp":"2026-06-02T15:17:59.428644Z","level":"info","event":"DAG bundles loaded: dags-folder","logger":"airflow.dag_processing.bundles.manager.DagBundlesManager","filename":"manager.py","lineno":209}
{"timestamp":"2026-06-02T15:17:59.430773Z","level":"info","event":"Filling up the DagBag from /opt/airflow/dags/init_report_data_dag.py","logger":"airflow.dag_processing.dagbag.BundleDagBag","filename":"dagbag.py","lineno":469}
{"timestamp":"2026-06-02T15:17:59.449152Z","level":"warning","event":"The `airflow.operators.python.PythonOperator` attribute is deprecated. Please use `'airflow.providers.standard.operators.python.PythonOperator'`.","category":"UserWarning","filename":"/opt/airflow/dags/init_report_data_dag.py","lineno":2,"logger":"py.warnings"}
{"timestamp":"2026-06-02T15:17:59.449315Z","level":"warning","event":"The `airflow.operators.bash.BashOperator` attribute is deprecated. Please use `'airflow.providers.standard.operators.bash.BashOperator'`.","category":"UserWarning","filename":"/opt/airflow/dags/init_report_data_dag.py","lineno":3,"logger":"py.warnings"}
{"timestamp":"2026-06-02T15:17:59.527047Z","level":"info","event":"Tmp dir root location: /tmp","logger":"airflow.task.hooks.airflow.providers.standard.hooks.subprocess.SubprocessHook","filename":"subprocess.py","lineno":78}
{"timestamp":"2026-06-02T15:17:59.529367Z","level":"info","event":"Running command: ['/usr/bin/bash', '-c', 'docker exec spark-master /opt/spark/bin/spark-submit silver/Extract_Data_From_Excel_Reports.py']","logger":"airflow.task.hooks.airflow.providers.standard.hooks.subprocess.SubprocessHook","filename":"subprocess.py","lineno":80}
{"timestamp":"2026-06-02T15:17:59.531499Z","level":"info","event":"Output:","logger":"airflow.task.hooks.airflow.providers.standard.hooks.subprocess.SubprocessHook","filename":"subprocess.py","lineno":92}
{"timestamp":"2026-06-02T15:18:01.751453Z","level":"info","event":"/opt/spark/python/lib/pyspark.zip/pyspark/pandas/__init__.py:50: UserWarning: 'PYARROW_IGNORE_TIMEZONE' environment variable was not set. It is required to set this environment variable to '1' in both driver and executor sides if you use pyarrow>=2.0.0. pandas-on-Spark will set it for you but it does not work if there is a Spark context already launched.","logger":"airflow.task.hooks.airflow.providers.standard.hooks.subprocess.SubprocessHook","filename":"subprocess.py","lineno":99}
{"timestamp":"2026-06-02T15:18:02.388396Z","level":"info","event":"26/06/02 15:18:02 INFO SparkContext: Running Spark version 3.5.8","logger":"airflow.task.hooks.airflow.providers.standard.hooks.subprocess.SubprocessHook","filename":"subprocess.py","lineno":99}
{"timestamp":"2026-06-02T15:18:02.391079Z","level":"info","event":"26/06/02 15:18:02 INFO SparkContext: OS info Linux, 6.6.87.2-microsoft-standard-WSL2, amd64","logger":"airflow.task.hooks.airflow.providers.standard.hooks.subprocess.SubprocessHook","filename":"subprocess.py","lineno":99}
{"timestamp":"2026-06-02T15:18:02.391265Z","level":"info","event":"26/06/02 15:18:02 INFO SparkContext: Java version 11.0.29","logger":"airflow.task.hooks.airflow.providers.standard.hooks.subprocess.SubprocessHook","filename":"subprocess.py","lineno":99}
{"timestamp":"2026-06-02T15:18:02.453522Z","level":"info","event":"26/06/02 15:18:02 WARN NativeCodeLoader: Unable to load native-hadoop library for your platform... using builtin-java classes where applicable","logger":"airflow.task.hooks.airflow.providers.standard.hooks.subprocess.SubprocessHook","filename":"subprocess.py","lineno":99}
{"timestamp":"2026-06-02T15:18:02.523588Z","level":"info","event":"26/06/02 15:18:02 INFO ResourceUtils: ==============================================================","logger":"airflow.task.hooks.airflow.providers.standard.hooks.subprocess.SubprocessHook","filename":"subprocess.py","lineno":99}
{"timestamp":"2026-06-02T15:18:02.523741Z","level":"info","event":"26/06/02 15:18:02 INFO ResourceUtils: No custom resources configured for spark.driver.","logger":"airflow.task.hooks.airflow.providers.standard.hooks.subprocess.SubprocessHook","filename":"subprocess.py","lineno":99}
{"timestamp":"2026-06-02T15:18:02.523774Z","level":"info","event":"26/06/02 15:18:02 INFO ResourceUtils: ==============================================================","logger":"airflow.task.hooks.airflow.providers.standard.hooks.subprocess.SubprocessHook","filename":"subprocess.py","lineno":99}
{"timestamp":"2026-06-02T15:18:02.524337Z","level":"info","event":"26/06/02 15:18:02 INFO SparkContext: Submitted application: Delta-MinIO","logger":"airflow.task.hooks.airflow.providers.standard.hooks.subprocess.SubprocessHook","filename":"subprocess.py","lineno":99}
{"timestamp":"2026-06-02T15:18:02.540939Z","level":"info","event":"26/06/02 15:18:02 INFO ResourceProfile: Default ResourceProfile created, executor resources: Map(cores -> name: cores, amount: 1, script: , vendor: , memory -> name: memory, amount: 1024, script: , vendor: , offHeap -> name: offHeap, amount: 0, script: , vendor: ), task resources: Map(cpus -> name: cpus, amount: 1.0)","logger":"airflow.task.hooks.airflow.providers.standard.hooks.subprocess.SubprocessHook","filename":"subprocess.py","lineno":99}
{"timestamp":"2026-06-02T15:18:02.549184Z","level":"info","event":"26/06/02 15:18:02 INFO ResourceProfile: Limiting resource is cpu","logger":"airflow.task.hooks.airflow.providers.standard.hooks.subprocess.SubprocessHook","filename":"subprocess.py","lineno":99}
{"timestamp":"2026-06-02T15:18:02.549416Z","level":"info","event":"26/06/02 15:18:02 INFO ResourceProfileManager: Added ResourceProfile id: 0","logger":"airflow.task.hooks.airflow.providers.standard.hooks.subprocess.SubprocessHook","filename":"subprocess.py","lineno":99}
{"timestamp":"2026-06-02T15:18:02.598749Z","level":"info","event":"26/06/02 15:18:02 INFO SecurityManager: Changing view acls to: spark","logger":"airflow.task.hooks.airflow.providers.standard.hooks.subprocess.SubprocessHook","filename":"subprocess.py","lineno":99}
{"timestamp":"2026-06-02T15:18:02.598910Z","level":"info","event":"26/06/02 15:18:02 INFO SecurityManager: Changing modify acls to: spark","logger":"airflow.task.hooks.airflow.providers.standard.hooks.subprocess.SubprocessHook","filename":"subprocess.py","lineno":99}
{"timestamp":"2026-06-02T15:18:02.598954Z","level":"info","event":"26/06/02 15:18:02 INFO SecurityManager: Changing view acls groups to:","logger":"airflow.task.hooks.airflow.providers.standard.hooks.subprocess.SubprocessHook","filename":"subprocess.py","lineno":99}
{"timestamp":"2026-06-02T15:18:02.598977Z","level":"info","event":"26/06/02 15:18:02 INFO SecurityManager: Changing modify acls groups to:","logger":"airflow.task.hooks.airflow.providers.standard.hooks.subprocess.SubprocessHook","filename":"subprocess.py","lineno":99}
{"timestamp":"2026-06-02T15:18:02.599369Z","level":"info","event":"26/06/02 15:18:02 INFO SecurityManager: SecurityManager: authentication disabled; ui acls disabled; users with view permissions: spark; groups with view permissions: EMPTY; users with modify permissions: spark; groups with modify permissions: EMPTY","logger":"airflow.task.hooks.airflow.providers.standard.hooks.subprocess.SubprocessHook","filename":"subprocess.py","lineno":99}
{"timestamp":"2026-06-02T15:18:02.791197Z","level":"info","event":"26/06/02 15:18:02 INFO Utils: Successfully started service 'sparkDriver' on port 37669.","logger":"airflow.task.hooks.airflow.providers.standard.hooks.subprocess.SubprocessHook","filename":"subprocess.py","lineno":99}
{"timestamp":"2026-06-02T15:18:02.823095Z","level":"info","event":"26/06/02 15:18:02 INFO SparkEnv: Registering MapOutputTracker","logger":"airflow.task.hooks.airflow.providers.standard.hooks.subprocess.SubprocessHook","filename":"subprocess.py","lineno":99}
{"timestamp":"2026-06-02T15:18:02.865604Z","level":"info","event":"26/06/02 15:18:02 INFO SparkEnv: Registering BlockManagerMaster","logger":"airflow.task.hooks.airflow.providers.standard.hooks.subprocess.SubprocessHook","filename":"subprocess.py","lineno":99}
{"timestamp":"2026-06-02T15:18:02.907792Z","level":"info","event":"26/06/02 15:18:02 INFO BlockManagerMasterEndpoint: Using org.apache.spark.storage.DefaultTopologyMapper for getting topology information","logger":"airflow.task.hooks.airflow.providers.standard.hooks.subprocess.SubprocessHook","filename":"subprocess.py","lineno":99}
{"timestamp":"2026-06-02T15:18:02.909055Z","level":"info","event":"26/06/02 15:18:02 INFO BlockManagerMasterEndpoint: BlockManagerMasterEndpoint up","logger":"airflow.task.hooks.airflow.providers.standard.hooks.subprocess.SubprocessHook","filename":"subprocess.py","lineno":99}
{"timestamp":"2026-06-02T15:18:02.916331Z","level":"info","event":"26/06/02 15:18:02 INFO SparkEnv: Registering BlockManagerMasterHeartbeat","logger":"airflow.task.hooks.airflow.providers.standard.hooks.subprocess.SubprocessHook","filename":"subprocess.py","lineno":99}
{"timestamp":"2026-06-02T15:18:02.933917Z","level":"info","event":"26/06/02 15:18:02 INFO DiskBlockManager: Created local directory at /tmp/blockmgr-e2c14e55-4699-42c7-be92-d3475643eb9e","logger":"airflow.task.hooks.airflow.providers.standard.hooks.subprocess.SubprocessHook","filename":"subprocess.py","lineno":99}
{"timestamp":"2026-06-02T15:18:02.948529Z","level":"info","event":"26/06/02 15:18:02 INFO MemoryStore: MemoryStore started with capacity 434.4 MiB","logger":"airflow.task.hooks.airflow.providers.standard.hooks.subprocess.SubprocessHook","filename":"subprocess.py","lineno":99}
{"timestamp":"2026-06-02T15:18:02.964615Z","level":"info","event":"26/06/02 15:18:02 INFO SparkEnv: Registering OutputCommitCoordinator","logger":"airflow.task.hooks.airflow.providers.standard.hooks.subprocess.SubprocessHook","filename":"subprocess.py","lineno":99}
{"timestamp":"2026-06-02T15:18:03.077154Z","level":"info","event":"26/06/02 15:18:03 INFO JettyUtils: Start Jetty 0.0.0.0:4040 for SparkUI","logger":"airflow.task.hooks.airflow.providers.standard.hooks.subprocess.SubprocessHook","filename":"subprocess.py","lineno":99}
{"timestamp":"2026-06-02T15:18:03.122395Z","level":"info","event":"26/06/02 15:18:03 INFO Utils: Successfully started service 'SparkUI' on port 4040.","logger":"airflow.task.hooks.airflow.providers.standard.hooks.subprocess.SubprocessHook","filename":"subprocess.py","lineno":99}
{"timestamp":"2026-06-02T15:18:03.204753Z","level":"info","event":"26/06/02 15:18:03 INFO Executor: Starting executor ID driver on host ac0ccb30c6a7","logger":"airflow.task.hooks.airflow.providers.standard.hooks.subprocess.SubprocessHook","filename":"subprocess.py","lineno":99}
{"timestamp":"2026-06-02T15:18:03.205066Z","level":"info","event":"26/06/02 15:18:03 INFO Executor: OS info Linux, 6.6.87.2-microsoft-standard-WSL2, amd64","logger":"airflow.task.hooks.airflow.providers.standard.hooks.subprocess.SubprocessHook","filename":"subprocess.py","lineno":99}
{"timestamp":"2026-06-02T15:18:03.205894Z","level":"info","event":"26/06/02 15:18:03 INFO Executor: Java version 11.0.29","logger":"airflow.task.hooks.airflow.providers.standard.hooks.subprocess.SubprocessHook","filename":"subprocess.py","lineno":99}
{"timestamp":"2026-06-02T15:18:03.214096Z","level":"info","event":"26/06/02 15:18:03 INFO Executor: Starting executor with user classpath (userClassPathFirst = false): ''","logger":"airflow.task.hooks.airflow.providers.standard.hooks.subprocess.SubprocessHook","filename":"subprocess.py","lineno":99}
{"timestamp":"2026-06-02T15:18:03.214278Z","level":"info","event":"26/06/02 15:18:03 INFO Executor: Created or updated repl class loader org.apache.spark.util.MutableURLClassLoader@183710e4 for default.","logger":"airflow.task.hooks.airflow.providers.standard.hooks.subprocess.SubprocessHook","filename":"subprocess.py","lineno":99}
{"timestamp":"2026-06-02T15:18:03.239842Z","level":"info","event":"26/06/02 15:18:03 INFO Utils: Successfully started service 'org.apache.spark.network.netty.NettyBlockTransferService' on port 33903.","logger":"airflow.task.hooks.airflow.providers.standard.hooks.subprocess.SubprocessHook","filename":"subprocess.py","lineno":99}
{"timestamp":"2026-06-02T15:18:03.240017Z","level":"info","event":"26/06/02 15:18:03 INFO NettyBlockTransferService: Server created on ac0ccb30c6a7:33903","logger":"airflow.task.hooks.airflow.providers.standard.hooks.subprocess.SubprocessHook","filename":"subprocess.py","lineno":99}
{"timestamp":"2026-06-02T15:18:03.241597Z","level":"info","event":"26/06/02 15:18:03 INFO BlockManager: Using org.apache.spark.storage.RandomBlockReplicationPolicy for block replication policy","logger":"airflow.task.hooks.airflow.providers.standard.hooks.subprocess.SubprocessHook","filename":"subprocess.py","lineno":99}
{"timestamp":"2026-06-02T15:18:03.248198Z","level":"info","event":"26/06/02 15:18:03 INFO BlockManagerMaster: Registering BlockManager BlockManagerId(driver, ac0ccb30c6a7, 33903, None)","logger":"airflow.task.hooks.airflow.providers.standard.hooks.subprocess.SubprocessHook","filename":"subprocess.py","lineno":99}
{"timestamp":"2026-06-02T15:18:03.251502Z","level":"info","event":"26/06/02 15:18:03 INFO BlockManagerMasterEndpoint: Registering block manager ac0ccb30c6a7:33903 with 434.4 MiB RAM, BlockManagerId(driver, ac0ccb30c6a7, 33903, None)","logger":"airflow.task.hooks.airflow.providers.standard.hooks.subprocess.SubprocessHook","filename":"subprocess.py","lineno":99}
{"timestamp":"2026-06-02T15:18:03.254999Z","level":"info","event":"26/06/02 15:18:03 INFO BlockManagerMaster: Registered BlockManager BlockManagerId(driver, ac0ccb30c6a7, 33903, None)","logger":"airflow.task.hooks.airflow.providers.standard.hooks.subprocess.SubprocessHook","filename":"subprocess.py","lineno":99}
{"timestamp":"2026-06-02T15:18:03.256644Z","level":"info","event":"26/06/02 15:18:03 INFO BlockManager: Initialized BlockManager: BlockManagerId(driver, ac0ccb30c6a7, 33903, None)","logger":"airflow.task.hooks.airflow.providers.standard.hooks.subprocess.SubprocessHook","filename":"subprocess.py","lineno":99}
{"timestamp":"2026-06-02T15:18:03.583068Z","level":"info","event":"Dang lay danh sach duong dan file excel trong bucket = bronze, prefix = economic_report_excel_files/","logger":"airflow.task.hooks.airflow.providers.standard.hooks.subprocess.SubprocessHook","filename":"subprocess.py","lineno":99}
{"timestamp":"2026-06-02T15:18:03.583338Z","level":"info","event":"GET FILE EXCEL PATHS SUCCESSFULLY !!!!","logger":"airflow.task.hooks.airflow.providers.standard.hooks.subprocess.SubprocessHook","filename":"subprocess.py","lineno":99}
{"timestamp":"2026-06-02T15:18:03.804679Z","level":"info","event":"duyệt qua từng đường dẫn đọc file và trích xuất dữ liệu","logger":"airflow.task.hooks.airflow.providers.standard.hooks.subprocess.SubprocessHook","filename":"subprocess.py","lineno":99}
{"timestamp":"2026-06-02T15:18:03.804843Z","level":"info","event":"FILE EXCEL: YEAR : 2025, MONTH = 12","logger":"airflow.task.hooks.airflow.providers.standard.hooks.subprocess.SubprocessHook","filename":"subprocess.py","lineno":99}
{"timestamp":"2026-06-02T15:18:03.808962Z","level":"info","event":"-1","logger":"airflow.task.hooks.airflow.providers.standard.hooks.subprocess.SubprocessHook","filename":"subprocess.py","lineno":99}
{"timestamp":"2026-06-02T15:18:03.811264Z","level":"info","event":"-1","logger":"airflow.task.hooks.airflow.providers.standard.hooks.subprocess.SubprocessHook","filename":"subprocess.py","lineno":99}
{"timestamp":"2026-06-02T15:18:03.817160Z","level":"info","event":"-1","logger":"airflow.task.hooks.airflow.providers.standard.hooks.subprocess.SubprocessHook","filename":"subprocess.py","lineno":99}
{"timestamp":"2026-06-02T15:18:03.819639Z","level":"info","event":"-1","logger":"airflow.task.hooks.airflow.providers.standard.hooks.subprocess.SubprocessHook","filename":"subprocess.py","lineno":99}
{"timestamp":"2026-06-02T15:18:03.822718Z","level":"info","event":"-1","logger":"airflow.task.hooks.airflow.providers.standard.hooks.subprocess.SubprocessHook","filename":"subprocess.py","lineno":99}
{"timestamp":"2026-06-02T15:18:03.824080Z","level":"info","event":"-1","logger":"airflow.task.hooks.airflow.providers.standard.hooks.subprocess.SubprocessHook","filename":"subprocess.py","lineno":99}
{"timestamp":"2026-06-02T15:18:03.826105Z","level":"info","event":"-1","logger":"airflow.task.hooks.airflow.providers.standard.hooks.subprocess.SubprocessHook","filename":"subprocess.py","lineno":99}
{"timestamp":"2026-06-02T15:18:03.828207Z","level":"info","event":"-1","logger":"airflow.task.hooks.airflow.providers.standard.hooks.subprocess.SubprocessHook","filename":"subprocess.py","lineno":99}
{"timestamp":"2026-06-02T15:18:03.830008Z","level":"info","event":"-1","logger":"airflow.task.hooks.airflow.providers.standard.hooks.subprocess.SubprocessHook","filename":"subprocess.py","lineno":99}
{"timestamp":"2026-06-02T15:18:03.833502Z","level":"info","event":"-1","logger":"airflow.task.hooks.airflow.providers.standard.hooks.subprocess.SubprocessHook","filename":"subprocess.py","lineno":99}
{"timestamp":"2026-06-02T15:18:03.836660Z","level":"info","event":"-1","logger":"airflow.task.hooks.airflow.providers.standard.hooks.subprocess.SubprocessHook","filename":"subprocess.py","lineno":99}
{"timestamp":"2026-06-02T15:18:03.839871Z","level":"info","event":"-1","logger":"airflow.task.hooks.airflow.providers.standard.hooks.subprocess.SubprocessHook","filename":"subprocess.py","lineno":99}
{"timestamp":"2026-06-02T15:18:03.842605Z","level":"info","event":"-1","logger":"airflow.task.hooks.airflow.providers.standard.hooks.subprocess.SubprocessHook","filename":"subprocess.py","lineno":99}
{"timestamp":"2026-06-02T15:18:03.845524Z","level":"info","event":"-1","logger":"airflow.task.hooks.airflow.providers.standard.hooks.subprocess.SubprocessHook","filename":"subprocess.py","lineno":99}
{"timestamp":"2026-06-02T15:18:03.848377Z","level":"info","event":"-1","logger":"airflow.task.hooks.airflow.providers.standard.hooks.subprocess.SubprocessHook","filename":"subprocess.py","lineno":99}
{"timestamp":"2026-06-02T15:18:03.850504Z","level":"info","event":"-1","logger":"airflow.task.hooks.airflow.providers.standard.hooks.subprocess.SubprocessHook","filename":"subprocess.py","lineno":99}
{"timestamp":"2026-06-02T15:18:03.854474Z","level":"info","event":"-1","logger":"airflow.task.hooks.airflow.providers.standard.hooks.subprocess.SubprocessHook","filename":"subprocess.py","lineno":99}
{"timestamp":"2026-06-02T15:18:03.857928Z","level":"info","event":"-1","logger":"airflow.task.hooks.airflow.providers.standard.hooks.subprocess.SubprocessHook","filename":"subprocess.py","lineno":99}
{"timestamp":"2026-06-02T15:18:03.860719Z","level":"info","event":"-1","logger":"airflow.task.hooks.airflow.providers.standard.hooks.subprocess.SubprocessHook","filename":"subprocess.py","lineno":99}
{"timestamp":"2026-06-02T15:18:03.862656Z","level":"info","event":"-1","logger":"airflow.task.hooks.airflow.providers.standard.hooks.subprocess.SubprocessHook","filename":"subprocess.py","lineno":99}
{"timestamp":"2026-06-02T15:18:03.865287Z","level":"info","event":"-1","logger":"airflow.task.hooks.airflow.providers.standard.hooks.subprocess.SubprocessHook","filename":"subprocess.py","lineno":99}
{"timestamp":"2026-06-02T15:18:03.867951Z","level":"info","event":"-1","logger":"airflow.task.hooks.airflow.providers.standard.hooks.subprocess.SubprocessHook","filename":"subprocess.py","lineno":99}
{"timestamp":"2026-06-02T15:18:03.871761Z","level":"info","event":"-1","logger":"airflow.task.hooks.airflow.providers.standard.hooks.subprocess.SubprocessHook","filename":"subprocess.py","lineno":99}
{"timestamp":"2026-06-02T15:18:03.876297Z","level":"info","event":"-1","logger":"airflow.task.hooks.airflow.providers.standard.hooks.subprocess.SubprocessHook","filename":"subprocess.py","lineno":99}
{"timestamp":"2026-06-02T15:18:03.879962Z","level":"info","event":"-1","logger":"airflow.task.hooks.airflow.providers.standard.hooks.subprocess.SubprocessHook","filename":"subprocess.py","lineno":99}
{"timestamp":"2026-06-02T15:18:03.881928Z","level":"info","event":"-1","logger":"airflow.task.hooks.airflow.providers.standard.hooks.subprocess.SubprocessHook","filename":"subprocess.py","lineno":99}
{"timestamp":"2026-06-02T15:18:03.884452Z","level":"info","event":"-1","logger":"airflow.task.hooks.airflow.providers.standard.hooks.subprocess.SubprocessHook","filename":"subprocess.py","lineno":99}
{"timestamp":"2026-06-02T15:18:03.890502Z","level":"info","event":"-1","logger":"airflow.task.hooks.airflow.providers.standard.hooks.subprocess.SubprocessHook","filename":"subprocess.py","lineno":99}
{"timestamp":"2026-06-02T15:18:03.896413Z","level":"info","event":"-1","logger":"airflow.task.hooks.airflow.providers.standard.hooks.subprocess.SubprocessHook","filename":"subprocess.py","lineno":99}
{"timestamp":"2026-06-02T15:18:03.901160Z","level":"info","event":"-1","logger":"airflow.task.hooks.airflow.providers.standard.hooks.subprocess.SubprocessHook","filename":"subprocess.py","lineno":99}
{"timestamp":"2026-06-02T15:18:03.906811Z","level":"info","event":"-1","logger":"airflow.task.hooks.airflow.providers.standard.hooks.subprocess.SubprocessHook","filename":"subprocess.py","lineno":99}
{"timestamp":"2026-06-02T15:18:03.910598Z","level":"info","event":"-1","logger":"airflow.task.hooks.airflow.providers.standard.hooks.subprocess.SubprocessHook","filename":"subprocess.py","lineno":99}
{"timestamp":"2026-06-02T15:18:03.913164Z","level":"info","event":"-1","logger":"airflow.task.hooks.airflow.providers.standard.hooks.subprocess.SubprocessHook","filename":"subprocess.py","lineno":99}
{"timestamp":"2026-06-02T15:18:03.915546Z","level":"info","event":"-1","logger":"airflow.task.hooks.airflow.providers.standard.hooks.subprocess.SubprocessHook","filename":"subprocess.py","lineno":99}
{"timestamp":"2026-06-02T15:18:03.920627Z","level":"info","event":"-1","logger":"airflow.task.hooks.airflow.providers.standard.hooks.subprocess.SubprocessHook","filename":"subprocess.py","lineno":99}
{"timestamp":"2026-06-02T15:18:03.923529Z","level":"info","event":"-1","logger":"airflow.task.hooks.airflow.providers.standard.hooks.subprocess.SubprocessHook","filename":"subprocess.py","lineno":99}
{"timestamp":"2026-06-02T15:18:03.928427Z","level":"info","event":"-1","logger":"airflow.task.hooks.airflow.providers.standard.hooks.subprocess.SubprocessHook","filename":"subprocess.py","lineno":99}
{"timestamp":"2026-06-02T15:18:03.931211Z","level":"info","event":"-1","logger":"airflow.task.hooks.airflow.providers.standard.hooks.subprocess.SubprocessHook","filename":"subprocess.py","lineno":99}
{"timestamp":"2026-06-02T15:18:03.934942Z","level":"info","event":"-1","logger":"airflow.task.hooks.airflow.providers.standard.hooks.subprocess.SubprocessHook","filename":"subprocess.py","lineno":99}
{"timestamp":"2026-06-02T15:18:03.938029Z","level":"info","event":"-1","logger":"airflow.task.hooks.airflow.providers.standard.hooks.subprocess.SubprocessHook","filename":"subprocess.py","lineno":99}
{"timestamp":"2026-06-02T15:18:03.940845Z","level":"info","event":"-1","logger":"airflow.task.hooks.airflow.providers.standard.hooks.subprocess.SubprocessHook","filename":"subprocess.py","lineno":99}
{"timestamp":"2026-06-02T15:18:03.944045Z","level":"info","event":"-1","logger":"airflow.task.hooks.airflow.providers.standard.hooks.subprocess.SubprocessHook","filename":"subprocess.py","lineno":99}
{"timestamp":"2026-06-02T15:18:03.947036Z","level":"info","event":"-1","logger":"airflow.task.hooks.airflow.providers.standard.hooks.subprocess.SubprocessHook","filename":"subprocess.py","lineno":99}
{"timestamp":"2026-06-02T15:18:03.953212Z","level":"info","event":"-1","logger":"airflow.task.hooks.airflow.providers.standard.hooks.subprocess.SubprocessHook","filename":"subprocess.py","lineno":99}
{"timestamp":"2026-06-02T15:18:03.958188Z","level":"info","event":"-1","logger":"airflow.task.hooks.airflow.providers.standard.hooks.subprocess.SubprocessHook","filename":"subprocess.py","lineno":99}
{"timestamp":"2026-06-02T15:18:03.960118Z","level":"info","event":"-1","logger":"airflow.task.hooks.airflow.providers.standard.hooks.subprocess.SubprocessHook","filename":"subprocess.py","lineno":99}
{"timestamp":"2026-06-02T15:18:03.962684Z","level":"info","event":"-1","logger":"airflow.task.hooks.airflow.providers.standard.hooks.subprocess.SubprocessHook","filename":"subprocess.py","lineno":99}
{"timestamp":"2026-06-02T15:18:03.964235Z","level":"info","event":"-1","logger":"airflow.task.hooks.airflow.providers.standard.hooks.subprocess.SubprocessHook","filename":"subprocess.py","lineno":99}
{"timestamp":"2026-06-02T15:18:03.965933Z","level":"info","event":"-1","logger":"airflow.task.hooks.airflow.providers.standard.hooks.subprocess.SubprocessHook","filename":"subprocess.py","lineno":99}
{"timestamp":"2026-06-02T15:18:03.968482Z","level":"info","event":"-1","logger":"airflow.task.hooks.airflow.providers.standard.hooks.subprocess.SubprocessHook","filename":"subprocess.py","lineno":99}
{"timestamp":"2026-06-02T15:18:03.970268Z","level":"info","event":"ENTER <2026","logger":"airflow.task.hooks.airflow.providers.standard.hooks.subprocess.SubprocessHook","filename":"subprocess.py","lineno":99}
{"timestamp":"2026-06-02T15:18:03.979121Z","level":"info","event":"Bắt đầu insert dữ liệu vào SILVER layer","logger":"airflow.task.hooks.airflow.providers.standard.hooks.subprocess.SubprocessHook","filename":"subprocess.py","lineno":99}
{"timestamp":"2026-06-02T15:18:04.025483Z","level":"info","event":"26/06/02 15:18:04 INFO SharedState: Setting hive.metastore.warehouse.dir ('null') to the value of spark.sql.warehouse.dir.","logger":"airflow.task.hooks.airflow.providers.standard.hooks.subprocess.SubprocessHook","filename":"subprocess.py","lineno":99}
{"timestamp":"2026-06-02T15:18:04.113558Z","level":"info","event":"26/06/02 15:18:04 WARN MetricsConfig: Cannot locate configuration: tried hadoop-metrics2-s3a-file-system.properties,hadoop-metrics2.properties","logger":"airflow.task.hooks.airflow.providers.standard.hooks.subprocess.SubprocessHook","filename":"subprocess.py","lineno":99}
{"timestamp":"2026-06-02T15:18:04.123349Z","level":"info","event":"26/06/02 15:18:04 INFO MetricsSystemImpl: Scheduled Metric snapshot period at 10 second(s).","logger":"airflow.task.hooks.airflow.providers.standard.hooks.subprocess.SubprocessHook","filename":"subprocess.py","lineno":99}
{"timestamp":"2026-06-02T15:18:04.123498Z","level":"info","event":"26/06/02 15:18:04 INFO MetricsSystemImpl: s3a-file-system metrics system started","logger":"airflow.task.hooks.airflow.providers.standard.hooks.subprocess.SubprocessHook","filename":"subprocess.py","lineno":99}
{"timestamp":"2026-06-02T15:18:04.675101Z","level":"info","event":"26/06/02 15:18:04 INFO SharedState: Warehouse path is 's3a://warehouse/'.","logger":"airflow.task.hooks.airflow.providers.standard.hooks.subprocess.SubprocessHook","filename":"subprocess.py","lineno":99}
{"timestamp":"2026-06-02T15:18:06.217319Z","level":"info","event":"root","logger":"airflow.task.hooks.airflow.providers.standard.hooks.subprocess.SubprocessHook","filename":"subprocess.py","lineno":99}
{"timestamp":"2026-06-02T15:18:06.217967Z","level":"info","event":" |-- aquatic_type: string (nullable = true)","logger":"airflow.task.hooks.airflow.providers.standard.hooks.subprocess.SubprocessHook","filename":"subprocess.py","lineno":99}
{"timestamp":"2026-06-02T15:18:06.218192Z","level":"info","event":" |-- product_name: string (nullable = true)","logger":"airflow.task.hooks.airflow.providers.standard.hooks.subprocess.SubprocessHook","filename":"subprocess.py","lineno":99}
{"timestamp":"2026-06-02T15:18:06.218317Z","level":"info","event":" |-- value: double (nullable = true)","logger":"airflow.task.hooks.airflow.providers.standard.hooks.subprocess.SubprocessHook","filename":"subprocess.py","lineno":99}
{"timestamp":"2026-06-02T15:18:06.218425Z","level":"info","event":" |-- unit: string (nullable = true)","logger":"airflow.task.hooks.airflow.providers.standard.hooks.subprocess.SubprocessHook","filename":"subprocess.py","lineno":99}
{"timestamp":"2026-06-02T15:18:06.218493Z","level":"info","event":" |-- quarter: integer (nullable = true)","logger":"airflow.task.hooks.airflow.providers.standard.hooks.subprocess.SubprocessHook","filename":"subprocess.py","lineno":99}
{"timestamp":"2026-06-02T15:18:06.218550Z","level":"info","event":" |-- year: integer (nullable = true)","logger":"airflow.task.hooks.airflow.providers.standard.hooks.subprocess.SubprocessHook","filename":"subprocess.py","lineno":99}
{"timestamp":"2026-06-02T15:18:06.218606Z","level":"info","event":" |-- ingest_at: timestamp (nullable = true)","logger":"airflow.task.hooks.airflow.providers.standard.hooks.subprocess.SubprocessHook","filename":"subprocess.py","lineno":99}
{"timestamp":"2026-06-02T15:18:06.218663Z","level":"info","event":"","logger":"airflow.task.hooks.airflow.providers.standard.hooks.subprocess.SubprocessHook","filename":"subprocess.py","lineno":99}
{"timestamp":"2026-06-02T15:18:06.218723Z","level":"info","event":"Đang tải dữ liệu vào SILVER.Aquatic_products","logger":"airflow.task.hooks.airflow.providers.standard.hooks.subprocess.SubprocessHook","filename":"subprocess.py","lineno":99}
{"timestamp":"2026-06-02T15:18:06.873680Z","level":"info","event":"26/06/02 15:18:06 INFO CodeGenerator: Code generated in 142.684741 ms","logger":"airflow.task.hooks.airflow.providers.standard.hooks.subprocess.SubprocessHook","filename":"subprocess.py","lineno":99}
{"timestamp":"2026-06-02T15:18:06.921907Z","level":"info","event":"26/06/02 15:18:06 INFO SparkContext: Starting job: showString at NativeMethodAccessorImpl.java:0","logger":"airflow.task.hooks.airflow.providers.standard.hooks.subprocess.SubprocessHook","filename":"subprocess.py","lineno":99}
{"timestamp":"2026-06-02T15:18:06.934147Z","level":"info","event":"26/06/02 15:18:06 INFO DAGScheduler: Got job 0 (showString at NativeMethodAccessorImpl.java:0) with 1 output partitions","logger":"airflow.task.hooks.airflow.providers.standard.hooks.subprocess.SubprocessHook","filename":"subprocess.py","lineno":99}
{"timestamp":"2026-06-02T15:18:06.934359Z","level":"info","event":"26/06/02 15:18:06 INFO DAGScheduler: Final stage: ResultStage 0 (showString at NativeMethodAccessorImpl.java:0)","logger":"airflow.task.hooks.airflow.providers.standard.hooks.subprocess.SubprocessHook","filename":"subprocess.py","lineno":99}
{"timestamp":"2026-06-02T15:18:06.934530Z","level":"info","event":"26/06/02 15:18:06 INFO DAGScheduler: Parents of final stage: List()","logger":"airflow.task.hooks.airflow.providers.standard.hooks.subprocess.SubprocessHook","filename":"subprocess.py","lineno":99}
{"timestamp":"2026-06-02T15:18:06.937179Z","level":"info","event":"26/06/02 15:18:06 INFO DAGScheduler: Missing parents: List()","logger":"airflow.task.hooks.airflow.providers.standard.hooks.subprocess.SubprocessHook","filename":"subprocess.py","lineno":99}
{"timestamp":"2026-06-02T15:18:06.940453Z","level":"info","event":"26/06/02 15:18:06 INFO DAGScheduler: Submitting ResultStage 0 (MapPartitionsRDD[6] at showString at NativeMethodAccessorImpl.java:0), which has no missing parents","logger":"airflow.task.hooks.airflow.providers.standard.hooks.subprocess.SubprocessHook","filename":"subprocess.py","lineno":99}
{"timestamp":"2026-06-02T15:18:07.014912Z","level":"info","event":"26/06/02 15:18:07 INFO MemoryStore: Block broadcast_0 stored as values in memory (estimated size 15.6 KiB, free 434.4 MiB)","logger":"airflow.task.hooks.airflow.providers.standard.hooks.subprocess.SubprocessHook","filename":"subprocess.py","lineno":99}
{"timestamp":"2026-06-02T15:18:07.049437Z","level":"info","event":"26/06/02 15:18:07 INFO MemoryStore: Block broadcast_0_piece0 stored as bytes in memory (estimated size 7.7 KiB, free 434.4 MiB)","logger":"airflow.task.hooks.airflow.providers.standard.hooks.subprocess.SubprocessHook","filename":"subprocess.py","lineno":99}
{"timestamp":"2026-06-02T15:18:07.052218Z","level":"info","event":"26/06/02 15:18:07 INFO BlockManagerInfo: Added broadcast_0_piece0 in memory on ac0ccb30c6a7:33903 (size: 7.7 KiB, free: 434.4 MiB)","logger":"airflow.task.hooks.airflow.providers.standard.hooks.subprocess.SubprocessHook","filename":"subprocess.py","lineno":99}
{"timestamp":"2026-06-02T15:18:07.055075Z","level":"info","event":"26/06/02 15:18:07 INFO SparkContext: Created broadcast 0 from broadcast at DAGScheduler.scala:1611","logger":"airflow.task.hooks.airflow.providers.standard.hooks.subprocess.SubprocessHook","filename":"subprocess.py","lineno":99}
{"timestamp":"2026-06-02T15:18:07.067505Z","level":"info","event":"26/06/02 15:18:07 INFO DAGScheduler: Submitting 1 missing tasks from ResultStage 0 (MapPartitionsRDD[6] at showString at NativeMethodAccessorImpl.java:0) (first 15 tasks are for partitions Vector(0))","logger":"airflow.task.hooks.airflow.providers.standard.hooks.subprocess.SubprocessHook","filename":"subprocess.py","lineno":99}
{"timestamp":"2026-06-02T15:18:07.068368Z","level":"info","event":"26/06/02 15:18:07 INFO TaskSchedulerImpl: Adding task set 0.0 with 1 tasks resource profile 0","logger":"airflow.task.hooks.airflow.providers.standard.hooks.subprocess.SubprocessHook","filename":"subprocess.py","lineno":99}
{"timestamp":"2026-06-02T15:18:07.102401Z","level":"info","event":"26/06/02 15:18:07 INFO TaskSetManager: Starting task 0.0 in stage 0.0 (TID 0) (ac0ccb30c6a7, executor driver, partition 0, PROCESS_LOCAL, 8979 bytes)","logger":"airflow.task.hooks.airflow.providers.standard.hooks.subprocess.SubprocessHook","filename":"subprocess.py","lineno":99}
{"timestamp":"2026-06-02T15:18:07.114852Z","level":"info","event":"26/06/02 15:18:07 INFO Executor: Running task 0.0 in stage 0.0 (TID 0)","logger":"airflow.task.hooks.airflow.providers.standard.hooks.subprocess.SubprocessHook","filename":"subprocess.py","lineno":99}
{"timestamp":"2026-06-02T15:18:07.657529Z","level":"info","event":"26/06/02 15:18:07 INFO CodeGenerator: Code generated in 20.738067 ms","logger":"airflow.task.hooks.airflow.providers.standard.hooks.subprocess.SubprocessHook","filename":"subprocess.py","lineno":99}
{"timestamp":"2026-06-02T15:18:07.710395Z","level":"info","event":"26/06/02 15:18:07 INFO PythonRunner: Times: total = 509, boot = 427, init = 82, finish = 0","logger":"airflow.task.hooks.airflow.providers.standard.hooks.subprocess.SubprocessHook","filename":"subprocess.py","lineno":99}
{"timestamp":"2026-06-02T15:18:07.739287Z","level":"info","event":"26/06/02 15:18:07 INFO Executor: Finished task 0.0 in stage 0.0 (TID 0). 1929 bytes result sent to driver","logger":"airflow.task.hooks.airflow.providers.standard.hooks.subprocess.SubprocessHook","filename":"subprocess.py","lineno":99}
{"timestamp":"2026-06-02T15:18:07.747480Z","level":"info","event":"26/06/02 15:18:07 INFO TaskSetManager: Finished task 0.0 in stage 0.0 (TID 0) in 655 ms on ac0ccb30c6a7 (executor driver) (1/1)","logger":"airflow.task.hooks.airflow.providers.standard.hooks.subprocess.SubprocessHook","filename":"subprocess.py","lineno":99}
{"timestamp":"2026-06-02T15:18:07.748703Z","level":"info","event":"26/06/02 15:18:07 INFO TaskSchedulerImpl: Removed TaskSet 0.0, whose tasks have all completed, from pool","logger":"airflow.task.hooks.airflow.providers.standard.hooks.subprocess.SubprocessHook","filename":"subprocess.py","lineno":99}
{"timestamp":"2026-06-02T15:18:07.751279Z","level":"info","event":"26/06/02 15:18:07 INFO PythonAccumulatorV2: Connected to AccumulatorServer at host: 127.0.0.1 port: 53439","logger":"airflow.task.hooks.airflow.providers.standard.hooks.subprocess.SubprocessHook","filename":"subprocess.py","lineno":99}
{"timestamp":"2026-06-02T15:18:07.754335Z","level":"info","event":"26/06/02 15:18:07 INFO DAGScheduler: ResultStage 0 (showString at NativeMethodAccessorImpl.java:0) finished in 0.804 s","logger":"airflow.task.hooks.airflow.providers.standard.hooks.subprocess.SubprocessHook","filename":"subprocess.py","lineno":99}
{"timestamp":"2026-06-02T15:18:07.756332Z","level":"info","event":"26/06/02 15:18:07 INFO DAGScheduler: Job 0 is finished. Cancelling potential speculative or zombie tasks for this job","logger":"airflow.task.hooks.airflow.providers.standard.hooks.subprocess.SubprocessHook","filename":"subprocess.py","lineno":99}
{"timestamp":"2026-06-02T15:18:07.756832Z","level":"info","event":"26/06/02 15:18:07 INFO TaskSchedulerImpl: Killing all running tasks in stage 0: Stage finished","logger":"airflow.task.hooks.airflow.providers.standard.hooks.subprocess.SubprocessHook","filename":"subprocess.py","lineno":99}
{"timestamp":"2026-06-02T15:18:07.758172Z","level":"info","event":"26/06/02 15:18:07 INFO DAGScheduler: Job 0 finished: showString at NativeMethodAccessorImpl.java:0, took 0.836798 s","logger":"airflow.task.hooks.airflow.providers.standard.hooks.subprocess.SubprocessHook","filename":"subprocess.py","lineno":99}
{"timestamp":"2026-06-02T15:18:07.768908Z","level":"info","event":"26/06/02 15:18:07 INFO SparkContext: Starting job: showString at NativeMethodAccessorImpl.java:0","logger":"airflow.task.hooks.airflow.providers.standard.hooks.subprocess.SubprocessHook","filename":"subprocess.py","lineno":99}
{"timestamp":"2026-06-02T15:18:07.769796Z","level":"info","event":"26/06/02 15:18:07 INFO DAGScheduler: Got job 1 (showString at NativeMethodAccessorImpl.java:0) with 4 output partitions","logger":"airflow.task.hooks.airflow.providers.standard.hooks.subprocess.SubprocessHook","filename":"subprocess.py","lineno":99}
{"timestamp":"2026-06-02T15:18:07.769887Z","level":"info","event":"26/06/02 15:18:07 INFO DAGScheduler: Final stage: ResultStage 1 (showString at NativeMethodAccessorImpl.java:0)","logger":"airflow.task.hooks.airflow.providers.standard.hooks.subprocess.SubprocessHook","filename":"subprocess.py","lineno":99}
{"timestamp":"2026-06-02T15:18:07.769917Z","level":"info","event":"26/06/02 15:18:07 INFO DAGScheduler: Parents of final stage: List()","logger":"airflow.task.hooks.airflow.providers.standard.hooks.subprocess.SubprocessHook","filename":"subprocess.py","lineno":99}
{"timestamp":"2026-06-02T15:18:07.770109Z","level":"info","event":"26/06/02 15:18:07 INFO DAGScheduler: Missing parents: List()","logger":"airflow.task.hooks.airflow.providers.standard.hooks.subprocess.SubprocessHook","filename":"subprocess.py","lineno":99}
{"timestamp":"2026-06-02T15:18:07.773180Z","level":"info","event":"26/06/02 15:18:07 INFO DAGScheduler: Submitting ResultStage 1 (MapPartitionsRDD[6] at showString at NativeMethodAccessorImpl.java:0), which has no missing parents","logger":"airflow.task.hooks.airflow.providers.standard.hooks.subprocess.SubprocessHook","filename":"subprocess.py","lineno":99}
{"timestamp":"2026-06-02T15:18:07.776482Z","level":"info","event":"26/06/02 15:18:07 INFO MemoryStore: Block broadcast_1 stored as values in memory (estimated size 15.6 KiB, free 434.4 MiB)","logger":"airflow.task.hooks.airflow.providers.standard.hooks.subprocess.SubprocessHook","filename":"subprocess.py","lineno":99}
{"timestamp":"2026-06-02T15:18:07.789151Z","level":"info","event":"26/06/02 15:18:07 INFO MemoryStore: Block broadcast_1_piece0 stored as bytes in memory (estimated size 7.7 KiB, free 434.4 MiB)","logger":"airflow.task.hooks.airflow.providers.standard.hooks.subprocess.SubprocessHook","filename":"subprocess.py","lineno":99}
{"timestamp":"2026-06-02T15:18:07.789411Z","level":"info","event":"26/06/02 15:18:07 INFO BlockManagerInfo: Added broadcast_1_piece0 in memory on ac0ccb30c6a7:33903 (size: 7.7 KiB, free: 434.4 MiB)","logger":"airflow.task.hooks.airflow.providers.standard.hooks.subprocess.SubprocessHook","filename":"subprocess.py","lineno":99}
{"timestamp":"2026-06-02T15:18:07.790339Z","level":"info","event":"26/06/02 15:18:07 INFO SparkContext: Created broadcast 1 from broadcast at DAGScheduler.scala:1611","logger":"airflow.task.hooks.airflow.providers.standard.hooks.subprocess.SubprocessHook","filename":"subprocess.py","lineno":99}
{"timestamp":"2026-06-02T15:18:07.792619Z","level":"info","event":"26/06/02 15:18:07 INFO DAGScheduler: Submitting 4 missing tasks from ResultStage 1 (MapPartitionsRDD[6] at showString at NativeMethodAccessorImpl.java:0) (first 15 tasks are for partitions Vector(1, 2, 3, 4))","logger":"airflow.task.hooks.airflow.providers.standard.hooks.subprocess.SubprocessHook","filename":"subprocess.py","lineno":99}
{"timestamp":"2026-06-02T15:18:07.792888Z","level":"info","event":"26/06/02 15:18:07 INFO TaskSchedulerImpl: Adding task set 1.0 with 4 tasks resource profile 0","logger":"airflow.task.hooks.airflow.providers.standard.hooks.subprocess.SubprocessHook","filename":"subprocess.py","lineno":99}
{"timestamp":"2026-06-02T15:18:07.796340Z","level":"info","event":"26/06/02 15:18:07 INFO TaskSetManager: Starting task 0.0 in stage 1.0 (TID 1) (ac0ccb30c6a7, executor driver, partition 1, PROCESS_LOCAL, 8979 bytes)","logger":"airflow.task.hooks.airflow.providers.standard.hooks.subprocess.SubprocessHook","filename":"subprocess.py","lineno":99}
{"timestamp":"2026-06-02T15:18:07.796628Z","level":"info","event":"26/06/02 15:18:07 INFO TaskSetManager: Starting task 1.0 in stage 1.0 (TID 2) (ac0ccb30c6a7, executor driver, partition 2, PROCESS_LOCAL, 9067 bytes)","logger":"airflow.task.hooks.airflow.providers.standard.hooks.subprocess.SubprocessHook","filename":"subprocess.py","lineno":99}
{"timestamp":"2026-06-02T15:18:07.797333Z","level":"info","event":"26/06/02 15:18:07 INFO TaskSetManager: Starting task 2.0 in stage 1.0 (TID 3) (ac0ccb30c6a7, executor driver, partition 3, PROCESS_LOCAL, 8979 bytes)","logger":"airflow.task.hooks.airflow.providers.standard.hooks.subprocess.SubprocessHook","filename":"subprocess.py","lineno":99}
{"timestamp":"2026-06-02T15:18:07.798020Z","level":"info","event":"26/06/02 15:18:07 INFO TaskSetManager: Starting task 3.0 in stage 1.0 (TID 4) (ac0ccb30c6a7, executor driver, partition 4, PROCESS_LOCAL, 8979 bytes)","logger":"airflow.task.hooks.airflow.providers.standard.hooks.subprocess.SubprocessHook","filename":"subprocess.py","lineno":99}
{"timestamp":"2026-06-02T15:18:07.798777Z","level":"info","event":"26/06/02 15:18:07 INFO Executor: Running task 0.0 in stage 1.0 (TID 1)","logger":"airflow.task.hooks.airflow.providers.standard.hooks.subprocess.SubprocessHook","filename":"subprocess.py","lineno":99}
{"timestamp":"2026-06-02T15:18:07.801639Z","level":"info","event":"26/06/02 15:18:07 INFO Executor: Running task 1.0 in stage 1.0 (TID 2)","logger":"airflow.task.hooks.airflow.providers.standard.hooks.subprocess.SubprocessHook","filename":"subprocess.py","lineno":99}
{"timestamp":"2026-06-02T15:18:07.803715Z","level":"info","event":"26/06/02 15:18:07 INFO Executor: Running task 3.0 in stage 1.0 (TID 4)","logger":"airflow.task.hooks.airflow.providers.standard.hooks.subprocess.SubprocessHook","filename":"subprocess.py","lineno":99}
{"timestamp":"2026-06-02T15:18:07.804167Z","level":"info","event":"26/06/02 15:18:07 INFO Executor: Running task 2.0 in stage 1.0 (TID 3)","logger":"airflow.task.hooks.airflow.providers.standard.hooks.subprocess.SubprocessHook","filename":"subprocess.py","lineno":99}
{"timestamp":"2026-06-02T15:18:07.842261Z","level":"info","event":"26/06/02 15:18:07 INFO BlockManagerInfo: Removed broadcast_0_piece0 on ac0ccb30c6a7:33903 in memory (size: 7.7 KiB, free: 434.4 MiB)","logger":"airflow.task.hooks.airflow.providers.standard.hooks.subprocess.SubprocessHook","filename":"subprocess.py","lineno":99}
{"timestamp":"2026-06-02T15:18:07.897223Z","level":"info","event":"26/06/02 15:18:07 INFO PythonRunner: Times: total = 77, boot = -103, init = 180, finish = 0","logger":"airflow.task.hooks.airflow.providers.standard.hooks.subprocess.SubprocessHook","filename":"subprocess.py","lineno":99}
{"timestamp":"2026-06-02T15:18:07.905569Z","level":"info","event":"26/06/02 15:18:07 INFO Executor: Finished task 0.0 in stage 1.0 (TID 1). 1886 bytes result sent to driver","logger":"airflow.task.hooks.airflow.providers.standard.hooks.subprocess.SubprocessHook","filename":"subprocess.py","lineno":99}
{"timestamp":"2026-06-02T15:18:07.910276Z","level":"info","event":"26/06/02 15:18:07 INFO TaskSetManager: Finished task 0.0 in stage 1.0 (TID 1) in 113 ms on ac0ccb30c6a7 (executor driver) (1/4)","logger":"airflow.task.hooks.airflow.providers.standard.hooks.subprocess.SubprocessHook","filename":"subprocess.py","lineno":99}
{"timestamp":"2026-06-02T15:18:07.950285Z","level":"info","event":"26/06/02 15:18:07 INFO PythonRunner: Times: total = 115, boot = 14, init = 101, finish = 0","logger":"airflow.task.hooks.airflow.providers.standard.hooks.subprocess.SubprocessHook","filename":"subprocess.py","lineno":99}
{"timestamp":"2026-06-02T15:18:07.958519Z","level":"info","event":"26/06/02 15:18:07 INFO PythonRunner: Times: total = 120, boot = 5, init = 115, finish = 0","logger":"airflow.task.hooks.airflow.providers.standard.hooks.subprocess.SubprocessHook","filename":"subprocess.py","lineno":99}
{"timestamp":"2026-06-02T15:18:07.963180Z","level":"info","event":"26/06/02 15:18:07 INFO Executor: Finished task 3.0 in stage 1.0 (TID 4). 1886 bytes result sent to driver","logger":"airflow.task.hooks.airflow.providers.standard.hooks.subprocess.SubprocessHook","filename":"subprocess.py","lineno":99}
{"timestamp":"2026-06-02T15:18:07.964229Z","level":"info","event":"26/06/02 15:18:07 INFO Executor: Finished task 2.0 in stage 1.0 (TID 3). 1886 bytes result sent to driver","logger":"airflow.task.hooks.airflow.providers.standard.hooks.subprocess.SubprocessHook","filename":"subprocess.py","lineno":99}
{"timestamp":"2026-06-02T15:18:07.969028Z","level":"info","event":"26/06/02 15:18:07 INFO TaskSetManager: Finished task 2.0 in stage 1.0 (TID 3) in 171 ms on ac0ccb30c6a7 (executor driver) (2/4)","logger":"airflow.task.hooks.airflow.providers.standard.hooks.subprocess.SubprocessHook","filename":"subprocess.py","lineno":99}
{"timestamp":"2026-06-02T15:18:07.970193Z","level":"info","event":"26/06/02 15:18:07 INFO TaskSetManager: Finished task 3.0 in stage 1.0 (TID 4) in 172 ms on ac0ccb30c6a7 (executor driver) (3/4)","logger":"airflow.task.hooks.airflow.providers.standard.hooks.subprocess.SubprocessHook","filename":"subprocess.py","lineno":99}
{"timestamp":"2026-06-02T15:18:07.991136Z","level":"info","event":"26/06/02 15:18:07 INFO PythonRunner: Times: total = 118, boot = 9, init = 108, finish = 1","logger":"airflow.task.hooks.airflow.providers.standard.hooks.subprocess.SubprocessHook","filename":"subprocess.py","lineno":99}
{"timestamp":"2026-06-02T15:18:07.994502Z","level":"info","event":"26/06/02 15:18:07 INFO Executor: Finished task 1.0 in stage 1.0 (TID 2). 2045 bytes result sent to driver","logger":"airflow.task.hooks.airflow.providers.standard.hooks.subprocess.SubprocessHook","filename":"subprocess.py","lineno":99}
{"timestamp":"2026-06-02T15:18:07.995380Z","level":"info","event":"26/06/02 15:18:07 INFO TaskSetManager: Finished task 1.0 in stage 1.0 (TID 2) in 199 ms on ac0ccb30c6a7 (executor driver) (4/4)","logger":"airflow.task.hooks.airflow.providers.standard.hooks.subprocess.SubprocessHook","filename":"subprocess.py","lineno":99}
{"timestamp":"2026-06-02T15:18:07.995602Z","level":"info","event":"26/06/02 15:18:07 INFO TaskSchedulerImpl: Removed TaskSet 1.0, whose tasks have all completed, from pool","logger":"airflow.task.hooks.airflow.providers.standard.hooks.subprocess.SubprocessHook","filename":"subprocess.py","lineno":99}
{"timestamp":"2026-06-02T15:18:07.996984Z","level":"info","event":"26/06/02 15:18:07 INFO DAGScheduler: ResultStage 1 (showString at NativeMethodAccessorImpl.java:0) finished in 0.223 s","logger":"airflow.task.hooks.airflow.providers.standard.hooks.subprocess.SubprocessHook","filename":"subprocess.py","lineno":99}
{"timestamp":"2026-06-02T15:18:07.997224Z","level":"info","event":"26/06/02 15:18:07 INFO DAGScheduler: Job 1 is finished. Cancelling potential speculative or zombie tasks for this job","logger":"airflow.task.hooks.airflow.providers.standard.hooks.subprocess.SubprocessHook","filename":"subprocess.py","lineno":99}
{"timestamp":"2026-06-02T15:18:07.997351Z","level":"info","event":"26/06/02 15:18:07 INFO TaskSchedulerImpl: Killing all running tasks in stage 1: Stage finished","logger":"airflow.task.hooks.airflow.providers.standard.hooks.subprocess.SubprocessHook","filename":"subprocess.py","lineno":99}
{"timestamp":"2026-06-02T15:18:07.998659Z","level":"info","event":"26/06/02 15:18:07 INFO DAGScheduler: Job 1 finished: showString at NativeMethodAccessorImpl.java:0, took 0.229688 s","logger":"airflow.task.hooks.airflow.providers.standard.hooks.subprocess.SubprocessHook","filename":"subprocess.py","lineno":99}
{"timestamp":"2026-06-02T15:18:08.006713Z","level":"info","event":"26/06/02 15:18:08 INFO SparkContext: Starting job: showString at NativeMethodAccessorImpl.java:0","logger":"airflow.task.hooks.airflow.providers.standard.hooks.subprocess.SubprocessHook","filename":"subprocess.py","lineno":99}
{"timestamp":"2026-06-02T15:18:08.007927Z","level":"info","event":"26/06/02 15:18:08 INFO DAGScheduler: Got job 2 (showString at NativeMethodAccessorImpl.java:0) with 11 output partitions","logger":"airflow.task.hooks.airflow.providers.standard.hooks.subprocess.SubprocessHook","filename":"subprocess.py","lineno":99}
{"timestamp":"2026-06-02T15:18:08.008148Z","level":"info","event":"26/06/02 15:18:08 INFO DAGScheduler: Final stage: ResultStage 2 (showString at NativeMethodAccessorImpl.java:0)","logger":"airflow.task.hooks.airflow.providers.standard.hooks.subprocess.SubprocessHook","filename":"subprocess.py","lineno":99}
{"timestamp":"2026-06-02T15:18:08.008228Z","level":"info","event":"26/06/02 15:18:08 INFO DAGScheduler: Parents of final stage: List()","logger":"airflow.task.hooks.airflow.providers.standard.hooks.subprocess.SubprocessHook","filename":"subprocess.py","lineno":99}
{"timestamp":"2026-06-02T15:18:08.008380Z","level":"info","event":"26/06/02 15:18:08 INFO DAGScheduler: Missing parents: List()","logger":"airflow.task.hooks.airflow.providers.standard.hooks.subprocess.SubprocessHook","filename":"subprocess.py","lineno":99}
{"timestamp":"2026-06-02T15:18:08.009977Z","level":"info","event":"26/06/02 15:18:08 INFO DAGScheduler: Submitting ResultStage 2 (MapPartitionsRDD[6] at showString at NativeMethodAccessorImpl.java:0), which has no missing parents","logger":"airflow.task.hooks.airflow.providers.standard.hooks.subprocess.SubprocessHook","filename":"subprocess.py","lineno":99}
{"timestamp":"2026-06-02T15:18:08.015853Z","level":"info","event":"26/06/02 15:18:08 INFO MemoryStore: Block broadcast_2 stored as values in memory (estimated size 15.6 KiB, free 434.4 MiB)","logger":"airflow.task.hooks.airflow.providers.standard.hooks.subprocess.SubprocessHook","filename":"subprocess.py","lineno":99}
{"timestamp":"2026-06-02T15:18:08.023265Z","level":"info","event":"26/06/02 15:18:08 INFO MemoryStore: Block broadcast_2_piece0 stored as bytes in memory (estimated size 7.7 KiB, free 434.4 MiB)","logger":"airflow.task.hooks.airflow.providers.standard.hooks.subprocess.SubprocessHook","filename":"subprocess.py","lineno":99}
{"timestamp":"2026-06-02T15:18:08.024855Z","level":"info","event":"26/06/02 15:18:08 INFO BlockManagerInfo: Added broadcast_2_piece0 in memory on ac0ccb30c6a7:33903 (size: 7.7 KiB, free: 434.4 MiB)","logger":"airflow.task.hooks.airflow.providers.standard.hooks.subprocess.SubprocessHook","filename":"subprocess.py","lineno":99}
{"timestamp":"2026-06-02T15:18:08.025590Z","level":"info","event":"26/06/02 15:18:08 INFO SparkContext: Created broadcast 2 from broadcast at DAGScheduler.scala:1611","logger":"airflow.task.hooks.airflow.providers.standard.hooks.subprocess.SubprocessHook","filename":"subprocess.py","lineno":99}
{"timestamp":"2026-06-02T15:18:08.025755Z","level":"info","event":"26/06/02 15:18:08 INFO BlockManagerInfo: Removed broadcast_1_piece0 on ac0ccb30c6a7:33903 in memory (size: 7.7 KiB, free: 434.4 MiB)","logger":"airflow.task.hooks.airflow.providers.standard.hooks.subprocess.SubprocessHook","filename":"subprocess.py","lineno":99}
{"timestamp":"2026-06-02T15:18:08.026563Z","level":"info","event":"26/06/02 15:18:08 INFO DAGScheduler: Submitting 11 missing tasks from ResultStage 2 (MapPartitionsRDD[6] at showString at NativeMethodAccessorImpl.java:0) (first 15 tasks are for partitions Vector(5, 6, 7, 8, 9, 10, 11, 12, 13, 14, 15))","logger":"airflow.task.hooks.airflow.providers.standard.hooks.subprocess.SubprocessHook","filename":"subprocess.py","lineno":99}
{"timestamp":"2026-06-02T15:18:08.026701Z","level":"info","event":"26/06/02 15:18:08 INFO TaskSchedulerImpl: Adding task set 2.0 with 11 tasks resource profile 0","logger":"airflow.task.hooks.airflow.providers.standard.hooks.subprocess.SubprocessHook","filename":"subprocess.py","lineno":99}
{"timestamp":"2026-06-02T15:18:08.029417Z","level":"info","event":"26/06/02 15:18:08 INFO TaskSetManager: Starting task 0.0 in stage 2.0 (TID 5) (ac0ccb30c6a7, executor driver, partition 5, PROCESS_LOCAL, 9068 bytes)","logger":"airflow.task.hooks.airflow.providers.standard.hooks.subprocess.SubprocessHook","filename":"subprocess.py","lineno":99}
{"timestamp":"2026-06-02T15:18:08.029636Z","level":"info","event":"26/06/02 15:18:08 INFO TaskSetManager: Starting task 1.0 in stage 2.0 (TID 6) (ac0ccb30c6a7, executor driver, partition 6, PROCESS_LOCAL, 8979 bytes)","logger":"airflow.task.hooks.airflow.providers.standard.hooks.subprocess.SubprocessHook","filename":"subprocess.py","lineno":99}
{"timestamp":"2026-06-02T15:18:08.030886Z","level":"info","event":"26/06/02 15:18:08 INFO TaskSetManager: Starting task 2.0 in stage 2.0 (TID 7) (ac0ccb30c6a7, executor driver, partition 7, PROCESS_LOCAL, 9082 bytes)","logger":"airflow.task.hooks.airflow.providers.standard.hooks.subprocess.SubprocessHook","filename":"subprocess.py","lineno":99}
{"timestamp":"2026-06-02T15:18:08.031343Z","level":"info","event":"26/06/02 15:18:08 INFO TaskSetManager: Starting task 3.0 in stage 2.0 (TID 8) (ac0ccb30c6a7, executor driver, partition 8, PROCESS_LOCAL, 8979 bytes)","logger":"airflow.task.hooks.airflow.providers.standard.hooks.subprocess.SubprocessHook","filename":"subprocess.py","lineno":99}
{"timestamp":"2026-06-02T15:18:08.032914Z","level":"info","event":"26/06/02 15:18:08 INFO TaskSetManager: Starting task 4.0 in stage 2.0 (TID 9) (ac0ccb30c6a7, executor driver, partition 9, PROCESS_LOCAL, 8979 bytes)","logger":"airflow.task.hooks.airflow.providers.standard.hooks.subprocess.SubprocessHook","filename":"subprocess.py","lineno":99}
{"timestamp":"2026-06-02T15:18:08.033187Z","level":"info","event":"26/06/02 15:18:08 INFO TaskSetManager: Starting task 5.0 in stage 2.0 (TID 10) (ac0ccb30c6a7, executor driver, partition 10, PROCESS_LOCAL, 9064 bytes)","logger":"airflow.task.hooks.airflow.providers.standard.hooks.subprocess.SubprocessHook","filename":"subprocess.py","lineno":99}
{"timestamp":"2026-06-02T15:18:08.034342Z","level":"info","event":"26/06/02 15:18:08 INFO TaskSetManager: Starting task 6.0 in stage 2.0 (TID 11) (ac0ccb30c6a7, executor driver, partition 11, PROCESS_LOCAL, 8979 bytes)","logger":"airflow.task.hooks.airflow.providers.standard.hooks.subprocess.SubprocessHook","filename":"subprocess.py","lineno":99}
{"timestamp":"2026-06-02T15:18:08.034534Z","level":"info","event":"26/06/02 15:18:08 INFO TaskSetManager: Starting task 7.0 in stage 2.0 (TID 12) (ac0ccb30c6a7, executor driver, partition 12, PROCESS_LOCAL, 8979 bytes)","logger":"airflow.task.hooks.airflow.providers.standard.hooks.subprocess.SubprocessHook","filename":"subprocess.py","lineno":99}
{"timestamp":"2026-06-02T15:18:08.035895Z","level":"info","event":"26/06/02 15:18:08 INFO TaskSetManager: Starting task 8.0 in stage 2.0 (TID 13) (ac0ccb30c6a7, executor driver, partition 13, PROCESS_LOCAL, 9065 bytes)","logger":"airflow.task.hooks.airflow.providers.standard.hooks.subprocess.SubprocessHook","filename":"subprocess.py","lineno":99}
{"timestamp":"2026-06-02T15:18:08.037192Z","level":"info","event":"26/06/02 15:18:08 INFO TaskSetManager: Starting task 9.0 in stage 2.0 (TID 14) (ac0ccb30c6a7, executor driver, partition 14, PROCESS_LOCAL, 8979 bytes)","logger":"airflow.task.hooks.airflow.providers.standard.hooks.subprocess.SubprocessHook","filename":"subprocess.py","lineno":99}
{"timestamp":"2026-06-02T15:18:08.038005Z","level":"info","event":"26/06/02 15:18:08 INFO TaskSetManager: Starting task 10.0 in stage 2.0 (TID 15) (ac0ccb30c6a7, executor driver, partition 15, PROCESS_LOCAL, 9079 bytes)","logger":"airflow.task.hooks.airflow.providers.standard.hooks.subprocess.SubprocessHook","filename":"subprocess.py","lineno":99}
{"timestamp":"2026-06-02T15:18:08.039902Z","level":"info","event":"26/06/02 15:18:08 INFO Executor: Running task 0.0 in stage 2.0 (TID 5)","logger":"airflow.task.hooks.airflow.providers.standard.hooks.subprocess.SubprocessHook","filename":"subprocess.py","lineno":99}
{"timestamp":"2026-06-02T15:18:08.040119Z","level":"info","event":"26/06/02 15:18:08 INFO Executor: Running task 2.0 in stage 2.0 (TID 7)","logger":"airflow.task.hooks.airflow.providers.standard.hooks.subprocess.SubprocessHook","filename":"subprocess.py","lineno":99}
{"timestamp":"2026-06-02T15:18:08.040224Z","level":"info","event":"26/06/02 15:18:08 INFO Executor: Running task 1.0 in stage 2.0 (TID 6)","logger":"airflow.task.hooks.airflow.providers.standard.hooks.subprocess.SubprocessHook","filename":"subprocess.py","lineno":99}
{"timestamp":"2026-06-02T15:18:08.040304Z","level":"info","event":"26/06/02 15:18:08 INFO Executor: Running task 3.0 in stage 2.0 (TID 8)","logger":"airflow.task.hooks.airflow.providers.standard.hooks.subprocess.SubprocessHook","filename":"subprocess.py","lineno":99}
{"timestamp":"2026-06-02T15:18:08.047771Z","level":"info","event":"26/06/02 15:18:08 INFO Executor: Running task 4.0 in stage 2.0 (TID 9)","logger":"airflow.task.hooks.airflow.providers.standard.hooks.subprocess.SubprocessHook","filename":"subprocess.py","lineno":99}
{"timestamp":"2026-06-02T15:18:08.048145Z","level":"info","event":"26/06/02 15:18:08 INFO Executor: Running task 6.0 in stage 2.0 (TID 11)","logger":"airflow.task.hooks.airflow.providers.standard.hooks.subprocess.SubprocessHook","filename":"subprocess.py","lineno":99}
{"timestamp":"2026-06-02T15:18:08.052184Z","level":"info","event":"26/06/02 15:18:08 INFO Executor: Running task 9.0 in stage 2.0 (TID 14)","logger":"airflow.task.hooks.airflow.providers.standard.hooks.subprocess.SubprocessHook","filename":"subprocess.py","lineno":99}
{"timestamp":"2026-06-02T15:18:08.052494Z","level":"info","event":"26/06/02 15:18:08 INFO Executor: Running task 5.0 in stage 2.0 (TID 10)","logger":"airflow.task.hooks.airflow.providers.standard.hooks.subprocess.SubprocessHook","filename":"subprocess.py","lineno":99}
{"timestamp":"2026-06-02T15:18:08.052635Z","level":"info","event":"26/06/02 15:18:08 INFO Executor: Running task 8.0 in stage 2.0 (TID 13)","logger":"airflow.task.hooks.airflow.providers.standard.hooks.subprocess.SubprocessHook","filename":"subprocess.py","lineno":99}
{"timestamp":"2026-06-02T15:18:08.052730Z","level":"info","event":"26/06/02 15:18:08 INFO Executor: Running task 7.0 in stage 2.0 (TID 12)","logger":"airflow.task.hooks.airflow.providers.standard.hooks.subprocess.SubprocessHook","filename":"subprocess.py","lineno":99}
{"timestamp":"2026-06-02T15:18:08.056164Z","level":"info","event":"26/06/02 15:18:08 INFO Executor: Running task 10.0 in stage 2.0 (TID 15)","logger":"airflow.task.hooks.airflow.providers.standard.hooks.subprocess.SubprocessHook","filename":"subprocess.py","lineno":99}
{"timestamp":"2026-06-02T15:18:08.163195Z","level":"info","event":"26/06/02 15:18:08 INFO PythonRunner: Times: total = 105, boot = -146, init = 251, finish = 0","logger":"airflow.task.hooks.airflow.providers.standard.hooks.subprocess.SubprocessHook","filename":"subprocess.py","lineno":99}
{"timestamp":"2026-06-02T15:18:08.183738Z","level":"info","event":"26/06/02 15:18:08 INFO PythonRunner: Times: total = 115, boot = -91, init = 206, finish = 0","logger":"airflow.task.hooks.airflow.providers.standard.hooks.subprocess.SubprocessHook","filename":"subprocess.py","lineno":99}
{"timestamp":"2026-06-02T15:18:08.184263Z","level":"info","event":"26/06/02 15:18:08 INFO PythonRunner: Times: total = 116, boot = -93, init = 209, finish = 0","logger":"airflow.task.hooks.airflow.providers.standard.hooks.subprocess.SubprocessHook","filename":"subprocess.py","lineno":99}
{"timestamp":"2026-06-02T15:18:08.187359Z","level":"info","event":"26/06/02 15:18:08 INFO PythonRunner: Times: total = 113, boot = -92, init = 205, finish = 0","logger":"airflow.task.hooks.airflow.providers.standard.hooks.subprocess.SubprocessHook","filename":"subprocess.py","lineno":99}
{"timestamp":"2026-06-02T15:18:08.188971Z","level":"info","event":"26/06/02 15:18:08 INFO Executor: Finished task 0.0 in stage 2.0 (TID 5). 2049 bytes result sent to driver","logger":"airflow.task.hooks.airflow.providers.standard.hooks.subprocess.SubprocessHook","filename":"subprocess.py","lineno":99}
{"timestamp":"2026-06-02T15:18:08.189338Z","level":"info","event":"26/06/02 15:18:08 INFO Executor: Finished task 8.0 in stage 2.0 (TID 13). 2034 bytes result sent to driver","logger":"airflow.task.hooks.airflow.providers.standard.hooks.subprocess.SubprocessHook","filename":"subprocess.py","lineno":99}
{"timestamp":"2026-06-02T15:18:08.195077Z","level":"info","event":"26/06/02 15:18:08 INFO TaskSetManager: Finished task 0.0 in stage 2.0 (TID 5) in 166 ms on ac0ccb30c6a7 (executor driver) (1/11)","logger":"airflow.task.hooks.airflow.providers.standard.hooks.subprocess.SubprocessHook","filename":"subprocess.py","lineno":99}
{"timestamp":"2026-06-02T15:18:08.195484Z","level":"info","event":"26/06/02 15:18:08 INFO Executor: Finished task 4.0 in stage 2.0 (TID 9). 1886 bytes result sent to driver","logger":"airflow.task.hooks.airflow.providers.standard.hooks.subprocess.SubprocessHook","filename":"subprocess.py","lineno":99}
{"timestamp":"2026-06-02T15:18:08.196322Z","level":"info","event":"26/06/02 15:18:08 INFO TaskSetManager: Finished task 8.0 in stage 2.0 (TID 13) in 161 ms on ac0ccb30c6a7 (executor driver) (2/11)","logger":"airflow.task.hooks.airflow.providers.standard.hooks.subprocess.SubprocessHook","filename":"subprocess.py","lineno":99}
{"timestamp":"2026-06-02T15:18:08.199166Z","level":"info","event":"26/06/02 15:18:08 INFO TaskSetManager: Finished task 4.0 in stage 2.0 (TID 9) in 167 ms on ac0ccb30c6a7 (executor driver) (3/11)","logger":"airflow.task.hooks.airflow.providers.standard.hooks.subprocess.SubprocessHook","filename":"subprocess.py","lineno":99}
{"timestamp":"2026-06-02T15:18:08.212116Z","level":"info","event":"26/06/02 15:18:08 INFO Executor: Finished task 3.0 in stage 2.0 (TID 8). 1886 bytes result sent to driver","logger":"airflow.task.hooks.airflow.providers.standard.hooks.subprocess.SubprocessHook","filename":"subprocess.py","lineno":99}
{"timestamp":"2026-06-02T15:18:08.217259Z","level":"info","event":"26/06/02 15:18:08 INFO TaskSetManager: Finished task 3.0 in stage 2.0 (TID 8) in 185 ms on ac0ccb30c6a7 (executor driver) (4/11)","logger":"airflow.task.hooks.airflow.providers.standard.hooks.subprocess.SubprocessHook","filename":"subprocess.py","lineno":99}
{"timestamp":"2026-06-02T15:18:08.239506Z","level":"info","event":"26/06/02 15:18:08 INFO PythonRunner: Times: total = 179, boot = 7, init = 172, finish = 0","logger":"airflow.task.hooks.airflow.providers.standard.hooks.subprocess.SubprocessHook","filename":"subprocess.py","lineno":99}
{"timestamp":"2026-06-02T15:18:08.244191Z","level":"info","event":"26/06/02 15:18:08 INFO Executor: Finished task 6.0 in stage 2.0 (TID 11). 1886 bytes result sent to driver","logger":"airflow.task.hooks.airflow.providers.standard.hooks.subprocess.SubprocessHook","filename":"subprocess.py","lineno":99}
{"timestamp":"2026-06-02T15:18:08.250148Z","level":"info","event":"26/06/02 15:18:08 INFO TaskSetManager: Finished task 6.0 in stage 2.0 (TID 11) in 215 ms on ac0ccb30c6a7 (executor driver) (5/11)","logger":"airflow.task.hooks.airflow.providers.standard.hooks.subprocess.SubprocessHook","filename":"subprocess.py","lineno":99}
{"timestamp":"2026-06-02T15:18:08.264652Z","level":"info","event":"26/06/02 15:18:08 INFO PythonRunner: Times: total = 203, boot = 23, init = 180, finish = 0","logger":"airflow.task.hooks.airflow.providers.standard.hooks.subprocess.SubprocessHook","filename":"subprocess.py","lineno":99}
{"timestamp":"2026-06-02T15:18:08.265067Z","level":"info","event":"26/06/02 15:18:08 INFO PythonRunner: Times: total = 200, boot = 13, init = 187, finish = 0","logger":"airflow.task.hooks.airflow.providers.standard.hooks.subprocess.SubprocessHook","filename":"subprocess.py","lineno":99}
{"timestamp":"2026-06-02T15:18:08.285225Z","level":"info","event":"26/06/02 15:18:08 INFO PythonRunner: Times: total = 209, boot = 33, init = 175, finish = 1","logger":"airflow.task.hooks.airflow.providers.standard.hooks.subprocess.SubprocessHook","filename":"subprocess.py","lineno":99}
{"timestamp":"2026-06-02T15:18:08.285631Z","level":"info","event":"26/06/02 15:18:08 INFO Executor: Finished task 1.0 in stage 2.0 (TID 6). 1886 bytes result sent to driver","logger":"airflow.task.hooks.airflow.providers.standard.hooks.subprocess.SubprocessHook","filename":"subprocess.py","lineno":99}
{"timestamp":"2026-06-02T15:18:08.285759Z","level":"info","event":"26/06/02 15:18:08 INFO Executor: Finished task 10.0 in stage 2.0 (TID 15). 2053 bytes result sent to driver","logger":"airflow.task.hooks.airflow.providers.standard.hooks.subprocess.SubprocessHook","filename":"subprocess.py","lineno":99}
{"timestamp":"2026-06-02T15:18:08.290706Z","level":"info","event":"26/06/02 15:18:08 INFO Executor: Finished task 5.0 in stage 2.0 (TID 10). 2042 bytes result sent to driver","logger":"airflow.task.hooks.airflow.providers.standard.hooks.subprocess.SubprocessHook","filename":"subprocess.py","lineno":99}
{"timestamp":"2026-06-02T15:18:08.291058Z","level":"info","event":"26/06/02 15:18:08 INFO TaskSetManager: Finished task 1.0 in stage 2.0 (TID 6) in 260 ms on ac0ccb30c6a7 (executor driver) (6/11)","logger":"airflow.task.hooks.airflow.providers.standard.hooks.subprocess.SubprocessHook","filename":"subprocess.py","lineno":99}
{"timestamp":"2026-06-02T15:18:08.291285Z","level":"info","event":"26/06/02 15:18:08 INFO TaskSetManager: Finished task 10.0 in stage 2.0 (TID 15) in 254 ms on ac0ccb30c6a7 (executor driver) (7/11)","logger":"airflow.task.hooks.airflow.providers.standard.hooks.subprocess.SubprocessHook","filename":"subprocess.py","lineno":99}
{"timestamp":"2026-06-02T15:18:08.291803Z","level":"info","event":"26/06/02 15:18:08 INFO TaskSetManager: Finished task 5.0 in stage 2.0 (TID 10) in 259 ms on ac0ccb30c6a7 (executor driver) (8/11)","logger":"airflow.task.hooks.airflow.providers.standard.hooks.subprocess.SubprocessHook","filename":"subprocess.py","lineno":99}
{"timestamp":"2026-06-02T15:18:08.291965Z","level":"info","event":"26/06/02 15:18:08 INFO PythonRunner: Times: total = 232, boot = 40, init = 191, finish = 1","logger":"airflow.task.hooks.airflow.providers.standard.hooks.subprocess.SubprocessHook","filename":"subprocess.py","lineno":99}
{"timestamp":"2026-06-02T15:18:08.299064Z","level":"info","event":"26/06/02 15:18:08 INFO PythonRunner: Times: total = 236, boot = 49, init = 187, finish = 0","logger":"airflow.task.hooks.airflow.providers.standard.hooks.subprocess.SubprocessHook","filename":"subprocess.py","lineno":99}
{"timestamp":"2026-06-02T15:18:08.299898Z","level":"info","event":"26/06/02 15:18:08 INFO Executor: Finished task 2.0 in stage 2.0 (TID 7). 2056 bytes result sent to driver","logger":"airflow.task.hooks.airflow.providers.standard.hooks.subprocess.SubprocessHook","filename":"subprocess.py","lineno":99}
{"timestamp":"2026-06-02T15:18:08.301866Z","level":"info","event":"26/06/02 15:18:08 INFO TaskSetManager: Finished task 2.0 in stage 2.0 (TID 7) in 271 ms on ac0ccb30c6a7 (executor driver) (9/11)","logger":"airflow.task.hooks.airflow.providers.standard.hooks.subprocess.SubprocessHook","filename":"subprocess.py","lineno":99}
{"timestamp":"2026-06-02T15:18:08.310499Z","level":"info","event":"26/06/02 15:18:08 INFO Executor: Finished task 7.0 in stage 2.0 (TID 12). 1886 bytes result sent to driver","logger":"airflow.task.hooks.airflow.providers.standard.hooks.subprocess.SubprocessHook","filename":"subprocess.py","lineno":99}
{"timestamp":"2026-06-02T15:18:08.312222Z","level":"info","event":"26/06/02 15:18:08 INFO TaskSetManager: Finished task 7.0 in stage 2.0 (TID 12) in 278 ms on ac0ccb30c6a7 (executor driver) (10/11)","logger":"airflow.task.hooks.airflow.providers.standard.hooks.subprocess.SubprocessHook","filename":"subprocess.py","lineno":99}
{"timestamp":"2026-06-02T15:18:08.313075Z","level":"info","event":"26/06/02 15:18:08 INFO PythonRunner: Times: total = 232, boot = 39, init = 192, finish = 1","logger":"airflow.task.hooks.airflow.providers.standard.hooks.subprocess.SubprocessHook","filename":"subprocess.py","lineno":99}
{"timestamp":"2026-06-02T15:18:08.316365Z","level":"info","event":"26/06/02 15:18:08 INFO Executor: Finished task 9.0 in stage 2.0 (TID 14). 1886 bytes result sent to driver","logger":"airflow.task.hooks.airflow.providers.standard.hooks.subprocess.SubprocessHook","filename":"subprocess.py","lineno":99}
{"timestamp":"2026-06-02T15:18:08.318942Z","level":"info","event":"26/06/02 15:18:08 INFO TaskSetManager: Finished task 9.0 in stage 2.0 (TID 14) in 282 ms on ac0ccb30c6a7 (executor driver) (11/11)","logger":"airflow.task.hooks.airflow.providers.standard.hooks.subprocess.SubprocessHook","filename":"subprocess.py","lineno":99}
{"timestamp":"2026-06-02T15:18:08.319191Z","level":"info","event":"26/06/02 15:18:08 INFO TaskSchedulerImpl: Removed TaskSet 2.0, whose tasks have all completed, from pool","logger":"airflow.task.hooks.airflow.providers.standard.hooks.subprocess.SubprocessHook","filename":"subprocess.py","lineno":99}
{"timestamp":"2026-06-02T15:18:08.320763Z","level":"info","event":"26/06/02 15:18:08 INFO DAGScheduler: ResultStage 2 (showString at NativeMethodAccessorImpl.java:0) finished in 0.308 s","logger":"airflow.task.hooks.airflow.providers.standard.hooks.subprocess.SubprocessHook","filename":"subprocess.py","lineno":99}
{"timestamp":"2026-06-02T15:18:08.321002Z","level":"info","event":"26/06/02 15:18:08 INFO DAGScheduler: Job 2 is finished. Cancelling potential speculative or zombie tasks for this job","logger":"airflow.task.hooks.airflow.providers.standard.hooks.subprocess.SubprocessHook","filename":"subprocess.py","lineno":99}
{"timestamp":"2026-06-02T15:18:08.321100Z","level":"info","event":"26/06/02 15:18:08 INFO TaskSchedulerImpl: Killing all running tasks in stage 2: Stage finished","logger":"airflow.task.hooks.airflow.providers.standard.hooks.subprocess.SubprocessHook","filename":"subprocess.py","lineno":99}
{"timestamp":"2026-06-02T15:18:08.322549Z","level":"info","event":"26/06/02 15:18:08 INFO DAGScheduler: Job 2 finished: showString at NativeMethodAccessorImpl.java:0, took 0.315047 s","logger":"airflow.task.hooks.airflow.providers.standard.hooks.subprocess.SubprocessHook","filename":"subprocess.py","lineno":99}
{"timestamp":"2026-06-02T15:18:08.564435Z","level":"info","event":"26/06/02 15:18:08 INFO BlockManagerInfo: Removed broadcast_2_piece0 on ac0ccb30c6a7:33903 in memory (size: 7.7 KiB, free: 434.4 MiB)","logger":"airflow.task.hooks.airflow.providers.standard.hooks.subprocess.SubprocessHook","filename":"subprocess.py","lineno":99}
{"timestamp":"2026-06-02T15:18:09.012105Z","level":"info","event":"26/06/02 15:18:09 INFO CodeGenerator: Code generated in 28.340898 ms","logger":"airflow.task.hooks.airflow.providers.standard.hooks.subprocess.SubprocessHook","filename":"subprocess.py","lineno":99}
{"timestamp":"2026-06-02T15:18:09.030512Z","level":"info","event":"+------------+-------------+------------------+---------+-------+----+--------------------+","logger":"airflow.task.hooks.airflow.providers.standard.hooks.subprocess.SubprocessHook","filename":"subprocess.py","lineno":99}
{"timestamp":"2026-06-02T15:18:09.030772Z","level":"info","event":"|aquatic_type| product_name|             value|     unit|quarter|year|           ingest_at|","logger":"airflow.task.hooks.airflow.providers.standard.hooks.subprocess.SubprocessHook","filename":"subprocess.py","lineno":99}
{"timestamp":"2026-06-02T15:18:09.030867Z","level":"info","event":"+------------+-------------+------------------+---------+-------+----+--------------------+","logger":"airflow.task.hooks.airflow.providers.standard.hooks.subprocess.SubprocessHook","filename":"subprocess.py","lineno":99}
{"timestamp":"2026-06-02T15:18:09.030917Z","level":"info","event":"|  Nuôi trồng|           Cá|            1238.3|Nghìn tấn|      4|2025|2026-06-02 15:18:...|","logger":"airflow.task.hooks.airflow.providers.standard.hooks.subprocess.SubprocessHook","filename":"subprocess.py","lineno":99}
{"timestamp":"2026-06-02T15:18:09.030960Z","level":"info","event":"|  Nuôi trồng|          Tôm|382.59999999999997|Nghìn tấn|      4|2025|2026-06-02 15:18:...|","logger":"airflow.task.hooks.airflow.providers.standard.hooks.subprocess.SubprocessHook","filename":"subprocess.py","lineno":99}
{"timestamp":"2026-06-02T15:18:09.031009Z","level":"info","event":"|  Nuôi trồng|Thủy sản khác|             205.8|Nghìn tấn|      4|2025|2026-06-02 15:18:...|","logger":"airflow.task.hooks.airflow.providers.standard.hooks.subprocess.SubprocessHook","filename":"subprocess.py","lineno":99}
{"timestamp":"2026-06-02T15:18:09.031057Z","level":"info","event":"|   Khai thác|           Cá|             614.1|Nghìn tấn|      4|2025|2026-06-02 15:18:...|","logger":"airflow.task.hooks.airflow.providers.standard.hooks.subprocess.SubprocessHook","filename":"subprocess.py","lineno":99}
{"timestamp":"2026-06-02T15:18:09.031094Z","level":"info","event":"|   Khai thác|          Tôm|              35.1|Nghìn tấn|      4|2025|2026-06-02 15:18:...|","logger":"airflow.task.hooks.airflow.providers.standard.hooks.subprocess.SubprocessHook","filename":"subprocess.py","lineno":99}
{"timestamp":"2026-06-02T15:18:09.031170Z","level":"info","event":"|   Khai thác|Thủy sản khác|             213.2|Nghìn tấn|      4|2025|2026-06-02 15:18:...|","logger":"airflow.task.hooks.airflow.providers.standard.hooks.subprocess.SubprocessHook","filename":"subprocess.py","lineno":99}
{"timestamp":"2026-06-02T15:18:09.031206Z","level":"info","event":"+------------+-------------+------------------+---------+-------+----+--------------------+","logger":"airflow.task.hooks.airflow.providers.standard.hooks.subprocess.SubprocessHook","filename":"subprocess.py","lineno":99}
{"timestamp":"2026-06-02T15:18:09.031271Z","level":"info","event":"","logger":"airflow.task.hooks.airflow.providers.standard.hooks.subprocess.SubprocessHook","filename":"subprocess.py","lineno":99}
{"timestamp":"2026-06-02T15:18:09.244823Z","level":"info","event":"26/06/02 15:18:09 INFO HiveConf: Found configuration file null","logger":"airflow.task.hooks.airflow.providers.standard.hooks.subprocess.SubprocessHook","filename":"subprocess.py","lineno":99}
{"timestamp":"2026-06-02T15:18:09.254272Z","level":"info","event":"26/06/02 15:18:09 INFO HiveUtils: Initializing HiveMetastoreConnection version 2.3.9 using Spark classes.","logger":"airflow.task.hooks.airflow.providers.standard.hooks.subprocess.SubprocessHook","filename":"subprocess.py","lineno":99}
{"timestamp":"2026-06-02T15:18:09.454353Z","level":"info","event":"26/06/02 15:18:09 INFO HiveClientImpl: Warehouse location for Hive client (version 2.3.9) is s3a://warehouse/","logger":"airflow.task.hooks.airflow.providers.standard.hooks.subprocess.SubprocessHook","filename":"subprocess.py","lineno":99}
{"timestamp":"2026-06-02T15:18:09.488842Z","level":"info","event":"26/06/02 15:18:09 INFO metastore: Trying to connect to metastore with URI thrift://hive:9083","logger":"airflow.task.hooks.airflow.providers.standard.hooks.subprocess.SubprocessHook","filename":"subprocess.py","lineno":99}
{"timestamp":"2026-06-02T15:18:09.504017Z","level":"info","event":"26/06/02 15:18:09 INFO metastore: Opened a connection to metastore, current connections: 1","logger":"airflow.task.hooks.airflow.providers.standard.hooks.subprocess.SubprocessHook","filename":"subprocess.py","lineno":99}
{"timestamp":"2026-06-02T15:18:09.523741Z","level":"info","event":"26/06/02 15:18:09 INFO metastore: Connected to metastore.","logger":"airflow.task.hooks.airflow.providers.standard.hooks.subprocess.SubprocessHook","filename":"subprocess.py","lineno":99}
{"timestamp":"2026-06-02T15:18:09.756373Z","level":"info","event":"26/06/02 15:18:09 INFO DelegatingLogStore: LogStore `LogStoreAdapter(io.delta.storage.S3SingleDriverLogStore)` is used for scheme `s3a`","logger":"airflow.task.hooks.airflow.providers.standard.hooks.subprocess.SubprocessHook","filename":"subprocess.py","lineno":99}
{"timestamp":"2026-06-02T15:18:09.933890Z","level":"info","event":"26/06/02 15:18:09 INFO DeltaLog: Loading version 0.","logger":"airflow.task.hooks.airflow.providers.standard.hooks.subprocess.SubprocessHook","filename":"subprocess.py","lineno":99}
{"timestamp":"2026-06-02T15:18:10.370769Z","level":"info","event":"26/06/02 15:18:10 INFO DeltaLogFileIndex: Created DeltaLogFileIndex(JSON, numFilesInSegment: 1, totalFileSize: 1190)","logger":"airflow.task.hooks.airflow.providers.standard.hooks.subprocess.SubprocessHook","filename":"subprocess.py","lineno":99}
{"timestamp":"2026-06-02T15:18:10.652391Z","level":"info","event":"26/06/02 15:18:10 INFO DataSourceStrategy: Pruning directories with:","logger":"airflow.task.hooks.airflow.providers.standard.hooks.subprocess.SubprocessHook","filename":"subprocess.py","lineno":99}
{"timestamp":"2026-06-02T15:18:10.670966Z","level":"info","event":"26/06/02 15:18:10 INFO FileSourceStrategy: Pushed Filters:","logger":"airflow.task.hooks.airflow.providers.standard.hooks.subprocess.SubprocessHook","filename":"subprocess.py","lineno":99}
{"timestamp":"2026-06-02T15:18:10.671157Z","level":"info","event":"26/06/02 15:18:10 INFO FileSourceStrategy: Post-Scan Filters: ((isnotnull(protocol#84.minReaderVersion) OR isnotnull(metaData#83.id)) OR (isnotnull(commitInfo#85.inCommitTimestamp) AND (version#86L = 0)))","logger":"airflow.task.hooks.airflow.providers.standard.hooks.subprocess.SubprocessHook","filename":"subprocess.py","lineno":99}
{"timestamp":"2026-06-02T15:18:10.784754Z","level":"info","event":"26/06/02 15:18:10 INFO CodeGenerator: Code generated in 75.284346 ms","logger":"airflow.task.hooks.airflow.providers.standard.hooks.subprocess.SubprocessHook","filename":"subprocess.py","lineno":99}
{"timestamp":"2026-06-02T15:18:10.799379Z","level":"info","event":"26/06/02 15:18:10 INFO MemoryStore: Block broadcast_3 stored as values in memory (estimated size 202.2 KiB, free 434.2 MiB)","logger":"airflow.task.hooks.airflow.providers.standard.hooks.subprocess.SubprocessHook","filename":"subprocess.py","lineno":99}
{"timestamp":"2026-06-02T15:18:10.825280Z","level":"info","event":"26/06/02 15:18:10 INFO MemoryStore: Block broadcast_3_piece0 stored as bytes in memory (estimated size 35.0 KiB, free 434.2 MiB)","logger":"airflow.task.hooks.airflow.providers.standard.hooks.subprocess.SubprocessHook","filename":"subprocess.py","lineno":99}
{"timestamp":"2026-06-02T15:18:10.825879Z","level":"info","event":"26/06/02 15:18:10 INFO BlockManagerInfo: Added broadcast_3_piece0 in memory on ac0ccb30c6a7:33903 (size: 35.0 KiB, free: 434.4 MiB)","logger":"airflow.task.hooks.airflow.providers.standard.hooks.subprocess.SubprocessHook","filename":"subprocess.py","lineno":99}
{"timestamp":"2026-06-02T15:18:10.826892Z","level":"info","event":"26/06/02 15:18:10 INFO SparkContext: Created broadcast 3 from $anonfun$recordDeltaOperationInternal$1 at DatabricksLogging.scala:128","logger":"airflow.task.hooks.airflow.providers.standard.hooks.subprocess.SubprocessHook","filename":"subprocess.py","lineno":99}
{"timestamp":"2026-06-02T15:18:10.857785Z","level":"info","event":"26/06/02 15:18:10 INFO FileSourceScanExec: Planning scan with bin packing, max size: 4194304 bytes, open cost is considered as scanning 4194304 bytes.","logger":"airflow.task.hooks.airflow.providers.standard.hooks.subprocess.SubprocessHook","filename":"subprocess.py","lineno":99}
{"timestamp":"2026-06-02T15:18:10.912901Z","level":"info","event":"26/06/02 15:18:10 INFO SparkContext: Starting job: $anonfun$recordDeltaOperationInternal$1 at DatabricksLogging.scala:128","logger":"airflow.task.hooks.airflow.providers.standard.hooks.subprocess.SubprocessHook","filename":"subprocess.py","lineno":99}
{"timestamp":"2026-06-02T15:18:10.914084Z","level":"info","event":"26/06/02 15:18:10 INFO DAGScheduler: Got job 3 ($anonfun$recordDeltaOperationInternal$1 at DatabricksLogging.scala:128) with 1 output partitions","logger":"airflow.task.hooks.airflow.providers.standard.hooks.subprocess.SubprocessHook","filename":"subprocess.py","lineno":99}
{"timestamp":"2026-06-02T15:18:10.914324Z","level":"info","event":"26/06/02 15:18:10 INFO DAGScheduler: Final stage: ResultStage 3 ($anonfun$recordDeltaOperationInternal$1 at DatabricksLogging.scala:128)","logger":"airflow.task.hooks.airflow.providers.standard.hooks.subprocess.SubprocessHook","filename":"subprocess.py","lineno":99}
{"timestamp":"2026-06-02T15:18:10.914435Z","level":"info","event":"26/06/02 15:18:10 INFO DAGScheduler: Parents of final stage: List()","logger":"airflow.task.hooks.airflow.providers.standard.hooks.subprocess.SubprocessHook","filename":"subprocess.py","lineno":99}
{"timestamp":"2026-06-02T15:18:10.914511Z","level":"info","event":"26/06/02 15:18:10 INFO DAGScheduler: Missing parents: List()","logger":"airflow.task.hooks.airflow.providers.standard.hooks.subprocess.SubprocessHook","filename":"subprocess.py","lineno":99}
{"timestamp":"2026-06-02T15:18:10.915940Z","level":"info","event":"26/06/02 15:18:10 INFO DAGScheduler: Submitting ResultStage 3 (MapPartitionsRDD[10] at $anonfun$recordDeltaOperationInternal$1 at DatabricksLogging.scala:128), which has no missing parents","logger":"airflow.task.hooks.airflow.providers.standard.hooks.subprocess.SubprocessHook","filename":"subprocess.py","lineno":99}
{"timestamp":"2026-06-02T15:18:10.921330Z","level":"info","event":"26/06/02 15:18:10 INFO MemoryStore: Block broadcast_4 stored as values in memory (estimated size 55.2 KiB, free 434.1 MiB)","logger":"airflow.task.hooks.airflow.providers.standard.hooks.subprocess.SubprocessHook","filename":"subprocess.py","lineno":99}
{"timestamp":"2026-06-02T15:18:10.929069Z","level":"info","event":"26/06/02 15:18:10 INFO MemoryStore: Block broadcast_4_piece0 stored as bytes in memory (estimated size 17.2 KiB, free 434.1 MiB)","logger":"airflow.task.hooks.airflow.providers.standard.hooks.subprocess.SubprocessHook","filename":"subprocess.py","lineno":99}
{"timestamp":"2026-06-02T15:18:10.929699Z","level":"info","event":"26/06/02 15:18:10 INFO BlockManagerInfo: Added broadcast_4_piece0 in memory on ac0ccb30c6a7:33903 (size: 17.2 KiB, free: 434.3 MiB)","logger":"airflow.task.hooks.airflow.providers.standard.hooks.subprocess.SubprocessHook","filename":"subprocess.py","lineno":99}
{"timestamp":"2026-06-02T15:18:10.930427Z","level":"info","event":"26/06/02 15:18:10 INFO SparkContext: Created broadcast 4 from broadcast at DAGScheduler.scala:1611","logger":"airflow.task.hooks.airflow.providers.standard.hooks.subprocess.SubprocessHook","filename":"subprocess.py","lineno":99}
{"timestamp":"2026-06-02T15:18:10.931538Z","level":"info","event":"26/06/02 15:18:10 INFO DAGScheduler: Submitting 1 missing tasks from ResultStage 3 (MapPartitionsRDD[10] at $anonfun$recordDeltaOperationInternal$1 at DatabricksLogging.scala:128) (first 15 tasks are for partitions Vector(0))","logger":"airflow.task.hooks.airflow.providers.standard.hooks.subprocess.SubprocessHook","filename":"subprocess.py","lineno":99}
{"timestamp":"2026-06-02T15:18:10.931731Z","level":"info","event":"26/06/02 15:18:10 INFO TaskSchedulerImpl: Adding task set 3.0 with 1 tasks resource profile 0","logger":"airflow.task.hooks.airflow.providers.standard.hooks.subprocess.SubprocessHook","filename":"subprocess.py","lineno":99}
{"timestamp":"2026-06-02T15:18:10.938814Z","level":"info","event":"26/06/02 15:18:10 INFO TaskSetManager: Starting task 0.0 in stage 3.0 (TID 16) (ac0ccb30c6a7, executor driver, partition 0, PROCESS_LOCAL, 9679 bytes)","logger":"airflow.task.hooks.airflow.providers.standard.hooks.subprocess.SubprocessHook","filename":"subprocess.py","lineno":99}
{"timestamp":"2026-06-02T15:18:10.939544Z","level":"info","event":"26/06/02 15:18:10 INFO Executor: Running task 0.0 in stage 3.0 (TID 16)","logger":"airflow.task.hooks.airflow.providers.standard.hooks.subprocess.SubprocessHook","filename":"subprocess.py","lineno":99}
{"timestamp":"2026-06-02T15:18:11.026772Z","level":"info","event":"26/06/02 15:18:11 INFO CodeGenerator: Code generated in 37.70936 ms","logger":"airflow.task.hooks.airflow.providers.standard.hooks.subprocess.SubprocessHook","filename":"subprocess.py","lineno":99}
{"timestamp":"2026-06-02T15:18:11.029884Z","level":"info","event":"26/06/02 15:18:11 INFO FileScanRDD: Reading File path: s3a://silver/aquatic_products/_delta_log/00000000000000000000.json, range: 0-1190, partition values: [0]","logger":"airflow.task.hooks.airflow.providers.standard.hooks.subprocess.SubprocessHook","filename":"subprocess.py","lineno":99}
{"timestamp":"2026-06-02T15:18:11.083632Z","level":"info","event":"26/06/02 15:18:11 INFO CodeGenerator: Code generated in 36.853208 ms","logger":"airflow.task.hooks.airflow.providers.standard.hooks.subprocess.SubprocessHook","filename":"subprocess.py","lineno":99}
{"timestamp":"2026-06-02T15:18:11.198198Z","level":"info","event":"26/06/02 15:18:11 INFO Executor: Finished task 0.0 in stage 3.0 (TID 16). 2053 bytes result sent to driver","logger":"airflow.task.hooks.airflow.providers.standard.hooks.subprocess.SubprocessHook","filename":"subprocess.py","lineno":99}
{"timestamp":"2026-06-02T15:18:11.199848Z","level":"info","event":"26/06/02 15:18:11 INFO TaskSetManager: Finished task 0.0 in stage 3.0 (TID 16) in 265 ms on ac0ccb30c6a7 (executor driver) (1/1)","logger":"airflow.task.hooks.airflow.providers.standard.hooks.subprocess.SubprocessHook","filename":"subprocess.py","lineno":99}
{"timestamp":"2026-06-02T15:18:11.200087Z","level":"info","event":"26/06/02 15:18:11 INFO TaskSchedulerImpl: Removed TaskSet 3.0, whose tasks have all completed, from pool","logger":"airflow.task.hooks.airflow.providers.standard.hooks.subprocess.SubprocessHook","filename":"subprocess.py","lineno":99}
{"timestamp":"2026-06-02T15:18:11.201342Z","level":"info","event":"26/06/02 15:18:11 INFO DAGScheduler: ResultStage 3 ($anonfun$recordDeltaOperationInternal$1 at DatabricksLogging.scala:128) finished in 0.282 s","logger":"airflow.task.hooks.airflow.providers.standard.hooks.subprocess.SubprocessHook","filename":"subprocess.py","lineno":99}
{"timestamp":"2026-06-02T15:18:11.201549Z","level":"info","event":"26/06/02 15:18:11 INFO DAGScheduler: Job 3 is finished. Cancelling potential speculative or zombie tasks for this job","logger":"airflow.task.hooks.airflow.providers.standard.hooks.subprocess.SubprocessHook","filename":"subprocess.py","lineno":99}
{"timestamp":"2026-06-02T15:18:11.201605Z","level":"info","event":"26/06/02 15:18:11 INFO TaskSchedulerImpl: Killing all running tasks in stage 3: Stage finished","logger":"airflow.task.hooks.airflow.providers.standard.hooks.subprocess.SubprocessHook","filename":"subprocess.py","lineno":99}
{"timestamp":"2026-06-02T15:18:11.202802Z","level":"info","event":"26/06/02 15:18:11 INFO DAGScheduler: Job 3 finished: $anonfun$recordDeltaOperationInternal$1 at DatabricksLogging.scala:128, took 0.289097 s","logger":"airflow.task.hooks.airflow.providers.standard.hooks.subprocess.SubprocessHook","filename":"subprocess.py","lineno":99}
{"timestamp":"2026-06-02T15:18:11.275559Z","level":"info","event":"26/06/02 15:18:11 INFO CodeGenerator: Code generated in 35.632627 ms","logger":"airflow.task.hooks.airflow.providers.standard.hooks.subprocess.SubprocessHook","filename":"subprocess.py","lineno":99}
{"timestamp":"2026-06-02T15:18:11.381981Z","level":"info","event":"26/06/02 15:18:11 INFO Snapshot: [tableId=cd8e5cc0-b3e0-4525-86cd-41d0c1b9ff02] Created snapshot Snapshot(path=s3a://silver/aquatic_products/_delta_log, version=0, metadata=Metadata(4b64b593-2618-48f0-9761-cb6cb41baf5d,null,null,Format(parquet,Map()),{\"type\":\"struct\",\"fields\":[{\"name\":\"aquatic_type\",\"type\":\"string\",\"nullable\":true,\"metadata\":{}},{\"name\":\"product_name\",\"type\":\"string\",\"nullable\":true,\"metadata\":{}},{\"name\":\"value\",\"type\":\"double\",\"nullable\":true,\"metadata\":{}},{\"name\":\"unit\",\"type\":\"string\",\"nullable\":true,\"metadata\":{}},{\"name\":\"quarter\",\"type\":\"integer\",\"nullable\":true,\"metadata\":{}},{\"name\":\"year\",\"type\":\"integer\",\"nullable\":true,\"metadata\":{}},{\"name\":\"ingest_at\",\"type\":\"timestamp\",\"nullable\":true,\"metadata\":{}}]},List(),Map(),Some(1780409956912)), logSegment=LogSegment(s3a://silver/aquatic_products/_delta_log,0,WrappedArray(S3AFileStatus{path=s3a://silver/aquatic_products/_delta_log/00000000000000000000.json; isDirectory=false; length=1190; replication=1; blocksize=33554432; modification_time=1780409957028; access_time=0; owner=spark; group=spark; permission=rw-rw-rw-; isSymlink=false; hasAcl=false; isEncrypted=true; isErasureCoded=false} isEmptyDirectory=FALSE eTag=a3a1de13ad7e15255d0fa86c460b04c5 versionId=null),org.apache.spark.sql.delta.EmptyCheckpointProvider$@4f6d2dc4,1780409957028), checksumOpt=None)","logger":"airflow.task.hooks.airflow.providers.standard.hooks.subprocess.SubprocessHook","filename":"subprocess.py","lineno":99}
{"timestamp":"2026-06-02T15:18:11.395144Z","level":"info","event":"26/06/02 15:18:11 INFO DeltaLog: Updated snapshot to Snapshot(path=s3a://silver/aquatic_products/_delta_log, version=0, metadata=Metadata(4b64b593-2618-48f0-9761-cb6cb41baf5d,null,null,Format(parquet,Map()),{\"type\":\"struct\",\"fields\":[{\"name\":\"aquatic_type\",\"type\":\"string\",\"nullable\":true,\"metadata\":{}},{\"name\":\"product_name\",\"type\":\"string\",\"nullable\":true,\"metadata\":{}},{\"name\":\"value\",\"type\":\"double\",\"nullable\":true,\"metadata\":{}},{\"name\":\"unit\",\"type\":\"string\",\"nullable\":true,\"metadata\":{}},{\"name\":\"quarter\",\"type\":\"integer\",\"nullable\":true,\"metadata\":{}},{\"name\":\"year\",\"type\":\"integer\",\"nullable\":true,\"metadata\":{}},{\"name\":\"ingest_at\",\"type\":\"timestamp\",\"nullable\":true,\"metadata\":{}}]},List(),Map(),Some(1780409956912)), logSegment=LogSegment(s3a://silver/aquatic_products/_delta_log,0,WrappedArray(S3AFileStatus{path=s3a://silver/aquatic_products/_delta_log/00000000000000000000.json; isDirectory=false; length=1190; replication=1; blocksize=33554432; modification_time=1780409957028; access_time=0; owner=spark; group=spark; permission=rw-rw-rw-; isSymlink=false; hasAcl=false; isEncrypted=true; isErasureCoded=false} isEmptyDirectory=FALSE eTag=a3a1de13ad7e15255d0fa86c460b04c5 versionId=null),org.apache.spark.sql.delta.EmptyCheckpointProvider$@4f6d2dc4,1780409957028), checksumOpt=None)","logger":"airflow.task.hooks.airflow.providers.standard.hooks.subprocess.SubprocessHook","filename":"subprocess.py","lineno":99}
{"timestamp":"2026-06-02T15:18:11.811721Z","level":"info","event":"26/06/02 15:18:11 INFO BlockManagerInfo: Removed broadcast_4_piece0 on ac0ccb30c6a7:33903 in memory (size: 17.2 KiB, free: 434.4 MiB)","logger":"airflow.task.hooks.airflow.providers.standard.hooks.subprocess.SubprocessHook","filename":"subprocess.py","lineno":99}
{"timestamp":"2026-06-02T15:18:11.818445Z","level":"info","event":"26/06/02 15:18:11 INFO BlockManagerInfo: Removed broadcast_3_piece0 on ac0ccb30c6a7:33903 in memory (size: 35.0 KiB, free: 434.4 MiB)","logger":"airflow.task.hooks.airflow.providers.standard.hooks.subprocess.SubprocessHook","filename":"subprocess.py","lineno":99}
{"timestamp":"2026-06-02T15:18:11.867731Z","level":"info","event":"26/06/02 15:18:11 INFO ParquetUtils: Using default output committer for Parquet: org.apache.parquet.hadoop.ParquetOutputCommitter","logger":"airflow.task.hooks.airflow.providers.standard.hooks.subprocess.SubprocessHook","filename":"subprocess.py","lineno":99}
{"timestamp":"2026-06-02T15:18:11.919886Z","level":"info","event":"26/06/02 15:18:11 INFO CodeGenerator: Code generated in 13.301142 ms","logger":"airflow.task.hooks.airflow.providers.standard.hooks.subprocess.SubprocessHook","filename":"subprocess.py","lineno":99}
{"timestamp":"2026-06-02T15:18:12.035211Z","level":"info","event":"26/06/02 15:18:12 INFO SparkContext: Starting job: saveAsTable at NativeMethodAccessorImpl.java:0","logger":"airflow.task.hooks.airflow.providers.standard.hooks.subprocess.SubprocessHook","filename":"subprocess.py","lineno":99}
{"timestamp":"2026-06-02T15:18:12.036654Z","level":"info","event":"26/06/02 15:18:12 INFO DAGScheduler: Got job 4 (saveAsTable at NativeMethodAccessorImpl.java:0) with 16 output partitions","logger":"airflow.task.hooks.airflow.providers.standard.hooks.subprocess.SubprocessHook","filename":"subprocess.py","lineno":99}
{"timestamp":"2026-06-02T15:18:12.036887Z","level":"info","event":"26/06/02 15:18:12 INFO DAGScheduler: Final stage: ResultStage 4 (saveAsTable at NativeMethodAccessorImpl.java:0)","logger":"airflow.task.hooks.airflow.providers.standard.hooks.subprocess.SubprocessHook","filename":"subprocess.py","lineno":99}
{"timestamp":"2026-06-02T15:18:12.036990Z","level":"info","event":"26/06/02 15:18:12 INFO DAGScheduler: Parents of final stage: List()","logger":"airflow.task.hooks.airflow.providers.standard.hooks.subprocess.SubprocessHook","filename":"subprocess.py","lineno":99}
{"timestamp":"2026-06-02T15:18:12.038247Z","level":"info","event":"26/06/02 15:18:12 INFO DAGScheduler: Missing parents: List()","logger":"airflow.task.hooks.airflow.providers.standard.hooks.subprocess.SubprocessHook","filename":"subprocess.py","lineno":99}
{"timestamp":"2026-06-02T15:18:12.039883Z","level":"info","event":"26/06/02 15:18:12 INFO DAGScheduler: Submitting ResultStage 4 (MapPartitionsRDD[11] at saveAsTable at NativeMethodAccessorImpl.java:0), which has no missing parents","logger":"airflow.task.hooks.airflow.providers.standard.hooks.subprocess.SubprocessHook","filename":"subprocess.py","lineno":99}
{"timestamp":"2026-06-02T15:18:12.089449Z","level":"info","event":"26/06/02 15:18:12 INFO MemoryStore: Block broadcast_5 stored as values in memory (estimated size 342.1 KiB, free 434.1 MiB)","logger":"airflow.task.hooks.airflow.providers.standard.hooks.subprocess.SubprocessHook","filename":"subprocess.py","lineno":99}
{"timestamp":"2026-06-02T15:18:12.093276Z","level":"info","event":"26/06/02 15:18:12 INFO MemoryStore: Block broadcast_5_piece0 stored as bytes in memory (estimated size 124.5 KiB, free 433.9 MiB)","logger":"airflow.task.hooks.airflow.providers.standard.hooks.subprocess.SubprocessHook","filename":"subprocess.py","lineno":99}
{"timestamp":"2026-06-02T15:18:12.094733Z","level":"info","event":"26/06/02 15:18:12 INFO BlockManagerInfo: Added broadcast_5_piece0 in memory on ac0ccb30c6a7:33903 (size: 124.5 KiB, free: 434.3 MiB)","logger":"airflow.task.hooks.airflow.providers.standard.hooks.subprocess.SubprocessHook","filename":"subprocess.py","lineno":99}
{"timestamp":"2026-06-02T15:18:12.096023Z","level":"info","event":"26/06/02 15:18:12 INFO SparkContext: Created broadcast 5 from broadcast at DAGScheduler.scala:1611","logger":"airflow.task.hooks.airflow.providers.standard.hooks.subprocess.SubprocessHook","filename":"subprocess.py","lineno":99}
{"timestamp":"2026-06-02T15:18:12.097665Z","level":"info","event":"26/06/02 15:18:12 INFO DAGScheduler: Submitting 16 missing tasks from ResultStage 4 (MapPartitionsRDD[11] at saveAsTable at NativeMethodAccessorImpl.java:0) (first 15 tasks are for partitions Vector(0, 1, 2, 3, 4, 5, 6, 7, 8, 9, 10, 11, 12, 13, 14))","logger":"airflow.task.hooks.airflow.providers.standard.hooks.subprocess.SubprocessHook","filename":"subprocess.py","lineno":99}
{"timestamp":"2026-06-02T15:18:12.097885Z","level":"info","event":"26/06/02 15:18:12 INFO TaskSchedulerImpl: Adding task set 4.0 with 16 tasks resource profile 0","logger":"airflow.task.hooks.airflow.providers.standard.hooks.subprocess.SubprocessHook","filename":"subprocess.py","lineno":99}
{"timestamp":"2026-06-02T15:18:12.100818Z","level":"info","event":"26/06/02 15:18:12 INFO TaskSetManager: Starting task 0.0 in stage 4.0 (TID 17) (ac0ccb30c6a7, executor driver, partition 0, PROCESS_LOCAL, 8979 bytes)","logger":"airflow.task.hooks.airflow.providers.standard.hooks.subprocess.SubprocessHook","filename":"subprocess.py","lineno":99}
{"timestamp":"2026-06-02T15:18:12.101081Z","level":"info","event":"26/06/02 15:18:12 INFO TaskSetManager: Starting task 1.0 in stage 4.0 (TID 18) (ac0ccb30c6a7, executor driver, partition 1, PROCESS_LOCAL, 8979 bytes)","logger":"airflow.task.hooks.airflow.providers.standard.hooks.subprocess.SubprocessHook","filename":"subprocess.py","lineno":99}
{"timestamp":"2026-06-02T15:18:12.102323Z","level":"info","event":"26/06/02 15:18:12 INFO TaskSetManager: Starting task 2.0 in stage 4.0 (TID 19) (ac0ccb30c6a7, executor driver, partition 2, PROCESS_LOCAL, 9067 bytes)","logger":"airflow.task.hooks.airflow.providers.standard.hooks.subprocess.SubprocessHook","filename":"subprocess.py","lineno":99}
{"timestamp":"2026-06-02T15:18:12.103454Z","level":"info","event":"26/06/02 15:18:12 INFO TaskSetManager: Starting task 3.0 in stage 4.0 (TID 20) (ac0ccb30c6a7, executor driver, partition 3, PROCESS_LOCAL, 8979 bytes)","logger":"airflow.task.hooks.airflow.providers.standard.hooks.subprocess.SubprocessHook","filename":"subprocess.py","lineno":99}
{"timestamp":"2026-06-02T15:18:12.104632Z","level":"info","event":"26/06/02 15:18:12 INFO TaskSetManager: Starting task 4.0 in stage 4.0 (TID 21) (ac0ccb30c6a7, executor driver, partition 4, PROCESS_LOCAL, 8979 bytes)","logger":"airflow.task.hooks.airflow.providers.standard.hooks.subprocess.SubprocessHook","filename":"subprocess.py","lineno":99}
{"timestamp":"2026-06-02T15:18:12.104890Z","level":"info","event":"26/06/02 15:18:12 INFO TaskSetManager: Starting task 5.0 in stage 4.0 (TID 22) (ac0ccb30c6a7, executor driver, partition 5, PROCESS_LOCAL, 9068 bytes)","logger":"airflow.task.hooks.airflow.providers.standard.hooks.subprocess.SubprocessHook","filename":"subprocess.py","lineno":99}
{"timestamp":"2026-06-02T15:18:12.106866Z","level":"info","event":"26/06/02 15:18:12 INFO TaskSetManager: Starting task 6.0 in stage 4.0 (TID 23) (ac0ccb30c6a7, executor driver, partition 6, PROCESS_LOCAL, 8979 bytes)","logger":"airflow.task.hooks.airflow.providers.standard.hooks.subprocess.SubprocessHook","filename":"subprocess.py","lineno":99}
{"timestamp":"2026-06-02T15:18:12.107143Z","level":"info","event":"26/06/02 15:18:12 INFO TaskSetManager: Starting task 7.0 in stage 4.0 (TID 24) (ac0ccb30c6a7, executor driver, partition 7, PROCESS_LOCAL, 9082 bytes)","logger":"airflow.task.hooks.airflow.providers.standard.hooks.subprocess.SubprocessHook","filename":"subprocess.py","lineno":99}
{"timestamp":"2026-06-02T15:18:12.108133Z","level":"info","event":"26/06/02 15:18:12 INFO TaskSetManager: Starting task 8.0 in stage 4.0 (TID 25) (ac0ccb30c6a7, executor driver, partition 8, PROCESS_LOCAL, 8979 bytes)","logger":"airflow.task.hooks.airflow.providers.standard.hooks.subprocess.SubprocessHook","filename":"subprocess.py","lineno":99}
{"timestamp":"2026-06-02T15:18:12.109642Z","level":"info","event":"26/06/02 15:18:12 INFO TaskSetManager: Starting task 9.0 in stage 4.0 (TID 26) (ac0ccb30c6a7, executor driver, partition 9, PROCESS_LOCAL, 8979 bytes)","logger":"airflow.task.hooks.airflow.providers.standard.hooks.subprocess.SubprocessHook","filename":"subprocess.py","lineno":99}
{"timestamp":"2026-06-02T15:18:12.110203Z","level":"info","event":"26/06/02 15:18:12 INFO TaskSetManager: Starting task 10.0 in stage 4.0 (TID 27) (ac0ccb30c6a7, executor driver, partition 10, PROCESS_LOCAL, 9064 bytes)","logger":"airflow.task.hooks.airflow.providers.standard.hooks.subprocess.SubprocessHook","filename":"subprocess.py","lineno":99}
{"timestamp":"2026-06-02T15:18:12.111353Z","level":"info","event":"26/06/02 15:18:12 INFO TaskSetManager: Starting task 11.0 in stage 4.0 (TID 28) (ac0ccb30c6a7, executor driver, partition 11, PROCESS_LOCAL, 8979 bytes)","logger":"airflow.task.hooks.airflow.providers.standard.hooks.subprocess.SubprocessHook","filename":"subprocess.py","lineno":99}
{"timestamp":"2026-06-02T15:18:12.124018Z","level":"info","event":"26/06/02 15:18:12 INFO TaskSetManager: Starting task 12.0 in stage 4.0 (TID 29) (ac0ccb30c6a7, executor driver, partition 12, PROCESS_LOCAL, 8979 bytes)","logger":"airflow.task.hooks.airflow.providers.standard.hooks.subprocess.SubprocessHook","filename":"subprocess.py","lineno":99}
{"timestamp":"2026-06-02T15:18:12.124768Z","level":"info","event":"26/06/02 15:18:12 INFO TaskSetManager: Starting task 13.0 in stage 4.0 (TID 30) (ac0ccb30c6a7, executor driver, partition 13, PROCESS_LOCAL, 9065 bytes)","logger":"airflow.task.hooks.airflow.providers.standard.hooks.subprocess.SubprocessHook","filename":"subprocess.py","lineno":99}
{"timestamp":"2026-06-02T15:18:12.125670Z","level":"info","event":"26/06/02 15:18:12 INFO TaskSetManager: Starting task 14.0 in stage 4.0 (TID 31) (ac0ccb30c6a7, executor driver, partition 14, PROCESS_LOCAL, 8979 bytes)","logger":"airflow.task.hooks.airflow.providers.standard.hooks.subprocess.SubprocessHook","filename":"subprocess.py","lineno":99}
{"timestamp":"2026-06-02T15:18:12.128478Z","level":"info","event":"26/06/02 15:18:12 INFO TaskSetManager: Starting task 15.0 in stage 4.0 (TID 32) (ac0ccb30c6a7, executor driver, partition 15, PROCESS_LOCAL, 9079 bytes)","logger":"airflow.task.hooks.airflow.providers.standard.hooks.subprocess.SubprocessHook","filename":"subprocess.py","lineno":99}
{"timestamp":"2026-06-02T15:18:12.128694Z","level":"info","event":"26/06/02 15:18:12 INFO Executor: Running task 2.0 in stage 4.0 (TID 19)","logger":"airflow.task.hooks.airflow.providers.standard.hooks.subprocess.SubprocessHook","filename":"subprocess.py","lineno":99}
{"timestamp":"2026-06-02T15:18:12.128758Z","level":"info","event":"26/06/02 15:18:12 INFO Executor: Running task 1.0 in stage 4.0 (TID 18)","logger":"airflow.task.hooks.airflow.providers.standard.hooks.subprocess.SubprocessHook","filename":"subprocess.py","lineno":99}
{"timestamp":"2026-06-02T15:18:12.128796Z","level":"info","event":"26/06/02 15:18:12 INFO Executor: Running task 3.0 in stage 4.0 (TID 20)","logger":"airflow.task.hooks.airflow.providers.standard.hooks.subprocess.SubprocessHook","filename":"subprocess.py","lineno":99}
{"timestamp":"2026-06-02T15:18:12.128829Z","level":"info","event":"26/06/02 15:18:12 INFO Executor: Running task 5.0 in stage 4.0 (TID 22)","logger":"airflow.task.hooks.airflow.providers.standard.hooks.subprocess.SubprocessHook","filename":"subprocess.py","lineno":99}
{"timestamp":"2026-06-02T15:18:12.128859Z","level":"info","event":"26/06/02 15:18:12 INFO Executor: Running task 6.0 in stage 4.0 (TID 23)","logger":"airflow.task.hooks.airflow.providers.standard.hooks.subprocess.SubprocessHook","filename":"subprocess.py","lineno":99}
{"timestamp":"2026-06-02T15:18:12.129732Z","level":"info","event":"26/06/02 15:18:12 INFO Executor: Running task 4.0 in stage 4.0 (TID 21)","logger":"airflow.task.hooks.airflow.providers.standard.hooks.subprocess.SubprocessHook","filename":"subprocess.py","lineno":99}
{"timestamp":"2026-06-02T15:18:12.129906Z","level":"info","event":"26/06/02 15:18:12 INFO Executor: Running task 10.0 in stage 4.0 (TID 27)","logger":"airflow.task.hooks.airflow.providers.standard.hooks.subprocess.SubprocessHook","filename":"subprocess.py","lineno":99}
{"timestamp":"2026-06-02T15:18:12.129989Z","level":"info","event":"26/06/02 15:18:12 INFO Executor: Running task 9.0 in stage 4.0 (TID 26)","logger":"airflow.task.hooks.airflow.providers.standard.hooks.subprocess.SubprocessHook","filename":"subprocess.py","lineno":99}
{"timestamp":"2026-06-02T15:18:12.135281Z","level":"info","event":"26/06/02 15:18:12 INFO Executor: Running task 8.0 in stage 4.0 (TID 25)","logger":"airflow.task.hooks.airflow.providers.standard.hooks.subprocess.SubprocessHook","filename":"subprocess.py","lineno":99}
{"timestamp":"2026-06-02T15:18:12.136566Z","level":"info","event":"26/06/02 15:18:12 INFO Executor: Running task 12.0 in stage 4.0 (TID 29)","logger":"airflow.task.hooks.airflow.providers.standard.hooks.subprocess.SubprocessHook","filename":"subprocess.py","lineno":99}
{"timestamp":"2026-06-02T15:18:12.136801Z","level":"info","event":"26/06/02 15:18:12 INFO Executor: Running task 11.0 in stage 4.0 (TID 28)","logger":"airflow.task.hooks.airflow.providers.standard.hooks.subprocess.SubprocessHook","filename":"subprocess.py","lineno":99}
{"timestamp":"2026-06-02T15:18:12.138153Z","level":"info","event":"26/06/02 15:18:12 INFO Executor: Running task 7.0 in stage 4.0 (TID 24)","logger":"airflow.task.hooks.airflow.providers.standard.hooks.subprocess.SubprocessHook","filename":"subprocess.py","lineno":99}
{"timestamp":"2026-06-02T15:18:12.138380Z","level":"info","event":"26/06/02 15:18:12 INFO Executor: Running task 0.0 in stage 4.0 (TID 17)","logger":"airflow.task.hooks.airflow.providers.standard.hooks.subprocess.SubprocessHook","filename":"subprocess.py","lineno":99}
{"timestamp":"2026-06-02T15:18:12.141758Z","level":"info","event":"26/06/02 15:18:12 INFO Executor: Running task 13.0 in stage 4.0 (TID 30)","logger":"airflow.task.hooks.airflow.providers.standard.hooks.subprocess.SubprocessHook","filename":"subprocess.py","lineno":99}
{"timestamp":"2026-06-02T15:18:12.149384Z","level":"info","event":"26/06/02 15:18:12 INFO Executor: Running task 14.0 in stage 4.0 (TID 31)","logger":"airflow.task.hooks.airflow.providers.standard.hooks.subprocess.SubprocessHook","filename":"subprocess.py","lineno":99}
{"timestamp":"2026-06-02T15:18:12.151200Z","level":"info","event":"26/06/02 15:18:12 INFO Executor: Running task 15.0 in stage 4.0 (TID 32)","logger":"airflow.task.hooks.airflow.providers.standard.hooks.subprocess.SubprocessHook","filename":"subprocess.py","lineno":99}
{"timestamp":"2026-06-02T15:18:12.451202Z","level":"info","event":"26/06/02 15:18:12 INFO CodeGenerator: Code generated in 48.966586 ms","logger":"airflow.task.hooks.airflow.providers.standard.hooks.subprocess.SubprocessHook","filename":"subprocess.py","lineno":99}
{"timestamp":"2026-06-02T15:18:12.517418Z","level":"info","event":"26/06/02 15:18:12 INFO PythonRunner: Times: total = 128, boot = -4105, init = 4233, finish = 0","logger":"airflow.task.hooks.airflow.providers.standard.hooks.subprocess.SubprocessHook","filename":"subprocess.py","lineno":99}
{"timestamp":"2026-06-02T15:18:12.517662Z","level":"info","event":"26/06/02 15:18:12 INFO PythonRunner: Times: total = 127, boot = -4104, init = 4231, finish = 0","logger":"airflow.task.hooks.airflow.providers.standard.hooks.subprocess.SubprocessHook","filename":"subprocess.py","lineno":99}
{"timestamp":"2026-06-02T15:18:12.532469Z","level":"info","event":"26/06/02 15:18:12 INFO PythonRunner: Times: total = 144, boot = -4132, init = 4276, finish = 0","logger":"airflow.task.hooks.airflow.providers.standard.hooks.subprocess.SubprocessHook","filename":"subprocess.py","lineno":99}
{"timestamp":"2026-06-02T15:18:12.583525Z","level":"info","event":"26/06/02 15:18:12 INFO PythonRunner: Times: total = 179, boot = -4074, init = 4253, finish = 0","logger":"airflow.task.hooks.airflow.providers.standard.hooks.subprocess.SubprocessHook","filename":"subprocess.py","lineno":99}
{"timestamp":"2026-06-02T15:18:12.583811Z","level":"info","event":"26/06/02 15:18:12 INFO PythonRunner: Times: total = 171, boot = -4062, init = 4233, finish = 0","logger":"airflow.task.hooks.airflow.providers.standard.hooks.subprocess.SubprocessHook","filename":"subprocess.py","lineno":99}
{"timestamp":"2026-06-02T15:18:12.627873Z","level":"info","event":"26/06/02 15:18:12 INFO PythonRunner: Times: total = 230, boot = -4079, init = 4309, finish = 0","logger":"airflow.task.hooks.airflow.providers.standard.hooks.subprocess.SubprocessHook","filename":"subprocess.py","lineno":99}
{"timestamp":"2026-06-02T15:18:12.649677Z","level":"info","event":"26/06/02 15:18:12 INFO CodeGenerator: Code generated in 18.140511 ms","logger":"airflow.task.hooks.airflow.providers.standard.hooks.subprocess.SubprocessHook","filename":"subprocess.py","lineno":99}
{"timestamp":"2026-06-02T15:18:12.765324Z","level":"info","event":"26/06/02 15:18:12 INFO PythonRunner: Times: total = 376, boot = 9, init = 367, finish = 0","logger":"airflow.task.hooks.airflow.providers.standard.hooks.subprocess.SubprocessHook","filename":"subprocess.py","lineno":99}
{"timestamp":"2026-06-02T15:18:12.770046Z","level":"info","event":"26/06/02 15:18:12 INFO PythonRunner: Times: total = 382, boot = 60, init = 321, finish = 1","logger":"airflow.task.hooks.airflow.providers.standard.hooks.subprocess.SubprocessHook","filename":"subprocess.py","lineno":99}
{"timestamp":"2026-06-02T15:18:12.778982Z","level":"info","event":"26/06/02 15:18:12 INFO PythonRunner: Times: total = 382, boot = 76, init = 306, finish = 0","logger":"airflow.task.hooks.airflow.providers.standard.hooks.subprocess.SubprocessHook","filename":"subprocess.py","lineno":99}
{"timestamp":"2026-06-02T15:18:12.905175Z","level":"info","event":"26/06/02 15:18:12 INFO CodeGenerator: Code generated in 115.89861 ms","logger":"airflow.task.hooks.airflow.providers.standard.hooks.subprocess.SubprocessHook","filename":"subprocess.py","lineno":99}
{"timestamp":"2026-06-02T15:18:12.930045Z","level":"info","event":"26/06/02 15:18:12 INFO CodeGenerator: Code generated in 12.129194 ms","logger":"airflow.task.hooks.airflow.providers.standard.hooks.subprocess.SubprocessHook","filename":"subprocess.py","lineno":99}
{"timestamp":"2026-06-02T15:18:12.942864Z","level":"info","event":"26/06/02 15:18:12 INFO CodecConfig: Compression: SNAPPY","logger":"airflow.task.hooks.airflow.providers.standard.hooks.subprocess.SubprocessHook","filename":"subprocess.py","lineno":99}
{"timestamp":"2026-06-02T15:18:12.943176Z","level":"info","event":"26/06/02 15:18:12 INFO CodecConfig: Compression: SNAPPY","logger":"airflow.task.hooks.airflow.providers.standard.hooks.subprocess.SubprocessHook","filename":"subprocess.py","lineno":99}
{"timestamp":"2026-06-02T15:18:12.943284Z","level":"info","event":"26/06/02 15:18:12 INFO CodecConfig: Compression: SNAPPY","logger":"airflow.task.hooks.airflow.providers.standard.hooks.subprocess.SubprocessHook","filename":"subprocess.py","lineno":99}
{"timestamp":"2026-06-02T15:18:12.943360Z","level":"info","event":"26/06/02 15:18:12 INFO CodecConfig: Compression: SNAPPY","logger":"airflow.task.hooks.airflow.providers.standard.hooks.subprocess.SubprocessHook","filename":"subprocess.py","lineno":99}
{"timestamp":"2026-06-02T15:18:12.943426Z","level":"info","event":"26/06/02 15:18:12 INFO CodecConfig: Compression: SNAPPY","logger":"airflow.task.hooks.airflow.providers.standard.hooks.subprocess.SubprocessHook","filename":"subprocess.py","lineno":99}
{"timestamp":"2026-06-02T15:18:12.943489Z","level":"info","event":"26/06/02 15:18:12 INFO CodecConfig: Compression: SNAPPY","logger":"airflow.task.hooks.airflow.providers.standard.hooks.subprocess.SubprocessHook","filename":"subprocess.py","lineno":99}
{"timestamp":"2026-06-02T15:18:12.943549Z","level":"info","event":"26/06/02 15:18:12 INFO CodecConfig: Compression: SNAPPY","logger":"airflow.task.hooks.airflow.providers.standard.hooks.subprocess.SubprocessHook","filename":"subprocess.py","lineno":99}
{"timestamp":"2026-06-02T15:18:12.963125Z","level":"info","event":"26/06/02 15:18:12 INFO CodecConfig: Compression: SNAPPY","logger":"airflow.task.hooks.airflow.providers.standard.hooks.subprocess.SubprocessHook","filename":"subprocess.py","lineno":99}
{"timestamp":"2026-06-02T15:18:12.967421Z","level":"info","event":"26/06/02 15:18:12 INFO CodecConfig: Compression: SNAPPY","logger":"airflow.task.hooks.airflow.providers.standard.hooks.subprocess.SubprocessHook","filename":"subprocess.py","lineno":99}
{"timestamp":"2026-06-02T15:18:12.967759Z","level":"info","event":"26/06/02 15:18:12 INFO CodecConfig: Compression: SNAPPY","logger":"airflow.task.hooks.airflow.providers.standard.hooks.subprocess.SubprocessHook","filename":"subprocess.py","lineno":99}
{"timestamp":"2026-06-02T15:18:12.970098Z","level":"info","event":"26/06/02 15:18:12 INFO CodecConfig: Compression: SNAPPY","logger":"airflow.task.hooks.airflow.providers.standard.hooks.subprocess.SubprocessHook","filename":"subprocess.py","lineno":99}
{"timestamp":"2026-06-02T15:18:12.971744Z","level":"info","event":"26/06/02 15:18:12 INFO Executor: Finished task 4.0 in stage 4.0 (TID 21). 2945 bytes result sent to driver","logger":"airflow.task.hooks.airflow.providers.standard.hooks.subprocess.SubprocessHook","filename":"subprocess.py","lineno":99}
{"timestamp":"2026-06-02T15:18:12.972052Z","level":"info","event":"26/06/02 15:18:12 INFO Executor: Finished task 11.0 in stage 4.0 (TID 28). 2945 bytes result sent to driver","logger":"airflow.task.hooks.airflow.providers.standard.hooks.subprocess.SubprocessHook","filename":"subprocess.py","lineno":99}
{"timestamp":"2026-06-02T15:18:12.972125Z","level":"info","event":"26/06/02 15:18:12 INFO Executor: Finished task 8.0 in stage 4.0 (TID 25). 2945 bytes result sent to driver","logger":"airflow.task.hooks.airflow.providers.standard.hooks.subprocess.SubprocessHook","filename":"subprocess.py","lineno":99}
{"timestamp":"2026-06-02T15:18:12.972152Z","level":"info","event":"26/06/02 15:18:12 INFO Executor: Finished task 1.0 in stage 4.0 (TID 18). 2945 bytes result sent to driver","logger":"airflow.task.hooks.airflow.providers.standard.hooks.subprocess.SubprocessHook","filename":"subprocess.py","lineno":99}
{"timestamp":"2026-06-02T15:18:12.972176Z","level":"info","event":"26/06/02 15:18:12 INFO Executor: Finished task 14.0 in stage 4.0 (TID 31). 2945 bytes result sent to driver","logger":"airflow.task.hooks.airflow.providers.standard.hooks.subprocess.SubprocessHook","filename":"subprocess.py","lineno":99}
{"timestamp":"2026-06-02T15:18:12.975963Z","level":"info","event":"26/06/02 15:18:12 INFO CodecConfig: Compression: SNAPPY","logger":"airflow.task.hooks.airflow.providers.standard.hooks.subprocess.SubprocessHook","filename":"subprocess.py","lineno":99}
{"timestamp":"2026-06-02T15:18:12.976490Z","level":"info","event":"26/06/02 15:18:12 INFO CodecConfig: Compression: SNAPPY","logger":"airflow.task.hooks.airflow.providers.standard.hooks.subprocess.SubprocessHook","filename":"subprocess.py","lineno":99}
{"timestamp":"2026-06-02T15:18:12.976768Z","level":"info","event":"26/06/02 15:18:12 INFO CodecConfig: Compression: SNAPPY","logger":"airflow.task.hooks.airflow.providers.standard.hooks.subprocess.SubprocessHook","filename":"subprocess.py","lineno":99}
{"timestamp":"2026-06-02T15:18:12.976990Z","level":"info","event":"26/06/02 15:18:12 INFO Executor: Finished task 9.0 in stage 4.0 (TID 26). 2945 bytes result sent to driver","logger":"airflow.task.hooks.airflow.providers.standard.hooks.subprocess.SubprocessHook","filename":"subprocess.py","lineno":99}
{"timestamp":"2026-06-02T15:18:12.977066Z","level":"info","event":"26/06/02 15:18:12 INFO Executor: Finished task 3.0 in stage 4.0 (TID 20). 2945 bytes result sent to driver","logger":"airflow.task.hooks.airflow.providers.standard.hooks.subprocess.SubprocessHook","filename":"subprocess.py","lineno":99}
{"timestamp":"2026-06-02T15:18:12.977993Z","level":"info","event":"26/06/02 15:18:12 INFO Executor: Finished task 12.0 in stage 4.0 (TID 29). 2945 bytes result sent to driver","logger":"airflow.task.hooks.airflow.providers.standard.hooks.subprocess.SubprocessHook","filename":"subprocess.py","lineno":99}
{"timestamp":"2026-06-02T15:18:12.978916Z","level":"info","event":"26/06/02 15:18:12 INFO Executor: Finished task 6.0 in stage 4.0 (TID 23). 2945 bytes result sent to driver","logger":"airflow.task.hooks.airflow.providers.standard.hooks.subprocess.SubprocessHook","filename":"subprocess.py","lineno":99}
{"timestamp":"2026-06-02T15:18:12.988559Z","level":"info","event":"26/06/02 15:18:12 INFO TaskSetManager: Finished task 4.0 in stage 4.0 (TID 21) in 882 ms on ac0ccb30c6a7 (executor driver) (1/16)","logger":"airflow.task.hooks.airflow.providers.standard.hooks.subprocess.SubprocessHook","filename":"subprocess.py","lineno":99}
{"timestamp":"2026-06-02T15:18:12.988746Z","level":"info","event":"26/06/02 15:18:12 INFO TaskSetManager: Finished task 8.0 in stage 4.0 (TID 25) in 880 ms on ac0ccb30c6a7 (executor driver) (2/16)","logger":"airflow.task.hooks.airflow.providers.standard.hooks.subprocess.SubprocessHook","filename":"subprocess.py","lineno":99}
{"timestamp":"2026-06-02T15:18:12.988872Z","level":"info","event":"26/06/02 15:18:12 INFO TaskSetManager: Finished task 1.0 in stage 4.0 (TID 18) in 888 ms on ac0ccb30c6a7 (executor driver) (3/16)","logger":"airflow.task.hooks.airflow.providers.standard.hooks.subprocess.SubprocessHook","filename":"subprocess.py","lineno":99}
{"timestamp":"2026-06-02T15:18:12.988925Z","level":"info","event":"26/06/02 15:18:12 INFO TaskSetManager: Finished task 11.0 in stage 4.0 (TID 28) in 877 ms on ac0ccb30c6a7 (executor driver) (4/16)","logger":"airflow.task.hooks.airflow.providers.standard.hooks.subprocess.SubprocessHook","filename":"subprocess.py","lineno":99}
{"timestamp":"2026-06-02T15:18:12.988949Z","level":"info","event":"26/06/02 15:18:12 INFO TaskSetManager: Finished task 9.0 in stage 4.0 (TID 26) in 881 ms on ac0ccb30c6a7 (executor driver) (5/16)","logger":"airflow.task.hooks.airflow.providers.standard.hooks.subprocess.SubprocessHook","filename":"subprocess.py","lineno":99}
{"timestamp":"2026-06-02T15:18:12.991467Z","level":"info","event":"26/06/02 15:18:12 INFO TaskSetManager: Finished task 12.0 in stage 4.0 (TID 29) in 880 ms on ac0ccb30c6a7 (executor driver) (6/16)","logger":"airflow.task.hooks.airflow.providers.standard.hooks.subprocess.SubprocessHook","filename":"subprocess.py","lineno":99}
{"timestamp":"2026-06-02T15:18:12.992993Z","level":"info","event":"26/06/02 15:18:12 INFO TaskSetManager: Finished task 14.0 in stage 4.0 (TID 31) in 867 ms on ac0ccb30c6a7 (executor driver) (7/16)","logger":"airflow.task.hooks.airflow.providers.standard.hooks.subprocess.SubprocessHook","filename":"subprocess.py","lineno":99}
{"timestamp":"2026-06-02T15:18:12.993179Z","level":"info","event":"26/06/02 15:18:12 INFO TaskSetManager: Finished task 6.0 in stage 4.0 (TID 23) in 887 ms on ac0ccb30c6a7 (executor driver) (8/16)","logger":"airflow.task.hooks.airflow.providers.standard.hooks.subprocess.SubprocessHook","filename":"subprocess.py","lineno":99}
{"timestamp":"2026-06-02T15:18:12.994546Z","level":"info","event":"26/06/02 15:18:12 INFO TaskSetManager: Finished task 3.0 in stage 4.0 (TID 20) in 890 ms on ac0ccb30c6a7 (executor driver) (9/16)","logger":"airflow.task.hooks.airflow.providers.standard.hooks.subprocess.SubprocessHook","filename":"subprocess.py","lineno":99}
{"timestamp":"2026-06-02T15:18:13.049548Z","level":"info","event":"26/06/02 15:18:13 INFO ParquetOutputFormat: ParquetRecordWriter [block size: 134217728b, row group padding size: 8388608b, validating: false]","logger":"airflow.task.hooks.airflow.providers.standard.hooks.subprocess.SubprocessHook","filename":"subprocess.py","lineno":99}
{"timestamp":"2026-06-02T15:18:13.049792Z","level":"info","event":"26/06/02 15:18:13 INFO ParquetOutputFormat: ParquetRecordWriter [block size: 134217728b, row group padding size: 8388608b, validating: false]","logger":"airflow.task.hooks.airflow.providers.standard.hooks.subprocess.SubprocessHook","filename":"subprocess.py","lineno":99}
{"timestamp":"2026-06-02T15:18:13.049895Z","level":"info","event":"26/06/02 15:18:13 INFO ParquetOutputFormat: ParquetRecordWriter [block size: 134217728b, row group padding size: 8388608b, validating: false]","logger":"airflow.task.hooks.airflow.providers.standard.hooks.subprocess.SubprocessHook","filename":"subprocess.py","lineno":99}
{"timestamp":"2026-06-02T15:18:13.049971Z","level":"info","event":"26/06/02 15:18:13 INFO ParquetOutputFormat: ParquetRecordWriter [block size: 134217728b, row group padding size: 8388608b, validating: false]","logger":"airflow.task.hooks.airflow.providers.standard.hooks.subprocess.SubprocessHook","filename":"subprocess.py","lineno":99}
{"timestamp":"2026-06-02T15:18:13.050077Z","level":"info","event":"26/06/02 15:18:13 INFO ParquetOutputFormat: ParquetRecordWriter [block size: 134217728b, row group padding size: 8388608b, validating: false]","logger":"airflow.task.hooks.airflow.providers.standard.hooks.subprocess.SubprocessHook","filename":"subprocess.py","lineno":99}
{"timestamp":"2026-06-02T15:18:13.050145Z","level":"info","event":"26/06/02 15:18:13 INFO ParquetOutputFormat: ParquetRecordWriter [block size: 134217728b, row group padding size: 8388608b, validating: false]","logger":"airflow.task.hooks.airflow.providers.standard.hooks.subprocess.SubprocessHook","filename":"subprocess.py","lineno":99}
{"timestamp":"2026-06-02T15:18:13.050415Z","level":"info","event":"26/06/02 15:18:13 INFO ParquetOutputFormat: ParquetRecordWriter [block size: 134217728b, row group padding size: 8388608b, validating: false]","logger":"airflow.task.hooks.airflow.providers.standard.hooks.subprocess.SubprocessHook","filename":"subprocess.py","lineno":99}
{"timestamp":"2026-06-02T15:18:13.087999Z","level":"info","event":"26/06/02 15:18:13 INFO ParquetWriteSupport: Initialized Parquet WriteSupport with Catalyst schema:","logger":"airflow.task.hooks.airflow.providers.standard.hooks.subprocess.SubprocessHook","filename":"subprocess.py","lineno":99}
{"timestamp":"2026-06-02T15:18:13.088179Z","level":"info","event":"{","logger":"airflow.task.hooks.airflow.providers.standard.hooks.subprocess.SubprocessHook","filename":"subprocess.py","lineno":99}
{"timestamp":"2026-06-02T15:18:13.088252Z","level":"info","event":"  \"type\" : \"struct\",","logger":"airflow.task.hooks.airflow.providers.standard.hooks.subprocess.SubprocessHook","filename":"subprocess.py","lineno":99}
{"timestamp":"2026-06-02T15:18:13.088315Z","level":"info","event":"  \"fields\" : [ {","logger":"airflow.task.hooks.airflow.providers.standard.hooks.subprocess.SubprocessHook","filename":"subprocess.py","lineno":99}
{"timestamp":"2026-06-02T15:18:13.088372Z","level":"info","event":"    \"name\" : \"aquatic_type\",","logger":"airflow.task.hooks.airflow.providers.standard.hooks.subprocess.SubprocessHook","filename":"subprocess.py","lineno":99}
{"timestamp":"2026-06-02T15:18:13.088429Z","level":"info","event":"    \"type\" : \"string\",","logger":"airflow.task.hooks.airflow.providers.standard.hooks.subprocess.SubprocessHook","filename":"subprocess.py","lineno":99}
{"timestamp":"2026-06-02T15:18:13.088484Z","level":"info","event":"    \"nullable\" : true,","logger":"airflow.task.hooks.airflow.providers.standard.hooks.subprocess.SubprocessHook","filename":"subprocess.py","lineno":99}
{"timestamp":"2026-06-02T15:18:13.088537Z","level":"info","event":"    \"metadata\" : { }","logger":"airflow.task.hooks.airflow.providers.standard.hooks.subprocess.SubprocessHook","filename":"subprocess.py","lineno":99}
{"timestamp":"2026-06-02T15:18:13.088590Z","level":"info","event":"  }, {","logger":"airflow.task.hooks.airflow.providers.standard.hooks.subprocess.SubprocessHook","filename":"subprocess.py","lineno":99}
{"timestamp":"2026-06-02T15:18:13.088642Z","level":"info","event":"    \"name\" : \"product_name\",","logger":"airflow.task.hooks.airflow.providers.standard.hooks.subprocess.SubprocessHook","filename":"subprocess.py","lineno":99}
{"timestamp":"2026-06-02T15:18:13.088693Z","level":"info","event":"    \"type\" : \"string\",","logger":"airflow.task.hooks.airflow.providers.standard.hooks.subprocess.SubprocessHook","filename":"subprocess.py","lineno":99}
{"timestamp":"2026-06-02T15:18:13.088744Z","level":"info","event":"    \"nullable\" : true,","logger":"airflow.task.hooks.airflow.providers.standard.hooks.subprocess.SubprocessHook","filename":"subprocess.py","lineno":99}
{"timestamp":"2026-06-02T15:18:13.088794Z","level":"info","event":"    \"metadata\" : { }","logger":"airflow.task.hooks.airflow.providers.standard.hooks.subprocess.SubprocessHook","filename":"subprocess.py","lineno":99}
{"timestamp":"2026-06-02T15:18:13.088844Z","level":"info","event":"  }, {","logger":"airflow.task.hooks.airflow.providers.standard.hooks.subprocess.SubprocessHook","filename":"subprocess.py","lineno":99}
{"timestamp":"2026-06-02T15:18:13.088894Z","level":"info","event":"    \"name\" : \"value\",","logger":"airflow.task.hooks.airflow.providers.standard.hooks.subprocess.SubprocessHook","filename":"subprocess.py","lineno":99}
{"timestamp":"2026-06-02T15:18:13.088945Z","level":"info","event":"    \"type\" : \"double\",","logger":"airflow.task.hooks.airflow.providers.standard.hooks.subprocess.SubprocessHook","filename":"subprocess.py","lineno":99}
{"timestamp":"2026-06-02T15:18:13.088994Z","level":"info","event":"    \"nullable\" : true,","logger":"airflow.task.hooks.airflow.providers.standard.hooks.subprocess.SubprocessHook","filename":"subprocess.py","lineno":99}
{"timestamp":"2026-06-02T15:18:13.089042Z","level":"info","event":"    \"metadata\" : { }","logger":"airflow.task.hooks.airflow.providers.standard.hooks.subprocess.SubprocessHook","filename":"subprocess.py","lineno":99}
{"timestamp":"2026-06-02T15:18:13.089090Z","level":"info","event":"  }, {","logger":"airflow.task.hooks.airflow.providers.standard.hooks.subprocess.SubprocessHook","filename":"subprocess.py","lineno":99}
{"timestamp":"2026-06-02T15:18:13.089139Z","level":"info","event":"    \"name\" : \"unit\",","logger":"airflow.task.hooks.airflow.providers.standard.hooks.subprocess.SubprocessHook","filename":"subprocess.py","lineno":99}
{"timestamp":"2026-06-02T15:18:13.089189Z","level":"info","event":"    \"type\" : \"string\",","logger":"airflow.task.hooks.airflow.providers.standard.hooks.subprocess.SubprocessHook","filename":"subprocess.py","lineno":99}
{"timestamp":"2026-06-02T15:18:13.089238Z","level":"info","event":"    \"nullable\" : true,","logger":"airflow.task.hooks.airflow.providers.standard.hooks.subprocess.SubprocessHook","filename":"subprocess.py","lineno":99}
{"timestamp":"2026-06-02T15:18:13.089286Z","level":"info","event":"    \"metadata\" : { }","logger":"airflow.task.hooks.airflow.providers.standard.hooks.subprocess.SubprocessHook","filename":"subprocess.py","lineno":99}
{"timestamp":"2026-06-02T15:18:13.089334Z","level":"info","event":"  }, {","logger":"airflow.task.hooks.airflow.providers.standard.hooks.subprocess.SubprocessHook","filename":"subprocess.py","lineno":99}
{"timestamp":"2026-06-02T15:18:13.089383Z","level":"info","event":"    \"name\" : \"quarter\",","logger":"airflow.task.hooks.airflow.providers.standard.hooks.subprocess.SubprocessHook","filename":"subprocess.py","lineno":99}
{"timestamp":"2026-06-02T15:18:13.089431Z","level":"info","event":"    \"type\" : \"integer\",","logger":"airflow.task.hooks.airflow.providers.standard.hooks.subprocess.SubprocessHook","filename":"subprocess.py","lineno":99}
{"timestamp":"2026-06-02T15:18:13.089479Z","level":"info","event":"    \"nullable\" : true,","logger":"airflow.task.hooks.airflow.providers.standard.hooks.subprocess.SubprocessHook","filename":"subprocess.py","lineno":99}
{"timestamp":"2026-06-02T15:18:13.089527Z","level":"info","event":"    \"metadata\" : { }","logger":"airflow.task.hooks.airflow.providers.standard.hooks.subprocess.SubprocessHook","filename":"subprocess.py","lineno":99}
{"timestamp":"2026-06-02T15:18:13.089576Z","level":"info","event":"  }, {","logger":"airflow.task.hooks.airflow.providers.standard.hooks.subprocess.SubprocessHook","filename":"subprocess.py","lineno":99}
{"timestamp":"2026-06-02T15:18:13.089685Z","level":"info","event":"    \"name\" : \"year\",","logger":"airflow.task.hooks.airflow.providers.standard.hooks.subprocess.SubprocessHook","filename":"subprocess.py","lineno":99}
{"timestamp":"2026-06-02T15:18:13.089749Z","level":"info","event":"    \"type\" : \"integer\",","logger":"airflow.task.hooks.airflow.providers.standard.hooks.subprocess.SubprocessHook","filename":"subprocess.py","lineno":99}
{"timestamp":"2026-06-02T15:18:13.089808Z","level":"info","event":"    \"nullable\" : true,","logger":"airflow.task.hooks.airflow.providers.standard.hooks.subprocess.SubprocessHook","filename":"subprocess.py","lineno":99}
{"timestamp":"2026-06-02T15:18:13.089859Z","level":"info","event":"    \"metadata\" : { }","logger":"airflow.task.hooks.airflow.providers.standard.hooks.subprocess.SubprocessHook","filename":"subprocess.py","lineno":99}
{"timestamp":"2026-06-02T15:18:13.090056Z","level":"info","event":"  }, {","logger":"airflow.task.hooks.airflow.providers.standard.hooks.subprocess.SubprocessHook","filename":"subprocess.py","lineno":99}
{"timestamp":"2026-06-02T15:18:13.090149Z","level":"info","event":"    \"name\" : \"ingest_at\",","logger":"airflow.task.hooks.airflow.providers.standard.hooks.subprocess.SubprocessHook","filename":"subprocess.py","lineno":99}
{"timestamp":"2026-06-02T15:18:13.090206Z","level":"info","event":"    \"type\" : \"timestamp\",","logger":"airflow.task.hooks.airflow.providers.standard.hooks.subprocess.SubprocessHook","filename":"subprocess.py","lineno":99}
{"timestamp":"2026-06-02T15:18:13.090296Z","level":"info","event":"    \"nullable\" : true,","logger":"airflow.task.hooks.airflow.providers.standard.hooks.subprocess.SubprocessHook","filename":"subprocess.py","lineno":99}
{"timestamp":"2026-06-02T15:18:13.090462Z","level":"info","event":"    \"metadata\" : { }","logger":"airflow.task.hooks.airflow.providers.standard.hooks.subprocess.SubprocessHook","filename":"subprocess.py","lineno":99}
{"timestamp":"2026-06-02T15:18:13.090661Z","level":"info","event":"  } ]","logger":"airflow.task.hooks.airflow.providers.standard.hooks.subprocess.SubprocessHook","filename":"subprocess.py","lineno":99}
{"timestamp":"2026-06-02T15:18:13.090760Z","level":"info","event":"}","logger":"airflow.task.hooks.airflow.providers.standard.hooks.subprocess.SubprocessHook","filename":"subprocess.py","lineno":99}
{"timestamp":"2026-06-02T15:18:13.090823Z","level":"info","event":"and corresponding Parquet message type:","logger":"airflow.task.hooks.airflow.providers.standard.hooks.subprocess.SubprocessHook","filename":"subprocess.py","lineno":99}
{"timestamp":"2026-06-02T15:18:13.090883Z","level":"info","event":"message spark_schema {","logger":"airflow.task.hooks.airflow.providers.standard.hooks.subprocess.SubprocessHook","filename":"subprocess.py","lineno":99}
{"timestamp":"2026-06-02T15:18:13.090936Z","level":"info","event":"  optional binary aquatic_type (STRING);","logger":"airflow.task.hooks.airflow.providers.standard.hooks.subprocess.SubprocessHook","filename":"subprocess.py","lineno":99}
{"timestamp":"2026-06-02T15:18:13.090988Z","level":"info","event":"  optional binary product_name (STRING);","logger":"airflow.task.hooks.airflow.providers.standard.hooks.subprocess.SubprocessHook","filename":"subprocess.py","lineno":99}
{"timestamp":"2026-06-02T15:18:13.091076Z","level":"info","event":"  optional double value;","logger":"airflow.task.hooks.airflow.providers.standard.hooks.subprocess.SubprocessHook","filename":"subprocess.py","lineno":99}
{"timestamp":"2026-06-02T15:18:13.091128Z","level":"info","event":"  optional binary unit (STRING);","logger":"airflow.task.hooks.airflow.providers.standard.hooks.subprocess.SubprocessHook","filename":"subprocess.py","lineno":99}
{"timestamp":"2026-06-02T15:18:13.091180Z","level":"info","event":"  optional int32 quarter;","logger":"airflow.task.hooks.airflow.providers.standard.hooks.subprocess.SubprocessHook","filename":"subprocess.py","lineno":99}
{"timestamp":"2026-06-02T15:18:13.091233Z","level":"info","event":"  optional int32 year;","logger":"airflow.task.hooks.airflow.providers.standard.hooks.subprocess.SubprocessHook","filename":"subprocess.py","lineno":99}
{"timestamp":"2026-06-02T15:18:13.091285Z","level":"info","event":"  optional int96 ingest_at;","logger":"airflow.task.hooks.airflow.providers.standard.hooks.subprocess.SubprocessHook","filename":"subprocess.py","lineno":99}
{"timestamp":"2026-06-02T15:18:13.091497Z","level":"info","event":"}","logger":"airflow.task.hooks.airflow.providers.standard.hooks.subprocess.SubprocessHook","filename":"subprocess.py","lineno":99}
{"timestamp":"2026-06-02T15:18:13.091700Z","level":"info","event":"","logger":"airflow.task.hooks.airflow.providers.standard.hooks.subprocess.SubprocessHook","filename":"subprocess.py","lineno":99}
{"timestamp":"2026-06-02T15:18:13.091796Z","level":"info","event":"","logger":"airflow.task.hooks.airflow.providers.standard.hooks.subprocess.SubprocessHook","filename":"subprocess.py","lineno":99}
{"timestamp":"2026-06-02T15:18:13.091860Z","level":"info","event":"26/06/02 15:18:13 INFO ParquetWriteSupport: Initialized Parquet WriteSupport with Catalyst schema:","logger":"airflow.task.hooks.airflow.providers.standard.hooks.subprocess.SubprocessHook","filename":"subprocess.py","lineno":99}
{"timestamp":"2026-06-02T15:18:13.092012Z","level":"info","event":"{","logger":"airflow.task.hooks.airflow.providers.standard.hooks.subprocess.SubprocessHook","filename":"subprocess.py","lineno":99}
{"timestamp":"2026-06-02T15:18:13.092194Z","level":"info","event":"  \"type\" : \"struct\",","logger":"airflow.task.hooks.airflow.providers.standard.hooks.subprocess.SubprocessHook","filename":"subprocess.py","lineno":99}
{"timestamp":"2026-06-02T15:18:13.092285Z","level":"info","event":"  \"fields\" : [ {","logger":"airflow.task.hooks.airflow.providers.standard.hooks.subprocess.SubprocessHook","filename":"subprocess.py","lineno":99}
{"timestamp":"2026-06-02T15:18:13.092441Z","level":"info","event":"    \"name\" : \"aquatic_type\",","logger":"airflow.task.hooks.airflow.providers.standard.hooks.subprocess.SubprocessHook","filename":"subprocess.py","lineno":99}
{"timestamp":"2026-06-02T15:18:13.092618Z","level":"info","event":"    \"type\" : \"string\",","logger":"airflow.task.hooks.airflow.providers.standard.hooks.subprocess.SubprocessHook","filename":"subprocess.py","lineno":99}
{"timestamp":"2026-06-02T15:18:13.092797Z","level":"info","event":"    \"nullable\" : true,","logger":"airflow.task.hooks.airflow.providers.standard.hooks.subprocess.SubprocessHook","filename":"subprocess.py","lineno":99}
{"timestamp":"2026-06-02T15:18:13.092893Z","level":"info","event":"    \"metadata\" : { }","logger":"airflow.task.hooks.airflow.providers.standard.hooks.subprocess.SubprocessHook","filename":"subprocess.py","lineno":99}
{"timestamp":"2026-06-02T15:18:13.093041Z","level":"info","event":"  }, {","logger":"airflow.task.hooks.airflow.providers.standard.hooks.subprocess.SubprocessHook","filename":"subprocess.py","lineno":99}
{"timestamp":"2026-06-02T15:18:13.093129Z","level":"info","event":"    \"name\" : \"product_name\",","logger":"airflow.task.hooks.airflow.providers.standard.hooks.subprocess.SubprocessHook","filename":"subprocess.py","lineno":99}
{"timestamp":"2026-06-02T15:18:13.093183Z","level":"info","event":"    \"type\" : \"string\",","logger":"airflow.task.hooks.airflow.providers.standard.hooks.subprocess.SubprocessHook","filename":"subprocess.py","lineno":99}
{"timestamp":"2026-06-02T15:18:13.093301Z","level":"info","event":"    \"nullable\" : true,","logger":"airflow.task.hooks.airflow.providers.standard.hooks.subprocess.SubprocessHook","filename":"subprocess.py","lineno":99}
{"timestamp":"2026-06-02T15:18:13.093390Z","level":"info","event":"    \"metadata\" : { }","logger":"airflow.task.hooks.airflow.providers.standard.hooks.subprocess.SubprocessHook","filename":"subprocess.py","lineno":99}
{"timestamp":"2026-06-02T15:18:13.093451Z","level":"info","event":"  }, {","logger":"airflow.task.hooks.airflow.providers.standard.hooks.subprocess.SubprocessHook","filename":"subprocess.py","lineno":99}
{"timestamp":"2026-06-02T15:18:13.093509Z","level":"info","event":"    \"name\" : \"value\",","logger":"airflow.task.hooks.airflow.providers.standard.hooks.subprocess.SubprocessHook","filename":"subprocess.py","lineno":99}
{"timestamp":"2026-06-02T15:18:13.093564Z","level":"info","event":"    \"type\" : \"double\",","logger":"airflow.task.hooks.airflow.providers.standard.hooks.subprocess.SubprocessHook","filename":"subprocess.py","lineno":99}
{"timestamp":"2026-06-02T15:18:13.093616Z","level":"info","event":"    \"nullable\" : true,","logger":"airflow.task.hooks.airflow.providers.standard.hooks.subprocess.SubprocessHook","filename":"subprocess.py","lineno":99}
{"timestamp":"2026-06-02T15:18:13.093717Z","level":"info","event":"    \"metadata\" : { }","logger":"airflow.task.hooks.airflow.providers.standard.hooks.subprocess.SubprocessHook","filename":"subprocess.py","lineno":99}
{"timestamp":"2026-06-02T15:18:13.093781Z","level":"info","event":"  }, {","logger":"airflow.task.hooks.airflow.providers.standard.hooks.subprocess.SubprocessHook","filename":"subprocess.py","lineno":99}
{"timestamp":"2026-06-02T15:18:13.093836Z","level":"info","event":"    \"name\" : \"unit\",","logger":"airflow.task.hooks.airflow.providers.standard.hooks.subprocess.SubprocessHook","filename":"subprocess.py","lineno":99}
{"timestamp":"2026-06-02T15:18:13.093885Z","level":"info","event":"    \"type\" : \"string\",","logger":"airflow.task.hooks.airflow.providers.standard.hooks.subprocess.SubprocessHook","filename":"subprocess.py","lineno":99}
{"timestamp":"2026-06-02T15:18:13.093936Z","level":"info","event":"    \"nullable\" : true,","logger":"airflow.task.hooks.airflow.providers.standard.hooks.subprocess.SubprocessHook","filename":"subprocess.py","lineno":99}
{"timestamp":"2026-06-02T15:18:13.093986Z","level":"info","event":"    \"metadata\" : { }","logger":"airflow.task.hooks.airflow.providers.standard.hooks.subprocess.SubprocessHook","filename":"subprocess.py","lineno":99}
{"timestamp":"2026-06-02T15:18:13.094035Z","level":"info","event":"  }, {","logger":"airflow.task.hooks.airflow.providers.standard.hooks.subprocess.SubprocessHook","filename":"subprocess.py","lineno":99}
{"timestamp":"2026-06-02T15:18:13.094085Z","level":"info","event":"    \"name\" : \"quarter\",","logger":"airflow.task.hooks.airflow.providers.standard.hooks.subprocess.SubprocessHook","filename":"subprocess.py","lineno":99}
{"timestamp":"2026-06-02T15:18:13.094136Z","level":"info","event":"    \"type\" : \"integer\",","logger":"airflow.task.hooks.airflow.providers.standard.hooks.subprocess.SubprocessHook","filename":"subprocess.py","lineno":99}
{"timestamp":"2026-06-02T15:18:13.094189Z","level":"info","event":"    \"nullable\" : true,","logger":"airflow.task.hooks.airflow.providers.standard.hooks.subprocess.SubprocessHook","filename":"subprocess.py","lineno":99}
{"timestamp":"2026-06-02T15:18:13.094242Z","level":"info","event":"    \"metadata\" : { }","logger":"airflow.task.hooks.airflow.providers.standard.hooks.subprocess.SubprocessHook","filename":"subprocess.py","lineno":99}
{"timestamp":"2026-06-02T15:18:13.094293Z","level":"info","event":"  }, {","logger":"airflow.task.hooks.airflow.providers.standard.hooks.subprocess.SubprocessHook","filename":"subprocess.py","lineno":99}
{"timestamp":"2026-06-02T15:18:13.094499Z","level":"info","event":"    \"name\" : \"year\",","logger":"airflow.task.hooks.airflow.providers.standard.hooks.subprocess.SubprocessHook","filename":"subprocess.py","lineno":99}
{"timestamp":"2026-06-02T15:18:13.094715Z","level":"info","event":"    \"type\" : \"integer\",","logger":"airflow.task.hooks.airflow.providers.standard.hooks.subprocess.SubprocessHook","filename":"subprocess.py","lineno":99}
{"timestamp":"2026-06-02T15:18:13.094828Z","level":"info","event":"    \"nullable\" : true,","logger":"airflow.task.hooks.airflow.providers.standard.hooks.subprocess.SubprocessHook","filename":"subprocess.py","lineno":99}
{"timestamp":"2026-06-02T15:18:13.094896Z","level":"info","event":"    \"metadata\" : { }","logger":"airflow.task.hooks.airflow.providers.standard.hooks.subprocess.SubprocessHook","filename":"subprocess.py","lineno":99}
{"timestamp":"2026-06-02T15:18:13.094931Z","level":"info","event":"  }, {","logger":"airflow.task.hooks.airflow.providers.standard.hooks.subprocess.SubprocessHook","filename":"subprocess.py","lineno":99}
{"timestamp":"2026-06-02T15:18:13.094956Z","level":"info","event":"    \"name\" : \"ingest_at\",","logger":"airflow.task.hooks.airflow.providers.standard.hooks.subprocess.SubprocessHook","filename":"subprocess.py","lineno":99}
{"timestamp":"2026-06-02T15:18:13.095044Z","level":"info","event":"    \"type\" : \"timestamp\",","logger":"airflow.task.hooks.airflow.providers.standard.hooks.subprocess.SubprocessHook","filename":"subprocess.py","lineno":99}
{"timestamp":"2026-06-02T15:18:13.095091Z","level":"info","event":"    \"nullable\" : true,","logger":"airflow.task.hooks.airflow.providers.standard.hooks.subprocess.SubprocessHook","filename":"subprocess.py","lineno":99}
{"timestamp":"2026-06-02T15:18:13.095141Z","level":"info","event":"    \"metadata\" : { }","logger":"airflow.task.hooks.airflow.providers.standard.hooks.subprocess.SubprocessHook","filename":"subprocess.py","lineno":99}
{"timestamp":"2026-06-02T15:18:13.095198Z","level":"info","event":"  } ]","logger":"airflow.task.hooks.airflow.providers.standard.hooks.subprocess.SubprocessHook","filename":"subprocess.py","lineno":99}
{"timestamp":"2026-06-02T15:18:13.095231Z","level":"info","event":"}","logger":"airflow.task.hooks.airflow.providers.standard.hooks.subprocess.SubprocessHook","filename":"subprocess.py","lineno":99}
{"timestamp":"2026-06-02T15:18:13.095254Z","level":"info","event":"and corresponding Parquet message type:","logger":"airflow.task.hooks.airflow.providers.standard.hooks.subprocess.SubprocessHook","filename":"subprocess.py","lineno":99}
{"timestamp":"2026-06-02T15:18:13.095276Z","level":"info","event":"message spark_schema {","logger":"airflow.task.hooks.airflow.providers.standard.hooks.subprocess.SubprocessHook","filename":"subprocess.py","lineno":99}
{"timestamp":"2026-06-02T15:18:13.095296Z","level":"info","event":"  optional binary aquatic_type (STRING);","logger":"airflow.task.hooks.airflow.providers.standard.hooks.subprocess.SubprocessHook","filename":"subprocess.py","lineno":99}
{"timestamp":"2026-06-02T15:18:13.095349Z","level":"info","event":"  optional binary product_name (STRING);","logger":"airflow.task.hooks.airflow.providers.standard.hooks.subprocess.SubprocessHook","filename":"subprocess.py","lineno":99}
{"timestamp":"2026-06-02T15:18:13.095382Z","level":"info","event":"  optional double value;","logger":"airflow.task.hooks.airflow.providers.standard.hooks.subprocess.SubprocessHook","filename":"subprocess.py","lineno":99}
{"timestamp":"2026-06-02T15:18:13.095403Z","level":"info","event":"  optional binary unit (STRING);","logger":"airflow.task.hooks.airflow.providers.standard.hooks.subprocess.SubprocessHook","filename":"subprocess.py","lineno":99}
{"timestamp":"2026-06-02T15:18:13.095423Z","level":"info","event":"  optional int32 quarter;","logger":"airflow.task.hooks.airflow.providers.standard.hooks.subprocess.SubprocessHook","filename":"subprocess.py","lineno":99}
{"timestamp":"2026-06-02T15:18:13.095441Z","level":"info","event":"  optional int32 year;","logger":"airflow.task.hooks.airflow.providers.standard.hooks.subprocess.SubprocessHook","filename":"subprocess.py","lineno":99}
{"timestamp":"2026-06-02T15:18:13.095459Z","level":"info","event":"  optional int96 ingest_at;","logger":"airflow.task.hooks.airflow.providers.standard.hooks.subprocess.SubprocessHook","filename":"subprocess.py","lineno":99}
{"timestamp":"2026-06-02T15:18:13.095478Z","level":"info","event":"}","logger":"airflow.task.hooks.airflow.providers.standard.hooks.subprocess.SubprocessHook","filename":"subprocess.py","lineno":99}
{"timestamp":"2026-06-02T15:18:13.095498Z","level":"info","event":"","logger":"airflow.task.hooks.airflow.providers.standard.hooks.subprocess.SubprocessHook","filename":"subprocess.py","lineno":99}
{"timestamp":"2026-06-02T15:18:13.095516Z","level":"info","event":"","logger":"airflow.task.hooks.airflow.providers.standard.hooks.subprocess.SubprocessHook","filename":"subprocess.py","lineno":99}
{"timestamp":"2026-06-02T15:18:13.095534Z","level":"info","event":"26/06/02 15:18:13 INFO ParquetWriteSupport: Initialized Parquet WriteSupport with Catalyst schema:","logger":"airflow.task.hooks.airflow.providers.standard.hooks.subprocess.SubprocessHook","filename":"subprocess.py","lineno":99}
{"timestamp":"2026-06-02T15:18:13.095554Z","level":"info","event":"{","logger":"airflow.task.hooks.airflow.providers.standard.hooks.subprocess.SubprocessHook","filename":"subprocess.py","lineno":99}
{"timestamp":"2026-06-02T15:18:13.095572Z","level":"info","event":"  \"type\" : \"struct\",","logger":"airflow.task.hooks.airflow.providers.standard.hooks.subprocess.SubprocessHook","filename":"subprocess.py","lineno":99}
{"timestamp":"2026-06-02T15:18:13.095591Z","level":"info","event":"  \"fields\" : [ {","logger":"airflow.task.hooks.airflow.providers.standard.hooks.subprocess.SubprocessHook","filename":"subprocess.py","lineno":99}
{"timestamp":"2026-06-02T15:18:13.095609Z","level":"info","event":"    \"name\" : \"aquatic_type\",","logger":"airflow.task.hooks.airflow.providers.standard.hooks.subprocess.SubprocessHook","filename":"subprocess.py","lineno":99}
{"timestamp":"2026-06-02T15:18:13.095627Z","level":"info","event":"    \"type\" : \"string\",","logger":"airflow.task.hooks.airflow.providers.standard.hooks.subprocess.SubprocessHook","filename":"subprocess.py","lineno":99}
{"timestamp":"2026-06-02T15:18:13.095646Z","level":"info","event":"    \"nullable\" : true,","logger":"airflow.task.hooks.airflow.providers.standard.hooks.subprocess.SubprocessHook","filename":"subprocess.py","lineno":99}
{"timestamp":"2026-06-02T15:18:13.095664Z","level":"info","event":"    \"metadata\" : { }","logger":"airflow.task.hooks.airflow.providers.standard.hooks.subprocess.SubprocessHook","filename":"subprocess.py","lineno":99}
{"timestamp":"2026-06-02T15:18:13.095682Z","level":"info","event":"  }, {","logger":"airflow.task.hooks.airflow.providers.standard.hooks.subprocess.SubprocessHook","filename":"subprocess.py","lineno":99}
{"timestamp":"2026-06-02T15:18:13.095756Z","level":"info","event":"    \"name\" : \"product_name\",","logger":"airflow.task.hooks.airflow.providers.standard.hooks.subprocess.SubprocessHook","filename":"subprocess.py","lineno":99}
{"timestamp":"2026-06-02T15:18:13.095818Z","level":"info","event":"    \"type\" : \"string\",","logger":"airflow.task.hooks.airflow.providers.standard.hooks.subprocess.SubprocessHook","filename":"subprocess.py","lineno":99}
{"timestamp":"2026-06-02T15:18:13.095852Z","level":"info","event":"    \"nullable\" : true,","logger":"airflow.task.hooks.airflow.providers.standard.hooks.subprocess.SubprocessHook","filename":"subprocess.py","lineno":99}
{"timestamp":"2026-06-02T15:18:13.095896Z","level":"info","event":"    \"metadata\" : { }","logger":"airflow.task.hooks.airflow.providers.standard.hooks.subprocess.SubprocessHook","filename":"subprocess.py","lineno":99}
{"timestamp":"2026-06-02T15:18:13.095931Z","level":"info","event":"  }, {","logger":"airflow.task.hooks.airflow.providers.standard.hooks.subprocess.SubprocessHook","filename":"subprocess.py","lineno":99}
{"timestamp":"2026-06-02T15:18:13.095980Z","level":"info","event":"    \"name\" : \"value\",","logger":"airflow.task.hooks.airflow.providers.standard.hooks.subprocess.SubprocessHook","filename":"subprocess.py","lineno":99}
{"timestamp":"2026-06-02T15:18:13.096032Z","level":"info","event":"    \"type\" : \"double\",","logger":"airflow.task.hooks.airflow.providers.standard.hooks.subprocess.SubprocessHook","filename":"subprocess.py","lineno":99}
{"timestamp":"2026-06-02T15:18:13.096085Z","level":"info","event":"    \"nullable\" : true,","logger":"airflow.task.hooks.airflow.providers.standard.hooks.subprocess.SubprocessHook","filename":"subprocess.py","lineno":99}
{"timestamp":"2026-06-02T15:18:13.096117Z","level":"info","event":"    \"metadata\" : { }","logger":"airflow.task.hooks.airflow.providers.standard.hooks.subprocess.SubprocessHook","filename":"subprocess.py","lineno":99}
{"timestamp":"2026-06-02T15:18:13.096137Z","level":"info","event":"  }, {","logger":"airflow.task.hooks.airflow.providers.standard.hooks.subprocess.SubprocessHook","filename":"subprocess.py","lineno":99}
{"timestamp":"2026-06-02T15:18:13.096158Z","level":"info","event":"    \"name\" : \"unit\",","logger":"airflow.task.hooks.airflow.providers.standard.hooks.subprocess.SubprocessHook","filename":"subprocess.py","lineno":99}
{"timestamp":"2026-06-02T15:18:13.096204Z","level":"info","event":"    \"type\" : \"string\",","logger":"airflow.task.hooks.airflow.providers.standard.hooks.subprocess.SubprocessHook","filename":"subprocess.py","lineno":99}
{"timestamp":"2026-06-02T15:18:13.096259Z","level":"info","event":"    \"nullable\" : true,","logger":"airflow.task.hooks.airflow.providers.standard.hooks.subprocess.SubprocessHook","filename":"subprocess.py","lineno":99}
{"timestamp":"2026-06-02T15:18:13.096311Z","level":"info","event":"    \"metadata\" : { }","logger":"airflow.task.hooks.airflow.providers.standard.hooks.subprocess.SubprocessHook","filename":"subprocess.py","lineno":99}
{"timestamp":"2026-06-02T15:18:13.096366Z","level":"info","event":"  }, {","logger":"airflow.task.hooks.airflow.providers.standard.hooks.subprocess.SubprocessHook","filename":"subprocess.py","lineno":99}
{"timestamp":"2026-06-02T15:18:13.096432Z","level":"info","event":"    \"name\" : \"quarter\",","logger":"airflow.task.hooks.airflow.providers.standard.hooks.subprocess.SubprocessHook","filename":"subprocess.py","lineno":99}
{"timestamp":"2026-06-02T15:18:13.096464Z","level":"info","event":"    \"type\" : \"integer\",","logger":"airflow.task.hooks.airflow.providers.standard.hooks.subprocess.SubprocessHook","filename":"subprocess.py","lineno":99}
{"timestamp":"2026-06-02T15:18:13.096507Z","level":"info","event":"    \"nullable\" : true,","logger":"airflow.task.hooks.airflow.providers.standard.hooks.subprocess.SubprocessHook","filename":"subprocess.py","lineno":99}
{"timestamp":"2026-06-02T15:18:13.096556Z","level":"info","event":"    \"metadata\" : { }","logger":"airflow.task.hooks.airflow.providers.standard.hooks.subprocess.SubprocessHook","filename":"subprocess.py","lineno":99}
{"timestamp":"2026-06-02T15:18:13.096589Z","level":"info","event":"  }, {","logger":"airflow.task.hooks.airflow.providers.standard.hooks.subprocess.SubprocessHook","filename":"subprocess.py","lineno":99}
{"timestamp":"2026-06-02T15:18:13.096610Z","level":"info","event":"    \"name\" : \"year\",","logger":"airflow.task.hooks.airflow.providers.standard.hooks.subprocess.SubprocessHook","filename":"subprocess.py","lineno":99}
{"timestamp":"2026-06-02T15:18:13.096629Z","level":"info","event":"    \"type\" : \"integer\",","logger":"airflow.task.hooks.airflow.providers.standard.hooks.subprocess.SubprocessHook","filename":"subprocess.py","lineno":99}
{"timestamp":"2026-06-02T15:18:13.096647Z","level":"info","event":"    \"nullable\" : true,","logger":"airflow.task.hooks.airflow.providers.standard.hooks.subprocess.SubprocessHook","filename":"subprocess.py","lineno":99}
{"timestamp":"2026-06-02T15:18:13.096690Z","level":"info","event":"    \"metadata\" : { }","logger":"airflow.task.hooks.airflow.providers.standard.hooks.subprocess.SubprocessHook","filename":"subprocess.py","lineno":99}
{"timestamp":"2026-06-02T15:18:13.096719Z","level":"info","event":"  }, {","logger":"airflow.task.hooks.airflow.providers.standard.hooks.subprocess.SubprocessHook","filename":"subprocess.py","lineno":99}
{"timestamp":"2026-06-02T15:18:13.096739Z","level":"info","event":"    \"name\" : \"ingest_at\",","logger":"airflow.task.hooks.airflow.providers.standard.hooks.subprocess.SubprocessHook","filename":"subprocess.py","lineno":99}
{"timestamp":"2026-06-02T15:18:13.096758Z","level":"info","event":"    \"type\" : \"timestamp\",","logger":"airflow.task.hooks.airflow.providers.standard.hooks.subprocess.SubprocessHook","filename":"subprocess.py","lineno":99}
{"timestamp":"2026-06-02T15:18:13.096775Z","level":"info","event":"    \"nullable\" : true,","logger":"airflow.task.hooks.airflow.providers.standard.hooks.subprocess.SubprocessHook","filename":"subprocess.py","lineno":99}
{"timestamp":"2026-06-02T15:18:13.096792Z","level":"info","event":"    \"metadata\" : { }","logger":"airflow.task.hooks.airflow.providers.standard.hooks.subprocess.SubprocessHook","filename":"subprocess.py","lineno":99}
{"timestamp":"2026-06-02T15:18:13.096809Z","level":"info","event":"  } ]","logger":"airflow.task.hooks.airflow.providers.standard.hooks.subprocess.SubprocessHook","filename":"subprocess.py","lineno":99}
{"timestamp":"2026-06-02T15:18:13.096827Z","level":"info","event":"}","logger":"airflow.task.hooks.airflow.providers.standard.hooks.subprocess.SubprocessHook","filename":"subprocess.py","lineno":99}
{"timestamp":"2026-06-02T15:18:13.096844Z","level":"info","event":"and corresponding Parquet message type:","logger":"airflow.task.hooks.airflow.providers.standard.hooks.subprocess.SubprocessHook","filename":"subprocess.py","lineno":99}
{"timestamp":"2026-06-02T15:18:13.096863Z","level":"info","event":"message spark_schema {","logger":"airflow.task.hooks.airflow.providers.standard.hooks.subprocess.SubprocessHook","filename":"subprocess.py","lineno":99}
{"timestamp":"2026-06-02T15:18:13.096880Z","level":"info","event":"  optional binary aquatic_type (STRING);","logger":"airflow.task.hooks.airflow.providers.standard.hooks.subprocess.SubprocessHook","filename":"subprocess.py","lineno":99}
{"timestamp":"2026-06-02T15:18:13.096898Z","level":"info","event":"  optional binary product_name (STRING);","logger":"airflow.task.hooks.airflow.providers.standard.hooks.subprocess.SubprocessHook","filename":"subprocess.py","lineno":99}
{"timestamp":"2026-06-02T15:18:13.096915Z","level":"info","event":"  optional double value;","logger":"airflow.task.hooks.airflow.providers.standard.hooks.subprocess.SubprocessHook","filename":"subprocess.py","lineno":99}
{"timestamp":"2026-06-02T15:18:13.096931Z","level":"info","event":"  optional binary unit (STRING);","logger":"airflow.task.hooks.airflow.providers.standard.hooks.subprocess.SubprocessHook","filename":"subprocess.py","lineno":99}
{"timestamp":"2026-06-02T15:18:13.096948Z","level":"info","event":"  optional int32 quarter;","logger":"airflow.task.hooks.airflow.providers.standard.hooks.subprocess.SubprocessHook","filename":"subprocess.py","lineno":99}
{"timestamp":"2026-06-02T15:18:13.096965Z","level":"info","event":"  optional int32 year;","logger":"airflow.task.hooks.airflow.providers.standard.hooks.subprocess.SubprocessHook","filename":"subprocess.py","lineno":99}
{"timestamp":"2026-06-02T15:18:13.096982Z","level":"info","event":"  optional int96 ingest_at;","logger":"airflow.task.hooks.airflow.providers.standard.hooks.subprocess.SubprocessHook","filename":"subprocess.py","lineno":99}
{"timestamp":"2026-06-02T15:18:13.096999Z","level":"info","event":"}","logger":"airflow.task.hooks.airflow.providers.standard.hooks.subprocess.SubprocessHook","filename":"subprocess.py","lineno":99}
{"timestamp":"2026-06-02T15:18:13.097017Z","level":"info","event":"","logger":"airflow.task.hooks.airflow.providers.standard.hooks.subprocess.SubprocessHook","filename":"subprocess.py","lineno":99}
{"timestamp":"2026-06-02T15:18:13.097034Z","level":"info","event":"","logger":"airflow.task.hooks.airflow.providers.standard.hooks.subprocess.SubprocessHook","filename":"subprocess.py","lineno":99}
{"timestamp":"2026-06-02T15:18:13.097064Z","level":"info","event":"26/06/02 15:18:13 INFO ParquetWriteSupport: Initialized Parquet WriteSupport with Catalyst schema:","logger":"airflow.task.hooks.airflow.providers.standard.hooks.subprocess.SubprocessHook","filename":"subprocess.py","lineno":99}
{"timestamp":"2026-06-02T15:18:13.097097Z","level":"info","event":"{","logger":"airflow.task.hooks.airflow.providers.standard.hooks.subprocess.SubprocessHook","filename":"subprocess.py","lineno":99}
{"timestamp":"2026-06-02T15:18:13.097165Z","level":"info","event":"  \"type\" : \"struct\",","logger":"airflow.task.hooks.airflow.providers.standard.hooks.subprocess.SubprocessHook","filename":"subprocess.py","lineno":99}
{"timestamp":"2026-06-02T15:18:13.097199Z","level":"info","event":"  \"fields\" : [ {","logger":"airflow.task.hooks.airflow.providers.standard.hooks.subprocess.SubprocessHook","filename":"subprocess.py","lineno":99}
{"timestamp":"2026-06-02T15:18:13.097250Z","level":"info","event":"    \"name\" : \"aquatic_type\",","logger":"airflow.task.hooks.airflow.providers.standard.hooks.subprocess.SubprocessHook","filename":"subprocess.py","lineno":99}
{"timestamp":"2026-06-02T15:18:13.097308Z","level":"info","event":"    \"type\" : \"string\",","logger":"airflow.task.hooks.airflow.providers.standard.hooks.subprocess.SubprocessHook","filename":"subprocess.py","lineno":99}
{"timestamp":"2026-06-02T15:18:13.165569Z","level":"info","event":"    \"nullable\" : true,","logger":"airflow.task.hooks.airflow.providers.standard.hooks.subprocess.SubprocessHook","filename":"subprocess.py","lineno":99}
{"timestamp":"2026-06-02T15:18:13.165723Z","level":"info","event":"    \"metadata\" : { }","logger":"airflow.task.hooks.airflow.providers.standard.hooks.subprocess.SubprocessHook","filename":"subprocess.py","lineno":99}
{"timestamp":"2026-06-02T15:18:13.165799Z","level":"info","event":"  }, {","logger":"airflow.task.hooks.airflow.providers.standard.hooks.subprocess.SubprocessHook","filename":"subprocess.py","lineno":99}
{"timestamp":"2026-06-02T15:18:13.165862Z","level":"info","event":"    \"name\" : \"product_name\",","logger":"airflow.task.hooks.airflow.providers.standard.hooks.subprocess.SubprocessHook","filename":"subprocess.py","lineno":99}
{"timestamp":"2026-06-02T15:18:13.165921Z","level":"info","event":"    \"type\" : \"string\",","logger":"airflow.task.hooks.airflow.providers.standard.hooks.subprocess.SubprocessHook","filename":"subprocess.py","lineno":99}
{"timestamp":"2026-06-02T15:18:13.165980Z","level":"info","event":"    \"nullable\" : true,","logger":"airflow.task.hooks.airflow.providers.standard.hooks.subprocess.SubprocessHook","filename":"subprocess.py","lineno":99}
{"timestamp":"2026-06-02T15:18:13.166039Z","level":"info","event":"    \"metadata\" : { }","logger":"airflow.task.hooks.airflow.providers.standard.hooks.subprocess.SubprocessHook","filename":"subprocess.py","lineno":99}
{"timestamp":"2026-06-02T15:18:13.166097Z","level":"info","event":"  }, {","logger":"airflow.task.hooks.airflow.providers.standard.hooks.subprocess.SubprocessHook","filename":"subprocess.py","lineno":99}
{"timestamp":"2026-06-02T15:18:13.166152Z","level":"info","event":"    \"name\" : \"value\",","logger":"airflow.task.hooks.airflow.providers.standard.hooks.subprocess.SubprocessHook","filename":"subprocess.py","lineno":99}
{"timestamp":"2026-06-02T15:18:13.166204Z","level":"info","event":"    \"type\" : \"double\",","logger":"airflow.task.hooks.airflow.providers.standard.hooks.subprocess.SubprocessHook","filename":"subprocess.py","lineno":99}
{"timestamp":"2026-06-02T15:18:13.166257Z","level":"info","event":"    \"nullable\" : true,","logger":"airflow.task.hooks.airflow.providers.standard.hooks.subprocess.SubprocessHook","filename":"subprocess.py","lineno":99}
{"timestamp":"2026-06-02T15:18:13.166311Z","level":"info","event":"    \"metadata\" : { }","logger":"airflow.task.hooks.airflow.providers.standard.hooks.subprocess.SubprocessHook","filename":"subprocess.py","lineno":99}
{"timestamp":"2026-06-02T15:18:13.166366Z","level":"info","event":"  }, {","logger":"airflow.task.hooks.airflow.providers.standard.hooks.subprocess.SubprocessHook","filename":"subprocess.py","lineno":99}
{"timestamp":"2026-06-02T15:18:13.166420Z","level":"info","event":"    \"name\" : \"unit\",","logger":"airflow.task.hooks.airflow.providers.standard.hooks.subprocess.SubprocessHook","filename":"subprocess.py","lineno":99}
{"timestamp":"2026-06-02T15:18:13.166477Z","level":"info","event":"    \"type\" : \"string\",","logger":"airflow.task.hooks.airflow.providers.standard.hooks.subprocess.SubprocessHook","filename":"subprocess.py","lineno":99}
{"timestamp":"2026-06-02T15:18:13.166530Z","level":"info","event":"    \"nullable\" : true,","logger":"airflow.task.hooks.airflow.providers.standard.hooks.subprocess.SubprocessHook","filename":"subprocess.py","lineno":99}
{"timestamp":"2026-06-02T15:18:13.166582Z","level":"info","event":"    \"metadata\" : { }","logger":"airflow.task.hooks.airflow.providers.standard.hooks.subprocess.SubprocessHook","filename":"subprocess.py","lineno":99}
{"timestamp":"2026-06-02T15:18:13.166634Z","level":"info","event":"  }, {","logger":"airflow.task.hooks.airflow.providers.standard.hooks.subprocess.SubprocessHook","filename":"subprocess.py","lineno":99}
{"timestamp":"2026-06-02T15:18:13.166689Z","level":"info","event":"    \"name\" : \"quarter\",","logger":"airflow.task.hooks.airflow.providers.standard.hooks.subprocess.SubprocessHook","filename":"subprocess.py","lineno":99}
{"timestamp":"2026-06-02T15:18:13.166746Z","level":"info","event":"    \"type\" : \"integer\",","logger":"airflow.task.hooks.airflow.providers.standard.hooks.subprocess.SubprocessHook","filename":"subprocess.py","lineno":99}
{"timestamp":"2026-06-02T15:18:13.166798Z","level":"info","event":"    \"nullable\" : true,","logger":"airflow.task.hooks.airflow.providers.standard.hooks.subprocess.SubprocessHook","filename":"subprocess.py","lineno":99}
{"timestamp":"2026-06-02T15:18:13.166858Z","level":"info","event":"    \"metadata\" : { }","logger":"airflow.task.hooks.airflow.providers.standard.hooks.subprocess.SubprocessHook","filename":"subprocess.py","lineno":99}
{"timestamp":"2026-06-02T15:18:13.166921Z","level":"info","event":"  }, {","logger":"airflow.task.hooks.airflow.providers.standard.hooks.subprocess.SubprocessHook","filename":"subprocess.py","lineno":99}
{"timestamp":"2026-06-02T15:18:13.166979Z","level":"info","event":"    \"name\" : \"year\",","logger":"airflow.task.hooks.airflow.providers.standard.hooks.subprocess.SubprocessHook","filename":"subprocess.py","lineno":99}
{"timestamp":"2026-06-02T15:18:13.167146Z","level":"info","event":"    \"type\" : \"integer\",","logger":"airflow.task.hooks.airflow.providers.standard.hooks.subprocess.SubprocessHook","filename":"subprocess.py","lineno":99}
{"timestamp":"2026-06-02T15:18:13.167268Z","level":"info","event":"    \"nullable\" : true,","logger":"airflow.task.hooks.airflow.providers.standard.hooks.subprocess.SubprocessHook","filename":"subprocess.py","lineno":99}
{"timestamp":"2026-06-02T15:18:13.167375Z","level":"info","event":"    \"metadata\" : { }","logger":"airflow.task.hooks.airflow.providers.standard.hooks.subprocess.SubprocessHook","filename":"subprocess.py","lineno":99}
{"timestamp":"2026-06-02T15:18:13.167446Z","level":"info","event":"  }, {","logger":"airflow.task.hooks.airflow.providers.standard.hooks.subprocess.SubprocessHook","filename":"subprocess.py","lineno":99}
{"timestamp":"2026-06-02T15:18:13.167506Z","level":"info","event":"    \"name\" : \"ingest_at\",","logger":"airflow.task.hooks.airflow.providers.standard.hooks.subprocess.SubprocessHook","filename":"subprocess.py","lineno":99}
{"timestamp":"2026-06-02T15:18:13.167563Z","level":"info","event":"    \"type\" : \"timestamp\",","logger":"airflow.task.hooks.airflow.providers.standard.hooks.subprocess.SubprocessHook","filename":"subprocess.py","lineno":99}
{"timestamp":"2026-06-02T15:18:13.167621Z","level":"info","event":"    \"nullable\" : true,","logger":"airflow.task.hooks.airflow.providers.standard.hooks.subprocess.SubprocessHook","filename":"subprocess.py","lineno":99}
{"timestamp":"2026-06-02T15:18:13.167682Z","level":"info","event":"    \"metadata\" : { }","logger":"airflow.task.hooks.airflow.providers.standard.hooks.subprocess.SubprocessHook","filename":"subprocess.py","lineno":99}
{"timestamp":"2026-06-02T15:18:13.167741Z","level":"info","event":"  } ]","logger":"airflow.task.hooks.airflow.providers.standard.hooks.subprocess.SubprocessHook","filename":"subprocess.py","lineno":99}
{"timestamp":"2026-06-02T15:18:13.167799Z","level":"info","event":"}","logger":"airflow.task.hooks.airflow.providers.standard.hooks.subprocess.SubprocessHook","filename":"subprocess.py","lineno":99}
{"timestamp":"2026-06-02T15:18:13.167852Z","level":"info","event":"and corresponding Parquet message type:","logger":"airflow.task.hooks.airflow.providers.standard.hooks.subprocess.SubprocessHook","filename":"subprocess.py","lineno":99}
{"timestamp":"2026-06-02T15:18:13.167904Z","level":"info","event":"message spark_schema {","logger":"airflow.task.hooks.airflow.providers.standard.hooks.subprocess.SubprocessHook","filename":"subprocess.py","lineno":99}
{"timestamp":"2026-06-02T15:18:13.167957Z","level":"info","event":"  optional binary aquatic_type (STRING);","logger":"airflow.task.hooks.airflow.providers.standard.hooks.subprocess.SubprocessHook","filename":"subprocess.py","lineno":99}
{"timestamp":"2026-06-02T15:18:13.168007Z","level":"info","event":"  optional binary product_name (STRING);","logger":"airflow.task.hooks.airflow.providers.standard.hooks.subprocess.SubprocessHook","filename":"subprocess.py","lineno":99}
{"timestamp":"2026-06-02T15:18:13.168058Z","level":"info","event":"  optional double value;","logger":"airflow.task.hooks.airflow.providers.standard.hooks.subprocess.SubprocessHook","filename":"subprocess.py","lineno":99}
{"timestamp":"2026-06-02T15:18:13.168112Z","level":"info","event":"  optional binary unit (STRING);","logger":"airflow.task.hooks.airflow.providers.standard.hooks.subprocess.SubprocessHook","filename":"subprocess.py","lineno":99}
{"timestamp":"2026-06-02T15:18:13.168164Z","level":"info","event":"  optional int32 quarter;","logger":"airflow.task.hooks.airflow.providers.standard.hooks.subprocess.SubprocessHook","filename":"subprocess.py","lineno":99}
{"timestamp":"2026-06-02T15:18:13.168217Z","level":"info","event":"  optional int32 year;","logger":"airflow.task.hooks.airflow.providers.standard.hooks.subprocess.SubprocessHook","filename":"subprocess.py","lineno":99}
{"timestamp":"2026-06-02T15:18:13.168460Z","level":"info","event":"  optional int96 ingest_at;","logger":"airflow.task.hooks.airflow.providers.standard.hooks.subprocess.SubprocessHook","filename":"subprocess.py","lineno":99}
{"timestamp":"2026-06-02T15:18:13.168622Z","level":"info","event":"}","logger":"airflow.task.hooks.airflow.providers.standard.hooks.subprocess.SubprocessHook","filename":"subprocess.py","lineno":99}
{"timestamp":"2026-06-02T15:18:13.168668Z","level":"info","event":"","logger":"airflow.task.hooks.airflow.providers.standard.hooks.subprocess.SubprocessHook","filename":"subprocess.py","lineno":99}
{"timestamp":"2026-06-02T15:18:13.168693Z","level":"info","event":"","logger":"airflow.task.hooks.airflow.providers.standard.hooks.subprocess.SubprocessHook","filename":"subprocess.py","lineno":99}
{"timestamp":"2026-06-02T15:18:13.168743Z","level":"info","event":"26/06/02 15:18:13 INFO ParquetWriteSupport: Initialized Parquet WriteSupport with Catalyst schema:","logger":"airflow.task.hooks.airflow.providers.standard.hooks.subprocess.SubprocessHook","filename":"subprocess.py","lineno":99}
{"timestamp":"2026-06-02T15:18:13.168776Z","level":"info","event":"{","logger":"airflow.task.hooks.airflow.providers.standard.hooks.subprocess.SubprocessHook","filename":"subprocess.py","lineno":99}
{"timestamp":"2026-06-02T15:18:13.168798Z","level":"info","event":"  \"type\" : \"struct\",","logger":"airflow.task.hooks.airflow.providers.standard.hooks.subprocess.SubprocessHook","filename":"subprocess.py","lineno":99}
{"timestamp":"2026-06-02T15:18:13.168863Z","level":"info","event":"  \"fields\" : [ {","logger":"airflow.task.hooks.airflow.providers.standard.hooks.subprocess.SubprocessHook","filename":"subprocess.py","lineno":99}
{"timestamp":"2026-06-02T15:18:13.168921Z","level":"info","event":"    \"name\" : \"aquatic_type\",","logger":"airflow.task.hooks.airflow.providers.standard.hooks.subprocess.SubprocessHook","filename":"subprocess.py","lineno":99}
{"timestamp":"2026-06-02T15:18:13.168954Z","level":"info","event":"    \"type\" : \"string\",","logger":"airflow.task.hooks.airflow.providers.standard.hooks.subprocess.SubprocessHook","filename":"subprocess.py","lineno":99}
{"timestamp":"2026-06-02T15:18:13.168976Z","level":"info","event":"    \"nullable\" : true,","logger":"airflow.task.hooks.airflow.providers.standard.hooks.subprocess.SubprocessHook","filename":"subprocess.py","lineno":99}
{"timestamp":"2026-06-02T15:18:13.168996Z","level":"info","event":"    \"metadata\" : { }","logger":"airflow.task.hooks.airflow.providers.standard.hooks.subprocess.SubprocessHook","filename":"subprocess.py","lineno":99}
{"timestamp":"2026-06-02T15:18:13.169015Z","level":"info","event":"  }, {","logger":"airflow.task.hooks.airflow.providers.standard.hooks.subprocess.SubprocessHook","filename":"subprocess.py","lineno":99}
{"timestamp":"2026-06-02T15:18:13.169037Z","level":"info","event":"    \"name\" : \"product_name\",","logger":"airflow.task.hooks.airflow.providers.standard.hooks.subprocess.SubprocessHook","filename":"subprocess.py","lineno":99}
{"timestamp":"2026-06-02T15:18:13.169056Z","level":"info","event":"    \"type\" : \"string\",","logger":"airflow.task.hooks.airflow.providers.standard.hooks.subprocess.SubprocessHook","filename":"subprocess.py","lineno":99}
{"timestamp":"2026-06-02T15:18:13.169074Z","level":"info","event":"    \"nullable\" : true,","logger":"airflow.task.hooks.airflow.providers.standard.hooks.subprocess.SubprocessHook","filename":"subprocess.py","lineno":99}
{"timestamp":"2026-06-02T15:18:13.169092Z","level":"info","event":"    \"metadata\" : { }","logger":"airflow.task.hooks.airflow.providers.standard.hooks.subprocess.SubprocessHook","filename":"subprocess.py","lineno":99}
{"timestamp":"2026-06-02T15:18:13.169109Z","level":"info","event":"  }, {","logger":"airflow.task.hooks.airflow.providers.standard.hooks.subprocess.SubprocessHook","filename":"subprocess.py","lineno":99}
{"timestamp":"2026-06-02T15:18:13.169154Z","level":"info","event":"    \"name\" : \"value\",","logger":"airflow.task.hooks.airflow.providers.standard.hooks.subprocess.SubprocessHook","filename":"subprocess.py","lineno":99}
{"timestamp":"2026-06-02T15:18:13.169186Z","level":"info","event":"    \"type\" : \"double\",","logger":"airflow.task.hooks.airflow.providers.standard.hooks.subprocess.SubprocessHook","filename":"subprocess.py","lineno":99}
{"timestamp":"2026-06-02T15:18:13.169264Z","level":"info","event":"    \"nullable\" : true,","logger":"airflow.task.hooks.airflow.providers.standard.hooks.subprocess.SubprocessHook","filename":"subprocess.py","lineno":99}
{"timestamp":"2026-06-02T15:18:13.169335Z","level":"info","event":"    \"metadata\" : { }","logger":"airflow.task.hooks.airflow.providers.standard.hooks.subprocess.SubprocessHook","filename":"subprocess.py","lineno":99}
{"timestamp":"2026-06-02T15:18:13.169391Z","level":"info","event":"  }, {","logger":"airflow.task.hooks.airflow.providers.standard.hooks.subprocess.SubprocessHook","filename":"subprocess.py","lineno":99}
{"timestamp":"2026-06-02T15:18:13.169425Z","level":"info","event":"    \"name\" : \"unit\",","logger":"airflow.task.hooks.airflow.providers.standard.hooks.subprocess.SubprocessHook","filename":"subprocess.py","lineno":99}
{"timestamp":"2026-06-02T15:18:13.169470Z","level":"info","event":"    \"type\" : \"string\",","logger":"airflow.task.hooks.airflow.providers.standard.hooks.subprocess.SubprocessHook","filename":"subprocess.py","lineno":99}
{"timestamp":"2026-06-02T15:18:13.169500Z","level":"info","event":"    \"nullable\" : true,","logger":"airflow.task.hooks.airflow.providers.standard.hooks.subprocess.SubprocessHook","filename":"subprocess.py","lineno":99}
{"timestamp":"2026-06-02T15:18:13.169544Z","level":"info","event":"    \"metadata\" : { }","logger":"airflow.task.hooks.airflow.providers.standard.hooks.subprocess.SubprocessHook","filename":"subprocess.py","lineno":99}
{"timestamp":"2026-06-02T15:18:13.169573Z","level":"info","event":"  }, {","logger":"airflow.task.hooks.airflow.providers.standard.hooks.subprocess.SubprocessHook","filename":"subprocess.py","lineno":99}
{"timestamp":"2026-06-02T15:18:13.169615Z","level":"info","event":"    \"name\" : \"quarter\",","logger":"airflow.task.hooks.airflow.providers.standard.hooks.subprocess.SubprocessHook","filename":"subprocess.py","lineno":99}
{"timestamp":"2026-06-02T15:18:13.169648Z","level":"info","event":"    \"type\" : \"integer\",","logger":"airflow.task.hooks.airflow.providers.standard.hooks.subprocess.SubprocessHook","filename":"subprocess.py","lineno":99}
{"timestamp":"2026-06-02T15:18:13.169670Z","level":"info","event":"    \"nullable\" : true,","logger":"airflow.task.hooks.airflow.providers.standard.hooks.subprocess.SubprocessHook","filename":"subprocess.py","lineno":99}
{"timestamp":"2026-06-02T15:18:13.169712Z","level":"info","event":"    \"metadata\" : { }","logger":"airflow.task.hooks.airflow.providers.standard.hooks.subprocess.SubprocessHook","filename":"subprocess.py","lineno":99}
{"timestamp":"2026-06-02T15:18:13.169745Z","level":"info","event":"  }, {","logger":"airflow.task.hooks.airflow.providers.standard.hooks.subprocess.SubprocessHook","filename":"subprocess.py","lineno":99}
{"timestamp":"2026-06-02T15:18:13.169769Z","level":"info","event":"    \"name\" : \"year\",","logger":"airflow.task.hooks.airflow.providers.standard.hooks.subprocess.SubprocessHook","filename":"subprocess.py","lineno":99}
{"timestamp":"2026-06-02T15:18:13.169789Z","level":"info","event":"    \"type\" : \"integer\",","logger":"airflow.task.hooks.airflow.providers.standard.hooks.subprocess.SubprocessHook","filename":"subprocess.py","lineno":99}
{"timestamp":"2026-06-02T15:18:13.169833Z","level":"info","event":"    \"nullable\" : true,","logger":"airflow.task.hooks.airflow.providers.standard.hooks.subprocess.SubprocessHook","filename":"subprocess.py","lineno":99}
{"timestamp":"2026-06-02T15:18:13.169863Z","level":"info","event":"    \"metadata\" : { }","logger":"airflow.task.hooks.airflow.providers.standard.hooks.subprocess.SubprocessHook","filename":"subprocess.py","lineno":99}
{"timestamp":"2026-06-02T15:18:13.169883Z","level":"info","event":"  }, {","logger":"airflow.task.hooks.airflow.providers.standard.hooks.subprocess.SubprocessHook","filename":"subprocess.py","lineno":99}
{"timestamp":"2026-06-02T15:18:13.169902Z","level":"info","event":"    \"name\" : \"ingest_at\",","logger":"airflow.task.hooks.airflow.providers.standard.hooks.subprocess.SubprocessHook","filename":"subprocess.py","lineno":99}
{"timestamp":"2026-06-02T15:18:13.169933Z","level":"info","event":"    \"type\" : \"timestamp\",","logger":"airflow.task.hooks.airflow.providers.standard.hooks.subprocess.SubprocessHook","filename":"subprocess.py","lineno":99}
{"timestamp":"2026-06-02T15:18:13.169960Z","level":"info","event":"    \"nullable\" : true,","logger":"airflow.task.hooks.airflow.providers.standard.hooks.subprocess.SubprocessHook","filename":"subprocess.py","lineno":99}
{"timestamp":"2026-06-02T15:18:13.169988Z","level":"info","event":"    \"metadata\" : { }","logger":"airflow.task.hooks.airflow.providers.standard.hooks.subprocess.SubprocessHook","filename":"subprocess.py","lineno":99}
{"timestamp":"2026-06-02T15:18:13.170009Z","level":"info","event":"  } ]","logger":"airflow.task.hooks.airflow.providers.standard.hooks.subprocess.SubprocessHook","filename":"subprocess.py","lineno":99}
{"timestamp":"2026-06-02T15:18:13.170029Z","level":"info","event":"}","logger":"airflow.task.hooks.airflow.providers.standard.hooks.subprocess.SubprocessHook","filename":"subprocess.py","lineno":99}
{"timestamp":"2026-06-02T15:18:13.170049Z","level":"info","event":"and corresponding Parquet message type:","logger":"airflow.task.hooks.airflow.providers.standard.hooks.subprocess.SubprocessHook","filename":"subprocess.py","lineno":99}
{"timestamp":"2026-06-02T15:18:13.170113Z","level":"info","event":"message spark_schema {","logger":"airflow.task.hooks.airflow.providers.standard.hooks.subprocess.SubprocessHook","filename":"subprocess.py","lineno":99}
{"timestamp":"2026-06-02T15:18:13.170189Z","level":"info","event":"  optional binary aquatic_type (STRING);","logger":"airflow.task.hooks.airflow.providers.standard.hooks.subprocess.SubprocessHook","filename":"subprocess.py","lineno":99}
{"timestamp":"2026-06-02T15:18:13.170251Z","level":"info","event":"  optional binary product_name (STRING);","logger":"airflow.task.hooks.airflow.providers.standard.hooks.subprocess.SubprocessHook","filename":"subprocess.py","lineno":99}
{"timestamp":"2026-06-02T15:18:13.170284Z","level":"info","event":"  optional double value;","logger":"airflow.task.hooks.airflow.providers.standard.hooks.subprocess.SubprocessHook","filename":"subprocess.py","lineno":99}
{"timestamp":"2026-06-02T15:18:13.170335Z","level":"info","event":"  optional binary unit (STRING);","logger":"airflow.task.hooks.airflow.providers.standard.hooks.subprocess.SubprocessHook","filename":"subprocess.py","lineno":99}
{"timestamp":"2026-06-02T15:18:13.170369Z","level":"info","event":"  optional int32 quarter;","logger":"airflow.task.hooks.airflow.providers.standard.hooks.subprocess.SubprocessHook","filename":"subprocess.py","lineno":99}
{"timestamp":"2026-06-02T15:18:13.170392Z","level":"info","event":"  optional int32 year;","logger":"airflow.task.hooks.airflow.providers.standard.hooks.subprocess.SubprocessHook","filename":"subprocess.py","lineno":99}
{"timestamp":"2026-06-02T15:18:13.170414Z","level":"info","event":"  optional int96 ingest_at;","logger":"airflow.task.hooks.airflow.providers.standard.hooks.subprocess.SubprocessHook","filename":"subprocess.py","lineno":99}
{"timestamp":"2026-06-02T15:18:13.170433Z","level":"info","event":"}","logger":"airflow.task.hooks.airflow.providers.standard.hooks.subprocess.SubprocessHook","filename":"subprocess.py","lineno":99}
{"timestamp":"2026-06-02T15:18:13.170482Z","level":"info","event":"","logger":"airflow.task.hooks.airflow.providers.standard.hooks.subprocess.SubprocessHook","filename":"subprocess.py","lineno":99}
{"timestamp":"2026-06-02T15:18:13.170512Z","level":"info","event":"","logger":"airflow.task.hooks.airflow.providers.standard.hooks.subprocess.SubprocessHook","filename":"subprocess.py","lineno":99}
{"timestamp":"2026-06-02T15:18:13.170533Z","level":"info","event":"26/06/02 15:18:13 INFO ParquetWriteSupport: Initialized Parquet WriteSupport with Catalyst schema:","logger":"airflow.task.hooks.airflow.providers.standard.hooks.subprocess.SubprocessHook","filename":"subprocess.py","lineno":99}
{"timestamp":"2026-06-02T15:18:13.170553Z","level":"info","event":"{","logger":"airflow.task.hooks.airflow.providers.standard.hooks.subprocess.SubprocessHook","filename":"subprocess.py","lineno":99}
{"timestamp":"2026-06-02T15:18:13.170572Z","level":"info","event":"  \"type\" : \"struct\",","logger":"airflow.task.hooks.airflow.providers.standard.hooks.subprocess.SubprocessHook","filename":"subprocess.py","lineno":99}
{"timestamp":"2026-06-02T15:18:13.170590Z","level":"info","event":"  \"fields\" : [ {","logger":"airflow.task.hooks.airflow.providers.standard.hooks.subprocess.SubprocessHook","filename":"subprocess.py","lineno":99}
{"timestamp":"2026-06-02T15:18:13.170609Z","level":"info","event":"    \"name\" : \"aquatic_type\",","logger":"airflow.task.hooks.airflow.providers.standard.hooks.subprocess.SubprocessHook","filename":"subprocess.py","lineno":99}
{"timestamp":"2026-06-02T15:18:13.170627Z","level":"info","event":"    \"type\" : \"string\",","logger":"airflow.task.hooks.airflow.providers.standard.hooks.subprocess.SubprocessHook","filename":"subprocess.py","lineno":99}
{"timestamp":"2026-06-02T15:18:13.170645Z","level":"info","event":"    \"nullable\" : true,","logger":"airflow.task.hooks.airflow.providers.standard.hooks.subprocess.SubprocessHook","filename":"subprocess.py","lineno":99}
{"timestamp":"2026-06-02T15:18:13.170662Z","level":"info","event":"    \"metadata\" : { }","logger":"airflow.task.hooks.airflow.providers.standard.hooks.subprocess.SubprocessHook","filename":"subprocess.py","lineno":99}
{"timestamp":"2026-06-02T15:18:13.170680Z","level":"info","event":"  }, {","logger":"airflow.task.hooks.airflow.providers.standard.hooks.subprocess.SubprocessHook","filename":"subprocess.py","lineno":99}
{"timestamp":"2026-06-02T15:18:13.170706Z","level":"info","event":"    \"name\" : \"product_name\",","logger":"airflow.task.hooks.airflow.providers.standard.hooks.subprocess.SubprocessHook","filename":"subprocess.py","lineno":99}
{"timestamp":"2026-06-02T15:18:13.170725Z","level":"info","event":"    \"type\" : \"string\",","logger":"airflow.task.hooks.airflow.providers.standard.hooks.subprocess.SubprocessHook","filename":"subprocess.py","lineno":99}
{"timestamp":"2026-06-02T15:18:13.170743Z","level":"info","event":"    \"nullable\" : true,","logger":"airflow.task.hooks.airflow.providers.standard.hooks.subprocess.SubprocessHook","filename":"subprocess.py","lineno":99}
{"timestamp":"2026-06-02T15:18:13.170761Z","level":"info","event":"    \"metadata\" : { }","logger":"airflow.task.hooks.airflow.providers.standard.hooks.subprocess.SubprocessHook","filename":"subprocess.py","lineno":99}
{"timestamp":"2026-06-02T15:18:13.170778Z","level":"info","event":"  }, {","logger":"airflow.task.hooks.airflow.providers.standard.hooks.subprocess.SubprocessHook","filename":"subprocess.py","lineno":99}
{"timestamp":"2026-06-02T15:18:13.170795Z","level":"info","event":"    \"name\" : \"value\",","logger":"airflow.task.hooks.airflow.providers.standard.hooks.subprocess.SubprocessHook","filename":"subprocess.py","lineno":99}
{"timestamp":"2026-06-02T15:18:13.170812Z","level":"info","event":"    \"type\" : \"double\",","logger":"airflow.task.hooks.airflow.providers.standard.hooks.subprocess.SubprocessHook","filename":"subprocess.py","lineno":99}
{"timestamp":"2026-06-02T15:18:13.170830Z","level":"info","event":"    \"nullable\" : true,","logger":"airflow.task.hooks.airflow.providers.standard.hooks.subprocess.SubprocessHook","filename":"subprocess.py","lineno":99}
{"timestamp":"2026-06-02T15:18:13.170848Z","level":"info","event":"    \"metadata\" : { }","logger":"airflow.task.hooks.airflow.providers.standard.hooks.subprocess.SubprocessHook","filename":"subprocess.py","lineno":99}
{"timestamp":"2026-06-02T15:18:13.170866Z","level":"info","event":"  }, {","logger":"airflow.task.hooks.airflow.providers.standard.hooks.subprocess.SubprocessHook","filename":"subprocess.py","lineno":99}
{"timestamp":"2026-06-02T15:18:13.170883Z","level":"info","event":"    \"name\" : \"unit\",","logger":"airflow.task.hooks.airflow.providers.standard.hooks.subprocess.SubprocessHook","filename":"subprocess.py","lineno":99}
{"timestamp":"2026-06-02T15:18:13.170901Z","level":"info","event":"    \"type\" : \"string\",","logger":"airflow.task.hooks.airflow.providers.standard.hooks.subprocess.SubprocessHook","filename":"subprocess.py","lineno":99}
{"timestamp":"2026-06-02T15:18:13.170918Z","level":"info","event":"    \"nullable\" : true,","logger":"airflow.task.hooks.airflow.providers.standard.hooks.subprocess.SubprocessHook","filename":"subprocess.py","lineno":99}
{"timestamp":"2026-06-02T15:18:13.170934Z","level":"info","event":"    \"metadata\" : { }","logger":"airflow.task.hooks.airflow.providers.standard.hooks.subprocess.SubprocessHook","filename":"subprocess.py","lineno":99}
{"timestamp":"2026-06-02T15:18:13.170951Z","level":"info","event":"  }, {","logger":"airflow.task.hooks.airflow.providers.standard.hooks.subprocess.SubprocessHook","filename":"subprocess.py","lineno":99}
{"timestamp":"2026-06-02T15:18:13.170968Z","level":"info","event":"    \"name\" : \"quarter\",","logger":"airflow.task.hooks.airflow.providers.standard.hooks.subprocess.SubprocessHook","filename":"subprocess.py","lineno":99}
{"timestamp":"2026-06-02T15:18:13.170984Z","level":"info","event":"    \"type\" : \"integer\",","logger":"airflow.task.hooks.airflow.providers.standard.hooks.subprocess.SubprocessHook","filename":"subprocess.py","lineno":99}
{"timestamp":"2026-06-02T15:18:13.171056Z","level":"info","event":"    \"nullable\" : true,","logger":"airflow.task.hooks.airflow.providers.standard.hooks.subprocess.SubprocessHook","filename":"subprocess.py","lineno":99}
{"timestamp":"2026-06-02T15:18:13.171089Z","level":"info","event":"    \"metadata\" : { }","logger":"airflow.task.hooks.airflow.providers.standard.hooks.subprocess.SubprocessHook","filename":"subprocess.py","lineno":99}
{"timestamp":"2026-06-02T15:18:13.222963Z","level":"info","event":"  }, {","logger":"airflow.task.hooks.airflow.providers.standard.hooks.subprocess.SubprocessHook","filename":"subprocess.py","lineno":99}
{"timestamp":"2026-06-02T15:18:13.223149Z","level":"info","event":"    \"name\" : \"year\",","logger":"airflow.task.hooks.airflow.providers.standard.hooks.subprocess.SubprocessHook","filename":"subprocess.py","lineno":99}
{"timestamp":"2026-06-02T15:18:13.223317Z","level":"info","event":"    \"type\" : \"integer\",","logger":"airflow.task.hooks.airflow.providers.standard.hooks.subprocess.SubprocessHook","filename":"subprocess.py","lineno":99}
{"timestamp":"2026-06-02T15:18:13.223395Z","level":"info","event":"    \"nullable\" : true,","logger":"airflow.task.hooks.airflow.providers.standard.hooks.subprocess.SubprocessHook","filename":"subprocess.py","lineno":99}
{"timestamp":"2026-06-02T15:18:13.223460Z","level":"info","event":"    \"metadata\" : { }","logger":"airflow.task.hooks.airflow.providers.standard.hooks.subprocess.SubprocessHook","filename":"subprocess.py","lineno":99}
{"timestamp":"2026-06-02T15:18:13.223527Z","level":"info","event":"  }, {","logger":"airflow.task.hooks.airflow.providers.standard.hooks.subprocess.SubprocessHook","filename":"subprocess.py","lineno":99}
{"timestamp":"2026-06-02T15:18:13.223588Z","level":"info","event":"    \"name\" : \"ingest_at\",","logger":"airflow.task.hooks.airflow.providers.standard.hooks.subprocess.SubprocessHook","filename":"subprocess.py","lineno":99}
{"timestamp":"2026-06-02T15:18:13.223643Z","level":"info","event":"    \"type\" : \"timestamp\",","logger":"airflow.task.hooks.airflow.providers.standard.hooks.subprocess.SubprocessHook","filename":"subprocess.py","lineno":99}
{"timestamp":"2026-06-02T15:18:13.223696Z","level":"info","event":"    \"nullable\" : true,","logger":"airflow.task.hooks.airflow.providers.standard.hooks.subprocess.SubprocessHook","filename":"subprocess.py","lineno":99}
{"timestamp":"2026-06-02T15:18:13.223749Z","level":"info","event":"    \"metadata\" : { }","logger":"airflow.task.hooks.airflow.providers.standard.hooks.subprocess.SubprocessHook","filename":"subprocess.py","lineno":99}
{"timestamp":"2026-06-02T15:18:13.223803Z","level":"info","event":"  } ]","logger":"airflow.task.hooks.airflow.providers.standard.hooks.subprocess.SubprocessHook","filename":"subprocess.py","lineno":99}
{"timestamp":"2026-06-02T15:18:13.223857Z","level":"info","event":"}","logger":"airflow.task.hooks.airflow.providers.standard.hooks.subprocess.SubprocessHook","filename":"subprocess.py","lineno":99}
{"timestamp":"2026-06-02T15:18:13.223912Z","level":"info","event":"and corresponding Parquet message type:","logger":"airflow.task.hooks.airflow.providers.standard.hooks.subprocess.SubprocessHook","filename":"subprocess.py","lineno":99}
{"timestamp":"2026-06-02T15:18:13.223966Z","level":"info","event":"message spark_schema {","logger":"airflow.task.hooks.airflow.providers.standard.hooks.subprocess.SubprocessHook","filename":"subprocess.py","lineno":99}
{"timestamp":"2026-06-02T15:18:13.224019Z","level":"info","event":"  optional binary aquatic_type (STRING);","logger":"airflow.task.hooks.airflow.providers.standard.hooks.subprocess.SubprocessHook","filename":"subprocess.py","lineno":99}
{"timestamp":"2026-06-02T15:18:13.224071Z","level":"info","event":"  optional binary product_name (STRING);","logger":"airflow.task.hooks.airflow.providers.standard.hooks.subprocess.SubprocessHook","filename":"subprocess.py","lineno":99}
{"timestamp":"2026-06-02T15:18:13.224123Z","level":"info","event":"  optional double value;","logger":"airflow.task.hooks.airflow.providers.standard.hooks.subprocess.SubprocessHook","filename":"subprocess.py","lineno":99}
{"timestamp":"2026-06-02T15:18:13.224178Z","level":"info","event":"  optional binary unit (STRING);","logger":"airflow.task.hooks.airflow.providers.standard.hooks.subprocess.SubprocessHook","filename":"subprocess.py","lineno":99}
{"timestamp":"2026-06-02T15:18:13.224233Z","level":"info","event":"  optional int32 quarter;","logger":"airflow.task.hooks.airflow.providers.standard.hooks.subprocess.SubprocessHook","filename":"subprocess.py","lineno":99}
{"timestamp":"2026-06-02T15:18:13.224284Z","level":"info","event":"  optional int32 year;","logger":"airflow.task.hooks.airflow.providers.standard.hooks.subprocess.SubprocessHook","filename":"subprocess.py","lineno":99}
{"timestamp":"2026-06-02T15:18:13.224335Z","level":"info","event":"  optional int96 ingest_at;","logger":"airflow.task.hooks.airflow.providers.standard.hooks.subprocess.SubprocessHook","filename":"subprocess.py","lineno":99}
{"timestamp":"2026-06-02T15:18:13.224387Z","level":"info","event":"}","logger":"airflow.task.hooks.airflow.providers.standard.hooks.subprocess.SubprocessHook","filename":"subprocess.py","lineno":99}
{"timestamp":"2026-06-02T15:18:13.224439Z","level":"info","event":"","logger":"airflow.task.hooks.airflow.providers.standard.hooks.subprocess.SubprocessHook","filename":"subprocess.py","lineno":99}
{"timestamp":"2026-06-02T15:18:13.224489Z","level":"info","event":"","logger":"airflow.task.hooks.airflow.providers.standard.hooks.subprocess.SubprocessHook","filename":"subprocess.py","lineno":99}
{"timestamp":"2026-06-02T15:18:13.224539Z","level":"info","event":"26/06/02 15:18:13 INFO ParquetWriteSupport: Initialized Parquet WriteSupport with Catalyst schema:","logger":"airflow.task.hooks.airflow.providers.standard.hooks.subprocess.SubprocessHook","filename":"subprocess.py","lineno":99}
{"timestamp":"2026-06-02T15:18:13.224665Z","level":"info","event":"{","logger":"airflow.task.hooks.airflow.providers.standard.hooks.subprocess.SubprocessHook","filename":"subprocess.py","lineno":99}
{"timestamp":"2026-06-02T15:18:13.224753Z","level":"info","event":"  \"type\" : \"struct\",","logger":"airflow.task.hooks.airflow.providers.standard.hooks.subprocess.SubprocessHook","filename":"subprocess.py","lineno":99}
{"timestamp":"2026-06-02T15:18:13.224788Z","level":"info","event":"  \"fields\" : [ {","logger":"airflow.task.hooks.airflow.providers.standard.hooks.subprocess.SubprocessHook","filename":"subprocess.py","lineno":99}
{"timestamp":"2026-06-02T15:18:13.224813Z","level":"info","event":"    \"name\" : \"aquatic_type\",","logger":"airflow.task.hooks.airflow.providers.standard.hooks.subprocess.SubprocessHook","filename":"subprocess.py","lineno":99}
{"timestamp":"2026-06-02T15:18:13.224834Z","level":"info","event":"    \"type\" : \"string\",","logger":"airflow.task.hooks.airflow.providers.standard.hooks.subprocess.SubprocessHook","filename":"subprocess.py","lineno":99}
{"timestamp":"2026-06-02T15:18:13.224853Z","level":"info","event":"    \"nullable\" : true,","logger":"airflow.task.hooks.airflow.providers.standard.hooks.subprocess.SubprocessHook","filename":"subprocess.py","lineno":99}
{"timestamp":"2026-06-02T15:18:13.224871Z","level":"info","event":"    \"metadata\" : { }","logger":"airflow.task.hooks.airflow.providers.standard.hooks.subprocess.SubprocessHook","filename":"subprocess.py","lineno":99}
{"timestamp":"2026-06-02T15:18:13.224894Z","level":"info","event":"  }, {","logger":"airflow.task.hooks.airflow.providers.standard.hooks.subprocess.SubprocessHook","filename":"subprocess.py","lineno":99}
{"timestamp":"2026-06-02T15:18:13.224912Z","level":"info","event":"    \"name\" : \"product_name\",","logger":"airflow.task.hooks.airflow.providers.standard.hooks.subprocess.SubprocessHook","filename":"subprocess.py","lineno":99}
{"timestamp":"2026-06-02T15:18:13.224930Z","level":"info","event":"    \"type\" : \"string\",","logger":"airflow.task.hooks.airflow.providers.standard.hooks.subprocess.SubprocessHook","filename":"subprocess.py","lineno":99}
{"timestamp":"2026-06-02T15:18:13.224977Z","level":"info","event":"    \"nullable\" : true,","logger":"airflow.task.hooks.airflow.providers.standard.hooks.subprocess.SubprocessHook","filename":"subprocess.py","lineno":99}
{"timestamp":"2026-06-02T15:18:13.225008Z","level":"info","event":"    \"metadata\" : { }","logger":"airflow.task.hooks.airflow.providers.standard.hooks.subprocess.SubprocessHook","filename":"subprocess.py","lineno":99}
{"timestamp":"2026-06-02T15:18:13.225030Z","level":"info","event":"  }, {","logger":"airflow.task.hooks.airflow.providers.standard.hooks.subprocess.SubprocessHook","filename":"subprocess.py","lineno":99}
{"timestamp":"2026-06-02T15:18:13.225050Z","level":"info","event":"    \"name\" : \"value\",","logger":"airflow.task.hooks.airflow.providers.standard.hooks.subprocess.SubprocessHook","filename":"subprocess.py","lineno":99}
{"timestamp":"2026-06-02T15:18:13.225069Z","level":"info","event":"    \"type\" : \"double\",","logger":"airflow.task.hooks.airflow.providers.standard.hooks.subprocess.SubprocessHook","filename":"subprocess.py","lineno":99}
{"timestamp":"2026-06-02T15:18:13.225086Z","level":"info","event":"    \"nullable\" : true,","logger":"airflow.task.hooks.airflow.providers.standard.hooks.subprocess.SubprocessHook","filename":"subprocess.py","lineno":99}
{"timestamp":"2026-06-02T15:18:13.225105Z","level":"info","event":"    \"metadata\" : { }","logger":"airflow.task.hooks.airflow.providers.standard.hooks.subprocess.SubprocessHook","filename":"subprocess.py","lineno":99}
{"timestamp":"2026-06-02T15:18:13.225124Z","level":"info","event":"  }, {","logger":"airflow.task.hooks.airflow.providers.standard.hooks.subprocess.SubprocessHook","filename":"subprocess.py","lineno":99}
{"timestamp":"2026-06-02T15:18:13.225142Z","level":"info","event":"    \"name\" : \"unit\",","logger":"airflow.task.hooks.airflow.providers.standard.hooks.subprocess.SubprocessHook","filename":"subprocess.py","lineno":99}
{"timestamp":"2026-06-02T15:18:13.225161Z","level":"info","event":"    \"type\" : \"string\",","logger":"airflow.task.hooks.airflow.providers.standard.hooks.subprocess.SubprocessHook","filename":"subprocess.py","lineno":99}
{"timestamp":"2026-06-02T15:18:13.225181Z","level":"info","event":"    \"nullable\" : true,","logger":"airflow.task.hooks.airflow.providers.standard.hooks.subprocess.SubprocessHook","filename":"subprocess.py","lineno":99}
{"timestamp":"2026-06-02T15:18:13.225199Z","level":"info","event":"    \"metadata\" : { }","logger":"airflow.task.hooks.airflow.providers.standard.hooks.subprocess.SubprocessHook","filename":"subprocess.py","lineno":99}
{"timestamp":"2026-06-02T15:18:13.225220Z","level":"info","event":"  }, {","logger":"airflow.task.hooks.airflow.providers.standard.hooks.subprocess.SubprocessHook","filename":"subprocess.py","lineno":99}
{"timestamp":"2026-06-02T15:18:13.225242Z","level":"info","event":"    \"name\" : \"quarter\",","logger":"airflow.task.hooks.airflow.providers.standard.hooks.subprocess.SubprocessHook","filename":"subprocess.py","lineno":99}
{"timestamp":"2026-06-02T15:18:13.225261Z","level":"info","event":"    \"type\" : \"integer\",","logger":"airflow.task.hooks.airflow.providers.standard.hooks.subprocess.SubprocessHook","filename":"subprocess.py","lineno":99}
{"timestamp":"2026-06-02T15:18:13.225279Z","level":"info","event":"    \"nullable\" : true,","logger":"airflow.task.hooks.airflow.providers.standard.hooks.subprocess.SubprocessHook","filename":"subprocess.py","lineno":99}
{"timestamp":"2026-06-02T15:18:13.225298Z","level":"info","event":"    \"metadata\" : { }","logger":"airflow.task.hooks.airflow.providers.standard.hooks.subprocess.SubprocessHook","filename":"subprocess.py","lineno":99}
{"timestamp":"2026-06-02T15:18:13.225317Z","level":"info","event":"  }, {","logger":"airflow.task.hooks.airflow.providers.standard.hooks.subprocess.SubprocessHook","filename":"subprocess.py","lineno":99}
{"timestamp":"2026-06-02T15:18:13.225436Z","level":"info","event":"    \"name\" : \"year\",","logger":"airflow.task.hooks.airflow.providers.standard.hooks.subprocess.SubprocessHook","filename":"subprocess.py","lineno":99}
{"timestamp":"2026-06-02T15:18:13.225509Z","level":"info","event":"    \"type\" : \"integer\",","logger":"airflow.task.hooks.airflow.providers.standard.hooks.subprocess.SubprocessHook","filename":"subprocess.py","lineno":99}
{"timestamp":"2026-06-02T15:18:13.225553Z","level":"info","event":"    \"nullable\" : true,","logger":"airflow.task.hooks.airflow.providers.standard.hooks.subprocess.SubprocessHook","filename":"subprocess.py","lineno":99}
{"timestamp":"2026-06-02T15:18:13.225613Z","level":"info","event":"    \"metadata\" : { }","logger":"airflow.task.hooks.airflow.providers.standard.hooks.subprocess.SubprocessHook","filename":"subprocess.py","lineno":99}
{"timestamp":"2026-06-02T15:18:13.225661Z","level":"info","event":"  }, {","logger":"airflow.task.hooks.airflow.providers.standard.hooks.subprocess.SubprocessHook","filename":"subprocess.py","lineno":99}
{"timestamp":"2026-06-02T15:18:13.225724Z","level":"info","event":"    \"name\" : \"ingest_at\",","logger":"airflow.task.hooks.airflow.providers.standard.hooks.subprocess.SubprocessHook","filename":"subprocess.py","lineno":99}
{"timestamp":"2026-06-02T15:18:13.225796Z","level":"info","event":"    \"type\" : \"timestamp\",","logger":"airflow.task.hooks.airflow.providers.standard.hooks.subprocess.SubprocessHook","filename":"subprocess.py","lineno":99}
{"timestamp":"2026-06-02T15:18:13.225866Z","level":"info","event":"    \"nullable\" : true,","logger":"airflow.task.hooks.airflow.providers.standard.hooks.subprocess.SubprocessHook","filename":"subprocess.py","lineno":99}
{"timestamp":"2026-06-02T15:18:13.225909Z","level":"info","event":"    \"metadata\" : { }","logger":"airflow.task.hooks.airflow.providers.standard.hooks.subprocess.SubprocessHook","filename":"subprocess.py","lineno":99}
{"timestamp":"2026-06-02T15:18:13.226004Z","level":"info","event":"  } ]","logger":"airflow.task.hooks.airflow.providers.standard.hooks.subprocess.SubprocessHook","filename":"subprocess.py","lineno":99}
{"timestamp":"2026-06-02T15:18:13.226094Z","level":"info","event":"}","logger":"airflow.task.hooks.airflow.providers.standard.hooks.subprocess.SubprocessHook","filename":"subprocess.py","lineno":99}
{"timestamp":"2026-06-02T15:18:13.226159Z","level":"info","event":"and corresponding Parquet message type:","logger":"airflow.task.hooks.airflow.providers.standard.hooks.subprocess.SubprocessHook","filename":"subprocess.py","lineno":99}
{"timestamp":"2026-06-02T15:18:13.226216Z","level":"info","event":"message spark_schema {","logger":"airflow.task.hooks.airflow.providers.standard.hooks.subprocess.SubprocessHook","filename":"subprocess.py","lineno":99}
{"timestamp":"2026-06-02T15:18:13.226272Z","level":"info","event":"  optional binary aquatic_type (STRING);","logger":"airflow.task.hooks.airflow.providers.standard.hooks.subprocess.SubprocessHook","filename":"subprocess.py","lineno":99}
{"timestamp":"2026-06-02T15:18:13.226307Z","level":"info","event":"  optional binary product_name (STRING);","logger":"airflow.task.hooks.airflow.providers.standard.hooks.subprocess.SubprocessHook","filename":"subprocess.py","lineno":99}
{"timestamp":"2026-06-02T15:18:13.226330Z","level":"info","event":"  optional double value;","logger":"airflow.task.hooks.airflow.providers.standard.hooks.subprocess.SubprocessHook","filename":"subprocess.py","lineno":99}
{"timestamp":"2026-06-02T15:18:13.226353Z","level":"info","event":"  optional binary unit (STRING);","logger":"airflow.task.hooks.airflow.providers.standard.hooks.subprocess.SubprocessHook","filename":"subprocess.py","lineno":99}
{"timestamp":"2026-06-02T15:18:13.226373Z","level":"info","event":"  optional int32 quarter;","logger":"airflow.task.hooks.airflow.providers.standard.hooks.subprocess.SubprocessHook","filename":"subprocess.py","lineno":99}
{"timestamp":"2026-06-02T15:18:13.226392Z","level":"info","event":"  optional int32 year;","logger":"airflow.task.hooks.airflow.providers.standard.hooks.subprocess.SubprocessHook","filename":"subprocess.py","lineno":99}
{"timestamp":"2026-06-02T15:18:13.226412Z","level":"info","event":"  optional int96 ingest_at;","logger":"airflow.task.hooks.airflow.providers.standard.hooks.subprocess.SubprocessHook","filename":"subprocess.py","lineno":99}
{"timestamp":"2026-06-02T15:18:13.226431Z","level":"info","event":"}","logger":"airflow.task.hooks.airflow.providers.standard.hooks.subprocess.SubprocessHook","filename":"subprocess.py","lineno":99}
{"timestamp":"2026-06-02T15:18:13.226490Z","level":"info","event":"","logger":"airflow.task.hooks.airflow.providers.standard.hooks.subprocess.SubprocessHook","filename":"subprocess.py","lineno":99}
{"timestamp":"2026-06-02T15:18:13.226526Z","level":"info","event":"","logger":"airflow.task.hooks.airflow.providers.standard.hooks.subprocess.SubprocessHook","filename":"subprocess.py","lineno":99}
{"timestamp":"2026-06-02T15:18:13.226558Z","level":"info","event":"26/06/02 15:18:13 INFO CodecPool: Got brand-new compressor [.snappy]","logger":"airflow.task.hooks.airflow.providers.standard.hooks.subprocess.SubprocessHook","filename":"subprocess.py","lineno":99}
{"timestamp":"2026-06-02T15:18:13.226581Z","level":"info","event":"26/06/02 15:18:13 INFO CodecPool: Got brand-new compressor [.snappy]","logger":"airflow.task.hooks.airflow.providers.standard.hooks.subprocess.SubprocessHook","filename":"subprocess.py","lineno":99}
{"timestamp":"2026-06-02T15:18:13.226626Z","level":"info","event":"26/06/02 15:18:13 INFO CodecPool: Got brand-new compressor [.snappy]","logger":"airflow.task.hooks.airflow.providers.standard.hooks.subprocess.SubprocessHook","filename":"subprocess.py","lineno":99}
{"timestamp":"2026-06-02T15:18:13.226658Z","level":"info","event":"26/06/02 15:18:13 INFO CodecPool: Got brand-new compressor [.snappy]","logger":"airflow.task.hooks.airflow.providers.standard.hooks.subprocess.SubprocessHook","filename":"subprocess.py","lineno":99}
{"timestamp":"2026-06-02T15:18:13.226679Z","level":"info","event":"26/06/02 15:18:13 INFO CodecPool: Got brand-new compressor [.snappy]","logger":"airflow.task.hooks.airflow.providers.standard.hooks.subprocess.SubprocessHook","filename":"subprocess.py","lineno":99}
{"timestamp":"2026-06-02T15:18:13.226699Z","level":"info","event":"26/06/02 15:18:13 INFO CodecPool: Got brand-new compressor [.snappy]","logger":"airflow.task.hooks.airflow.providers.standard.hooks.subprocess.SubprocessHook","filename":"subprocess.py","lineno":99}
{"timestamp":"2026-06-02T15:18:13.226719Z","level":"info","event":"26/06/02 15:18:13 INFO CodecPool: Got brand-new compressor [.snappy]","logger":"airflow.task.hooks.airflow.providers.standard.hooks.subprocess.SubprocessHook","filename":"subprocess.py","lineno":99}
{"timestamp":"2026-06-02T15:18:13.429715Z","level":"info","event":"26/06/02 15:18:13 INFO PythonRunner: Times: total = 418, boot = 104, init = 314, finish = 0","logger":"airflow.task.hooks.airflow.providers.standard.hooks.subprocess.SubprocessHook","filename":"subprocess.py","lineno":99}
{"timestamp":"2026-06-02T15:18:13.506226Z","level":"info","event":"26/06/02 15:18:13 INFO PythonRunner: Times: total = 422, boot = 94, init = 328, finish = 0","logger":"airflow.task.hooks.airflow.providers.standard.hooks.subprocess.SubprocessHook","filename":"subprocess.py","lineno":99}
{"timestamp":"2026-06-02T15:18:13.506479Z","level":"info","event":"26/06/02 15:18:13 INFO PythonRunner: Times: total = 144, boot = -4193, init = 4337, finish = 0","logger":"airflow.task.hooks.airflow.providers.standard.hooks.subprocess.SubprocessHook","filename":"subprocess.py","lineno":99}
{"timestamp":"2026-06-02T15:18:13.506550Z","level":"info","event":"26/06/02 15:18:13 INFO PythonRunner: Times: total = 200, boot = -4097, init = 4297, finish = 0","logger":"airflow.task.hooks.airflow.providers.standard.hooks.subprocess.SubprocessHook","filename":"subprocess.py","lineno":99}
{"timestamp":"2026-06-02T15:18:13.506702Z","level":"info","event":"26/06/02 15:18:13 INFO PythonRunner: Times: total = 136, boot = -4194, init = 4330, finish = 0","logger":"airflow.task.hooks.airflow.providers.standard.hooks.subprocess.SubprocessHook","filename":"subprocess.py","lineno":99}
{"timestamp":"2026-06-02T15:18:13.507509Z","level":"info","event":"26/06/02 15:18:13 INFO PythonRunner: Times: total = 149, boot = -4195, init = 4344, finish = 0","logger":"airflow.task.hooks.airflow.providers.standard.hooks.subprocess.SubprocessHook","filename":"subprocess.py","lineno":99}
{"timestamp":"2026-06-02T15:18:13.511373Z","level":"info","event":"26/06/02 15:18:13 INFO PythonRunner: Times: total = 130, boot = -4209, init = 4338, finish = 1","logger":"airflow.task.hooks.airflow.providers.standard.hooks.subprocess.SubprocessHook","filename":"subprocess.py","lineno":99}
{"timestamp":"2026-06-02T15:18:13.925940Z","level":"info","event":"26/06/02 15:18:13 INFO CodeGenerator: Code generated in 7.439746 ms","logger":"airflow.task.hooks.airflow.providers.standard.hooks.subprocess.SubprocessHook","filename":"subprocess.py","lineno":99}
{"timestamp":"2026-06-02T15:18:13.944882Z","level":"info","event":"26/06/02 15:18:13 INFO CodeGenerator: Code generated in 10.319362 ms","logger":"airflow.task.hooks.airflow.providers.standard.hooks.subprocess.SubprocessHook","filename":"subprocess.py","lineno":99}
{"timestamp":"2026-06-02T15:18:13.990341Z","level":"info","event":"26/06/02 15:18:13 INFO Executor: Finished task 0.0 in stage 4.0 (TID 17). 3777 bytes result sent to driver","logger":"airflow.task.hooks.airflow.providers.standard.hooks.subprocess.SubprocessHook","filename":"subprocess.py","lineno":99}
{"timestamp":"2026-06-02T15:18:13.990587Z","level":"info","event":"26/06/02 15:18:13 INFO Executor: Finished task 10.0 in stage 4.0 (TID 27). 4206 bytes result sent to driver","logger":"airflow.task.hooks.airflow.providers.standard.hooks.subprocess.SubprocessHook","filename":"subprocess.py","lineno":99}
{"timestamp":"2026-06-02T15:18:13.990707Z","level":"info","event":"26/06/02 15:18:13 INFO Executor: Finished task 13.0 in stage 4.0 (TID 30). 4206 bytes result sent to driver","logger":"airflow.task.hooks.airflow.providers.standard.hooks.subprocess.SubprocessHook","filename":"subprocess.py","lineno":99}
{"timestamp":"2026-06-02T15:18:13.990789Z","level":"info","event":"26/06/02 15:18:13 INFO Executor: Finished task 7.0 in stage 4.0 (TID 24). 4242 bytes result sent to driver","logger":"airflow.task.hooks.airflow.providers.standard.hooks.subprocess.SubprocessHook","filename":"subprocess.py","lineno":99}
{"timestamp":"2026-06-02T15:18:13.990863Z","level":"info","event":"26/06/02 15:18:13 INFO Executor: Finished task 5.0 in stage 4.0 (TID 22). 4240 bytes result sent to driver","logger":"airflow.task.hooks.airflow.providers.standard.hooks.subprocess.SubprocessHook","filename":"subprocess.py","lineno":99}
{"timestamp":"2026-06-02T15:18:13.990942Z","level":"info","event":"26/06/02 15:18:13 INFO Executor: Finished task 2.0 in stage 4.0 (TID 19). 4214 bytes result sent to driver","logger":"airflow.task.hooks.airflow.providers.standard.hooks.subprocess.SubprocessHook","filename":"subprocess.py","lineno":99}
{"timestamp":"2026-06-02T15:18:13.991070Z","level":"info","event":"26/06/02 15:18:13 INFO Executor: Finished task 15.0 in stage 4.0 (TID 32). 4236 bytes result sent to driver","logger":"airflow.task.hooks.airflow.providers.standard.hooks.subprocess.SubprocessHook","filename":"subprocess.py","lineno":99}
{"timestamp":"2026-06-02T15:18:13.992174Z","level":"info","event":"26/06/02 15:18:13 INFO TaskSetManager: Finished task 13.0 in stage 4.0 (TID 30) in 1868 ms on ac0ccb30c6a7 (executor driver) (10/16)","logger":"airflow.task.hooks.airflow.providers.standard.hooks.subprocess.SubprocessHook","filename":"subprocess.py","lineno":99}
{"timestamp":"2026-06-02T15:18:13.993041Z","level":"info","event":"26/06/02 15:18:13 INFO TaskSetManager: Finished task 10.0 in stage 4.0 (TID 27) in 1883 ms on ac0ccb30c6a7 (executor driver) (11/16)","logger":"airflow.task.hooks.airflow.providers.standard.hooks.subprocess.SubprocessHook","filename":"subprocess.py","lineno":99}
{"timestamp":"2026-06-02T15:18:13.993224Z","level":"info","event":"26/06/02 15:18:13 INFO TaskSetManager: Finished task 5.0 in stage 4.0 (TID 22) in 1888 ms on ac0ccb30c6a7 (executor driver) (12/16)","logger":"airflow.task.hooks.airflow.providers.standard.hooks.subprocess.SubprocessHook","filename":"subprocess.py","lineno":99}
{"timestamp":"2026-06-02T15:18:13.993517Z","level":"info","event":"26/06/02 15:18:13 INFO TaskSetManager: Finished task 0.0 in stage 4.0 (TID 17) in 1895 ms on ac0ccb30c6a7 (executor driver) (13/16)","logger":"airflow.task.hooks.airflow.providers.standard.hooks.subprocess.SubprocessHook","filename":"subprocess.py","lineno":99}
{"timestamp":"2026-06-02T15:18:13.995660Z","level":"info","event":"26/06/02 15:18:13 INFO TaskSetManager: Finished task 7.0 in stage 4.0 (TID 24) in 1887 ms on ac0ccb30c6a7 (executor driver) (14/16)","logger":"airflow.task.hooks.airflow.providers.standard.hooks.subprocess.SubprocessHook","filename":"subprocess.py","lineno":99}
{"timestamp":"2026-06-02T15:18:13.997540Z","level":"info","event":"26/06/02 15:18:13 INFO TaskSetManager: Finished task 2.0 in stage 4.0 (TID 19) in 1896 ms on ac0ccb30c6a7 (executor driver) (15/16)","logger":"airflow.task.hooks.airflow.providers.standard.hooks.subprocess.SubprocessHook","filename":"subprocess.py","lineno":99}
{"timestamp":"2026-06-02T15:18:13.997726Z","level":"info","event":"26/06/02 15:18:13 INFO TaskSetManager: Finished task 15.0 in stage 4.0 (TID 32) in 1872 ms on ac0ccb30c6a7 (executor driver) (16/16)","logger":"airflow.task.hooks.airflow.providers.standard.hooks.subprocess.SubprocessHook","filename":"subprocess.py","lineno":99}
{"timestamp":"2026-06-02T15:18:13.997813Z","level":"info","event":"26/06/02 15:18:13 INFO TaskSchedulerImpl: Removed TaskSet 4.0, whose tasks have all completed, from pool","logger":"airflow.task.hooks.airflow.providers.standard.hooks.subprocess.SubprocessHook","filename":"subprocess.py","lineno":99}
{"timestamp":"2026-06-02T15:18:14.003557Z","level":"info","event":"26/06/02 15:18:14 INFO DAGScheduler: ResultStage 4 (saveAsTable at NativeMethodAccessorImpl.java:0) finished in 1.960 s","logger":"airflow.task.hooks.airflow.providers.standard.hooks.subprocess.SubprocessHook","filename":"subprocess.py","lineno":99}
{"timestamp":"2026-06-02T15:18:14.003819Z","level":"info","event":"26/06/02 15:18:14 INFO DAGScheduler: Job 4 is finished. Cancelling potential speculative or zombie tasks for this job","logger":"airflow.task.hooks.airflow.providers.standard.hooks.subprocess.SubprocessHook","filename":"subprocess.py","lineno":99}
{"timestamp":"2026-06-02T15:18:14.004387Z","level":"info","event":"26/06/02 15:18:14 INFO TaskSchedulerImpl: Killing all running tasks in stage 4: Stage finished","logger":"airflow.task.hooks.airflow.providers.standard.hooks.subprocess.SubprocessHook","filename":"subprocess.py","lineno":99}
{"timestamp":"2026-06-02T15:18:14.005084Z","level":"info","event":"26/06/02 15:18:14 INFO DAGScheduler: Job 4 finished: saveAsTable at NativeMethodAccessorImpl.java:0, took 1.970423 s","logger":"airflow.task.hooks.airflow.providers.standard.hooks.subprocess.SubprocessHook","filename":"subprocess.py","lineno":99}
{"timestamp":"2026-06-02T15:18:14.007326Z","level":"info","event":"26/06/02 15:18:14 INFO DeltaFileFormatWriter: Start to commit write Job fb491c47-4cc9-4571-bf0d-a28cbbeff915.","logger":"airflow.task.hooks.airflow.providers.standard.hooks.subprocess.SubprocessHook","filename":"subprocess.py","lineno":99}
{"timestamp":"2026-06-02T15:18:14.008752Z","level":"info","event":"26/06/02 15:18:14 INFO DeltaFileFormatWriter: Write Job fb491c47-4cc9-4571-bf0d-a28cbbeff915 committed. Elapsed time: 0 ms.","logger":"airflow.task.hooks.airflow.providers.standard.hooks.subprocess.SubprocessHook","filename":"subprocess.py","lineno":99}
{"timestamp":"2026-06-02T15:18:14.014150Z","level":"info","event":"26/06/02 15:18:14 INFO DeltaFileFormatWriter: Finished processing stats for write job fb491c47-4cc9-4571-bf0d-a28cbbeff915.","logger":"airflow.task.hooks.airflow.providers.standard.hooks.subprocess.SubprocessHook","filename":"subprocess.py","lineno":99}
{"timestamp":"2026-06-02T15:18:14.091400Z","level":"info","event":"26/06/02 15:18:14 INFO OptimisticTransaction: [tableId=4b64b593,txnId=1c0d25e0] Attempting to commit version 1 with 7 actions with Serializable isolation level","logger":"airflow.task.hooks.airflow.providers.standard.hooks.subprocess.SubprocessHook","filename":"subprocess.py","lineno":99}
{"timestamp":"2026-06-02T15:18:14.226801Z","level":"info","event":"26/06/02 15:18:14 INFO DeltaLog: Creating a new snapshot v1 for commit version 1","logger":"airflow.task.hooks.airflow.providers.standard.hooks.subprocess.SubprocessHook","filename":"subprocess.py","lineno":99}
{"timestamp":"2026-06-02T15:18:14.227861Z","level":"info","event":"26/06/02 15:18:14 INFO DeltaLog: Loading version 1.","logger":"airflow.task.hooks.airflow.providers.standard.hooks.subprocess.SubprocessHook","filename":"subprocess.py","lineno":99}
{"timestamp":"2026-06-02T15:18:14.232509Z","level":"info","event":"26/06/02 15:18:14 INFO DeltaLogFileIndex: Created DeltaLogFileIndex(JSON, numFilesInSegment: 2, totalFileSize: 5808)","logger":"airflow.task.hooks.airflow.providers.standard.hooks.subprocess.SubprocessHook","filename":"subprocess.py","lineno":99}
{"timestamp":"2026-06-02T15:18:14.309637Z","level":"info","event":"26/06/02 15:18:14 INFO DataSourceStrategy: Pruning directories with:","logger":"airflow.task.hooks.airflow.providers.standard.hooks.subprocess.SubprocessHook","filename":"subprocess.py","lineno":99}
{"timestamp":"2026-06-02T15:18:14.309890Z","level":"info","event":"26/06/02 15:18:14 INFO FileSourceStrategy: Pushed Filters:","logger":"airflow.task.hooks.airflow.providers.standard.hooks.subprocess.SubprocessHook","filename":"subprocess.py","lineno":99}
{"timestamp":"2026-06-02T15:18:14.310296Z","level":"info","event":"26/06/02 15:18:14 INFO FileSourceStrategy: Post-Scan Filters: ((isnotnull(protocol#590.minReaderVersion) OR isnotnull(metaData#589.id)) OR (isnotnull(commitInfo#591.inCommitTimestamp) AND (version#592L = 1)))","logger":"airflow.task.hooks.airflow.providers.standard.hooks.subprocess.SubprocessHook","filename":"subprocess.py","lineno":99}
{"timestamp":"2026-06-02T15:18:14.369337Z","level":"info","event":"26/06/02 15:18:14 INFO CodeGenerator: Code generated in 28.54579 ms","logger":"airflow.task.hooks.airflow.providers.standard.hooks.subprocess.SubprocessHook","filename":"subprocess.py","lineno":99}
{"timestamp":"2026-06-02T15:18:14.373134Z","level":"info","event":"26/06/02 15:18:14 INFO MemoryStore: Block broadcast_6 stored as values in memory (estimated size 202.4 KiB, free 433.7 MiB)","logger":"airflow.task.hooks.airflow.providers.standard.hooks.subprocess.SubprocessHook","filename":"subprocess.py","lineno":99}
{"timestamp":"2026-06-02T15:18:14.388968Z","level":"info","event":"26/06/02 15:18:14 INFO MemoryStore: Block broadcast_6_piece0 stored as bytes in memory (estimated size 35.0 KiB, free 433.7 MiB)","logger":"airflow.task.hooks.airflow.providers.standard.hooks.subprocess.SubprocessHook","filename":"subprocess.py","lineno":99}
{"timestamp":"2026-06-02T15:18:14.389936Z","level":"info","event":"26/06/02 15:18:14 INFO BlockManagerInfo: Added broadcast_6_piece0 in memory on ac0ccb30c6a7:33903 (size: 35.0 KiB, free: 434.2 MiB)","logger":"airflow.task.hooks.airflow.providers.standard.hooks.subprocess.SubprocessHook","filename":"subprocess.py","lineno":99}
{"timestamp":"2026-06-02T15:18:14.391338Z","level":"info","event":"26/06/02 15:18:14 INFO SparkContext: Created broadcast 6 from $anonfun$recordDeltaOperationInternal$1 at DatabricksLogging.scala:128","logger":"airflow.task.hooks.airflow.providers.standard.hooks.subprocess.SubprocessHook","filename":"subprocess.py","lineno":99}
{"timestamp":"2026-06-02T15:18:14.392771Z","level":"info","event":"26/06/02 15:18:14 INFO FileSourceScanExec: Planning scan with bin packing, max size: 4194304 bytes, open cost is considered as scanning 4194304 bytes.","logger":"airflow.task.hooks.airflow.providers.standard.hooks.subprocess.SubprocessHook","filename":"subprocess.py","lineno":99}
{"timestamp":"2026-06-02T15:18:14.439679Z","level":"info","event":"26/06/02 15:18:14 INFO SparkContext: Starting job: $anonfun$recordDeltaOperationInternal$1 at DatabricksLogging.scala:128","logger":"airflow.task.hooks.airflow.providers.standard.hooks.subprocess.SubprocessHook","filename":"subprocess.py","lineno":99}
{"timestamp":"2026-06-02T15:18:14.440240Z","level":"info","event":"26/06/02 15:18:14 INFO BlockManagerInfo: Removed broadcast_5_piece0 on ac0ccb30c6a7:33903 in memory (size: 124.5 KiB, free: 434.4 MiB)","logger":"airflow.task.hooks.airflow.providers.standard.hooks.subprocess.SubprocessHook","filename":"subprocess.py","lineno":99}
{"timestamp":"2026-06-02T15:18:14.441180Z","level":"info","event":"26/06/02 15:18:14 INFO DAGScheduler: Got job 5 ($anonfun$recordDeltaOperationInternal$1 at DatabricksLogging.scala:128) with 2 output partitions","logger":"airflow.task.hooks.airflow.providers.standard.hooks.subprocess.SubprocessHook","filename":"subprocess.py","lineno":99}
{"timestamp":"2026-06-02T15:18:14.441380Z","level":"info","event":"26/06/02 15:18:14 INFO DAGScheduler: Final stage: ResultStage 5 ($anonfun$recordDeltaOperationInternal$1 at DatabricksLogging.scala:128)","logger":"airflow.task.hooks.airflow.providers.standard.hooks.subprocess.SubprocessHook","filename":"subprocess.py","lineno":99}
{"timestamp":"2026-06-02T15:18:14.441473Z","level":"info","event":"26/06/02 15:18:14 INFO DAGScheduler: Parents of final stage: List()","logger":"airflow.task.hooks.airflow.providers.standard.hooks.subprocess.SubprocessHook","filename":"subprocess.py","lineno":99}
{"timestamp":"2026-06-02T15:18:14.442665Z","level":"info","event":"26/06/02 15:18:14 INFO DAGScheduler: Missing parents: List()","logger":"airflow.task.hooks.airflow.providers.standard.hooks.subprocess.SubprocessHook","filename":"subprocess.py","lineno":99}
{"timestamp":"2026-06-02T15:18:14.445523Z","level":"info","event":"26/06/02 15:18:14 INFO DAGScheduler: Submitting ResultStage 5 (MapPartitionsRDD[15] at $anonfun$recordDeltaOperationInternal$1 at DatabricksLogging.scala:128), which has no missing parents","logger":"airflow.task.hooks.airflow.providers.standard.hooks.subprocess.SubprocessHook","filename":"subprocess.py","lineno":99}
{"timestamp":"2026-06-02T15:18:14.453608Z","level":"info","event":"26/06/02 15:18:14 INFO MemoryStore: Block broadcast_7 stored as values in memory (estimated size 55.2 KiB, free 434.1 MiB)","logger":"airflow.task.hooks.airflow.providers.standard.hooks.subprocess.SubprocessHook","filename":"subprocess.py","lineno":99}
{"timestamp":"2026-06-02T15:18:14.456589Z","level":"info","event":"26/06/02 15:18:14 INFO MemoryStore: Block broadcast_7_piece0 stored as bytes in memory (estimated size 17.2 KiB, free 434.1 MiB)","logger":"airflow.task.hooks.airflow.providers.standard.hooks.subprocess.SubprocessHook","filename":"subprocess.py","lineno":99}
{"timestamp":"2026-06-02T15:18:14.457682Z","level":"info","event":"26/06/02 15:18:14 INFO BlockManagerInfo: Added broadcast_7_piece0 in memory on ac0ccb30c6a7:33903 (size: 17.2 KiB, free: 434.3 MiB)","logger":"airflow.task.hooks.airflow.providers.standard.hooks.subprocess.SubprocessHook","filename":"subprocess.py","lineno":99}
{"timestamp":"2026-06-02T15:18:14.458695Z","level":"info","event":"26/06/02 15:18:14 INFO SparkContext: Created broadcast 7 from broadcast at DAGScheduler.scala:1611","logger":"airflow.task.hooks.airflow.providers.standard.hooks.subprocess.SubprocessHook","filename":"subprocess.py","lineno":99}
{"timestamp":"2026-06-02T15:18:14.461669Z","level":"info","event":"26/06/02 15:18:14 INFO DAGScheduler: Submitting 2 missing tasks from ResultStage 5 (MapPartitionsRDD[15] at $anonfun$recordDeltaOperationInternal$1 at DatabricksLogging.scala:128) (first 15 tasks are for partitions Vector(0, 1))","logger":"airflow.task.hooks.airflow.providers.standard.hooks.subprocess.SubprocessHook","filename":"subprocess.py","lineno":99}
{"timestamp":"2026-06-02T15:18:14.461910Z","level":"info","event":"26/06/02 15:18:14 INFO TaskSchedulerImpl: Adding task set 5.0 with 2 tasks resource profile 0","logger":"airflow.task.hooks.airflow.providers.standard.hooks.subprocess.SubprocessHook","filename":"subprocess.py","lineno":99}
{"timestamp":"2026-06-02T15:18:14.463778Z","level":"info","event":"26/06/02 15:18:14 INFO TaskSetManager: Starting task 0.0 in stage 5.0 (TID 33) (ac0ccb30c6a7, executor driver, partition 0, PROCESS_LOCAL, 9679 bytes)","logger":"airflow.task.hooks.airflow.providers.standard.hooks.subprocess.SubprocessHook","filename":"subprocess.py","lineno":99}
{"timestamp":"2026-06-02T15:18:14.464205Z","level":"info","event":"26/06/02 15:18:14 INFO TaskSetManager: Starting task 1.0 in stage 5.0 (TID 34) (ac0ccb30c6a7, executor driver, partition 1, PROCESS_LOCAL, 9679 bytes)","logger":"airflow.task.hooks.airflow.providers.standard.hooks.subprocess.SubprocessHook","filename":"subprocess.py","lineno":99}
{"timestamp":"2026-06-02T15:18:14.465418Z","level":"info","event":"26/06/02 15:18:14 INFO Executor: Running task 0.0 in stage 5.0 (TID 33)","logger":"airflow.task.hooks.airflow.providers.standard.hooks.subprocess.SubprocessHook","filename":"subprocess.py","lineno":99}
{"timestamp":"2026-06-02T15:18:14.465554Z","level":"info","event":"26/06/02 15:18:14 INFO Executor: Running task 1.0 in stage 5.0 (TID 34)","logger":"airflow.task.hooks.airflow.providers.standard.hooks.subprocess.SubprocessHook","filename":"subprocess.py","lineno":99}
{"timestamp":"2026-06-02T15:18:14.504165Z","level":"info","event":"26/06/02 15:18:14 INFO CodeGenerator: Code generated in 29.130142 ms","logger":"airflow.task.hooks.airflow.providers.standard.hooks.subprocess.SubprocessHook","filename":"subprocess.py","lineno":99}
{"timestamp":"2026-06-02T15:18:14.506588Z","level":"info","event":"26/06/02 15:18:14 INFO FileScanRDD: Reading File path: s3a://silver/aquatic_products/_delta_log/00000000000000000000.json, range: 0-1190, partition values: [0]","logger":"airflow.task.hooks.airflow.providers.standard.hooks.subprocess.SubprocessHook","filename":"subprocess.py","lineno":99}
{"timestamp":"2026-06-02T15:18:14.506834Z","level":"info","event":"26/06/02 15:18:14 INFO FileScanRDD: Reading File path: s3a://silver/aquatic_products/_delta_log/00000000000000000001.json, range: 0-4618, partition values: [1]","logger":"airflow.task.hooks.airflow.providers.standard.hooks.subprocess.SubprocessHook","filename":"subprocess.py","lineno":99}
{"timestamp":"2026-06-02T15:18:14.549847Z","level":"info","event":"26/06/02 15:18:14 INFO Executor: Finished task 1.0 in stage 5.0 (TID 34). 1967 bytes result sent to driver","logger":"airflow.task.hooks.airflow.providers.standard.hooks.subprocess.SubprocessHook","filename":"subprocess.py","lineno":99}
{"timestamp":"2026-06-02T15:18:14.550148Z","level":"info","event":"26/06/02 15:18:14 INFO Executor: Finished task 0.0 in stage 5.0 (TID 33). 1587 bytes result sent to driver","logger":"airflow.task.hooks.airflow.providers.standard.hooks.subprocess.SubprocessHook","filename":"subprocess.py","lineno":99}
{"timestamp":"2026-06-02T15:18:14.551130Z","level":"info","event":"26/06/02 15:18:14 INFO TaskSetManager: Finished task 0.0 in stage 5.0 (TID 33) in 88 ms on ac0ccb30c6a7 (executor driver) (1/2)","logger":"airflow.task.hooks.airflow.providers.standard.hooks.subprocess.SubprocessHook","filename":"subprocess.py","lineno":99}
{"timestamp":"2026-06-02T15:18:14.551370Z","level":"info","event":"26/06/02 15:18:14 INFO TaskSetManager: Finished task 1.0 in stage 5.0 (TID 34) in 87 ms on ac0ccb30c6a7 (executor driver) (2/2)","logger":"airflow.task.hooks.airflow.providers.standard.hooks.subprocess.SubprocessHook","filename":"subprocess.py","lineno":99}
{"timestamp":"2026-06-02T15:18:14.551486Z","level":"info","event":"26/06/02 15:18:14 INFO TaskSchedulerImpl: Removed TaskSet 5.0, whose tasks have all completed, from pool","logger":"airflow.task.hooks.airflow.providers.standard.hooks.subprocess.SubprocessHook","filename":"subprocess.py","lineno":99}
{"timestamp":"2026-06-02T15:18:14.552191Z","level":"info","event":"26/06/02 15:18:14 INFO DAGScheduler: ResultStage 5 ($anonfun$recordDeltaOperationInternal$1 at DatabricksLogging.scala:128) finished in 0.105 s","logger":"airflow.task.hooks.airflow.providers.standard.hooks.subprocess.SubprocessHook","filename":"subprocess.py","lineno":99}
{"timestamp":"2026-06-02T15:18:14.552570Z","level":"info","event":"26/06/02 15:18:14 INFO DAGScheduler: Job 5 is finished. Cancelling potential speculative or zombie tasks for this job","logger":"airflow.task.hooks.airflow.providers.standard.hooks.subprocess.SubprocessHook","filename":"subprocess.py","lineno":99}
{"timestamp":"2026-06-02T15:18:14.552665Z","level":"info","event":"26/06/02 15:18:14 INFO TaskSchedulerImpl: Killing all running tasks in stage 5: Stage finished","logger":"airflow.task.hooks.airflow.providers.standard.hooks.subprocess.SubprocessHook","filename":"subprocess.py","lineno":99}
{"timestamp":"2026-06-02T15:18:14.553348Z","level":"info","event":"26/06/02 15:18:14 INFO DAGScheduler: Job 5 finished: $anonfun$recordDeltaOperationInternal$1 at DatabricksLogging.scala:128, took 0.113767 s","logger":"airflow.task.hooks.airflow.providers.standard.hooks.subprocess.SubprocessHook","filename":"subprocess.py","lineno":99}
{"timestamp":"2026-06-02T15:18:14.564661Z","level":"info","event":"26/06/02 15:18:14 INFO Snapshot: [tableId=4b64b593-2618-48f0-9761-cb6cb41baf5d] Created snapshot Snapshot(path=s3a://silver/aquatic_products/_delta_log, version=1, metadata=Metadata(4b64b593-2618-48f0-9761-cb6cb41baf5d,null,null,Format(parquet,Map()),{\"type\":\"struct\",\"fields\":[{\"name\":\"aquatic_type\",\"type\":\"string\",\"nullable\":true,\"metadata\":{}},{\"name\":\"product_name\",\"type\":\"string\",\"nullable\":true,\"metadata\":{}},{\"name\":\"value\",\"type\":\"double\",\"nullable\":true,\"metadata\":{}},{\"name\":\"unit\",\"type\":\"string\",\"nullable\":true,\"metadata\":{}},{\"name\":\"quarter\",\"type\":\"integer\",\"nullable\":true,\"metadata\":{}},{\"name\":\"year\",\"type\":\"integer\",\"nullable\":true,\"metadata\":{}},{\"name\":\"ingest_at\",\"type\":\"timestamp\",\"nullable\":true,\"metadata\":{}}]},List(),Map(),Some(1780409956912)), logSegment=LogSegment(s3a://silver/aquatic_products/_delta_log,1,ArrayBuffer(S3AFileStatus{path=s3a://silver/aquatic_products/_delta_log/00000000000000000000.json; isDirectory=false; length=1190; replication=1; blocksize=33554432; modification_time=1780409957028; access_time=0; owner=spark; group=spark; permission=rw-rw-rw-; isSymlink=false; hasAcl=false; isEncrypted=true; isErasureCoded=false} isEmptyDirectory=FALSE eTag=a3a1de13ad7e15255d0fa86c460b04c5 versionId=null, S3AFileStatus{path=s3a://silver/aquatic_products/_delta_log/00000000000000000001.json; isDirectory=false; length=4618; replication=1; blocksize=33554432; modification_time=1780413494000; access_time=0; owner=spark; group=spark; permission=rw-rw-rw-; isSymlink=false; hasAcl=false; isEncrypted=true; isErasureCoded=false} isEmptyDirectory=FALSE eTag=4cbbee280a270c1bcd5469ad8fd60fff versionId=null),org.apache.spark.sql.delta.EmptyCheckpointProvider$@4f6d2dc4,1780413494000), checksumOpt=None)","logger":"airflow.task.hooks.airflow.providers.standard.hooks.subprocess.SubprocessHook","filename":"subprocess.py","lineno":99}
{"timestamp":"2026-06-02T15:18:14.566401Z","level":"info","event":"26/06/02 15:18:14 INFO DeltaLog: Updated snapshot to Snapshot(path=s3a://silver/aquatic_products/_delta_log, version=1, metadata=Metadata(4b64b593-2618-48f0-9761-cb6cb41baf5d,null,null,Format(parquet,Map()),{\"type\":\"struct\",\"fields\":[{\"name\":\"aquatic_type\",\"type\":\"string\",\"nullable\":true,\"metadata\":{}},{\"name\":\"product_name\",\"type\":\"string\",\"nullable\":true,\"metadata\":{}},{\"name\":\"value\",\"type\":\"double\",\"nullable\":true,\"metadata\":{}},{\"name\":\"unit\",\"type\":\"string\",\"nullable\":true,\"metadata\":{}},{\"name\":\"quarter\",\"type\":\"integer\",\"nullable\":true,\"metadata\":{}},{\"name\":\"year\",\"type\":\"integer\",\"nullable\":true,\"metadata\":{}},{\"name\":\"ingest_at\",\"type\":\"timestamp\",\"nullable\":true,\"metadata\":{}}]},List(),Map(),Some(1780409956912)), logSegment=LogSegment(s3a://silver/aquatic_products/_delta_log,1,ArrayBuffer(S3AFileStatus{path=s3a://silver/aquatic_products/_delta_log/00000000000000000000.json; isDirectory=false; length=1190; replication=1; blocksize=33554432; modification_time=1780409957028; access_time=0; owner=spark; group=spark; permission=rw-rw-rw-; isSymlink=false; hasAcl=false; isEncrypted=true; isErasureCoded=false} isEmptyDirectory=FALSE eTag=a3a1de13ad7e15255d0fa86c460b04c5 versionId=null, S3AFileStatus{path=s3a://silver/aquatic_products/_delta_log/00000000000000000001.json; isDirectory=false; length=4618; replication=1; blocksize=33554432; modification_time=1780413494000; access_time=0; owner=spark; group=spark; permission=rw-rw-rw-; isSymlink=false; hasAcl=false; isEncrypted=true; isErasureCoded=false} isEmptyDirectory=FALSE eTag=4cbbee280a270c1bcd5469ad8fd60fff versionId=null),org.apache.spark.sql.delta.EmptyCheckpointProvider$@4f6d2dc4,1780413494000), checksumOpt=None)","logger":"airflow.task.hooks.airflow.providers.standard.hooks.subprocess.SubprocessHook","filename":"subprocess.py","lineno":99}
{"timestamp":"2026-06-02T15:18:14.628608Z","level":"info","event":"26/06/02 15:18:14 INFO OptimisticTransaction: [tableId=4b64b593,txnId=1c0d25e0] Committed delta #1 to s3a://silver/aquatic_products/_delta_log","logger":"airflow.task.hooks.airflow.providers.standard.hooks.subprocess.SubprocessHook","filename":"subprocess.py","lineno":99}
{"timestamp":"2026-06-02T15:18:14.631141Z","level":"info","event":"Tải dữ liệu vào table: aquatic_products hoàn tất !!!!!!!! 2025 4","logger":"airflow.task.hooks.airflow.providers.standard.hooks.subprocess.SubprocessHook","filename":"subprocess.py","lineno":99}
{"timestamp":"2026-06-02T15:18:14.807420Z","level":"info","event":"duyệt qua từng đường dẫn đọc file và trích xuất dữ liệu","logger":"airflow.task.hooks.airflow.providers.standard.hooks.subprocess.SubprocessHook","filename":"subprocess.py","lineno":99}
{"timestamp":"2026-06-02T15:18:14.807663Z","level":"info","event":"FILE EXCEL: YEAR : 2026, MONTH = 3","logger":"airflow.task.hooks.airflow.providers.standard.hooks.subprocess.SubprocessHook","filename":"subprocess.py","lineno":99}
{"timestamp":"2026-06-02T15:18:14.811544Z","level":"info","event":"-1","logger":"airflow.task.hooks.airflow.providers.standard.hooks.subprocess.SubprocessHook","filename":"subprocess.py","lineno":99}
{"timestamp":"2026-06-02T15:18:14.814853Z","level":"info","event":"-1","logger":"airflow.task.hooks.airflow.providers.standard.hooks.subprocess.SubprocessHook","filename":"subprocess.py","lineno":99}
{"timestamp":"2026-06-02T15:18:14.817027Z","level":"info","event":"-1","logger":"airflow.task.hooks.airflow.providers.standard.hooks.subprocess.SubprocessHook","filename":"subprocess.py","lineno":99}
{"timestamp":"2026-06-02T15:18:14.819168Z","level":"info","event":"-1","logger":"airflow.task.hooks.airflow.providers.standard.hooks.subprocess.SubprocessHook","filename":"subprocess.py","lineno":99}
{"timestamp":"2026-06-02T15:18:14.821646Z","level":"info","event":"-1","logger":"airflow.task.hooks.airflow.providers.standard.hooks.subprocess.SubprocessHook","filename":"subprocess.py","lineno":99}
{"timestamp":"2026-06-02T15:18:14.826058Z","level":"info","event":"-1","logger":"airflow.task.hooks.airflow.providers.standard.hooks.subprocess.SubprocessHook","filename":"subprocess.py","lineno":99}
{"timestamp":"2026-06-02T15:18:14.832385Z","level":"info","event":"-1","logger":"airflow.task.hooks.airflow.providers.standard.hooks.subprocess.SubprocessHook","filename":"subprocess.py","lineno":99}
{"timestamp":"2026-06-02T15:18:14.837493Z","level":"info","event":"-1","logger":"airflow.task.hooks.airflow.providers.standard.hooks.subprocess.SubprocessHook","filename":"subprocess.py","lineno":99}
{"timestamp":"2026-06-02T15:18:14.844172Z","level":"info","event":"-1","logger":"airflow.task.hooks.airflow.providers.standard.hooks.subprocess.SubprocessHook","filename":"subprocess.py","lineno":99}
{"timestamp":"2026-06-02T15:18:14.847126Z","level":"info","event":"-1","logger":"airflow.task.hooks.airflow.providers.standard.hooks.subprocess.SubprocessHook","filename":"subprocess.py","lineno":99}
{"timestamp":"2026-06-02T15:18:14.851518Z","level":"info","event":"-1","logger":"airflow.task.hooks.airflow.providers.standard.hooks.subprocess.SubprocessHook","filename":"subprocess.py","lineno":99}
{"timestamp":"2026-06-02T15:18:14.858045Z","level":"info","event":"-1","logger":"airflow.task.hooks.airflow.providers.standard.hooks.subprocess.SubprocessHook","filename":"subprocess.py","lineno":99}
{"timestamp":"2026-06-02T15:18:14.861814Z","level":"info","event":"-1","logger":"airflow.task.hooks.airflow.providers.standard.hooks.subprocess.SubprocessHook","filename":"subprocess.py","lineno":99}
{"timestamp":"2026-06-02T15:18:14.865686Z","level":"info","event":"-1","logger":"airflow.task.hooks.airflow.providers.standard.hooks.subprocess.SubprocessHook","filename":"subprocess.py","lineno":99}
{"timestamp":"2026-06-02T15:18:14.870008Z","level":"info","event":"-1","logger":"airflow.task.hooks.airflow.providers.standard.hooks.subprocess.SubprocessHook","filename":"subprocess.py","lineno":99}
{"timestamp":"2026-06-02T15:18:14.874541Z","level":"info","event":"-1","logger":"airflow.task.hooks.airflow.providers.standard.hooks.subprocess.SubprocessHook","filename":"subprocess.py","lineno":99}
{"timestamp":"2026-06-02T15:18:14.880116Z","level":"info","event":"-1","logger":"airflow.task.hooks.airflow.providers.standard.hooks.subprocess.SubprocessHook","filename":"subprocess.py","lineno":99}
{"timestamp":"2026-06-02T15:18:14.885135Z","level":"info","event":"-1","logger":"airflow.task.hooks.airflow.providers.standard.hooks.subprocess.SubprocessHook","filename":"subprocess.py","lineno":99}
{"timestamp":"2026-06-02T15:18:14.889341Z","level":"info","event":"-1","logger":"airflow.task.hooks.airflow.providers.standard.hooks.subprocess.SubprocessHook","filename":"subprocess.py","lineno":99}
{"timestamp":"2026-06-02T15:18:14.896916Z","level":"info","event":"-1","logger":"airflow.task.hooks.airflow.providers.standard.hooks.subprocess.SubprocessHook","filename":"subprocess.py","lineno":99}
{"timestamp":"2026-06-02T15:18:14.904212Z","level":"info","event":"-1","logger":"airflow.task.hooks.airflow.providers.standard.hooks.subprocess.SubprocessHook","filename":"subprocess.py","lineno":99}
{"timestamp":"2026-06-02T15:18:14.909726Z","level":"info","event":"-1","logger":"airflow.task.hooks.airflow.providers.standard.hooks.subprocess.SubprocessHook","filename":"subprocess.py","lineno":99}
{"timestamp":"2026-06-02T15:18:14.918954Z","level":"info","event":"-1","logger":"airflow.task.hooks.airflow.providers.standard.hooks.subprocess.SubprocessHook","filename":"subprocess.py","lineno":99}
{"timestamp":"2026-06-02T15:18:14.923768Z","level":"info","event":"-1","logger":"airflow.task.hooks.airflow.providers.standard.hooks.subprocess.SubprocessHook","filename":"subprocess.py","lineno":99}
{"timestamp":"2026-06-02T15:18:14.928084Z","level":"info","event":"-1","logger":"airflow.task.hooks.airflow.providers.standard.hooks.subprocess.SubprocessHook","filename":"subprocess.py","lineno":99}
{"timestamp":"2026-06-02T15:18:14.935244Z","level":"info","event":"-1","logger":"airflow.task.hooks.airflow.providers.standard.hooks.subprocess.SubprocessHook","filename":"subprocess.py","lineno":99}
{"timestamp":"2026-06-02T15:18:14.939361Z","level":"info","event":"-1","logger":"airflow.task.hooks.airflow.providers.standard.hooks.subprocess.SubprocessHook","filename":"subprocess.py","lineno":99}
{"timestamp":"2026-06-02T15:18:14.944466Z","level":"info","event":"-1","logger":"airflow.task.hooks.airflow.providers.standard.hooks.subprocess.SubprocessHook","filename":"subprocess.py","lineno":99}
{"timestamp":"2026-06-02T15:18:14.949148Z","level":"info","event":"-1","logger":"airflow.task.hooks.airflow.providers.standard.hooks.subprocess.SubprocessHook","filename":"subprocess.py","lineno":99}
{"timestamp":"2026-06-02T15:18:14.955731Z","level":"info","event":"-1","logger":"airflow.task.hooks.airflow.providers.standard.hooks.subprocess.SubprocessHook","filename":"subprocess.py","lineno":99}
{"timestamp":"2026-06-02T15:18:14.961864Z","level":"info","event":"-1","logger":"airflow.task.hooks.airflow.providers.standard.hooks.subprocess.SubprocessHook","filename":"subprocess.py","lineno":99}
{"timestamp":"2026-06-02T15:18:14.969374Z","level":"info","event":"-1","logger":"airflow.task.hooks.airflow.providers.standard.hooks.subprocess.SubprocessHook","filename":"subprocess.py","lineno":99}
{"timestamp":"2026-06-02T15:18:14.975084Z","level":"info","event":"-1","logger":"airflow.task.hooks.airflow.providers.standard.hooks.subprocess.SubprocessHook","filename":"subprocess.py","lineno":99}
{"timestamp":"2026-06-02T15:18:14.979114Z","level":"info","event":"-1","logger":"airflow.task.hooks.airflow.providers.standard.hooks.subprocess.SubprocessHook","filename":"subprocess.py","lineno":99}
{"timestamp":"2026-06-02T15:18:14.983255Z","level":"info","event":"-1","logger":"airflow.task.hooks.airflow.providers.standard.hooks.subprocess.SubprocessHook","filename":"subprocess.py","lineno":99}
{"timestamp":"2026-06-02T15:18:14.985099Z","level":"info","event":"ENTER >=2026","logger":"airflow.task.hooks.airflow.providers.standard.hooks.subprocess.SubprocessHook","filename":"subprocess.py","lineno":99}
{"timestamp":"2026-06-02T15:18:14.987818Z","level":"info","event":"Traceback (most recent call last):","logger":"airflow.task.hooks.airflow.providers.standard.hooks.subprocess.SubprocessHook","filename":"subprocess.py","lineno":99}
{"timestamp":"2026-06-02T15:18:14.988043Z","level":"info","event":"  File \"/opt/spark/apps/silver/Extract_Data_From_Excel_Reports.py\", line 1063, in <module>","logger":"airflow.task.hooks.airflow.providers.standard.hooks.subprocess.SubprocessHook","filename":"subprocess.py","lineno":99}
{"timestamp":"2026-06-02T15:18:14.994792Z","level":"info","event":"    main_func()","logger":"airflow.task.hooks.airflow.providers.standard.hooks.subprocess.SubprocessHook","filename":"subprocess.py","lineno":99}
{"timestamp":"2026-06-02T15:18:14.995068Z","level":"info","event":"  File \"/opt/spark/apps/silver/Extract_Data_From_Excel_Reports.py\", line 1059, in main_func","logger":"airflow.task.hooks.airflow.providers.standard.hooks.subprocess.SubprocessHook","filename":"subprocess.py","lineno":99}
{"timestamp":"2026-06-02T15:18:15.000938Z","level":"info","event":"    thuy_san(excel_file, year, month)","logger":"airflow.task.hooks.airflow.providers.standard.hooks.subprocess.SubprocessHook","filename":"subprocess.py","lineno":99}
{"timestamp":"2026-06-02T15:18:15.001436Z","level":"info","event":"  File \"/opt/spark/apps/silver/Extract_Data_From_Excel_Reports.py\", line 987, in thuy_san","logger":"airflow.task.hooks.airflow.providers.standard.hooks.subprocess.SubprocessHook","filename":"subprocess.py","lineno":99}
{"timestamp":"2026-06-02T15:18:15.007797Z","level":"info","event":"    df = df[[1,2,4]].copy()","logger":"airflow.task.hooks.airflow.providers.standard.hooks.subprocess.SubprocessHook","filename":"subprocess.py","lineno":99}
{"timestamp":"2026-06-02T15:18:15.008003Z","level":"info","event":"  File \"/usr/local/lib/python3.10/dist-packages/pandas/core/frame.py\", line 4119, in __getitem__","logger":"airflow.task.hooks.airflow.providers.standard.hooks.subprocess.SubprocessHook","filename":"subprocess.py","lineno":99}
{"timestamp":"2026-06-02T15:18:15.011295Z","level":"info","event":"    indexer = self.columns._get_indexer_strict(key, \"columns\")[1]","logger":"airflow.task.hooks.airflow.providers.standard.hooks.subprocess.SubprocessHook","filename":"subprocess.py","lineno":99}
{"timestamp":"2026-06-02T15:18:15.011601Z","level":"info","event":"  File \"/usr/local/lib/python3.10/dist-packages/pandas/core/indexes/base.py\", line 6212, in _get_indexer_strict","logger":"airflow.task.hooks.airflow.providers.standard.hooks.subprocess.SubprocessHook","filename":"subprocess.py","lineno":99}
{"timestamp":"2026-06-02T15:18:15.012712Z","level":"info","event":"    self._raise_if_missing(keyarr, indexer, axis_name)","logger":"airflow.task.hooks.airflow.providers.standard.hooks.subprocess.SubprocessHook","filename":"subprocess.py","lineno":99}
{"timestamp":"2026-06-02T15:18:15.012895Z","level":"info","event":"  File \"/usr/local/lib/python3.10/dist-packages/pandas/core/indexes/base.py\", line 6264, in _raise_if_missing","logger":"airflow.task.hooks.airflow.providers.standard.hooks.subprocess.SubprocessHook","filename":"subprocess.py","lineno":99}
{"timestamp":"2026-06-02T15:18:15.012984Z","level":"info","event":"    raise KeyError(f\"{not_found} not in index\")","logger":"airflow.task.hooks.airflow.providers.standard.hooks.subprocess.SubprocessHook","filename":"subprocess.py","lineno":99}
{"timestamp":"2026-06-02T15:18:15.013052Z","level":"info","event":"KeyError: '[4] not in index'","logger":"airflow.task.hooks.airflow.providers.standard.hooks.subprocess.SubprocessHook","filename":"subprocess.py","lineno":99}
{"timestamp":"2026-06-02T15:18:15.226843Z","level":"info","event":"26/06/02 15:18:15 INFO SparkContext: Invoking stop() from shutdown hook","logger":"airflow.task.hooks.airflow.providers.standard.hooks.subprocess.SubprocessHook","filename":"subprocess.py","lineno":99}
{"timestamp":"2026-06-02T15:18:15.227237Z","level":"info","event":"26/06/02 15:18:15 INFO SparkContext: SparkContext is stopping with exitCode 0.","logger":"airflow.task.hooks.airflow.providers.standard.hooks.subprocess.SubprocessHook","filename":"subprocess.py","lineno":99}
{"timestamp":"2026-06-02T15:18:15.244462Z","level":"info","event":"26/06/02 15:18:15 INFO SparkUI: Stopped Spark web UI at http://ac0ccb30c6a7:4040","logger":"airflow.task.hooks.airflow.providers.standard.hooks.subprocess.SubprocessHook","filename":"subprocess.py","lineno":99}
{"timestamp":"2026-06-02T15:18:15.281850Z","level":"info","event":"26/06/02 15:18:15 INFO MapOutputTrackerMasterEndpoint: MapOutputTrackerMasterEndpoint stopped!","logger":"airflow.task.hooks.airflow.providers.standard.hooks.subprocess.SubprocessHook","filename":"subprocess.py","lineno":99}
{"timestamp":"2026-06-02T15:18:15.307331Z","level":"info","event":"26/06/02 15:18:15 INFO MemoryStore: MemoryStore cleared","logger":"airflow.task.hooks.airflow.providers.standard.hooks.subprocess.SubprocessHook","filename":"subprocess.py","lineno":99}
{"timestamp":"2026-06-02T15:18:15.307658Z","level":"info","event":"26/06/02 15:18:15 INFO BlockManager: BlockManager stopped","logger":"airflow.task.hooks.airflow.providers.standard.hooks.subprocess.SubprocessHook","filename":"subprocess.py","lineno":99}
{"timestamp":"2026-06-02T15:18:15.315176Z","level":"info","event":"26/06/02 15:18:15 INFO BlockManagerMaster: BlockManagerMaster stopped","logger":"airflow.task.hooks.airflow.providers.standard.hooks.subprocess.SubprocessHook","filename":"subprocess.py","lineno":99}
{"timestamp":"2026-06-02T15:18:15.320832Z","level":"info","event":"26/06/02 15:18:15 INFO OutputCommitCoordinator$OutputCommitCoordinatorEndpoint: OutputCommitCoordinator stopped!","logger":"airflow.task.hooks.airflow.providers.standard.hooks.subprocess.SubprocessHook","filename":"subprocess.py","lineno":99}
{"timestamp":"2026-06-02T15:18:15.339388Z","level":"info","event":"26/06/02 15:18:15 INFO SparkContext: Successfully stopped SparkContext","logger":"airflow.task.hooks.airflow.providers.standard.hooks.subprocess.SubprocessHook","filename":"subprocess.py","lineno":99}
{"timestamp":"2026-06-02T15:18:15.339762Z","level":"info","event":"26/06/02 15:18:15 INFO ShutdownHookManager: Shutdown hook called","logger":"airflow.task.hooks.airflow.providers.standard.hooks.subprocess.SubprocessHook","filename":"subprocess.py","lineno":99}
{"timestamp":"2026-06-02T15:18:15.340613Z","level":"info","event":"26/06/02 15:18:15 INFO ShutdownHookManager: Deleting directory /tmp/spark-4f5a8fe2-f47f-4d17-9564-bec84271c7e6","logger":"airflow.task.hooks.airflow.providers.standard.hooks.subprocess.SubprocessHook","filename":"subprocess.py","lineno":99}
{"timestamp":"2026-06-02T15:18:15.348844Z","level":"info","event":"26/06/02 15:18:15 INFO ShutdownHookManager: Deleting directory /tmp/spark-4f5a8fe2-f47f-4d17-9564-bec84271c7e6/pyspark-c921872c-9898-4bf8-880a-a9b510516864","logger":"airflow.task.hooks.airflow.providers.standard.hooks.subprocess.SubprocessHook","filename":"subprocess.py","lineno":99}
{"timestamp":"2026-06-02T15:18:15.354213Z","level":"info","event":"26/06/02 15:18:15 INFO ShutdownHookManager: Deleting directory /tmp/spark-b155a10c-2a6c-460f-a761-419b452463c5","logger":"airflow.task.hooks.airflow.providers.standard.hooks.subprocess.SubprocessHook","filename":"subprocess.py","lineno":99}
{"timestamp":"2026-06-02T15:18:15.374069Z","level":"info","event":"26/06/02 15:18:15 INFO MetricsSystemImpl: Stopping s3a-file-system metrics system...","logger":"airflow.task.hooks.airflow.providers.standard.hooks.subprocess.SubprocessHook","filename":"subprocess.py","lineno":99}
{"timestamp":"2026-06-02T15:18:15.375147Z","level":"info","event":"26/06/02 15:18:15 INFO MetricsSystemImpl: s3a-file-system metrics system stopped.","logger":"airflow.task.hooks.airflow.providers.standard.hooks.subprocess.SubprocessHook","filename":"subprocess.py","lineno":99}
{"timestamp":"2026-06-02T15:18:15.375374Z","level":"info","event":"26/06/02 15:18:15 INFO MetricsSystemImpl: s3a-file-system metrics system shutdown complete.","logger":"airflow.task.hooks.airflow.providers.standard.hooks.subprocess.SubprocessHook","filename":"subprocess.py","lineno":99}
{"timestamp":"2026-06-02T15:18:15.446119Z","level":"info","event":"Command exited with return code 1","logger":"airflow.task.hooks.airflow.providers.standard.hooks.subprocess.SubprocessHook","filename":"subprocess.py","lineno":103}
{"timestamp":"2026-06-02T15:18:15.447126Z","level":"error","event":"Task failed with exception","logger":"task","filename":"task_runner.py","lineno":1325,"error_detail":[{"exc_type":"AirflowException","exc_value":"Bash command failed. The command returned a non-zero exit code 1.","exc_notes":[],"syntax_error":null,"is_cause":false,"frames":[{"filename":"/home/airflow/.local/lib/python3.13/site-packages/airflow/sdk/execution_time/task_runner.py","lineno":1263,"name":"run"},{"filename":"/home/airflow/.local/lib/python3.13/site-packages/airflow/sdk/execution_time/task_runner.py","lineno":1678,"name":"_execute_task"},{"filename":"/home/airflow/.local/lib/python3.13/site-packages/airflow/sdk/bases/operator.py","lineno":443,"name":"wrapper"},{"filename":"/home/airflow/.local/lib/python3.13/site-packages/airflow/providers/standard/operators/bash.py","lineno":226,"name":"execute"}],"is_group":false,"exceptions":[]}]}
