{"timestamp":"2026-06-02T01:27:32.370312Z","level":"info","event":"DAG bundles loaded: dags-folder","logger":"airflow.dag_processing.bundles.manager.DagBundlesManager","filename":"manager.py","lineno":209}
{"timestamp":"2026-06-02T01:27:32.372046Z","level":"info","event":"Filling up the DagBag from /opt/airflow/dags/init_report_data_dag.py","logger":"airflow.dag_processing.dagbag.BundleDagBag","filename":"dagbag.py","lineno":469}
{"timestamp":"2026-06-02T01:27:32.387224Z","level":"warning","event":"The `airflow.operators.python.PythonOperator` attribute is deprecated. Please use `'airflow.providers.standard.operators.python.PythonOperator'`.","category":"UserWarning","filename":"/opt/airflow/dags/init_report_data_dag.py","lineno":2,"logger":"py.warnings"}
{"timestamp":"2026-06-02T01:27:32.387385Z","level":"warning","event":"The `airflow.operators.bash.BashOperator` attribute is deprecated. Please use `'airflow.providers.standard.operators.bash.BashOperator'`.","category":"UserWarning","filename":"/opt/airflow/dags/init_report_data_dag.py","lineno":3,"logger":"py.warnings"}
{"timestamp":"2026-06-02T01:27:32.408867Z","level":"info","event":"Tmp dir root location: /tmp","logger":"airflow.task.hooks.airflow.providers.standard.hooks.subprocess.SubprocessHook","filename":"subprocess.py","lineno":78}
{"timestamp":"2026-06-02T01:27:32.409430Z","level":"info","event":"Running command: ['/usr/bin/bash', '-c', 'docker exec spark-master /opt/spark/bin/spark-submit silver/Extract_Data_From_Excel_Reports.py']","logger":"airflow.task.hooks.airflow.providers.standard.hooks.subprocess.SubprocessHook","filename":"subprocess.py","lineno":80}
{"timestamp":"2026-06-02T01:27:32.410286Z","level":"info","event":"Output:","logger":"airflow.task.hooks.airflow.providers.standard.hooks.subprocess.SubprocessHook","filename":"subprocess.py","lineno":92}
{"timestamp":"2026-06-02T01:27:34.592623Z","level":"info","event":"/opt/spark/python/lib/pyspark.zip/pyspark/pandas/__init__.py:50: UserWarning: 'PYARROW_IGNORE_TIMEZONE' environment variable was not set. It is required to set this environment variable to '1' in both driver and executor sides if you use pyarrow>=2.0.0. pandas-on-Spark will set it for you but it does not work if there is a Spark context already launched.","logger":"airflow.task.hooks.airflow.providers.standard.hooks.subprocess.SubprocessHook","filename":"subprocess.py","lineno":99}
{"timestamp":"2026-06-02T01:27:35.298182Z","level":"info","event":"26/06/02 01:27:35 INFO SparkContext: Running Spark version 3.5.8","logger":"airflow.task.hooks.airflow.providers.standard.hooks.subprocess.SubprocessHook","filename":"subprocess.py","lineno":99}
{"timestamp":"2026-06-02T01:27:35.299908Z","level":"info","event":"26/06/02 01:27:35 INFO SparkContext: OS info Linux, 6.6.87.2-microsoft-standard-WSL2, amd64","logger":"airflow.task.hooks.airflow.providers.standard.hooks.subprocess.SubprocessHook","filename":"subprocess.py","lineno":99}
{"timestamp":"2026-06-02T01:27:35.300028Z","level":"info","event":"26/06/02 01:27:35 INFO SparkContext: Java version 11.0.29","logger":"airflow.task.hooks.airflow.providers.standard.hooks.subprocess.SubprocessHook","filename":"subprocess.py","lineno":99}
{"timestamp":"2026-06-02T01:27:35.350408Z","level":"info","event":"26/06/02 01:27:35 WARN NativeCodeLoader: Unable to load native-hadoop library for your platform... using builtin-java classes where applicable","logger":"airflow.task.hooks.airflow.providers.standard.hooks.subprocess.SubprocessHook","filename":"subprocess.py","lineno":99}
{"timestamp":"2026-06-02T01:27:35.429894Z","level":"info","event":"26/06/02 01:27:35 INFO ResourceUtils: ==============================================================","logger":"airflow.task.hooks.airflow.providers.standard.hooks.subprocess.SubprocessHook","filename":"subprocess.py","lineno":99}
{"timestamp":"2026-06-02T01:27:35.430057Z","level":"info","event":"26/06/02 01:27:35 INFO ResourceUtils: No custom resources configured for spark.driver.","logger":"airflow.task.hooks.airflow.providers.standard.hooks.subprocess.SubprocessHook","filename":"subprocess.py","lineno":99}
{"timestamp":"2026-06-02T01:27:35.430106Z","level":"info","event":"26/06/02 01:27:35 INFO ResourceUtils: ==============================================================","logger":"airflow.task.hooks.airflow.providers.standard.hooks.subprocess.SubprocessHook","filename":"subprocess.py","lineno":99}
{"timestamp":"2026-06-02T01:27:35.430453Z","level":"info","event":"26/06/02 01:27:35 INFO SparkContext: Submitted application: Delta-MinIO","logger":"airflow.task.hooks.airflow.providers.standard.hooks.subprocess.SubprocessHook","filename":"subprocess.py","lineno":99}
{"timestamp":"2026-06-02T01:27:35.451630Z","level":"info","event":"26/06/02 01:27:35 INFO ResourceProfile: Default ResourceProfile created, executor resources: Map(cores -> name: cores, amount: 1, script: , vendor: , memory -> name: memory, amount: 1024, script: , vendor: , offHeap -> name: offHeap, amount: 0, script: , vendor: ), task resources: Map(cpus -> name: cpus, amount: 1.0)","logger":"airflow.task.hooks.airflow.providers.standard.hooks.subprocess.SubprocessHook","filename":"subprocess.py","lineno":99}
{"timestamp":"2026-06-02T01:27:35.460281Z","level":"info","event":"26/06/02 01:27:35 INFO ResourceProfile: Limiting resource is cpu","logger":"airflow.task.hooks.airflow.providers.standard.hooks.subprocess.SubprocessHook","filename":"subprocess.py","lineno":99}
{"timestamp":"2026-06-02T01:27:35.460464Z","level":"info","event":"26/06/02 01:27:35 INFO ResourceProfileManager: Added ResourceProfile id: 0","logger":"airflow.task.hooks.airflow.providers.standard.hooks.subprocess.SubprocessHook","filename":"subprocess.py","lineno":99}
{"timestamp":"2026-06-02T01:27:35.499984Z","level":"info","event":"26/06/02 01:27:35 INFO SecurityManager: Changing view acls to: spark","logger":"airflow.task.hooks.airflow.providers.standard.hooks.subprocess.SubprocessHook","filename":"subprocess.py","lineno":99}
{"timestamp":"2026-06-02T01:27:35.500148Z","level":"info","event":"26/06/02 01:27:35 INFO SecurityManager: Changing modify acls to: spark","logger":"airflow.task.hooks.airflow.providers.standard.hooks.subprocess.SubprocessHook","filename":"subprocess.py","lineno":99}
{"timestamp":"2026-06-02T01:27:35.500209Z","level":"info","event":"26/06/02 01:27:35 INFO SecurityManager: Changing view acls groups to:","logger":"airflow.task.hooks.airflow.providers.standard.hooks.subprocess.SubprocessHook","filename":"subprocess.py","lineno":99}
{"timestamp":"2026-06-02T01:27:35.501002Z","level":"info","event":"26/06/02 01:27:35 INFO SecurityManager: Changing modify acls groups to:","logger":"airflow.task.hooks.airflow.providers.standard.hooks.subprocess.SubprocessHook","filename":"subprocess.py","lineno":99}
{"timestamp":"2026-06-02T01:27:35.501114Z","level":"info","event":"26/06/02 01:27:35 INFO SecurityManager: SecurityManager: authentication disabled; ui acls disabled; users with view permissions: spark; groups with view permissions: EMPTY; users with modify permissions: spark; groups with modify permissions: EMPTY","logger":"airflow.task.hooks.airflow.providers.standard.hooks.subprocess.SubprocessHook","filename":"subprocess.py","lineno":99}
{"timestamp":"2026-06-02T01:27:35.689578Z","level":"info","event":"26/06/02 01:27:35 INFO Utils: Successfully started service 'sparkDriver' on port 36435.","logger":"airflow.task.hooks.airflow.providers.standard.hooks.subprocess.SubprocessHook","filename":"subprocess.py","lineno":99}
{"timestamp":"2026-06-02T01:27:35.713950Z","level":"info","event":"26/06/02 01:27:35 INFO SparkEnv: Registering MapOutputTracker","logger":"airflow.task.hooks.airflow.providers.standard.hooks.subprocess.SubprocessHook","filename":"subprocess.py","lineno":99}
{"timestamp":"2026-06-02T01:27:35.746319Z","level":"info","event":"26/06/02 01:27:35 INFO SparkEnv: Registering BlockManagerMaster","logger":"airflow.task.hooks.airflow.providers.standard.hooks.subprocess.SubprocessHook","filename":"subprocess.py","lineno":99}
{"timestamp":"2026-06-02T01:27:35.765048Z","level":"info","event":"26/06/02 01:27:35 INFO BlockManagerMasterEndpoint: Using org.apache.spark.storage.DefaultTopologyMapper for getting topology information","logger":"airflow.task.hooks.airflow.providers.standard.hooks.subprocess.SubprocessHook","filename":"subprocess.py","lineno":99}
{"timestamp":"2026-06-02T01:27:35.765220Z","level":"info","event":"26/06/02 01:27:35 INFO BlockManagerMasterEndpoint: BlockManagerMasterEndpoint up","logger":"airflow.task.hooks.airflow.providers.standard.hooks.subprocess.SubprocessHook","filename":"subprocess.py","lineno":99}
{"timestamp":"2026-06-02T01:27:35.768884Z","level":"info","event":"26/06/02 01:27:35 INFO SparkEnv: Registering BlockManagerMasterHeartbeat","logger":"airflow.task.hooks.airflow.providers.standard.hooks.subprocess.SubprocessHook","filename":"subprocess.py","lineno":99}
{"timestamp":"2026-06-02T01:27:35.783561Z","level":"info","event":"26/06/02 01:27:35 INFO DiskBlockManager: Created local directory at /tmp/blockmgr-a36a60c7-af74-4fe9-b0fc-6dec3218dee0","logger":"airflow.task.hooks.airflow.providers.standard.hooks.subprocess.SubprocessHook","filename":"subprocess.py","lineno":99}
{"timestamp":"2026-06-02T01:27:35.794242Z","level":"info","event":"26/06/02 01:27:35 INFO MemoryStore: MemoryStore started with capacity 434.4 MiB","logger":"airflow.task.hooks.airflow.providers.standard.hooks.subprocess.SubprocessHook","filename":"subprocess.py","lineno":99}
{"timestamp":"2026-06-02T01:27:35.804121Z","level":"info","event":"26/06/02 01:27:35 INFO SparkEnv: Registering OutputCommitCoordinator","logger":"airflow.task.hooks.airflow.providers.standard.hooks.subprocess.SubprocessHook","filename":"subprocess.py","lineno":99}
{"timestamp":"2026-06-02T01:27:35.896515Z","level":"info","event":"26/06/02 01:27:35 INFO JettyUtils: Start Jetty 0.0.0.0:4040 for SparkUI","logger":"airflow.task.hooks.airflow.providers.standard.hooks.subprocess.SubprocessHook","filename":"subprocess.py","lineno":99}
{"timestamp":"2026-06-02T01:27:35.940844Z","level":"info","event":"26/06/02 01:27:35 INFO Utils: Successfully started service 'SparkUI' on port 4040.","logger":"airflow.task.hooks.airflow.providers.standard.hooks.subprocess.SubprocessHook","filename":"subprocess.py","lineno":99}
{"timestamp":"2026-06-02T01:27:36.015845Z","level":"info","event":"26/06/02 01:27:36 INFO Executor: Starting executor ID driver on host 32a25072c928","logger":"airflow.task.hooks.airflow.providers.standard.hooks.subprocess.SubprocessHook","filename":"subprocess.py","lineno":99}
{"timestamp":"2026-06-02T01:27:36.016088Z","level":"info","event":"26/06/02 01:27:36 INFO Executor: OS info Linux, 6.6.87.2-microsoft-standard-WSL2, amd64","logger":"airflow.task.hooks.airflow.providers.standard.hooks.subprocess.SubprocessHook","filename":"subprocess.py","lineno":99}
{"timestamp":"2026-06-02T01:27:36.016197Z","level":"info","event":"26/06/02 01:27:36 INFO Executor: Java version 11.0.29","logger":"airflow.task.hooks.airflow.providers.standard.hooks.subprocess.SubprocessHook","filename":"subprocess.py","lineno":99}
{"timestamp":"2026-06-02T01:27:36.021712Z","level":"info","event":"26/06/02 01:27:36 INFO Executor: Starting executor with user classpath (userClassPathFirst = false): ''","logger":"airflow.task.hooks.airflow.providers.standard.hooks.subprocess.SubprocessHook","filename":"subprocess.py","lineno":99}
{"timestamp":"2026-06-02T01:27:36.021851Z","level":"info","event":"26/06/02 01:27:36 INFO Executor: Created or updated repl class loader org.apache.spark.util.MutableURLClassLoader@62645121 for default.","logger":"airflow.task.hooks.airflow.providers.standard.hooks.subprocess.SubprocessHook","filename":"subprocess.py","lineno":99}
{"timestamp":"2026-06-02T01:27:36.039110Z","level":"info","event":"26/06/02 01:27:36 INFO Utils: Successfully started service 'org.apache.spark.network.netty.NettyBlockTransferService' on port 37123.","logger":"airflow.task.hooks.airflow.providers.standard.hooks.subprocess.SubprocessHook","filename":"subprocess.py","lineno":99}
{"timestamp":"2026-06-02T01:27:36.039263Z","level":"info","event":"26/06/02 01:27:36 INFO NettyBlockTransferService: Server created on 32a25072c928:37123","logger":"airflow.task.hooks.airflow.providers.standard.hooks.subprocess.SubprocessHook","filename":"subprocess.py","lineno":99}
{"timestamp":"2026-06-02T01:27:36.040280Z","level":"info","event":"26/06/02 01:27:36 INFO BlockManager: Using org.apache.spark.storage.RandomBlockReplicationPolicy for block replication policy","logger":"airflow.task.hooks.airflow.providers.standard.hooks.subprocess.SubprocessHook","filename":"subprocess.py","lineno":99}
{"timestamp":"2026-06-02T01:27:36.045518Z","level":"info","event":"26/06/02 01:27:36 INFO BlockManagerMaster: Registering BlockManager BlockManagerId(driver, 32a25072c928, 37123, None)","logger":"airflow.task.hooks.airflow.providers.standard.hooks.subprocess.SubprocessHook","filename":"subprocess.py","lineno":99}
{"timestamp":"2026-06-02T01:27:36.048263Z","level":"info","event":"26/06/02 01:27:36 INFO BlockManagerMasterEndpoint: Registering block manager 32a25072c928:37123 with 434.4 MiB RAM, BlockManagerId(driver, 32a25072c928, 37123, None)","logger":"airflow.task.hooks.airflow.providers.standard.hooks.subprocess.SubprocessHook","filename":"subprocess.py","lineno":99}
{"timestamp":"2026-06-02T01:27:36.050078Z","level":"info","event":"26/06/02 01:27:36 INFO BlockManagerMaster: Registered BlockManager BlockManagerId(driver, 32a25072c928, 37123, None)","logger":"airflow.task.hooks.airflow.providers.standard.hooks.subprocess.SubprocessHook","filename":"subprocess.py","lineno":99}
{"timestamp":"2026-06-02T01:27:36.051052Z","level":"info","event":"26/06/02 01:27:36 INFO BlockManager: Initialized BlockManager: BlockManagerId(driver, 32a25072c928, 37123, None)","logger":"airflow.task.hooks.airflow.providers.standard.hooks.subprocess.SubprocessHook","filename":"subprocess.py","lineno":99}
{"timestamp":"2026-06-02T01:27:36.348470Z","level":"info","event":"Dang lay danh sach duong dan file excel trong bucket = bronze, prefix = economic_report_excel_files/","logger":"airflow.task.hooks.airflow.providers.standard.hooks.subprocess.SubprocessHook","filename":"subprocess.py","lineno":99}
{"timestamp":"2026-06-02T01:27:36.348839Z","level":"info","event":"GET FILE EXCEL PATHS SUCCESSFULLY !!!!","logger":"airflow.task.hooks.airflow.providers.standard.hooks.subprocess.SubprocessHook","filename":"subprocess.py","lineno":99}
{"timestamp":"2026-06-02T01:27:36.465970Z","level":"info","event":"duyệt qua từng đường dẫn đọc file và trích xuất dữ liệu","logger":"airflow.task.hooks.airflow.providers.standard.hooks.subprocess.SubprocessHook","filename":"subprocess.py","lineno":99}
{"timestamp":"2026-06-02T01:27:36.466132Z","level":"info","event":"FILE EXCEL: YEAR : 2026, MONTH = 1","logger":"airflow.task.hooks.airflow.providers.standard.hooks.subprocess.SubprocessHook","filename":"subprocess.py","lineno":99}
{"timestamp":"2026-06-02T01:27:36.478962Z","level":"info","event":"/opt/spark/apps/silver/Extract_Data_From_Excel_Reports.py:304: FutureWarning: Downcasting object dtype arrays on .fillna, .ffill, .bfill is deprecated and will change in a future version. Call result.infer_objects(copy=False) instead. To opt-in to the future behavior, set `pd.set_option('future.no_silent_downcasting', True)`","logger":"airflow.task.hooks.airflow.providers.standard.hooks.subprocess.SubprocessHook","filename":"subprocess.py","lineno":99}
{"timestamp":"2026-06-02T01:27:36.479109Z","level":"info","event":"  sheet = sheet.fillna(-1)","logger":"airflow.task.hooks.airflow.providers.standard.hooks.subprocess.SubprocessHook","filename":"subprocess.py","lineno":99}
{"timestamp":"2026-06-02T01:27:36.481681Z","level":"info","event":"/opt/spark/apps/silver/Extract_Data_From_Excel_Reports.py:304: FutureWarning: Downcasting object dtype arrays on .fillna, .ffill, .bfill is deprecated and will change in a future version. Call result.infer_objects(copy=False) instead. To opt-in to the future behavior, set `pd.set_option('future.no_silent_downcasting', True)`","logger":"airflow.task.hooks.airflow.providers.standard.hooks.subprocess.SubprocessHook","filename":"subprocess.py","lineno":99}
{"timestamp":"2026-06-02T01:27:36.481822Z","level":"info","event":"  sheet = sheet.fillna(-1)","logger":"airflow.task.hooks.airflow.providers.standard.hooks.subprocess.SubprocessHook","filename":"subprocess.py","lineno":99}
{"timestamp":"2026-06-02T01:27:36.482420Z","level":"info","event":"Bắt đầu insert dữ liệu vào SILVER layer","logger":"airflow.task.hooks.airflow.providers.standard.hooks.subprocess.SubprocessHook","filename":"subprocess.py","lineno":99}
{"timestamp":"2026-06-02T01:27:36.532043Z","level":"info","event":"26/06/02 01:27:36 INFO SharedState: Setting hive.metastore.warehouse.dir ('null') to the value of spark.sql.warehouse.dir.","logger":"airflow.task.hooks.airflow.providers.standard.hooks.subprocess.SubprocessHook","filename":"subprocess.py","lineno":99}
{"timestamp":"2026-06-02T01:27:36.621372Z","level":"info","event":"26/06/02 01:27:36 WARN MetricsConfig: Cannot locate configuration: tried hadoop-metrics2-s3a-file-system.properties,hadoop-metrics2.properties","logger":"airflow.task.hooks.airflow.providers.standard.hooks.subprocess.SubprocessHook","filename":"subprocess.py","lineno":99}
{"timestamp":"2026-06-02T01:27:36.631501Z","level":"info","event":"26/06/02 01:27:36 INFO MetricsSystemImpl: Scheduled Metric snapshot period at 10 second(s).","logger":"airflow.task.hooks.airflow.providers.standard.hooks.subprocess.SubprocessHook","filename":"subprocess.py","lineno":99}
{"timestamp":"2026-06-02T01:27:36.631670Z","level":"info","event":"26/06/02 01:27:36 INFO MetricsSystemImpl: s3a-file-system metrics system started","logger":"airflow.task.hooks.airflow.providers.standard.hooks.subprocess.SubprocessHook","filename":"subprocess.py","lineno":99}
{"timestamp":"2026-06-02T01:27:37.191988Z","level":"info","event":"26/06/02 01:27:37 INFO SharedState: Warehouse path is 's3a://warehouse/'.","logger":"airflow.task.hooks.airflow.providers.standard.hooks.subprocess.SubprocessHook","filename":"subprocess.py","lineno":99}
{"timestamp":"2026-06-02T01:27:38.800608Z","level":"info","event":"root","logger":"airflow.task.hooks.airflow.providers.standard.hooks.subprocess.SubprocessHook","filename":"subprocess.py","lineno":99}
{"timestamp":"2026-06-02T01:27:38.800910Z","level":"info","event":" |-- product_name: string (nullable = true)","logger":"airflow.task.hooks.airflow.providers.standard.hooks.subprocess.SubprocessHook","filename":"subprocess.py","lineno":99}
{"timestamp":"2026-06-02T01:27:38.801007Z","level":"info","event":" |-- quantity: double (nullable = true)","logger":"airflow.task.hooks.airflow.providers.standard.hooks.subprocess.SubprocessHook","filename":"subprocess.py","lineno":99}
{"timestamp":"2026-06-02T01:27:38.801141Z","level":"info","event":" |-- value: double (nullable = true)","logger":"airflow.task.hooks.airflow.providers.standard.hooks.subprocess.SubprocessHook","filename":"subprocess.py","lineno":99}
{"timestamp":"2026-06-02T01:27:38.801191Z","level":"info","event":" |-- type: string (nullable = true)","logger":"airflow.task.hooks.airflow.providers.standard.hooks.subprocess.SubprocessHook","filename":"subprocess.py","lineno":99}
{"timestamp":"2026-06-02T01:27:38.801215Z","level":"info","event":" |-- quantity_unit: string (nullable = true)","logger":"airflow.task.hooks.airflow.providers.standard.hooks.subprocess.SubprocessHook","filename":"subprocess.py","lineno":99}
{"timestamp":"2026-06-02T01:27:38.801236Z","level":"info","event":" |-- unit: string (nullable = true)","logger":"airflow.task.hooks.airflow.providers.standard.hooks.subprocess.SubprocessHook","filename":"subprocess.py","lineno":99}
{"timestamp":"2026-06-02T01:27:38.801254Z","level":"info","event":" |-- month: long (nullable = true)","logger":"airflow.task.hooks.airflow.providers.standard.hooks.subprocess.SubprocessHook","filename":"subprocess.py","lineno":99}
{"timestamp":"2026-06-02T01:27:38.801273Z","level":"info","event":" |-- quarter: integer (nullable = true)","logger":"airflow.task.hooks.airflow.providers.standard.hooks.subprocess.SubprocessHook","filename":"subprocess.py","lineno":99}
{"timestamp":"2026-06-02T01:27:38.801291Z","level":"info","event":" |-- year: integer (nullable = true)","logger":"airflow.task.hooks.airflow.providers.standard.hooks.subprocess.SubprocessHook","filename":"subprocess.py","lineno":99}
{"timestamp":"2026-06-02T01:27:38.801309Z","level":"info","event":" |-- ingest_at: timestamp (nullable = true)","logger":"airflow.task.hooks.airflow.providers.standard.hooks.subprocess.SubprocessHook","filename":"subprocess.py","lineno":99}
{"timestamp":"2026-06-02T01:27:38.801329Z","level":"info","event":"","logger":"airflow.task.hooks.airflow.providers.standard.hooks.subprocess.SubprocessHook","filename":"subprocess.py","lineno":99}
{"timestamp":"2026-06-02T01:27:38.801351Z","level":"info","event":"Đang tải dữ liệu vào Silver.International_ecomerce !!!","logger":"airflow.task.hooks.airflow.providers.standard.hooks.subprocess.SubprocessHook","filename":"subprocess.py","lineno":99}
{"timestamp":"2026-06-02T01:27:39.558487Z","level":"info","event":"26/06/02 01:27:39 INFO CodeGenerator: Code generated in 179.41547 ms","logger":"airflow.task.hooks.airflow.providers.standard.hooks.subprocess.SubprocessHook","filename":"subprocess.py","lineno":99}
{"timestamp":"2026-06-02T01:27:39.604897Z","level":"info","event":"26/06/02 01:27:39 INFO SparkContext: Starting job: showString at NativeMethodAccessorImpl.java:0","logger":"airflow.task.hooks.airflow.providers.standard.hooks.subprocess.SubprocessHook","filename":"subprocess.py","lineno":99}
{"timestamp":"2026-06-02T01:27:39.619269Z","level":"info","event":"26/06/02 01:27:39 INFO DAGScheduler: Got job 0 (showString at NativeMethodAccessorImpl.java:0) with 1 output partitions","logger":"airflow.task.hooks.airflow.providers.standard.hooks.subprocess.SubprocessHook","filename":"subprocess.py","lineno":99}
{"timestamp":"2026-06-02T01:27:39.619487Z","level":"info","event":"26/06/02 01:27:39 INFO DAGScheduler: Final stage: ResultStage 0 (showString at NativeMethodAccessorImpl.java:0)","logger":"airflow.task.hooks.airflow.providers.standard.hooks.subprocess.SubprocessHook","filename":"subprocess.py","lineno":99}
{"timestamp":"2026-06-02T01:27:39.619544Z","level":"info","event":"26/06/02 01:27:39 INFO DAGScheduler: Parents of final stage: List()","logger":"airflow.task.hooks.airflow.providers.standard.hooks.subprocess.SubprocessHook","filename":"subprocess.py","lineno":99}
{"timestamp":"2026-06-02T01:27:39.623707Z","level":"info","event":"26/06/02 01:27:39 INFO DAGScheduler: Missing parents: List()","logger":"airflow.task.hooks.airflow.providers.standard.hooks.subprocess.SubprocessHook","filename":"subprocess.py","lineno":99}
{"timestamp":"2026-06-02T01:27:39.626999Z","level":"info","event":"26/06/02 01:27:39 INFO DAGScheduler: Submitting ResultStage 0 (MapPartitionsRDD[6] at showString at NativeMethodAccessorImpl.java:0), which has no missing parents","logger":"airflow.task.hooks.airflow.providers.standard.hooks.subprocess.SubprocessHook","filename":"subprocess.py","lineno":99}
{"timestamp":"2026-06-02T01:27:39.727778Z","level":"info","event":"26/06/02 01:27:39 INFO MemoryStore: Block broadcast_0 stored as values in memory (estimated size 16.4 KiB, free 434.4 MiB)","logger":"airflow.task.hooks.airflow.providers.standard.hooks.subprocess.SubprocessHook","filename":"subprocess.py","lineno":99}
{"timestamp":"2026-06-02T01:27:39.773872Z","level":"info","event":"26/06/02 01:27:39 INFO MemoryStore: Block broadcast_0_piece0 stored as bytes in memory (estimated size 7.9 KiB, free 434.4 MiB)","logger":"airflow.task.hooks.airflow.providers.standard.hooks.subprocess.SubprocessHook","filename":"subprocess.py","lineno":99}
{"timestamp":"2026-06-02T01:27:39.777722Z","level":"info","event":"26/06/02 01:27:39 INFO BlockManagerInfo: Added broadcast_0_piece0 in memory on 32a25072c928:37123 (size: 7.9 KiB, free: 434.4 MiB)","logger":"airflow.task.hooks.airflow.providers.standard.hooks.subprocess.SubprocessHook","filename":"subprocess.py","lineno":99}
{"timestamp":"2026-06-02T01:27:39.783430Z","level":"info","event":"26/06/02 01:27:39 INFO SparkContext: Created broadcast 0 from broadcast at DAGScheduler.scala:1611","logger":"airflow.task.hooks.airflow.providers.standard.hooks.subprocess.SubprocessHook","filename":"subprocess.py","lineno":99}
{"timestamp":"2026-06-02T01:27:39.797843Z","level":"info","event":"26/06/02 01:27:39 INFO DAGScheduler: Submitting 1 missing tasks from ResultStage 0 (MapPartitionsRDD[6] at showString at NativeMethodAccessorImpl.java:0) (first 15 tasks are for partitions Vector(0))","logger":"airflow.task.hooks.airflow.providers.standard.hooks.subprocess.SubprocessHook","filename":"subprocess.py","lineno":99}
{"timestamp":"2026-06-02T01:27:39.798251Z","level":"info","event":"26/06/02 01:27:39 INFO TaskSchedulerImpl: Adding task set 0.0 with 1 tasks resource profile 0","logger":"airflow.task.hooks.airflow.providers.standard.hooks.subprocess.SubprocessHook","filename":"subprocess.py","lineno":99}
{"timestamp":"2026-06-02T01:27:39.840167Z","level":"info","event":"26/06/02 01:27:39 INFO TaskSetManager: Starting task 0.0 in stage 0.0 (TID 0) (32a25072c928, executor driver, partition 0, PROCESS_LOCAL, 9170 bytes)","logger":"airflow.task.hooks.airflow.providers.standard.hooks.subprocess.SubprocessHook","filename":"subprocess.py","lineno":99}
{"timestamp":"2026-06-02T01:27:39.856936Z","level":"info","event":"26/06/02 01:27:39 INFO Executor: Running task 0.0 in stage 0.0 (TID 0)","logger":"airflow.task.hooks.airflow.providers.standard.hooks.subprocess.SubprocessHook","filename":"subprocess.py","lineno":99}
{"timestamp":"2026-06-02T01:27:40.507824Z","level":"info","event":"26/06/02 01:27:40 INFO CodeGenerator: Code generated in 36.840376 ms","logger":"airflow.task.hooks.airflow.providers.standard.hooks.subprocess.SubprocessHook","filename":"subprocess.py","lineno":99}
{"timestamp":"2026-06-02T01:27:40.580296Z","level":"info","event":"26/06/02 01:27:40 INFO PythonRunner: Times: total = 607, boot = 500, init = 107, finish = 0","logger":"airflow.task.hooks.airflow.providers.standard.hooks.subprocess.SubprocessHook","filename":"subprocess.py","lineno":99}
{"timestamp":"2026-06-02T01:27:40.610000Z","level":"info","event":"26/06/02 01:27:40 INFO Executor: Finished task 0.0 in stage 0.0 (TID 0). 2203 bytes result sent to driver","logger":"airflow.task.hooks.airflow.providers.standard.hooks.subprocess.SubprocessHook","filename":"subprocess.py","lineno":99}
{"timestamp":"2026-06-02T01:27:40.620285Z","level":"info","event":"26/06/02 01:27:40 INFO TaskSetManager: Finished task 0.0 in stage 0.0 (TID 0) in 792 ms on 32a25072c928 (executor driver) (1/1)","logger":"airflow.task.hooks.airflow.providers.standard.hooks.subprocess.SubprocessHook","filename":"subprocess.py","lineno":99}
{"timestamp":"2026-06-02T01:27:40.621810Z","level":"info","event":"26/06/02 01:27:40 INFO TaskSchedulerImpl: Removed TaskSet 0.0, whose tasks have all completed, from pool","logger":"airflow.task.hooks.airflow.providers.standard.hooks.subprocess.SubprocessHook","filename":"subprocess.py","lineno":99}
{"timestamp":"2026-06-02T01:27:40.623811Z","level":"info","event":"26/06/02 01:27:40 INFO PythonAccumulatorV2: Connected to AccumulatorServer at host: 127.0.0.1 port: 52039","logger":"airflow.task.hooks.airflow.providers.standard.hooks.subprocess.SubprocessHook","filename":"subprocess.py","lineno":99}
{"timestamp":"2026-06-02T01:27:40.627088Z","level":"info","event":"26/06/02 01:27:40 INFO DAGScheduler: ResultStage 0 (showString at NativeMethodAccessorImpl.java:0) finished in 0.989 s","logger":"airflow.task.hooks.airflow.providers.standard.hooks.subprocess.SubprocessHook","filename":"subprocess.py","lineno":99}
{"timestamp":"2026-06-02T01:27:40.631171Z","level":"info","event":"26/06/02 01:27:40 INFO DAGScheduler: Job 0 is finished. Cancelling potential speculative or zombie tasks for this job","logger":"airflow.task.hooks.airflow.providers.standard.hooks.subprocess.SubprocessHook","filename":"subprocess.py","lineno":99}
{"timestamp":"2026-06-02T01:27:40.631343Z","level":"info","event":"26/06/02 01:27:40 INFO TaskSchedulerImpl: Killing all running tasks in stage 0: Stage finished","logger":"airflow.task.hooks.airflow.providers.standard.hooks.subprocess.SubprocessHook","filename":"subprocess.py","lineno":99}
{"timestamp":"2026-06-02T01:27:40.633654Z","level":"info","event":"26/06/02 01:27:40 INFO DAGScheduler: Job 0 finished: showString at NativeMethodAccessorImpl.java:0, took 1.028921 s","logger":"airflow.task.hooks.airflow.providers.standard.hooks.subprocess.SubprocessHook","filename":"subprocess.py","lineno":99}
{"timestamp":"2026-06-02T01:27:40.646677Z","level":"info","event":"26/06/02 01:27:40 INFO SparkContext: Starting job: showString at NativeMethodAccessorImpl.java:0","logger":"airflow.task.hooks.airflow.providers.standard.hooks.subprocess.SubprocessHook","filename":"subprocess.py","lineno":99}
{"timestamp":"2026-06-02T01:27:40.648230Z","level":"info","event":"26/06/02 01:27:40 INFO DAGScheduler: Got job 1 (showString at NativeMethodAccessorImpl.java:0) with 4 output partitions","logger":"airflow.task.hooks.airflow.providers.standard.hooks.subprocess.SubprocessHook","filename":"subprocess.py","lineno":99}
{"timestamp":"2026-06-02T01:27:40.648466Z","level":"info","event":"26/06/02 01:27:40 INFO DAGScheduler: Final stage: ResultStage 1 (showString at NativeMethodAccessorImpl.java:0)","logger":"airflow.task.hooks.airflow.providers.standard.hooks.subprocess.SubprocessHook","filename":"subprocess.py","lineno":99}
{"timestamp":"2026-06-02T01:27:40.648539Z","level":"info","event":"26/06/02 01:27:40 INFO DAGScheduler: Parents of final stage: List()","logger":"airflow.task.hooks.airflow.providers.standard.hooks.subprocess.SubprocessHook","filename":"subprocess.py","lineno":99}
{"timestamp":"2026-06-02T01:27:40.649378Z","level":"info","event":"26/06/02 01:27:40 INFO DAGScheduler: Missing parents: List()","logger":"airflow.task.hooks.airflow.providers.standard.hooks.subprocess.SubprocessHook","filename":"subprocess.py","lineno":99}
{"timestamp":"2026-06-02T01:27:40.652517Z","level":"info","event":"26/06/02 01:27:40 INFO DAGScheduler: Submitting ResultStage 1 (MapPartitionsRDD[6] at showString at NativeMethodAccessorImpl.java:0), which has no missing parents","logger":"airflow.task.hooks.airflow.providers.standard.hooks.subprocess.SubprocessHook","filename":"subprocess.py","lineno":99}
{"timestamp":"2026-06-02T01:27:40.657776Z","level":"info","event":"26/06/02 01:27:40 INFO MemoryStore: Block broadcast_1 stored as values in memory (estimated size 16.4 KiB, free 434.4 MiB)","logger":"airflow.task.hooks.airflow.providers.standard.hooks.subprocess.SubprocessHook","filename":"subprocess.py","lineno":99}
{"timestamp":"2026-06-02T01:27:40.667074Z","level":"info","event":"26/06/02 01:27:40 INFO MemoryStore: Block broadcast_1_piece0 stored as bytes in memory (estimated size 7.9 KiB, free 434.4 MiB)","logger":"airflow.task.hooks.airflow.providers.standard.hooks.subprocess.SubprocessHook","filename":"subprocess.py","lineno":99}
{"timestamp":"2026-06-02T01:27:40.667493Z","level":"info","event":"26/06/02 01:27:40 INFO BlockManagerInfo: Added broadcast_1_piece0 in memory on 32a25072c928:37123 (size: 7.9 KiB, free: 434.4 MiB)","logger":"airflow.task.hooks.airflow.providers.standard.hooks.subprocess.SubprocessHook","filename":"subprocess.py","lineno":99}
{"timestamp":"2026-06-02T01:27:40.668918Z","level":"info","event":"26/06/02 01:27:40 INFO SparkContext: Created broadcast 1 from broadcast at DAGScheduler.scala:1611","logger":"airflow.task.hooks.airflow.providers.standard.hooks.subprocess.SubprocessHook","filename":"subprocess.py","lineno":99}
{"timestamp":"2026-06-02T01:27:40.670662Z","level":"info","event":"26/06/02 01:27:40 INFO DAGScheduler: Submitting 4 missing tasks from ResultStage 1 (MapPartitionsRDD[6] at showString at NativeMethodAccessorImpl.java:0) (first 15 tasks are for partitions Vector(1, 2, 3, 4))","logger":"airflow.task.hooks.airflow.providers.standard.hooks.subprocess.SubprocessHook","filename":"subprocess.py","lineno":99}
{"timestamp":"2026-06-02T01:27:40.670849Z","level":"info","event":"26/06/02 01:27:40 INFO TaskSchedulerImpl: Adding task set 1.0 with 4 tasks resource profile 0","logger":"airflow.task.hooks.airflow.providers.standard.hooks.subprocess.SubprocessHook","filename":"subprocess.py","lineno":99}
{"timestamp":"2026-06-02T01:27:40.672942Z","level":"info","event":"26/06/02 01:27:40 INFO TaskSetManager: Starting task 0.0 in stage 1.0 (TID 1) (32a25072c928, executor driver, partition 1, PROCESS_LOCAL, 9328 bytes)","logger":"airflow.task.hooks.airflow.providers.standard.hooks.subprocess.SubprocessHook","filename":"subprocess.py","lineno":99}
{"timestamp":"2026-06-02T01:27:40.673553Z","level":"info","event":"26/06/02 01:27:40 INFO TaskSetManager: Starting task 1.0 in stage 1.0 (TID 2) (32a25072c928, executor driver, partition 2, PROCESS_LOCAL, 9188 bytes)","logger":"airflow.task.hooks.airflow.providers.standard.hooks.subprocess.SubprocessHook","filename":"subprocess.py","lineno":99}
{"timestamp":"2026-06-02T01:27:40.675298Z","level":"info","event":"26/06/02 01:27:40 INFO TaskSetManager: Starting task 2.0 in stage 1.0 (TID 3) (32a25072c928, executor driver, partition 3, PROCESS_LOCAL, 9379 bytes)","logger":"airflow.task.hooks.airflow.providers.standard.hooks.subprocess.SubprocessHook","filename":"subprocess.py","lineno":99}
{"timestamp":"2026-06-02T01:27:40.675514Z","level":"info","event":"26/06/02 01:27:40 INFO TaskSetManager: Starting task 3.0 in stage 1.0 (TID 4) (32a25072c928, executor driver, partition 4, PROCESS_LOCAL, 9150 bytes)","logger":"airflow.task.hooks.airflow.providers.standard.hooks.subprocess.SubprocessHook","filename":"subprocess.py","lineno":99}
{"timestamp":"2026-06-02T01:27:40.677733Z","level":"info","event":"26/06/02 01:27:40 INFO Executor: Running task 0.0 in stage 1.0 (TID 1)","logger":"airflow.task.hooks.airflow.providers.standard.hooks.subprocess.SubprocessHook","filename":"subprocess.py","lineno":99}
{"timestamp":"2026-06-02T01:27:40.682220Z","level":"info","event":"26/06/02 01:27:40 INFO Executor: Running task 2.0 in stage 1.0 (TID 3)","logger":"airflow.task.hooks.airflow.providers.standard.hooks.subprocess.SubprocessHook","filename":"subprocess.py","lineno":99}
{"timestamp":"2026-06-02T01:27:40.682433Z","level":"info","event":"26/06/02 01:27:40 INFO Executor: Running task 1.0 in stage 1.0 (TID 2)","logger":"airflow.task.hooks.airflow.providers.standard.hooks.subprocess.SubprocessHook","filename":"subprocess.py","lineno":99}
{"timestamp":"2026-06-02T01:27:40.683900Z","level":"info","event":"26/06/02 01:27:40 INFO Executor: Running task 3.0 in stage 1.0 (TID 4)","logger":"airflow.task.hooks.airflow.providers.standard.hooks.subprocess.SubprocessHook","filename":"subprocess.py","lineno":99}
{"timestamp":"2026-06-02T01:27:40.759935Z","level":"info","event":"26/06/02 01:27:40 INFO BlockManagerInfo: Removed broadcast_0_piece0 on 32a25072c928:37123 in memory (size: 7.9 KiB, free: 434.4 MiB)","logger":"airflow.task.hooks.airflow.providers.standard.hooks.subprocess.SubprocessHook","filename":"subprocess.py","lineno":99}
{"timestamp":"2026-06-02T01:27:40.806977Z","level":"info","event":"26/06/02 01:27:40 INFO PythonRunner: Times: total = 88, boot = -146, init = 234, finish = 0","logger":"airflow.task.hooks.airflow.providers.standard.hooks.subprocess.SubprocessHook","filename":"subprocess.py","lineno":99}
{"timestamp":"2026-06-02T01:27:40.817342Z","level":"info","event":"26/06/02 01:27:40 INFO Executor: Finished task 0.0 in stage 1.0 (TID 1). 2279 bytes result sent to driver","logger":"airflow.task.hooks.airflow.providers.standard.hooks.subprocess.SubprocessHook","filename":"subprocess.py","lineno":99}
{"timestamp":"2026-06-02T01:27:40.823046Z","level":"info","event":"26/06/02 01:27:40 INFO TaskSetManager: Finished task 0.0 in stage 1.0 (TID 1) in 149 ms on 32a25072c928 (executor driver) (1/4)","logger":"airflow.task.hooks.airflow.providers.standard.hooks.subprocess.SubprocessHook","filename":"subprocess.py","lineno":99}
{"timestamp":"2026-06-02T01:27:40.868160Z","level":"info","event":"26/06/02 01:27:40 INFO PythonRunner: Times: total = 150, boot = 9, init = 140, finish = 1","logger":"airflow.task.hooks.airflow.providers.standard.hooks.subprocess.SubprocessHook","filename":"subprocess.py","lineno":99}
{"timestamp":"2026-06-02T01:27:40.876272Z","level":"info","event":"26/06/02 01:27:40 INFO Executor: Finished task 1.0 in stage 1.0 (TID 2). 2200 bytes result sent to driver","logger":"airflow.task.hooks.airflow.providers.standard.hooks.subprocess.SubprocessHook","filename":"subprocess.py","lineno":99}
{"timestamp":"2026-06-02T01:27:40.879713Z","level":"info","event":"26/06/02 01:27:40 INFO TaskSetManager: Finished task 1.0 in stage 1.0 (TID 2) in 206 ms on 32a25072c928 (executor driver) (2/4)","logger":"airflow.task.hooks.airflow.providers.standard.hooks.subprocess.SubprocessHook","filename":"subprocess.py","lineno":99}
{"timestamp":"2026-06-02T01:27:40.880832Z","level":"info","event":"26/06/02 01:27:40 INFO PythonRunner: Times: total = 162, boot = 23, init = 139, finish = 0","logger":"airflow.task.hooks.airflow.providers.standard.hooks.subprocess.SubprocessHook","filename":"subprocess.py","lineno":99}
{"timestamp":"2026-06-02T01:27:40.885024Z","level":"info","event":"26/06/02 01:27:40 INFO Executor: Finished task 3.0 in stage 1.0 (TID 4). 2156 bytes result sent to driver","logger":"airflow.task.hooks.airflow.providers.standard.hooks.subprocess.SubprocessHook","filename":"subprocess.py","lineno":99}
{"timestamp":"2026-06-02T01:27:40.888877Z","level":"info","event":"26/06/02 01:27:40 INFO TaskSetManager: Finished task 3.0 in stage 1.0 (TID 4) in 213 ms on 32a25072c928 (executor driver) (3/4)","logger":"airflow.task.hooks.airflow.providers.standard.hooks.subprocess.SubprocessHook","filename":"subprocess.py","lineno":99}
{"timestamp":"2026-06-02T01:27:40.890266Z","level":"info","event":"26/06/02 01:27:40 INFO PythonRunner: Times: total = 171, boot = 15, init = 155, finish = 1","logger":"airflow.task.hooks.airflow.providers.standard.hooks.subprocess.SubprocessHook","filename":"subprocess.py","lineno":99}
{"timestamp":"2026-06-02T01:27:40.894790Z","level":"info","event":"26/06/02 01:27:40 INFO Executor: Finished task 2.0 in stage 1.0 (TID 3). 2353 bytes result sent to driver","logger":"airflow.task.hooks.airflow.providers.standard.hooks.subprocess.SubprocessHook","filename":"subprocess.py","lineno":99}
{"timestamp":"2026-06-02T01:27:40.897341Z","level":"info","event":"26/06/02 01:27:40 INFO TaskSetManager: Finished task 2.0 in stage 1.0 (TID 3) in 223 ms on 32a25072c928 (executor driver) (4/4)","logger":"airflow.task.hooks.airflow.providers.standard.hooks.subprocess.SubprocessHook","filename":"subprocess.py","lineno":99}
{"timestamp":"2026-06-02T01:27:40.897586Z","level":"info","event":"26/06/02 01:27:40 INFO TaskSchedulerImpl: Removed TaskSet 1.0, whose tasks have all completed, from pool","logger":"airflow.task.hooks.airflow.providers.standard.hooks.subprocess.SubprocessHook","filename":"subprocess.py","lineno":99}
{"timestamp":"2026-06-02T01:27:40.906021Z","level":"info","event":"26/06/02 01:27:40 INFO DAGScheduler: ResultStage 1 (showString at NativeMethodAccessorImpl.java:0) finished in 0.250 s","logger":"airflow.task.hooks.airflow.providers.standard.hooks.subprocess.SubprocessHook","filename":"subprocess.py","lineno":99}
{"timestamp":"2026-06-02T01:27:40.906386Z","level":"info","event":"26/06/02 01:27:40 INFO DAGScheduler: Job 1 is finished. Cancelling potential speculative or zombie tasks for this job","logger":"airflow.task.hooks.airflow.providers.standard.hooks.subprocess.SubprocessHook","filename":"subprocess.py","lineno":99}
{"timestamp":"2026-06-02T01:27:40.906507Z","level":"info","event":"26/06/02 01:27:40 INFO TaskSchedulerImpl: Killing all running tasks in stage 1: Stage finished","logger":"airflow.task.hooks.airflow.providers.standard.hooks.subprocess.SubprocessHook","filename":"subprocess.py","lineno":99}
{"timestamp":"2026-06-02T01:27:40.907184Z","level":"info","event":"26/06/02 01:27:40 INFO DAGScheduler: Job 1 finished: showString at NativeMethodAccessorImpl.java:0, took 0.260489 s","logger":"airflow.task.hooks.airflow.providers.standard.hooks.subprocess.SubprocessHook","filename":"subprocess.py","lineno":99}
{"timestamp":"2026-06-02T01:27:40.916940Z","level":"info","event":"26/06/02 01:27:40 INFO SparkContext: Starting job: showString at NativeMethodAccessorImpl.java:0","logger":"airflow.task.hooks.airflow.providers.standard.hooks.subprocess.SubprocessHook","filename":"subprocess.py","lineno":99}
{"timestamp":"2026-06-02T01:27:40.919526Z","level":"info","event":"26/06/02 01:27:40 INFO DAGScheduler: Got job 2 (showString at NativeMethodAccessorImpl.java:0) with 4 output partitions","logger":"airflow.task.hooks.airflow.providers.standard.hooks.subprocess.SubprocessHook","filename":"subprocess.py","lineno":99}
{"timestamp":"2026-06-02T01:27:40.919796Z","level":"info","event":"26/06/02 01:27:40 INFO DAGScheduler: Final stage: ResultStage 2 (showString at NativeMethodAccessorImpl.java:0)","logger":"airflow.task.hooks.airflow.providers.standard.hooks.subprocess.SubprocessHook","filename":"subprocess.py","lineno":99}
{"timestamp":"2026-06-02T01:27:40.920002Z","level":"info","event":"26/06/02 01:27:40 INFO DAGScheduler: Parents of final stage: List()","logger":"airflow.task.hooks.airflow.providers.standard.hooks.subprocess.SubprocessHook","filename":"subprocess.py","lineno":99}
{"timestamp":"2026-06-02T01:27:40.920123Z","level":"info","event":"26/06/02 01:27:40 INFO DAGScheduler: Missing parents: List()","logger":"airflow.task.hooks.airflow.providers.standard.hooks.subprocess.SubprocessHook","filename":"subprocess.py","lineno":99}
{"timestamp":"2026-06-02T01:27:40.921694Z","level":"info","event":"26/06/02 01:27:40 INFO DAGScheduler: Submitting ResultStage 2 (MapPartitionsRDD[6] at showString at NativeMethodAccessorImpl.java:0), which has no missing parents","logger":"airflow.task.hooks.airflow.providers.standard.hooks.subprocess.SubprocessHook","filename":"subprocess.py","lineno":99}
{"timestamp":"2026-06-02T01:27:40.926564Z","level":"info","event":"26/06/02 01:27:40 INFO MemoryStore: Block broadcast_2 stored as values in memory (estimated size 16.4 KiB, free 434.4 MiB)","logger":"airflow.task.hooks.airflow.providers.standard.hooks.subprocess.SubprocessHook","filename":"subprocess.py","lineno":99}
{"timestamp":"2026-06-02T01:27:40.936756Z","level":"info","event":"26/06/02 01:27:40 INFO MemoryStore: Block broadcast_2_piece0 stored as bytes in memory (estimated size 7.9 KiB, free 434.4 MiB)","logger":"airflow.task.hooks.airflow.providers.standard.hooks.subprocess.SubprocessHook","filename":"subprocess.py","lineno":99}
{"timestamp":"2026-06-02T01:27:40.939722Z","level":"info","event":"26/06/02 01:27:40 INFO BlockManagerInfo: Added broadcast_2_piece0 in memory on 32a25072c928:37123 (size: 7.9 KiB, free: 434.4 MiB)","logger":"airflow.task.hooks.airflow.providers.standard.hooks.subprocess.SubprocessHook","filename":"subprocess.py","lineno":99}
{"timestamp":"2026-06-02T01:27:40.940243Z","level":"info","event":"26/06/02 01:27:40 INFO BlockManagerInfo: Removed broadcast_1_piece0 on 32a25072c928:37123 in memory (size: 7.9 KiB, free: 434.4 MiB)","logger":"airflow.task.hooks.airflow.providers.standard.hooks.subprocess.SubprocessHook","filename":"subprocess.py","lineno":99}
{"timestamp":"2026-06-02T01:27:40.940368Z","level":"info","event":"26/06/02 01:27:40 INFO SparkContext: Created broadcast 2 from broadcast at DAGScheduler.scala:1611","logger":"airflow.task.hooks.airflow.providers.standard.hooks.subprocess.SubprocessHook","filename":"subprocess.py","lineno":99}
{"timestamp":"2026-06-02T01:27:40.941189Z","level":"info","event":"26/06/02 01:27:40 INFO DAGScheduler: Submitting 4 missing tasks from ResultStage 2 (MapPartitionsRDD[6] at showString at NativeMethodAccessorImpl.java:0) (first 15 tasks are for partitions Vector(5, 6, 7, 8))","logger":"airflow.task.hooks.airflow.providers.standard.hooks.subprocess.SubprocessHook","filename":"subprocess.py","lineno":99}
{"timestamp":"2026-06-02T01:27:40.942004Z","level":"info","event":"26/06/02 01:27:40 INFO TaskSchedulerImpl: Adding task set 2.0 with 4 tasks resource profile 0","logger":"airflow.task.hooks.airflow.providers.standard.hooks.subprocess.SubprocessHook","filename":"subprocess.py","lineno":99}
{"timestamp":"2026-06-02T01:27:40.945675Z","level":"info","event":"26/06/02 01:27:40 INFO TaskSetManager: Starting task 0.0 in stage 2.0 (TID 5) (32a25072c928, executor driver, partition 5, PROCESS_LOCAL, 9386 bytes)","logger":"airflow.task.hooks.airflow.providers.standard.hooks.subprocess.SubprocessHook","filename":"subprocess.py","lineno":99}
{"timestamp":"2026-06-02T01:27:40.946084Z","level":"info","event":"26/06/02 01:27:40 INFO TaskSetManager: Starting task 1.0 in stage 2.0 (TID 6) (32a25072c928, executor driver, partition 6, PROCESS_LOCAL, 9165 bytes)","logger":"airflow.task.hooks.airflow.providers.standard.hooks.subprocess.SubprocessHook","filename":"subprocess.py","lineno":99}
{"timestamp":"2026-06-02T01:27:40.946911Z","level":"info","event":"26/06/02 01:27:40 INFO TaskSetManager: Starting task 2.0 in stage 2.0 (TID 7) (32a25072c928, executor driver, partition 7, PROCESS_LOCAL, 9402 bytes)","logger":"airflow.task.hooks.airflow.providers.standard.hooks.subprocess.SubprocessHook","filename":"subprocess.py","lineno":99}
{"timestamp":"2026-06-02T01:27:40.947538Z","level":"info","event":"26/06/02 01:27:40 INFO TaskSetManager: Starting task 3.0 in stage 2.0 (TID 8) (32a25072c928, executor driver, partition 8, PROCESS_LOCAL, 9180 bytes)","logger":"airflow.task.hooks.airflow.providers.standard.hooks.subprocess.SubprocessHook","filename":"subprocess.py","lineno":99}
{"timestamp":"2026-06-02T01:27:40.949630Z","level":"info","event":"26/06/02 01:27:40 INFO Executor: Running task 1.0 in stage 2.0 (TID 6)","logger":"airflow.task.hooks.airflow.providers.standard.hooks.subprocess.SubprocessHook","filename":"subprocess.py","lineno":99}
{"timestamp":"2026-06-02T01:27:40.949856Z","level":"info","event":"26/06/02 01:27:40 INFO Executor: Running task 2.0 in stage 2.0 (TID 7)","logger":"airflow.task.hooks.airflow.providers.standard.hooks.subprocess.SubprocessHook","filename":"subprocess.py","lineno":99}
{"timestamp":"2026-06-02T01:27:40.949959Z","level":"info","event":"26/06/02 01:27:40 INFO Executor: Running task 3.0 in stage 2.0 (TID 8)","logger":"airflow.task.hooks.airflow.providers.standard.hooks.subprocess.SubprocessHook","filename":"subprocess.py","lineno":99}
{"timestamp":"2026-06-02T01:27:40.950049Z","level":"info","event":"26/06/02 01:27:40 INFO Executor: Running task 0.0 in stage 2.0 (TID 5)","logger":"airflow.task.hooks.airflow.providers.standard.hooks.subprocess.SubprocessHook","filename":"subprocess.py","lineno":99}
{"timestamp":"2026-06-02T01:27:41.041703Z","level":"info","event":"26/06/02 01:27:41 INFO PythonRunner: Times: total = 80, boot = -79, init = 159, finish = 0","logger":"airflow.task.hooks.airflow.providers.standard.hooks.subprocess.SubprocessHook","filename":"subprocess.py","lineno":99}
{"timestamp":"2026-06-02T01:27:41.053547Z","level":"info","event":"26/06/02 01:27:41 INFO PythonRunner: Times: total = 72, boot = -73, init = 145, finish = 0","logger":"airflow.task.hooks.airflow.providers.standard.hooks.subprocess.SubprocessHook","filename":"subprocess.py","lineno":99}
{"timestamp":"2026-06-02T01:27:41.054023Z","level":"info","event":"26/06/02 01:27:41 INFO PythonRunner: Times: total = 75, boot = -68, init = 143, finish = 0","logger":"airflow.task.hooks.airflow.providers.standard.hooks.subprocess.SubprocessHook","filename":"subprocess.py","lineno":99}
{"timestamp":"2026-06-02T01:27:41.055149Z","level":"info","event":"26/06/02 01:27:41 INFO PythonRunner: Times: total = 88, boot = -137, init = 225, finish = 0","logger":"airflow.task.hooks.airflow.providers.standard.hooks.subprocess.SubprocessHook","filename":"subprocess.py","lineno":99}
{"timestamp":"2026-06-02T01:27:41.057540Z","level":"info","event":"26/06/02 01:27:41 INFO Executor: Finished task 0.0 in stage 2.0 (TID 5). 2334 bytes result sent to driver","logger":"airflow.task.hooks.airflow.providers.standard.hooks.subprocess.SubprocessHook","filename":"subprocess.py","lineno":99}
{"timestamp":"2026-06-02T01:27:41.058005Z","level":"info","event":"26/06/02 01:27:41 INFO Executor: Finished task 1.0 in stage 2.0 (TID 6). 2122 bytes result sent to driver","logger":"airflow.task.hooks.airflow.providers.standard.hooks.subprocess.SubprocessHook","filename":"subprocess.py","lineno":99}
{"timestamp":"2026-06-02T01:27:41.058860Z","level":"info","event":"26/06/02 01:27:41 INFO TaskSetManager: Finished task 0.0 in stage 2.0 (TID 5) in 115 ms on 32a25072c928 (executor driver) (1/4)","logger":"airflow.task.hooks.airflow.providers.standard.hooks.subprocess.SubprocessHook","filename":"subprocess.py","lineno":99}
{"timestamp":"2026-06-02T01:27:41.061400Z","level":"info","event":"26/06/02 01:27:41 INFO Executor: Finished task 3.0 in stage 2.0 (TID 8). 2138 bytes result sent to driver","logger":"airflow.task.hooks.airflow.providers.standard.hooks.subprocess.SubprocessHook","filename":"subprocess.py","lineno":99}
{"timestamp":"2026-06-02T01:27:41.061633Z","level":"info","event":"26/06/02 01:27:41 INFO Executor: Finished task 2.0 in stage 2.0 (TID 7). 2367 bytes result sent to driver","logger":"airflow.task.hooks.airflow.providers.standard.hooks.subprocess.SubprocessHook","filename":"subprocess.py","lineno":99}
{"timestamp":"2026-06-02T01:27:41.062026Z","level":"info","event":"26/06/02 01:27:41 INFO TaskSetManager: Finished task 1.0 in stage 2.0 (TID 6) in 114 ms on 32a25072c928 (executor driver) (2/4)","logger":"airflow.task.hooks.airflow.providers.standard.hooks.subprocess.SubprocessHook","filename":"subprocess.py","lineno":99}
{"timestamp":"2026-06-02T01:27:41.065244Z","level":"info","event":"26/06/02 01:27:41 INFO TaskSetManager: Finished task 2.0 in stage 2.0 (TID 7) in 118 ms on 32a25072c928 (executor driver) (3/4)","logger":"airflow.task.hooks.airflow.providers.standard.hooks.subprocess.SubprocessHook","filename":"subprocess.py","lineno":99}
{"timestamp":"2026-06-02T01:27:41.066292Z","level":"info","event":"26/06/02 01:27:41 INFO TaskSetManager: Finished task 3.0 in stage 2.0 (TID 8) in 119 ms on 32a25072c928 (executor driver) (4/4)","logger":"airflow.task.hooks.airflow.providers.standard.hooks.subprocess.SubprocessHook","filename":"subprocess.py","lineno":99}
{"timestamp":"2026-06-02T01:27:41.066508Z","level":"info","event":"26/06/02 01:27:41 INFO TaskSchedulerImpl: Removed TaskSet 2.0, whose tasks have all completed, from pool","logger":"airflow.task.hooks.airflow.providers.standard.hooks.subprocess.SubprocessHook","filename":"subprocess.py","lineno":99}
{"timestamp":"2026-06-02T01:27:41.069889Z","level":"info","event":"26/06/02 01:27:41 INFO DAGScheduler: ResultStage 2 (showString at NativeMethodAccessorImpl.java:0) finished in 0.146 s","logger":"airflow.task.hooks.airflow.providers.standard.hooks.subprocess.SubprocessHook","filename":"subprocess.py","lineno":99}
{"timestamp":"2026-06-02T01:27:41.071368Z","level":"info","event":"26/06/02 01:27:41 INFO DAGScheduler: Job 2 is finished. Cancelling potential speculative or zombie tasks for this job","logger":"airflow.task.hooks.airflow.providers.standard.hooks.subprocess.SubprocessHook","filename":"subprocess.py","lineno":99}
{"timestamp":"2026-06-02T01:27:41.071600Z","level":"info","event":"26/06/02 01:27:41 INFO TaskSchedulerImpl: Killing all running tasks in stage 2: Stage finished","logger":"airflow.task.hooks.airflow.providers.standard.hooks.subprocess.SubprocessHook","filename":"subprocess.py","lineno":99}
{"timestamp":"2026-06-02T01:27:41.072129Z","level":"info","event":"26/06/02 01:27:41 INFO DAGScheduler: Job 2 finished: showString at NativeMethodAccessorImpl.java:0, took 0.155007 s","logger":"airflow.task.hooks.airflow.providers.standard.hooks.subprocess.SubprocessHook","filename":"subprocess.py","lineno":99}
{"timestamp":"2026-06-02T01:27:41.230830Z","level":"info","event":"26/06/02 01:27:41 INFO BlockManagerInfo: Removed broadcast_2_piece0 on 32a25072c928:37123 in memory (size: 7.9 KiB, free: 434.4 MiB)","logger":"airflow.task.hooks.airflow.providers.standard.hooks.subprocess.SubprocessHook","filename":"subprocess.py","lineno":99}
{"timestamp":"2026-06-02T01:27:41.782442Z","level":"info","event":"26/06/02 01:27:41 INFO CodeGenerator: Code generated in 21.269477 ms","logger":"airflow.task.hooks.airflow.providers.standard.hooks.subprocess.SubprocessHook","filename":"subprocess.py","lineno":99}
{"timestamp":"2026-06-02T01:27:41.799932Z","level":"info","event":"+------+--------------------+------------------+---------+---------+-----+-------+----+--------------------+","logger":"airflow.task.hooks.airflow.providers.standard.hooks.subprocess.SubprocessHook","filename":"subprocess.py","lineno":99}
{"timestamp":"2026-06-02T01:27:41.800259Z","level":"info","event":"|  type|        product_name|             value|     unit| quantity|month|quarter|year|           ingest_at|","logger":"airflow.task.hooks.airflow.providers.standard.hooks.subprocess.SubprocessHook","filename":"subprocess.py","lineno":99}
{"timestamp":"2026-06-02T01:27:41.800359Z","level":"info","event":"+------+--------------------+------------------+---------+---------+-----+-------+----+--------------------+","logger":"airflow.task.hooks.airflow.providers.standard.hooks.subprocess.SubprocessHook","filename":"subprocess.py","lineno":99}
{"timestamp":"2026-06-02T01:27:41.800395Z","level":"info","event":"|Import|            Thủy sản|       3381.474622|Triệu USD|     -1.0|    1|      1|2026|2026-06-02 01:27:...|","logger":"airflow.task.hooks.airflow.providers.standard.hooks.subprocess.SubprocessHook","filename":"subprocess.py","lineno":99}
{"timestamp":"2026-06-02T01:27:41.800430Z","level":"info","event":"|Import| Sữa và sản phẩm sữa|       1436.585607|Triệu USD|     -1.0|    1|      1|2026|2026-06-02 01:27:...|","logger":"airflow.task.hooks.airflow.providers.standard.hooks.subprocess.SubprocessHook","filename":"subprocess.py","lineno":99}
{"timestamp":"2026-06-02T01:27:41.800457Z","level":"info","event":"|Import|             Rau quả|       3014.675123|Triệu USD|     -1.0|    1|      1|2026|2026-06-02 01:27:...|","logger":"airflow.task.hooks.airflow.providers.standard.hooks.subprocess.SubprocessHook","filename":"subprocess.py","lineno":99}
{"timestamp":"2026-06-02T01:27:41.800479Z","level":"info","event":"|Import|            Hạt điều|        4491.82129|Triệu USD| 2941.858|    1|      1|2026|2026-06-02 01:27:...|","logger":"airflow.task.hooks.airflow.providers.standard.hooks.subprocess.SubprocessHook","filename":"subprocess.py","lineno":99}
{"timestamp":"2026-06-02T01:27:41.800503Z","level":"info","event":"|Import|              Lúa mỳ|       1458.892939|Triệu USD| 5454.975|    1|      1|2026|2026-06-02 01:27:...|","logger":"airflow.task.hooks.airflow.providers.standard.hooks.subprocess.SubprocessHook","filename":"subprocess.py","lineno":99}
{"timestamp":"2026-06-02T01:27:41.800524Z","level":"info","event":"|Import|                 Ngô|2954.3829419999997|Triệu USD|11910.399|    1|      1|2026|2026-06-02 01:27:...|","logger":"airflow.task.hooks.airflow.providers.standard.hooks.subprocess.SubprocessHook","filename":"subprocess.py","lineno":99}
{"timestamp":"2026-06-02T01:27:41.800546Z","level":"info","event":"|Import|           Đậu tương|       1214.730898|Triệu USD| 2609.418|    1|      1|2026|2026-06-02 01:27:...|","logger":"airflow.task.hooks.airflow.providers.standard.hooks.subprocess.SubprocessHook","filename":"subprocess.py","lineno":99}
{"timestamp":"2026-06-02T01:27:41.800569Z","level":"info","event":"|Import|Dầu mỡ động thực vật|1637.2197620000002|Triệu USD|     -1.0|    1|      1|2026|2026-06-02 01:27:...|","logger":"airflow.task.hooks.airflow.providers.standard.hooks.subprocess.SubprocessHook","filename":"subprocess.py","lineno":99}
{"timestamp":"2026-06-02T01:27:41.800590Z","level":"info","event":"|Import|Chế phẩm thực phẩ...|1337.6108700000002|Triệu USD|     -1.0|    1|      1|2026|2026-06-02 01:27:...|","logger":"airflow.task.hooks.airflow.providers.standard.hooks.subprocess.SubprocessHook","filename":"subprocess.py","lineno":99}
{"timestamp":"2026-06-02T01:27:41.800612Z","level":"info","event":"|Import|Thức ăn gia súc v...|       4583.038148|Triệu USD|     -1.0|    1|      1|2026|2026-06-02 01:27:...|","logger":"airflow.task.hooks.airflow.providers.standard.hooks.subprocess.SubprocessHook","filename":"subprocess.py","lineno":99}
{"timestamp":"2026-06-02T01:27:41.800633Z","level":"info","event":"|Import|Quặng và khoáng s...|        3156.72062|Triệu USD|  30540.1|    1|      1|2026|2026-06-02 01:27:...|","logger":"airflow.task.hooks.airflow.providers.standard.hooks.subprocess.SubprocessHook","filename":"subprocess.py","lineno":99}
{"timestamp":"2026-06-02T01:27:41.800655Z","level":"info","event":"|Import|             Than đá|       6552.447605|Triệu USD|65430.073|    1|      1|2026|2026-06-02 01:27:...|","logger":"airflow.task.hooks.airflow.providers.standard.hooks.subprocess.SubprocessHook","filename":"subprocess.py","lineno":99}
{"timestamp":"2026-06-02T01:27:41.800683Z","level":"info","event":"|Import|             Dầu thô|       7743.052195|Triệu USD|14153.013|    1|      1|2026|2026-06-02 01:27:...|","logger":"airflow.task.hooks.airflow.providers.standard.hooks.subprocess.SubprocessHook","filename":"subprocess.py","lineno":99}
{"timestamp":"2026-06-02T01:27:41.800739Z","level":"info","event":"|Import|            Xăng dầu|       6819.944047|Triệu USD| 9958.085|    1|      1|2026|2026-06-02 01:27:...|","logger":"airflow.task.hooks.airflow.providers.standard.hooks.subprocess.SubprocessHook","filename":"subprocess.py","lineno":99}
{"timestamp":"2026-06-02T01:27:41.800767Z","level":"info","event":"|Import|    Khí đốt hóa lỏng|2153.5589670000004|Triệu USD| 3630.681|    1|      1|2026|2026-06-02 01:27:...|","logger":"airflow.task.hooks.airflow.providers.standard.hooks.subprocess.SubprocessHook","filename":"subprocess.py","lineno":99}
{"timestamp":"2026-06-02T01:27:41.800790Z","level":"info","event":"|Import|Sản phẩm khác từ ...|        2051.11791|Triệu USD|     -1.0|    1|      1|2026|2026-06-02 01:27:...|","logger":"airflow.task.hooks.airflow.providers.standard.hooks.subprocess.SubprocessHook","filename":"subprocess.py","lineno":99}
{"timestamp":"2026-06-02T01:27:41.800811Z","level":"info","event":"|Import|            Hóa chất| 8086.140168999999|Triệu USD|     -1.0|    1|      1|2026|2026-06-02 01:27:...|","logger":"airflow.task.hooks.airflow.providers.standard.hooks.subprocess.SubprocessHook","filename":"subprocess.py","lineno":99}
{"timestamp":"2026-06-02T01:27:41.800834Z","level":"info","event":"|Import|   Sản phẩm hoá chất|       8113.547631|Triệu USD|     -1.0|    1|      1|2026|2026-06-02 01:27:...|","logger":"airflow.task.hooks.airflow.providers.standard.hooks.subprocess.SubprocessHook","filename":"subprocess.py","lineno":99}
{"timestamp":"2026-06-02T01:27:41.800856Z","level":"info","event":"|Import|            Tân dược|       4295.728462|Triệu USD|     -1.0|    1|      1|2026|2026-06-02 01:27:...|","logger":"airflow.task.hooks.airflow.providers.standard.hooks.subprocess.SubprocessHook","filename":"subprocess.py","lineno":99}
{"timestamp":"2026-06-02T01:27:41.800877Z","level":"info","event":"|Import|            Phân bón|       2194.675569|Triệu USD| 6194.892|    1|      1|2026|2026-06-02 01:27:...|","logger":"airflow.task.hooks.airflow.providers.standard.hooks.subprocess.SubprocessHook","filename":"subprocess.py","lineno":99}
{"timestamp":"2026-06-02T01:27:41.800899Z","level":"info","event":"+------+--------------------+------------------+---------+---------+-----+-------+----+--------------------+","logger":"airflow.task.hooks.airflow.providers.standard.hooks.subprocess.SubprocessHook","filename":"subprocess.py","lineno":99}
{"timestamp":"2026-06-02T01:27:41.800922Z","level":"info","event":"only showing top 20 rows","logger":"airflow.task.hooks.airflow.providers.standard.hooks.subprocess.SubprocessHook","filename":"subprocess.py","lineno":99}
{"timestamp":"2026-06-02T01:27:41.800949Z","level":"info","event":"","logger":"airflow.task.hooks.airflow.providers.standard.hooks.subprocess.SubprocessHook","filename":"subprocess.py","lineno":99}
{"timestamp":"2026-06-02T01:27:42.003261Z","level":"info","event":"26/06/02 01:27:42 INFO HiveConf: Found configuration file null","logger":"airflow.task.hooks.airflow.providers.standard.hooks.subprocess.SubprocessHook","filename":"subprocess.py","lineno":99}
{"timestamp":"2026-06-02T01:27:42.011546Z","level":"info","event":"26/06/02 01:27:42 INFO HiveUtils: Initializing HiveMetastoreConnection version 2.3.9 using Spark classes.","logger":"airflow.task.hooks.airflow.providers.standard.hooks.subprocess.SubprocessHook","filename":"subprocess.py","lineno":99}
{"timestamp":"2026-06-02T01:27:42.193995Z","level":"info","event":"26/06/02 01:27:42 INFO HiveClientImpl: Warehouse location for Hive client (version 2.3.9) is s3a://warehouse/","logger":"airflow.task.hooks.airflow.providers.standard.hooks.subprocess.SubprocessHook","filename":"subprocess.py","lineno":99}
{"timestamp":"2026-06-02T01:27:42.229546Z","level":"info","event":"26/06/02 01:27:42 INFO metastore: Trying to connect to metastore with URI thrift://hive:9083","logger":"airflow.task.hooks.airflow.providers.standard.hooks.subprocess.SubprocessHook","filename":"subprocess.py","lineno":99}
{"timestamp":"2026-06-02T01:27:42.244119Z","level":"info","event":"26/06/02 01:27:42 INFO metastore: Opened a connection to metastore, current connections: 1","logger":"airflow.task.hooks.airflow.providers.standard.hooks.subprocess.SubprocessHook","filename":"subprocess.py","lineno":99}
{"timestamp":"2026-06-02T01:27:42.264859Z","level":"info","event":"26/06/02 01:27:42 INFO metastore: Connected to metastore.","logger":"airflow.task.hooks.airflow.providers.standard.hooks.subprocess.SubprocessHook","filename":"subprocess.py","lineno":99}
{"timestamp":"2026-06-02T01:27:42.494431Z","level":"info","event":"26/06/02 01:27:42 INFO DelegatingLogStore: LogStore `LogStoreAdapter(io.delta.storage.S3SingleDriverLogStore)` is used for scheme `s3a`","logger":"airflow.task.hooks.airflow.providers.standard.hooks.subprocess.SubprocessHook","filename":"subprocess.py","lineno":99}
{"timestamp":"2026-06-02T01:27:42.669208Z","level":"info","event":"26/06/02 01:27:42 INFO DeltaLog: Loading version 0.","logger":"airflow.task.hooks.airflow.providers.standard.hooks.subprocess.SubprocessHook","filename":"subprocess.py","lineno":99}
{"timestamp":"2026-06-02T01:27:43.187333Z","level":"info","event":"26/06/02 01:27:43 INFO DeltaLogFileIndex: Created DeltaLogFileIndex(JSON, numFilesInSegment: 1, totalFileSize: 1419)","logger":"airflow.task.hooks.airflow.providers.standard.hooks.subprocess.SubprocessHook","filename":"subprocess.py","lineno":99}
{"timestamp":"2026-06-02T01:27:43.486834Z","level":"info","event":"26/06/02 01:27:43 INFO DataSourceStrategy: Pruning directories with:","logger":"airflow.task.hooks.airflow.providers.standard.hooks.subprocess.SubprocessHook","filename":"subprocess.py","lineno":99}
{"timestamp":"2026-06-02T01:27:43.499301Z","level":"info","event":"26/06/02 01:27:43 INFO FileSourceStrategy: Pushed Filters:","logger":"airflow.task.hooks.airflow.providers.standard.hooks.subprocess.SubprocessHook","filename":"subprocess.py","lineno":99}
{"timestamp":"2026-06-02T01:27:43.499758Z","level":"info","event":"26/06/02 01:27:43 INFO FileSourceStrategy: Post-Scan Filters: ((isnotnull(protocol#108.minReaderVersion) OR isnotnull(metaData#107.id)) OR (isnotnull(commitInfo#109.inCommitTimestamp) AND (version#110L = 0)))","logger":"airflow.task.hooks.airflow.providers.standard.hooks.subprocess.SubprocessHook","filename":"subprocess.py","lineno":99}
{"timestamp":"2026-06-02T01:27:43.652902Z","level":"info","event":"26/06/02 01:27:43 INFO CodeGenerator: Code generated in 101.033063 ms","logger":"airflow.task.hooks.airflow.providers.standard.hooks.subprocess.SubprocessHook","filename":"subprocess.py","lineno":99}
{"timestamp":"2026-06-02T01:27:43.668067Z","level":"info","event":"26/06/02 01:27:43 INFO MemoryStore: Block broadcast_3 stored as values in memory (estimated size 202.2 KiB, free 434.2 MiB)","logger":"airflow.task.hooks.airflow.providers.standard.hooks.subprocess.SubprocessHook","filename":"subprocess.py","lineno":99}
{"timestamp":"2026-06-02T01:27:43.696245Z","level":"info","event":"26/06/02 01:27:43 INFO MemoryStore: Block broadcast_3_piece0 stored as bytes in memory (estimated size 35.0 KiB, free 434.2 MiB)","logger":"airflow.task.hooks.airflow.providers.standard.hooks.subprocess.SubprocessHook","filename":"subprocess.py","lineno":99}
{"timestamp":"2026-06-02T01:27:43.696496Z","level":"info","event":"26/06/02 01:27:43 INFO BlockManagerInfo: Added broadcast_3_piece0 in memory on 32a25072c928:37123 (size: 35.0 KiB, free: 434.4 MiB)","logger":"airflow.task.hooks.airflow.providers.standard.hooks.subprocess.SubprocessHook","filename":"subprocess.py","lineno":99}
{"timestamp":"2026-06-02T01:27:43.697441Z","level":"info","event":"26/06/02 01:27:43 INFO SparkContext: Created broadcast 3 from $anonfun$recordDeltaOperationInternal$1 at DatabricksLogging.scala:128","logger":"airflow.task.hooks.airflow.providers.standard.hooks.subprocess.SubprocessHook","filename":"subprocess.py","lineno":99}
{"timestamp":"2026-06-02T01:27:43.734186Z","level":"info","event":"26/06/02 01:27:43 INFO FileSourceScanExec: Planning scan with bin packing, max size: 4194304 bytes, open cost is considered as scanning 4194304 bytes.","logger":"airflow.task.hooks.airflow.providers.standard.hooks.subprocess.SubprocessHook","filename":"subprocess.py","lineno":99}
{"timestamp":"2026-06-02T01:27:43.780783Z","level":"info","event":"26/06/02 01:27:43 INFO SparkContext: Starting job: $anonfun$recordDeltaOperationInternal$1 at DatabricksLogging.scala:128","logger":"airflow.task.hooks.airflow.providers.standard.hooks.subprocess.SubprocessHook","filename":"subprocess.py","lineno":99}
{"timestamp":"2026-06-02T01:27:43.781871Z","level":"info","event":"26/06/02 01:27:43 INFO DAGScheduler: Got job 3 ($anonfun$recordDeltaOperationInternal$1 at DatabricksLogging.scala:128) with 1 output partitions","logger":"airflow.task.hooks.airflow.providers.standard.hooks.subprocess.SubprocessHook","filename":"subprocess.py","lineno":99}
{"timestamp":"2026-06-02T01:27:43.782007Z","level":"info","event":"26/06/02 01:27:43 INFO DAGScheduler: Final stage: ResultStage 3 ($anonfun$recordDeltaOperationInternal$1 at DatabricksLogging.scala:128)","logger":"airflow.task.hooks.airflow.providers.standard.hooks.subprocess.SubprocessHook","filename":"subprocess.py","lineno":99}
{"timestamp":"2026-06-02T01:27:43.782053Z","level":"info","event":"26/06/02 01:27:43 INFO DAGScheduler: Parents of final stage: List()","logger":"airflow.task.hooks.airflow.providers.standard.hooks.subprocess.SubprocessHook","filename":"subprocess.py","lineno":99}
{"timestamp":"2026-06-02T01:27:43.782242Z","level":"info","event":"26/06/02 01:27:43 INFO DAGScheduler: Missing parents: List()","logger":"airflow.task.hooks.airflow.providers.standard.hooks.subprocess.SubprocessHook","filename":"subprocess.py","lineno":99}
{"timestamp":"2026-06-02T01:27:43.783398Z","level":"info","event":"26/06/02 01:27:43 INFO DAGScheduler: Submitting ResultStage 3 (MapPartitionsRDD[10] at $anonfun$recordDeltaOperationInternal$1 at DatabricksLogging.scala:128), which has no missing parents","logger":"airflow.task.hooks.airflow.providers.standard.hooks.subprocess.SubprocessHook","filename":"subprocess.py","lineno":99}
{"timestamp":"2026-06-02T01:27:43.787322Z","level":"info","event":"26/06/02 01:27:43 INFO MemoryStore: Block broadcast_4 stored as values in memory (estimated size 55.2 KiB, free 434.1 MiB)","logger":"airflow.task.hooks.airflow.providers.standard.hooks.subprocess.SubprocessHook","filename":"subprocess.py","lineno":99}
{"timestamp":"2026-06-02T01:27:43.794815Z","level":"info","event":"26/06/02 01:27:43 INFO MemoryStore: Block broadcast_4_piece0 stored as bytes in memory (estimated size 17.1 KiB, free 434.1 MiB)","logger":"airflow.task.hooks.airflow.providers.standard.hooks.subprocess.SubprocessHook","filename":"subprocess.py","lineno":99}
{"timestamp":"2026-06-02T01:27:43.795817Z","level":"info","event":"26/06/02 01:27:43 INFO BlockManagerInfo: Added broadcast_4_piece0 in memory on 32a25072c928:37123 (size: 17.1 KiB, free: 434.3 MiB)","logger":"airflow.task.hooks.airflow.providers.standard.hooks.subprocess.SubprocessHook","filename":"subprocess.py","lineno":99}
{"timestamp":"2026-06-02T01:27:43.796809Z","level":"info","event":"26/06/02 01:27:43 INFO SparkContext: Created broadcast 4 from broadcast at DAGScheduler.scala:1611","logger":"airflow.task.hooks.airflow.providers.standard.hooks.subprocess.SubprocessHook","filename":"subprocess.py","lineno":99}
{"timestamp":"2026-06-02T01:27:43.797050Z","level":"info","event":"26/06/02 01:27:43 INFO DAGScheduler: Submitting 1 missing tasks from ResultStage 3 (MapPartitionsRDD[10] at $anonfun$recordDeltaOperationInternal$1 at DatabricksLogging.scala:128) (first 15 tasks are for partitions Vector(0))","logger":"airflow.task.hooks.airflow.providers.standard.hooks.subprocess.SubprocessHook","filename":"subprocess.py","lineno":99}
{"timestamp":"2026-06-02T01:27:43.797156Z","level":"info","event":"26/06/02 01:27:43 INFO TaskSchedulerImpl: Adding task set 3.0 with 1 tasks resource profile 0","logger":"airflow.task.hooks.airflow.providers.standard.hooks.subprocess.SubprocessHook","filename":"subprocess.py","lineno":99}
{"timestamp":"2026-06-02T01:27:43.802968Z","level":"info","event":"26/06/02 01:27:43 INFO TaskSetManager: Starting task 0.0 in stage 3.0 (TID 9) (32a25072c928, executor driver, partition 0, PROCESS_LOCAL, 9686 bytes)","logger":"airflow.task.hooks.airflow.providers.standard.hooks.subprocess.SubprocessHook","filename":"subprocess.py","lineno":99}
{"timestamp":"2026-06-02T01:27:43.804152Z","level":"info","event":"26/06/02 01:27:43 INFO Executor: Running task 0.0 in stage 3.0 (TID 9)","logger":"airflow.task.hooks.airflow.providers.standard.hooks.subprocess.SubprocessHook","filename":"subprocess.py","lineno":99}
{"timestamp":"2026-06-02T01:27:43.903742Z","level":"info","event":"26/06/02 01:27:43 INFO CodeGenerator: Code generated in 50.882239 ms","logger":"airflow.task.hooks.airflow.providers.standard.hooks.subprocess.SubprocessHook","filename":"subprocess.py","lineno":99}
{"timestamp":"2026-06-02T01:27:43.906134Z","level":"info","event":"26/06/02 01:27:43 INFO FileScanRDD: Reading File path: s3a://silver/international_ecommerce/_delta_log/00000000000000000000.json, range: 0-1419, partition values: [0]","logger":"airflow.task.hooks.airflow.providers.standard.hooks.subprocess.SubprocessHook","filename":"subprocess.py","lineno":99}
{"timestamp":"2026-06-02T01:27:43.969925Z","level":"info","event":"26/06/02 01:27:43 INFO CodeGenerator: Code generated in 40.220686 ms","logger":"airflow.task.hooks.airflow.providers.standard.hooks.subprocess.SubprocessHook","filename":"subprocess.py","lineno":99}
{"timestamp":"2026-06-02T01:27:44.108133Z","level":"info","event":"26/06/02 01:27:44 INFO Executor: Finished task 0.0 in stage 3.0 (TID 9). 2083 bytes result sent to driver","logger":"airflow.task.hooks.airflow.providers.standard.hooks.subprocess.SubprocessHook","filename":"subprocess.py","lineno":99}
{"timestamp":"2026-06-02T01:27:44.109399Z","level":"info","event":"26/06/02 01:27:44 INFO TaskSetManager: Finished task 0.0 in stage 3.0 (TID 9) in 310 ms on 32a25072c928 (executor driver) (1/1)","logger":"airflow.task.hooks.airflow.providers.standard.hooks.subprocess.SubprocessHook","filename":"subprocess.py","lineno":99}
{"timestamp":"2026-06-02T01:27:44.110891Z","level":"info","event":"26/06/02 01:27:44 INFO DAGScheduler: ResultStage 3 ($anonfun$recordDeltaOperationInternal$1 at DatabricksLogging.scala:128) finished in 0.325 s","logger":"airflow.task.hooks.airflow.providers.standard.hooks.subprocess.SubprocessHook","filename":"subprocess.py","lineno":99}
{"timestamp":"2026-06-02T01:27:44.111167Z","level":"info","event":"26/06/02 01:27:44 INFO TaskSchedulerImpl: Removed TaskSet 3.0, whose tasks have all completed, from pool","logger":"airflow.task.hooks.airflow.providers.standard.hooks.subprocess.SubprocessHook","filename":"subprocess.py","lineno":99}
{"timestamp":"2026-06-02T01:27:44.111290Z","level":"info","event":"26/06/02 01:27:44 INFO DAGScheduler: Job 3 is finished. Cancelling potential speculative or zombie tasks for this job","logger":"airflow.task.hooks.airflow.providers.standard.hooks.subprocess.SubprocessHook","filename":"subprocess.py","lineno":99}
{"timestamp":"2026-06-02T01:27:44.111374Z","level":"info","event":"26/06/02 01:27:44 INFO TaskSchedulerImpl: Killing all running tasks in stage 3: Stage finished","logger":"airflow.task.hooks.airflow.providers.standard.hooks.subprocess.SubprocessHook","filename":"subprocess.py","lineno":99}
{"timestamp":"2026-06-02T01:27:44.112473Z","level":"info","event":"26/06/02 01:27:44 INFO DAGScheduler: Job 3 finished: $anonfun$recordDeltaOperationInternal$1 at DatabricksLogging.scala:128, took 0.331191 s","logger":"airflow.task.hooks.airflow.providers.standard.hooks.subprocess.SubprocessHook","filename":"subprocess.py","lineno":99}
{"timestamp":"2026-06-02T01:27:44.176251Z","level":"info","event":"26/06/02 01:27:44 INFO CodeGenerator: Code generated in 32.173763 ms","logger":"airflow.task.hooks.airflow.providers.standard.hooks.subprocess.SubprocessHook","filename":"subprocess.py","lineno":99}
{"timestamp":"2026-06-02T01:27:44.258652Z","level":"info","event":"26/06/02 01:27:44 INFO Snapshot: [tableId=0cf2f32e-1358-4d51-a789-959d3c97ff47] Created snapshot Snapshot(path=s3a://silver/international_ecommerce/_delta_log, version=0, metadata=Metadata(3fe82f64-5323-4bf6-88db-fde921db8409,null,null,Format(parquet,Map()),{\"type\":\"struct\",\"fields\":[{\"name\":\"product_name\",\"type\":\"string\",\"nullable\":true,\"metadata\":{}},{\"name\":\"type\",\"type\":\"string\",\"nullable\":true,\"metadata\":{}},{\"name\":\"value\",\"type\":\"double\",\"nullable\":true,\"metadata\":{}},{\"name\":\"unit\",\"type\":\"string\",\"nullable\":true,\"metadata\":{}},{\"name\":\"quantity\",\"type\":\"double\",\"nullable\":true,\"metadata\":{}},{\"name\":\"quantity_unit\",\"type\":\"string\",\"nullable\":true,\"metadata\":{}},{\"name\":\"month\",\"type\":\"integer\",\"nullable\":true,\"metadata\":{}},{\"name\":\"quarter\",\"type\":\"integer\",\"nullable\":true,\"metadata\":{}},{\"name\":\"year\",\"type\":\"integer\",\"nullable\":true,\"metadata\":{}},{\"name\":\"ingest_at\",\"type\":\"timestamp\",\"nullable\":true,\"metadata\":{}}]},List(),Map(),Some(1780363648505)), logSegment=LogSegment(s3a://silver/international_ecommerce/_delta_log,0,WrappedArray(S3AFileStatus{path=s3a://silver/international_ecommerce/_delta_log/00000000000000000000.json; isDirectory=false; length=1419; replication=1; blocksize=33554432; modification_time=1780363648577; access_time=0; owner=spark; group=spark; permission=rw-rw-rw-; isSymlink=false; hasAcl=false; isEncrypted=true; isErasureCoded=false} isEmptyDirectory=FALSE eTag=113af0a61f93089e8bb1163c94e01ec3 versionId=null),org.apache.spark.sql.delta.EmptyCheckpointProvider$@35dc548e,1780363648577), checksumOpt=None)","logger":"airflow.task.hooks.airflow.providers.standard.hooks.subprocess.SubprocessHook","filename":"subprocess.py","lineno":99}
{"timestamp":"2026-06-02T01:27:44.269461Z","level":"info","event":"26/06/02 01:27:44 INFO DeltaLog: Updated snapshot to Snapshot(path=s3a://silver/international_ecommerce/_delta_log, version=0, metadata=Metadata(3fe82f64-5323-4bf6-88db-fde921db8409,null,null,Format(parquet,Map()),{\"type\":\"struct\",\"fields\":[{\"name\":\"product_name\",\"type\":\"string\",\"nullable\":true,\"metadata\":{}},{\"name\":\"type\",\"type\":\"string\",\"nullable\":true,\"metadata\":{}},{\"name\":\"value\",\"type\":\"double\",\"nullable\":true,\"metadata\":{}},{\"name\":\"unit\",\"type\":\"string\",\"nullable\":true,\"metadata\":{}},{\"name\":\"quantity\",\"type\":\"double\",\"nullable\":true,\"metadata\":{}},{\"name\":\"quantity_unit\",\"type\":\"string\",\"nullable\":true,\"metadata\":{}},{\"name\":\"month\",\"type\":\"integer\",\"nullable\":true,\"metadata\":{}},{\"name\":\"quarter\",\"type\":\"integer\",\"nullable\":true,\"metadata\":{}},{\"name\":\"year\",\"type\":\"integer\",\"nullable\":true,\"metadata\":{}},{\"name\":\"ingest_at\",\"type\":\"timestamp\",\"nullable\":true,\"metadata\":{}}]},List(),Map(),Some(1780363648505)), logSegment=LogSegment(s3a://silver/international_ecommerce/_delta_log,0,WrappedArray(S3AFileStatus{path=s3a://silver/international_ecommerce/_delta_log/00000000000000000000.json; isDirectory=false; length=1419; replication=1; blocksize=33554432; modification_time=1780363648577; access_time=0; owner=spark; group=spark; permission=rw-rw-rw-; isSymlink=false; hasAcl=false; isEncrypted=true; isErasureCoded=false} isEmptyDirectory=FALSE eTag=113af0a61f93089e8bb1163c94e01ec3 versionId=null),org.apache.spark.sql.delta.EmptyCheckpointProvider$@35dc548e,1780363648577), checksumOpt=None)","logger":"airflow.task.hooks.airflow.providers.standard.hooks.subprocess.SubprocessHook","filename":"subprocess.py","lineno":99}
{"timestamp":"2026-06-02T01:27:44.445681Z","level":"info","event":"26/06/02 01:27:44 INFO BlockManagerInfo: Removed broadcast_4_piece0 on 32a25072c928:37123 in memory (size: 17.1 KiB, free: 434.4 MiB)","logger":"airflow.task.hooks.airflow.providers.standard.hooks.subprocess.SubprocessHook","filename":"subprocess.py","lineno":99}
{"timestamp":"2026-06-02T01:27:44.480878Z","level":"info","event":"AN ERROR OCCURED WHEN LOAD DF TO international_ecommerce - 2026 1 !!!!!!!!!!!!!!","logger":"airflow.task.hooks.airflow.providers.standard.hooks.subprocess.SubprocessHook","filename":"subprocess.py","lineno":99}
{"timestamp":"2026-06-02T01:27:44.481137Z","level":"info","event":" [DELTA_FAILED_TO_MERGE_FIELDS] Failed to merge fields 'month' and 'month'","logger":"airflow.task.hooks.airflow.providers.standard.hooks.subprocess.SubprocessHook","filename":"subprocess.py","lineno":99}
{"timestamp":"2026-06-02T01:27:44.481250Z","level":"info","event":"Bắt đầu insert dữ liệu vào SILVER layer","logger":"airflow.task.hooks.airflow.providers.standard.hooks.subprocess.SubprocessHook","filename":"subprocess.py","lineno":99}
{"timestamp":"2026-06-02T01:27:44.544461Z","level":"info","event":"root","logger":"airflow.task.hooks.airflow.providers.standard.hooks.subprocess.SubprocessHook","filename":"subprocess.py","lineno":99}
{"timestamp":"2026-06-02T01:27:44.544775Z","level":"info","event":" |-- product_name: string (nullable = true)","logger":"airflow.task.hooks.airflow.providers.standard.hooks.subprocess.SubprocessHook","filename":"subprocess.py","lineno":99}
{"timestamp":"2026-06-02T01:27:44.544979Z","level":"info","event":" |-- quantity: double (nullable = true)","logger":"airflow.task.hooks.airflow.providers.standard.hooks.subprocess.SubprocessHook","filename":"subprocess.py","lineno":99}
{"timestamp":"2026-06-02T01:27:44.545038Z","level":"info","event":" |-- value: double (nullable = true)","logger":"airflow.task.hooks.airflow.providers.standard.hooks.subprocess.SubprocessHook","filename":"subprocess.py","lineno":99}
{"timestamp":"2026-06-02T01:27:44.545066Z","level":"info","event":" |-- type: string (nullable = true)","logger":"airflow.task.hooks.airflow.providers.standard.hooks.subprocess.SubprocessHook","filename":"subprocess.py","lineno":99}
{"timestamp":"2026-06-02T01:27:44.545087Z","level":"info","event":" |-- quantity_unit: string (nullable = true)","logger":"airflow.task.hooks.airflow.providers.standard.hooks.subprocess.SubprocessHook","filename":"subprocess.py","lineno":99}
{"timestamp":"2026-06-02T01:27:44.545117Z","level":"info","event":" |-- unit: string (nullable = true)","logger":"airflow.task.hooks.airflow.providers.standard.hooks.subprocess.SubprocessHook","filename":"subprocess.py","lineno":99}
{"timestamp":"2026-06-02T01:27:44.545144Z","level":"info","event":" |-- month: long (nullable = true)","logger":"airflow.task.hooks.airflow.providers.standard.hooks.subprocess.SubprocessHook","filename":"subprocess.py","lineno":99}
{"timestamp":"2026-06-02T01:27:44.545163Z","level":"info","event":" |-- quarter: integer (nullable = true)","logger":"airflow.task.hooks.airflow.providers.standard.hooks.subprocess.SubprocessHook","filename":"subprocess.py","lineno":99}
{"timestamp":"2026-06-02T01:27:44.545183Z","level":"info","event":" |-- year: integer (nullable = true)","logger":"airflow.task.hooks.airflow.providers.standard.hooks.subprocess.SubprocessHook","filename":"subprocess.py","lineno":99}
{"timestamp":"2026-06-02T01:27:44.545204Z","level":"info","event":" |-- ingest_at: timestamp (nullable = true)","logger":"airflow.task.hooks.airflow.providers.standard.hooks.subprocess.SubprocessHook","filename":"subprocess.py","lineno":99}
{"timestamp":"2026-06-02T01:27:44.545225Z","level":"info","event":"","logger":"airflow.task.hooks.airflow.providers.standard.hooks.subprocess.SubprocessHook","filename":"subprocess.py","lineno":99}
{"timestamp":"2026-06-02T01:27:44.545248Z","level":"info","event":"Đang tải dữ liệu vào Silver.International_ecomerce !!!","logger":"airflow.task.hooks.airflow.providers.standard.hooks.subprocess.SubprocessHook","filename":"subprocess.py","lineno":99}
{"timestamp":"2026-06-02T01:27:44.633247Z","level":"info","event":"26/06/02 01:27:44 INFO SparkContext: Starting job: showString at NativeMethodAccessorImpl.java:0","logger":"airflow.task.hooks.airflow.providers.standard.hooks.subprocess.SubprocessHook","filename":"subprocess.py","lineno":99}
{"timestamp":"2026-06-02T01:27:44.633993Z","level":"info","event":"26/06/02 01:27:44 INFO DAGScheduler: Got job 4 (showString at NativeMethodAccessorImpl.java:0) with 1 output partitions","logger":"airflow.task.hooks.airflow.providers.standard.hooks.subprocess.SubprocessHook","filename":"subprocess.py","lineno":99}
{"timestamp":"2026-06-02T01:27:44.634190Z","level":"info","event":"26/06/02 01:27:44 INFO DAGScheduler: Final stage: ResultStage 4 (showString at NativeMethodAccessorImpl.java:0)","logger":"airflow.task.hooks.airflow.providers.standard.hooks.subprocess.SubprocessHook","filename":"subprocess.py","lineno":99}
{"timestamp":"2026-06-02T01:27:44.634265Z","level":"info","event":"26/06/02 01:27:44 INFO DAGScheduler: Parents of final stage: List()","logger":"airflow.task.hooks.airflow.providers.standard.hooks.subprocess.SubprocessHook","filename":"subprocess.py","lineno":99}
{"timestamp":"2026-06-02T01:27:44.638721Z","level":"info","event":"26/06/02 01:27:44 INFO DAGScheduler: Missing parents: List()","logger":"airflow.task.hooks.airflow.providers.standard.hooks.subprocess.SubprocessHook","filename":"subprocess.py","lineno":99}
{"timestamp":"2026-06-02T01:27:44.639709Z","level":"info","event":"26/06/02 01:27:44 INFO DAGScheduler: Submitting ResultStage 4 (MapPartitionsRDD[17] at showString at NativeMethodAccessorImpl.java:0), which has no missing parents","logger":"airflow.task.hooks.airflow.providers.standard.hooks.subprocess.SubprocessHook","filename":"subprocess.py","lineno":99}
{"timestamp":"2026-06-02T01:27:44.642663Z","level":"info","event":"26/06/02 01:27:44 INFO MemoryStore: Block broadcast_5 stored as values in memory (estimated size 16.4 KiB, free 434.2 MiB)","logger":"airflow.task.hooks.airflow.providers.standard.hooks.subprocess.SubprocessHook","filename":"subprocess.py","lineno":99}
{"timestamp":"2026-06-02T01:27:44.653247Z","level":"info","event":"26/06/02 01:27:44 INFO MemoryStore: Block broadcast_5_piece0 stored as bytes in memory (estimated size 7.9 KiB, free 434.1 MiB)","logger":"airflow.task.hooks.airflow.providers.standard.hooks.subprocess.SubprocessHook","filename":"subprocess.py","lineno":99}
{"timestamp":"2026-06-02T01:27:44.654798Z","level":"info","event":"26/06/02 01:27:44 INFO BlockManagerInfo: Added broadcast_5_piece0 in memory on 32a25072c928:37123 (size: 7.9 KiB, free: 434.4 MiB)","logger":"airflow.task.hooks.airflow.providers.standard.hooks.subprocess.SubprocessHook","filename":"subprocess.py","lineno":99}
{"timestamp":"2026-06-02T01:27:44.655646Z","level":"info","event":"26/06/02 01:27:44 INFO SparkContext: Created broadcast 5 from broadcast at DAGScheduler.scala:1611","logger":"airflow.task.hooks.airflow.providers.standard.hooks.subprocess.SubprocessHook","filename":"subprocess.py","lineno":99}
{"timestamp":"2026-06-02T01:27:44.656730Z","level":"info","event":"26/06/02 01:27:44 INFO DAGScheduler: Submitting 1 missing tasks from ResultStage 4 (MapPartitionsRDD[17] at showString at NativeMethodAccessorImpl.java:0) (first 15 tasks are for partitions Vector(0))","logger":"airflow.task.hooks.airflow.providers.standard.hooks.subprocess.SubprocessHook","filename":"subprocess.py","lineno":99}
{"timestamp":"2026-06-02T01:27:44.658069Z","level":"info","event":"26/06/02 01:27:44 INFO TaskSchedulerImpl: Adding task set 4.0 with 1 tasks resource profile 0","logger":"airflow.task.hooks.airflow.providers.standard.hooks.subprocess.SubprocessHook","filename":"subprocess.py","lineno":99}
{"timestamp":"2026-06-02T01:27:44.659918Z","level":"info","event":"26/06/02 01:27:44 INFO TaskSetManager: Starting task 0.0 in stage 4.0 (TID 10) (32a25072c928, executor driver, partition 0, PROCESS_LOCAL, 9151 bytes)","logger":"airflow.task.hooks.airflow.providers.standard.hooks.subprocess.SubprocessHook","filename":"subprocess.py","lineno":99}
{"timestamp":"2026-06-02T01:27:44.661515Z","level":"info","event":"26/06/02 01:27:44 INFO Executor: Running task 0.0 in stage 4.0 (TID 10)","logger":"airflow.task.hooks.airflow.providers.standard.hooks.subprocess.SubprocessHook","filename":"subprocess.py","lineno":99}
{"timestamp":"2026-06-02T01:27:44.702387Z","level":"info","event":"26/06/02 01:27:44 INFO BlockManagerInfo: Removed broadcast_3_piece0 on 32a25072c928:37123 in memory (size: 35.0 KiB, free: 434.4 MiB)","logger":"airflow.task.hooks.airflow.providers.standard.hooks.subprocess.SubprocessHook","filename":"subprocess.py","lineno":99}
{"timestamp":"2026-06-02T01:27:44.774965Z","level":"info","event":"26/06/02 01:27:44 INFO PythonRunner: Times: total = 104, boot = -3606, init = 3709, finish = 1","logger":"airflow.task.hooks.airflow.providers.standard.hooks.subprocess.SubprocessHook","filename":"subprocess.py","lineno":99}
{"timestamp":"2026-06-02T01:27:44.784277Z","level":"info","event":"26/06/02 01:27:44 INFO Executor: Finished task 0.0 in stage 4.0 (TID 10). 2147 bytes result sent to driver","logger":"airflow.task.hooks.airflow.providers.standard.hooks.subprocess.SubprocessHook","filename":"subprocess.py","lineno":99}
{"timestamp":"2026-06-02T01:27:44.787308Z","level":"info","event":"26/06/02 01:27:44 INFO TaskSetManager: Finished task 0.0 in stage 4.0 (TID 10) in 128 ms on 32a25072c928 (executor driver) (1/1)","logger":"airflow.task.hooks.airflow.providers.standard.hooks.subprocess.SubprocessHook","filename":"subprocess.py","lineno":99}
{"timestamp":"2026-06-02T01:27:44.787549Z","level":"info","event":"26/06/02 01:27:44 INFO TaskSchedulerImpl: Removed TaskSet 4.0, whose tasks have all completed, from pool","logger":"airflow.task.hooks.airflow.providers.standard.hooks.subprocess.SubprocessHook","filename":"subprocess.py","lineno":99}
{"timestamp":"2026-06-02T01:27:44.787687Z","level":"info","event":"26/06/02 01:27:44 INFO DAGScheduler: ResultStage 4 (showString at NativeMethodAccessorImpl.java:0) finished in 0.147 s","logger":"airflow.task.hooks.airflow.providers.standard.hooks.subprocess.SubprocessHook","filename":"subprocess.py","lineno":99}
{"timestamp":"2026-06-02T01:27:44.788006Z","level":"info","event":"26/06/02 01:27:44 INFO DAGScheduler: Job 4 is finished. Cancelling potential speculative or zombie tasks for this job","logger":"airflow.task.hooks.airflow.providers.standard.hooks.subprocess.SubprocessHook","filename":"subprocess.py","lineno":99}
{"timestamp":"2026-06-02T01:27:44.788138Z","level":"info","event":"26/06/02 01:27:44 INFO TaskSchedulerImpl: Killing all running tasks in stage 4: Stage finished","logger":"airflow.task.hooks.airflow.providers.standard.hooks.subprocess.SubprocessHook","filename":"subprocess.py","lineno":99}
{"timestamp":"2026-06-02T01:27:44.789970Z","level":"info","event":"26/06/02 01:27:44 INFO DAGScheduler: Job 4 finished: showString at NativeMethodAccessorImpl.java:0, took 0.156611 s","logger":"airflow.task.hooks.airflow.providers.standard.hooks.subprocess.SubprocessHook","filename":"subprocess.py","lineno":99}
{"timestamp":"2026-06-02T01:27:44.803506Z","level":"info","event":"26/06/02 01:27:44 INFO SparkContext: Starting job: showString at NativeMethodAccessorImpl.java:0","logger":"airflow.task.hooks.airflow.providers.standard.hooks.subprocess.SubprocessHook","filename":"subprocess.py","lineno":99}
{"timestamp":"2026-06-02T01:27:44.803750Z","level":"info","event":"26/06/02 01:27:44 INFO DAGScheduler: Got job 5 (showString at NativeMethodAccessorImpl.java:0) with 4 output partitions","logger":"airflow.task.hooks.airflow.providers.standard.hooks.subprocess.SubprocessHook","filename":"subprocess.py","lineno":99}
{"timestamp":"2026-06-02T01:27:44.803848Z","level":"info","event":"26/06/02 01:27:44 INFO DAGScheduler: Final stage: ResultStage 5 (showString at NativeMethodAccessorImpl.java:0)","logger":"airflow.task.hooks.airflow.providers.standard.hooks.subprocess.SubprocessHook","filename":"subprocess.py","lineno":99}
{"timestamp":"2026-06-02T01:27:44.803899Z","level":"info","event":"26/06/02 01:27:44 INFO DAGScheduler: Parents of final stage: List()","logger":"airflow.task.hooks.airflow.providers.standard.hooks.subprocess.SubprocessHook","filename":"subprocess.py","lineno":99}
{"timestamp":"2026-06-02T01:27:44.804192Z","level":"info","event":"26/06/02 01:27:44 INFO DAGScheduler: Missing parents: List()","logger":"airflow.task.hooks.airflow.providers.standard.hooks.subprocess.SubprocessHook","filename":"subprocess.py","lineno":99}
{"timestamp":"2026-06-02T01:27:44.806273Z","level":"info","event":"26/06/02 01:27:44 INFO DAGScheduler: Submitting ResultStage 5 (MapPartitionsRDD[17] at showString at NativeMethodAccessorImpl.java:0), which has no missing parents","logger":"airflow.task.hooks.airflow.providers.standard.hooks.subprocess.SubprocessHook","filename":"subprocess.py","lineno":99}
{"timestamp":"2026-06-02T01:27:44.810100Z","level":"info","event":"26/06/02 01:27:44 INFO MemoryStore: Block broadcast_6 stored as values in memory (estimated size 16.4 KiB, free 434.4 MiB)","logger":"airflow.task.hooks.airflow.providers.standard.hooks.subprocess.SubprocessHook","filename":"subprocess.py","lineno":99}
{"timestamp":"2026-06-02T01:27:44.820778Z","level":"info","event":"26/06/02 01:27:44 INFO MemoryStore: Block broadcast_6_piece0 stored as bytes in memory (estimated size 7.9 KiB, free 434.4 MiB)","logger":"airflow.task.hooks.airflow.providers.standard.hooks.subprocess.SubprocessHook","filename":"subprocess.py","lineno":99}
{"timestamp":"2026-06-02T01:27:44.822133Z","level":"info","event":"26/06/02 01:27:44 INFO BlockManagerInfo: Added broadcast_6_piece0 in memory on 32a25072c928:37123 (size: 7.9 KiB, free: 434.4 MiB)","logger":"airflow.task.hooks.airflow.providers.standard.hooks.subprocess.SubprocessHook","filename":"subprocess.py","lineno":99}
{"timestamp":"2026-06-02T01:27:44.822980Z","level":"info","event":"26/06/02 01:27:44 INFO SparkContext: Created broadcast 6 from broadcast at DAGScheduler.scala:1611","logger":"airflow.task.hooks.airflow.providers.standard.hooks.subprocess.SubprocessHook","filename":"subprocess.py","lineno":99}
{"timestamp":"2026-06-02T01:27:44.824359Z","level":"info","event":"26/06/02 01:27:44 INFO DAGScheduler: Submitting 4 missing tasks from ResultStage 5 (MapPartitionsRDD[17] at showString at NativeMethodAccessorImpl.java:0) (first 15 tasks are for partitions Vector(1, 2, 3, 4))","logger":"airflow.task.hooks.airflow.providers.standard.hooks.subprocess.SubprocessHook","filename":"subprocess.py","lineno":99}
{"timestamp":"2026-06-02T01:27:44.824555Z","level":"info","event":"26/06/02 01:27:44 INFO TaskSchedulerImpl: Adding task set 5.0 with 4 tasks resource profile 0","logger":"airflow.task.hooks.airflow.providers.standard.hooks.subprocess.SubprocessHook","filename":"subprocess.py","lineno":99}
{"timestamp":"2026-06-02T01:27:44.826825Z","level":"info","event":"26/06/02 01:27:44 INFO TaskSetManager: Starting task 0.0 in stage 5.0 (TID 11) (32a25072c928, executor driver, partition 1, PROCESS_LOCAL, 9150 bytes)","logger":"airflow.task.hooks.airflow.providers.standard.hooks.subprocess.SubprocessHook","filename":"subprocess.py","lineno":99}
{"timestamp":"2026-06-02T01:27:44.827556Z","level":"info","event":"26/06/02 01:27:44 INFO TaskSetManager: Starting task 1.0 in stage 5.0 (TID 12) (32a25072c928, executor driver, partition 2, PROCESS_LOCAL, 9144 bytes)","logger":"airflow.task.hooks.airflow.providers.standard.hooks.subprocess.SubprocessHook","filename":"subprocess.py","lineno":99}
{"timestamp":"2026-06-02T01:27:44.828947Z","level":"info","event":"26/06/02 01:27:44 INFO TaskSetManager: Starting task 2.0 in stage 5.0 (TID 13) (32a25072c928, executor driver, partition 3, PROCESS_LOCAL, 9168 bytes)","logger":"airflow.task.hooks.airflow.providers.standard.hooks.subprocess.SubprocessHook","filename":"subprocess.py","lineno":99}
{"timestamp":"2026-06-02T01:27:44.829129Z","level":"info","event":"26/06/02 01:27:44 INFO TaskSetManager: Starting task 3.0 in stage 5.0 (TID 14) (32a25072c928, executor driver, partition 4, PROCESS_LOCAL, 9217 bytes)","logger":"airflow.task.hooks.airflow.providers.standard.hooks.subprocess.SubprocessHook","filename":"subprocess.py","lineno":99}
{"timestamp":"2026-06-02T01:27:44.830896Z","level":"info","event":"26/06/02 01:27:44 INFO Executor: Running task 0.0 in stage 5.0 (TID 11)","logger":"airflow.task.hooks.airflow.providers.standard.hooks.subprocess.SubprocessHook","filename":"subprocess.py","lineno":99}
{"timestamp":"2026-06-02T01:27:44.832317Z","level":"info","event":"26/06/02 01:27:44 INFO Executor: Running task 1.0 in stage 5.0 (TID 12)","logger":"airflow.task.hooks.airflow.providers.standard.hooks.subprocess.SubprocessHook","filename":"subprocess.py","lineno":99}
{"timestamp":"2026-06-02T01:27:44.832509Z","level":"info","event":"26/06/02 01:27:44 INFO Executor: Running task 3.0 in stage 5.0 (TID 14)","logger":"airflow.task.hooks.airflow.providers.standard.hooks.subprocess.SubprocessHook","filename":"subprocess.py","lineno":99}
{"timestamp":"2026-06-02T01:27:44.832598Z","level":"info","event":"26/06/02 01:27:44 INFO Executor: Running task 2.0 in stage 5.0 (TID 13)","logger":"airflow.task.hooks.airflow.providers.standard.hooks.subprocess.SubprocessHook","filename":"subprocess.py","lineno":99}
{"timestamp":"2026-06-02T01:27:44.935799Z","level":"info","event":"26/06/02 01:27:44 INFO PythonRunner: Times: total = 97, boot = -3769, init = 3866, finish = 0","logger":"airflow.task.hooks.airflow.providers.standard.hooks.subprocess.SubprocessHook","filename":"subprocess.py","lineno":99}
{"timestamp":"2026-06-02T01:27:44.954983Z","level":"info","event":"26/06/02 01:27:44 INFO Executor: Finished task 2.0 in stage 5.0 (TID 13). 2202 bytes result sent to driver","logger":"airflow.task.hooks.airflow.providers.standard.hooks.subprocess.SubprocessHook","filename":"subprocess.py","lineno":99}
{"timestamp":"2026-06-02T01:27:44.955211Z","level":"info","event":"26/06/02 01:27:44 INFO BlockManagerInfo: Removed broadcast_5_piece0 on 32a25072c928:37123 in memory (size: 7.9 KiB, free: 434.4 MiB)","logger":"airflow.task.hooks.airflow.providers.standard.hooks.subprocess.SubprocessHook","filename":"subprocess.py","lineno":99}
{"timestamp":"2026-06-02T01:27:44.955404Z","level":"info","event":"26/06/02 01:27:44 INFO TaskSetManager: Finished task 2.0 in stage 5.0 (TID 13) in 127 ms on 32a25072c928 (executor driver) (1/4)","logger":"airflow.task.hooks.airflow.providers.standard.hooks.subprocess.SubprocessHook","filename":"subprocess.py","lineno":99}
{"timestamp":"2026-06-02T01:27:44.962185Z","level":"info","event":"26/06/02 01:27:44 INFO PythonRunner: Times: total = 122, boot = -51, init = 173, finish = 0","logger":"airflow.task.hooks.airflow.providers.standard.hooks.subprocess.SubprocessHook","filename":"subprocess.py","lineno":99}
{"timestamp":"2026-06-02T01:27:44.966238Z","level":"info","event":"26/06/02 01:27:44 INFO PythonRunner: Times: total = 127, boot = -3769, init = 3896, finish = 0","logger":"airflow.task.hooks.airflow.providers.standard.hooks.subprocess.SubprocessHook","filename":"subprocess.py","lineno":99}
{"timestamp":"2026-06-02T01:27:44.966552Z","level":"info","event":"26/06/02 01:27:44 INFO Executor: Finished task 1.0 in stage 5.0 (TID 12). 2166 bytes result sent to driver","logger":"airflow.task.hooks.airflow.providers.standard.hooks.subprocess.SubprocessHook","filename":"subprocess.py","lineno":99}
{"timestamp":"2026-06-02T01:27:44.967345Z","level":"info","event":"26/06/02 01:27:44 INFO Executor: Finished task 0.0 in stage 5.0 (TID 11). 2170 bytes result sent to driver","logger":"airflow.task.hooks.airflow.providers.standard.hooks.subprocess.SubprocessHook","filename":"subprocess.py","lineno":99}
{"timestamp":"2026-06-02T01:27:44.973843Z","level":"info","event":"26/06/02 01:27:44 INFO PythonRunner: Times: total = 128, boot = -3776, init = 3904, finish = 0","logger":"airflow.task.hooks.airflow.providers.standard.hooks.subprocess.SubprocessHook","filename":"subprocess.py","lineno":99}
{"timestamp":"2026-06-02T01:27:44.974615Z","level":"info","event":"26/06/02 01:27:44 INFO TaskSetManager: Finished task 0.0 in stage 5.0 (TID 11) in 145 ms on 32a25072c928 (executor driver) (2/4)","logger":"airflow.task.hooks.airflow.providers.standard.hooks.subprocess.SubprocessHook","filename":"subprocess.py","lineno":99}
{"timestamp":"2026-06-02T01:27:44.974783Z","level":"info","event":"26/06/02 01:27:44 INFO Executor: Finished task 3.0 in stage 5.0 (TID 14). 2210 bytes result sent to driver","logger":"airflow.task.hooks.airflow.providers.standard.hooks.subprocess.SubprocessHook","filename":"subprocess.py","lineno":99}
{"timestamp":"2026-06-02T01:27:44.975754Z","level":"info","event":"26/06/02 01:27:44 INFO TaskSetManager: Finished task 1.0 in stage 5.0 (TID 12) in 148 ms on 32a25072c928 (executor driver) (3/4)","logger":"airflow.task.hooks.airflow.providers.standard.hooks.subprocess.SubprocessHook","filename":"subprocess.py","lineno":99}
{"timestamp":"2026-06-02T01:27:44.978906Z","level":"info","event":"26/06/02 01:27:44 INFO TaskSetManager: Finished task 3.0 in stage 5.0 (TID 14) in 147 ms on 32a25072c928 (executor driver) (4/4)","logger":"airflow.task.hooks.airflow.providers.standard.hooks.subprocess.SubprocessHook","filename":"subprocess.py","lineno":99}
{"timestamp":"2026-06-02T01:27:44.979146Z","level":"info","event":"26/06/02 01:27:44 INFO TaskSchedulerImpl: Removed TaskSet 5.0, whose tasks have all completed, from pool","logger":"airflow.task.hooks.airflow.providers.standard.hooks.subprocess.SubprocessHook","filename":"subprocess.py","lineno":99}
{"timestamp":"2026-06-02T01:27:44.986992Z","level":"info","event":"26/06/02 01:27:44 INFO DAGScheduler: ResultStage 5 (showString at NativeMethodAccessorImpl.java:0) finished in 0.179 s","logger":"airflow.task.hooks.airflow.providers.standard.hooks.subprocess.SubprocessHook","filename":"subprocess.py","lineno":99}
{"timestamp":"2026-06-02T01:27:44.991069Z","level":"info","event":"26/06/02 01:27:44 INFO DAGScheduler: Job 5 is finished. Cancelling potential speculative or zombie tasks for this job","logger":"airflow.task.hooks.airflow.providers.standard.hooks.subprocess.SubprocessHook","filename":"subprocess.py","lineno":99}
{"timestamp":"2026-06-02T01:27:44.991300Z","level":"info","event":"26/06/02 01:27:44 INFO TaskSchedulerImpl: Killing all running tasks in stage 5: Stage finished","logger":"airflow.task.hooks.airflow.providers.standard.hooks.subprocess.SubprocessHook","filename":"subprocess.py","lineno":99}
{"timestamp":"2026-06-02T01:27:45.002041Z","level":"info","event":"26/06/02 01:27:44 INFO DAGScheduler: Job 5 finished: showString at NativeMethodAccessorImpl.java:0, took 0.189809 s","logger":"airflow.task.hooks.airflow.providers.standard.hooks.subprocess.SubprocessHook","filename":"subprocess.py","lineno":99}
{"timestamp":"2026-06-02T01:27:45.017798Z","level":"info","event":"26/06/02 01:27:45 INFO SparkContext: Starting job: showString at NativeMethodAccessorImpl.java:0","logger":"airflow.task.hooks.airflow.providers.standard.hooks.subprocess.SubprocessHook","filename":"subprocess.py","lineno":99}
{"timestamp":"2026-06-02T01:27:45.019648Z","level":"info","event":"26/06/02 01:27:45 INFO DAGScheduler: Got job 6 (showString at NativeMethodAccessorImpl.java:0) with 9 output partitions","logger":"airflow.task.hooks.airflow.providers.standard.hooks.subprocess.SubprocessHook","filename":"subprocess.py","lineno":99}
{"timestamp":"2026-06-02T01:27:45.019931Z","level":"info","event":"26/06/02 01:27:45 INFO DAGScheduler: Final stage: ResultStage 6 (showString at NativeMethodAccessorImpl.java:0)","logger":"airflow.task.hooks.airflow.providers.standard.hooks.subprocess.SubprocessHook","filename":"subprocess.py","lineno":99}
{"timestamp":"2026-06-02T01:27:45.020065Z","level":"info","event":"26/06/02 01:27:45 INFO DAGScheduler: Parents of final stage: List()","logger":"airflow.task.hooks.airflow.providers.standard.hooks.subprocess.SubprocessHook","filename":"subprocess.py","lineno":99}
{"timestamp":"2026-06-02T01:27:45.021828Z","level":"info","event":"26/06/02 01:27:45 INFO DAGScheduler: Missing parents: List()","logger":"airflow.task.hooks.airflow.providers.standard.hooks.subprocess.SubprocessHook","filename":"subprocess.py","lineno":99}
{"timestamp":"2026-06-02T01:27:45.024207Z","level":"info","event":"26/06/02 01:27:45 INFO DAGScheduler: Submitting ResultStage 6 (MapPartitionsRDD[17] at showString at NativeMethodAccessorImpl.java:0), which has no missing parents","logger":"airflow.task.hooks.airflow.providers.standard.hooks.subprocess.SubprocessHook","filename":"subprocess.py","lineno":99}
{"timestamp":"2026-06-02T01:27:45.032033Z","level":"info","event":"26/06/02 01:27:45 INFO MemoryStore: Block broadcast_7 stored as values in memory (estimated size 16.4 KiB, free 434.4 MiB)","logger":"airflow.task.hooks.airflow.providers.standard.hooks.subprocess.SubprocessHook","filename":"subprocess.py","lineno":99}
{"timestamp":"2026-06-02T01:27:45.045591Z","level":"info","event":"26/06/02 01:27:45 INFO MemoryStore: Block broadcast_7_piece0 stored as bytes in memory (estimated size 7.9 KiB, free 434.4 MiB)","logger":"airflow.task.hooks.airflow.providers.standard.hooks.subprocess.SubprocessHook","filename":"subprocess.py","lineno":99}
{"timestamp":"2026-06-02T01:27:45.047375Z","level":"info","event":"26/06/02 01:27:45 INFO BlockManagerInfo: Added broadcast_7_piece0 in memory on 32a25072c928:37123 (size: 7.9 KiB, free: 434.4 MiB)","logger":"airflow.task.hooks.airflow.providers.standard.hooks.subprocess.SubprocessHook","filename":"subprocess.py","lineno":99}
{"timestamp":"2026-06-02T01:27:45.048123Z","level":"info","event":"26/06/02 01:27:45 INFO BlockManagerInfo: Removed broadcast_6_piece0 on 32a25072c928:37123 in memory (size: 7.9 KiB, free: 434.4 MiB)","logger":"airflow.task.hooks.airflow.providers.standard.hooks.subprocess.SubprocessHook","filename":"subprocess.py","lineno":99}
{"timestamp":"2026-06-02T01:27:45.048385Z","level":"info","event":"26/06/02 01:27:45 INFO SparkContext: Created broadcast 7 from broadcast at DAGScheduler.scala:1611","logger":"airflow.task.hooks.airflow.providers.standard.hooks.subprocess.SubprocessHook","filename":"subprocess.py","lineno":99}
{"timestamp":"2026-06-02T01:27:45.049591Z","level":"info","event":"26/06/02 01:27:45 INFO DAGScheduler: Submitting 9 missing tasks from ResultStage 6 (MapPartitionsRDD[17] at showString at NativeMethodAccessorImpl.java:0) (first 15 tasks are for partitions Vector(5, 6, 7, 8, 9, 10, 11, 12, 13))","logger":"airflow.task.hooks.airflow.providers.standard.hooks.subprocess.SubprocessHook","filename":"subprocess.py","lineno":99}
{"timestamp":"2026-06-02T01:27:45.049802Z","level":"info","event":"26/06/02 01:27:45 INFO TaskSchedulerImpl: Adding task set 6.0 with 9 tasks resource profile 0","logger":"airflow.task.hooks.airflow.providers.standard.hooks.subprocess.SubprocessHook","filename":"subprocess.py","lineno":99}
{"timestamp":"2026-06-02T01:27:45.051838Z","level":"info","event":"26/06/02 01:27:45 INFO TaskSetManager: Starting task 0.0 in stage 6.0 (TID 15) (32a25072c928, executor driver, partition 5, PROCESS_LOCAL, 9345 bytes)","logger":"airflow.task.hooks.airflow.providers.standard.hooks.subprocess.SubprocessHook","filename":"subprocess.py","lineno":99}
{"timestamp":"2026-06-02T01:27:45.054190Z","level":"info","event":"26/06/02 01:27:45 INFO TaskSetManager: Starting task 1.0 in stage 6.0 (TID 16) (32a25072c928, executor driver, partition 6, PROCESS_LOCAL, 9184 bytes)","logger":"airflow.task.hooks.airflow.providers.standard.hooks.subprocess.SubprocessHook","filename":"subprocess.py","lineno":99}
{"timestamp":"2026-06-02T01:27:45.054454Z","level":"info","event":"26/06/02 01:27:45 INFO TaskSetManager: Starting task 2.0 in stage 6.0 (TID 17) (32a25072c928, executor driver, partition 7, PROCESS_LOCAL, 9174 bytes)","logger":"airflow.task.hooks.airflow.providers.standard.hooks.subprocess.SubprocessHook","filename":"subprocess.py","lineno":99}
{"timestamp":"2026-06-02T01:27:45.055506Z","level":"info","event":"26/06/02 01:27:45 INFO TaskSetManager: Starting task 3.0 in stage 6.0 (TID 18) (32a25072c928, executor driver, partition 8, PROCESS_LOCAL, 9189 bytes)","logger":"airflow.task.hooks.airflow.providers.standard.hooks.subprocess.SubprocessHook","filename":"subprocess.py","lineno":99}
{"timestamp":"2026-06-02T01:27:45.056584Z","level":"info","event":"26/06/02 01:27:45 INFO TaskSetManager: Starting task 4.0 in stage 6.0 (TID 19) (32a25072c928, executor driver, partition 9, PROCESS_LOCAL, 9196 bytes)","logger":"airflow.task.hooks.airflow.providers.standard.hooks.subprocess.SubprocessHook","filename":"subprocess.py","lineno":99}
{"timestamp":"2026-06-02T01:27:45.058358Z","level":"info","event":"26/06/02 01:27:45 INFO TaskSetManager: Starting task 5.0 in stage 6.0 (TID 20) (32a25072c928, executor driver, partition 10, PROCESS_LOCAL, 9390 bytes)","logger":"airflow.task.hooks.airflow.providers.standard.hooks.subprocess.SubprocessHook","filename":"subprocess.py","lineno":99}
{"timestamp":"2026-06-02T01:27:45.058542Z","level":"info","event":"26/06/02 01:27:45 INFO TaskSetManager: Starting task 6.0 in stage 6.0 (TID 21) (32a25072c928, executor driver, partition 11, PROCESS_LOCAL, 9204 bytes)","logger":"airflow.task.hooks.airflow.providers.standard.hooks.subprocess.SubprocessHook","filename":"subprocess.py","lineno":99}
{"timestamp":"2026-06-02T01:27:45.060363Z","level":"info","event":"26/06/02 01:27:45 INFO TaskSetManager: Starting task 7.0 in stage 6.0 (TID 22) (32a25072c928, executor driver, partition 12, PROCESS_LOCAL, 9202 bytes)","logger":"airflow.task.hooks.airflow.providers.standard.hooks.subprocess.SubprocessHook","filename":"subprocess.py","lineno":99}
{"timestamp":"2026-06-02T01:27:45.060619Z","level":"info","event":"26/06/02 01:27:45 INFO TaskSetManager: Starting task 8.0 in stage 6.0 (TID 23) (32a25072c928, executor driver, partition 13, PROCESS_LOCAL, 9213 bytes)","logger":"airflow.task.hooks.airflow.providers.standard.hooks.subprocess.SubprocessHook","filename":"subprocess.py","lineno":99}
{"timestamp":"2026-06-02T01:27:45.063615Z","level":"info","event":"26/06/02 01:27:45 INFO Executor: Running task 1.0 in stage 6.0 (TID 16)","logger":"airflow.task.hooks.airflow.providers.standard.hooks.subprocess.SubprocessHook","filename":"subprocess.py","lineno":99}
{"timestamp":"2026-06-02T01:27:45.063901Z","level":"info","event":"26/06/02 01:27:45 INFO Executor: Running task 0.0 in stage 6.0 (TID 15)","logger":"airflow.task.hooks.airflow.providers.standard.hooks.subprocess.SubprocessHook","filename":"subprocess.py","lineno":99}
{"timestamp":"2026-06-02T01:27:45.064018Z","level":"info","event":"26/06/02 01:27:45 INFO Executor: Running task 3.0 in stage 6.0 (TID 18)","logger":"airflow.task.hooks.airflow.providers.standard.hooks.subprocess.SubprocessHook","filename":"subprocess.py","lineno":99}
{"timestamp":"2026-06-02T01:27:45.066281Z","level":"info","event":"26/06/02 01:27:45 INFO Executor: Running task 2.0 in stage 6.0 (TID 17)","logger":"airflow.task.hooks.airflow.providers.standard.hooks.subprocess.SubprocessHook","filename":"subprocess.py","lineno":99}
{"timestamp":"2026-06-02T01:27:45.074238Z","level":"info","event":"26/06/02 01:27:45 INFO Executor: Running task 5.0 in stage 6.0 (TID 20)","logger":"airflow.task.hooks.airflow.providers.standard.hooks.subprocess.SubprocessHook","filename":"subprocess.py","lineno":99}
{"timestamp":"2026-06-02T01:27:45.074502Z","level":"info","event":"26/06/02 01:27:45 INFO Executor: Running task 4.0 in stage 6.0 (TID 19)","logger":"airflow.task.hooks.airflow.providers.standard.hooks.subprocess.SubprocessHook","filename":"subprocess.py","lineno":99}
{"timestamp":"2026-06-02T01:27:45.074608Z","level":"info","event":"26/06/02 01:27:45 INFO Executor: Running task 6.0 in stage 6.0 (TID 21)","logger":"airflow.task.hooks.airflow.providers.standard.hooks.subprocess.SubprocessHook","filename":"subprocess.py","lineno":99}
{"timestamp":"2026-06-02T01:27:45.074689Z","level":"info","event":"26/06/02 01:27:45 INFO Executor: Running task 7.0 in stage 6.0 (TID 22)","logger":"airflow.task.hooks.airflow.providers.standard.hooks.subprocess.SubprocessHook","filename":"subprocess.py","lineno":99}
{"timestamp":"2026-06-02T01:27:45.074759Z","level":"info","event":"26/06/02 01:27:45 INFO Executor: Running task 8.0 in stage 6.0 (TID 23)","logger":"airflow.task.hooks.airflow.providers.standard.hooks.subprocess.SubprocessHook","filename":"subprocess.py","lineno":99}
{"timestamp":"2026-06-02T01:27:45.206632Z","level":"info","event":"26/06/02 01:27:45 INFO PythonRunner: Times: total = 129, boot = -86, init = 215, finish = 0","logger":"airflow.task.hooks.airflow.providers.standard.hooks.subprocess.SubprocessHook","filename":"subprocess.py","lineno":99}
{"timestamp":"2026-06-02T01:27:45.242801Z","level":"info","event":"26/06/02 01:27:45 INFO PythonRunner: Times: total = 150, boot = -86, init = 236, finish = 0","logger":"airflow.task.hooks.airflow.providers.standard.hooks.subprocess.SubprocessHook","filename":"subprocess.py","lineno":99}
{"timestamp":"2026-06-02T01:27:45.247450Z","level":"info","event":"26/06/02 01:27:45 INFO PythonRunner: Times: total = 147, boot = -83, init = 230, finish = 0","logger":"airflow.task.hooks.airflow.providers.standard.hooks.subprocess.SubprocessHook","filename":"subprocess.py","lineno":99}
{"timestamp":"2026-06-02T01:27:45.249380Z","level":"info","event":"26/06/02 01:27:45 INFO PythonRunner: Times: total = 144, boot = -121, init = 265, finish = 0","logger":"airflow.task.hooks.airflow.providers.standard.hooks.subprocess.SubprocessHook","filename":"subprocess.py","lineno":99}
{"timestamp":"2026-06-02T01:27:45.258194Z","level":"info","event":"26/06/02 01:27:45 INFO Executor: Finished task 1.0 in stage 6.0 (TID 16). 2182 bytes result sent to driver","logger":"airflow.task.hooks.airflow.providers.standard.hooks.subprocess.SubprocessHook","filename":"subprocess.py","lineno":99}
{"timestamp":"2026-06-02T01:27:45.258473Z","level":"info","event":"26/06/02 01:27:45 INFO Executor: Finished task 0.0 in stage 6.0 (TID 15). 2374 bytes result sent to driver","logger":"airflow.task.hooks.airflow.providers.standard.hooks.subprocess.SubprocessHook","filename":"subprocess.py","lineno":99}
{"timestamp":"2026-06-02T01:27:45.258580Z","level":"info","event":"26/06/02 01:27:45 INFO Executor: Finished task 2.0 in stage 6.0 (TID 17). 2227 bytes result sent to driver","logger":"airflow.task.hooks.airflow.providers.standard.hooks.subprocess.SubprocessHook","filename":"subprocess.py","lineno":99}
{"timestamp":"2026-06-02T01:27:45.258637Z","level":"info","event":"26/06/02 01:27:45 INFO TaskSetManager: Finished task 1.0 in stage 6.0 (TID 16) in 206 ms on 32a25072c928 (executor driver) (1/9)","logger":"airflow.task.hooks.airflow.providers.standard.hooks.subprocess.SubprocessHook","filename":"subprocess.py","lineno":99}
{"timestamp":"2026-06-02T01:27:45.259779Z","level":"info","event":"26/06/02 01:27:45 INFO Executor: Finished task 3.0 in stage 6.0 (TID 18). 2182 bytes result sent to driver","logger":"airflow.task.hooks.airflow.providers.standard.hooks.subprocess.SubprocessHook","filename":"subprocess.py","lineno":99}
{"timestamp":"2026-06-02T01:27:45.261742Z","level":"info","event":"26/06/02 01:27:45 INFO TaskSetManager: Finished task 0.0 in stage 6.0 (TID 15) in 210 ms on 32a25072c928 (executor driver) (2/9)","logger":"airflow.task.hooks.airflow.providers.standard.hooks.subprocess.SubprocessHook","filename":"subprocess.py","lineno":99}
{"timestamp":"2026-06-02T01:27:45.265299Z","level":"info","event":"26/06/02 01:27:45 INFO TaskSetManager: Finished task 2.0 in stage 6.0 (TID 17) in 212 ms on 32a25072c928 (executor driver) (3/9)","logger":"airflow.task.hooks.airflow.providers.standard.hooks.subprocess.SubprocessHook","filename":"subprocess.py","lineno":99}
{"timestamp":"2026-06-02T01:27:45.270262Z","level":"info","event":"26/06/02 01:27:45 INFO TaskSetManager: Finished task 3.0 in stage 6.0 (TID 18) in 215 ms on 32a25072c928 (executor driver) (4/9)","logger":"airflow.task.hooks.airflow.providers.standard.hooks.subprocess.SubprocessHook","filename":"subprocess.py","lineno":99}
{"timestamp":"2026-06-02T01:27:45.319954Z","level":"info","event":"26/06/02 01:27:45 INFO PythonRunner: Times: total = 237, boot = 9, init = 227, finish = 1","logger":"airflow.task.hooks.airflow.providers.standard.hooks.subprocess.SubprocessHook","filename":"subprocess.py","lineno":99}
{"timestamp":"2026-06-02T01:27:45.326801Z","level":"info","event":"26/06/02 01:27:45 INFO PythonRunner: Times: total = 240, boot = 17, init = 223, finish = 0","logger":"airflow.task.hooks.airflow.providers.standard.hooks.subprocess.SubprocessHook","filename":"subprocess.py","lineno":99}
{"timestamp":"2026-06-02T01:27:45.327122Z","level":"info","event":"26/06/02 01:27:45 INFO Executor: Finished task 6.0 in stage 6.0 (TID 21). 2202 bytes result sent to driver","logger":"airflow.task.hooks.airflow.providers.standard.hooks.subprocess.SubprocessHook","filename":"subprocess.py","lineno":99}
{"timestamp":"2026-06-02T01:27:45.340095Z","level":"info","event":"26/06/02 01:27:45 INFO Executor: Finished task 7.0 in stage 6.0 (TID 22). 2189 bytes result sent to driver","logger":"airflow.task.hooks.airflow.providers.standard.hooks.subprocess.SubprocessHook","filename":"subprocess.py","lineno":99}
{"timestamp":"2026-06-02T01:27:45.344826Z","level":"info","event":"26/06/02 01:27:45 INFO TaskSetManager: Finished task 7.0 in stage 6.0 (TID 22) in 284 ms on 32a25072c928 (executor driver) (5/9)","logger":"airflow.task.hooks.airflow.providers.standard.hooks.subprocess.SubprocessHook","filename":"subprocess.py","lineno":99}
{"timestamp":"2026-06-02T01:27:45.346349Z","level":"info","event":"26/06/02 01:27:45 INFO TaskSetManager: Finished task 6.0 in stage 6.0 (TID 21) in 287 ms on 32a25072c928 (executor driver) (6/9)","logger":"airflow.task.hooks.airflow.providers.standard.hooks.subprocess.SubprocessHook","filename":"subprocess.py","lineno":99}
{"timestamp":"2026-06-02T01:27:45.356540Z","level":"info","event":"26/06/02 01:27:45 INFO PythonRunner: Times: total = 272, boot = 25, init = 247, finish = 0","logger":"airflow.task.hooks.airflow.providers.standard.hooks.subprocess.SubprocessHook","filename":"subprocess.py","lineno":99}
{"timestamp":"2026-06-02T01:27:45.372298Z","level":"info","event":"26/06/02 01:27:45 INFO Executor: Finished task 5.0 in stage 6.0 (TID 20). 2351 bytes result sent to driver","logger":"airflow.task.hooks.airflow.providers.standard.hooks.subprocess.SubprocessHook","filename":"subprocess.py","lineno":99}
{"timestamp":"2026-06-02T01:27:45.374481Z","level":"info","event":"26/06/02 01:27:45 INFO TaskSetManager: Finished task 5.0 in stage 6.0 (TID 20) in 317 ms on 32a25072c928 (executor driver) (7/9)","logger":"airflow.task.hooks.airflow.providers.standard.hooks.subprocess.SubprocessHook","filename":"subprocess.py","lineno":99}
{"timestamp":"2026-06-02T01:27:45.387787Z","level":"info","event":"26/06/02 01:27:45 INFO PythonRunner: Times: total = 303, boot = 71, init = 232, finish = 0","logger":"airflow.task.hooks.airflow.providers.standard.hooks.subprocess.SubprocessHook","filename":"subprocess.py","lineno":99}
{"timestamp":"2026-06-02T01:27:45.394588Z","level":"info","event":"26/06/02 01:27:45 INFO Executor: Finished task 8.0 in stage 6.0 (TID 23). 2152 bytes result sent to driver","logger":"airflow.task.hooks.airflow.providers.standard.hooks.subprocess.SubprocessHook","filename":"subprocess.py","lineno":99}
{"timestamp":"2026-06-02T01:27:45.394945Z","level":"info","event":"26/06/02 01:27:45 INFO TaskSetManager: Finished task 8.0 in stage 6.0 (TID 23) in 334 ms on 32a25072c928 (executor driver) (8/9)","logger":"airflow.task.hooks.airflow.providers.standard.hooks.subprocess.SubprocessHook","filename":"subprocess.py","lineno":99}
{"timestamp":"2026-06-02T01:27:45.400801Z","level":"info","event":"26/06/02 01:27:45 INFO PythonRunner: Times: total = 314, boot = 59, init = 254, finish = 1","logger":"airflow.task.hooks.airflow.providers.standard.hooks.subprocess.SubprocessHook","filename":"subprocess.py","lineno":99}
{"timestamp":"2026-06-02T01:27:45.405525Z","level":"info","event":"26/06/02 01:27:45 INFO Executor: Finished task 4.0 in stage 6.0 (TID 19). 2180 bytes result sent to driver","logger":"airflow.task.hooks.airflow.providers.standard.hooks.subprocess.SubprocessHook","filename":"subprocess.py","lineno":99}
{"timestamp":"2026-06-02T01:27:45.407632Z","level":"info","event":"26/06/02 01:27:45 INFO TaskSetManager: Finished task 4.0 in stage 6.0 (TID 19) in 352 ms on 32a25072c928 (executor driver) (9/9)","logger":"airflow.task.hooks.airflow.providers.standard.hooks.subprocess.SubprocessHook","filename":"subprocess.py","lineno":99}
{"timestamp":"2026-06-02T01:27:45.407892Z","level":"info","event":"26/06/02 01:27:45 INFO TaskSchedulerImpl: Removed TaskSet 6.0, whose tasks have all completed, from pool","logger":"airflow.task.hooks.airflow.providers.standard.hooks.subprocess.SubprocessHook","filename":"subprocess.py","lineno":99}
{"timestamp":"2026-06-02T01:27:45.410370Z","level":"info","event":"26/06/02 01:27:45 INFO DAGScheduler: ResultStage 6 (showString at NativeMethodAccessorImpl.java:0) finished in 0.383 s","logger":"airflow.task.hooks.airflow.providers.standard.hooks.subprocess.SubprocessHook","filename":"subprocess.py","lineno":99}
{"timestamp":"2026-06-02T01:27:45.411115Z","level":"info","event":"26/06/02 01:27:45 INFO DAGScheduler: Job 6 is finished. Cancelling potential speculative or zombie tasks for this job","logger":"airflow.task.hooks.airflow.providers.standard.hooks.subprocess.SubprocessHook","filename":"subprocess.py","lineno":99}
{"timestamp":"2026-06-02T01:27:45.411528Z","level":"info","event":"26/06/02 01:27:45 INFO TaskSchedulerImpl: Killing all running tasks in stage 6: Stage finished","logger":"airflow.task.hooks.airflow.providers.standard.hooks.subprocess.SubprocessHook","filename":"subprocess.py","lineno":99}
{"timestamp":"2026-06-02T01:27:45.411747Z","level":"info","event":"26/06/02 01:27:45 INFO DAGScheduler: Job 6 finished: showString at NativeMethodAccessorImpl.java:0, took 0.392676 s","logger":"airflow.task.hooks.airflow.providers.standard.hooks.subprocess.SubprocessHook","filename":"subprocess.py","lineno":99}
{"timestamp":"2026-06-02T01:27:45.442500Z","level":"info","event":"+------+--------------------+------------------+---------+---------+-----+-------+----+--------------------+","logger":"airflow.task.hooks.airflow.providers.standard.hooks.subprocess.SubprocessHook","filename":"subprocess.py","lineno":99}
{"timestamp":"2026-06-02T01:27:45.442782Z","level":"info","event":"|  type|        product_name|             value|     unit| quantity|month|quarter|year|           ingest_at|","logger":"airflow.task.hooks.airflow.providers.standard.hooks.subprocess.SubprocessHook","filename":"subprocess.py","lineno":99}
{"timestamp":"2026-06-02T01:27:45.442897Z","level":"info","event":"+------+--------------------+------------------+---------+---------+-----+-------+----+--------------------+","logger":"airflow.task.hooks.airflow.providers.standard.hooks.subprocess.SubprocessHook","filename":"subprocess.py","lineno":99}
{"timestamp":"2026-06-02T01:27:45.442954Z","level":"info","event":"|Export|            Thủy sản|      11285.783884|Triệu USD|     -1.0|    1|      1|2026|2026-06-02 01:27:...|","logger":"airflow.task.hooks.airflow.providers.standard.hooks.subprocess.SubprocessHook","filename":"subprocess.py","lineno":99}
{"timestamp":"2026-06-02T01:27:45.442994Z","level":"info","event":"|Export|             Rau quả| 8562.188278000001|Triệu USD|     -1.0|    1|      1|2026|2026-06-02 01:27:...|","logger":"airflow.task.hooks.airflow.providers.standard.hooks.subprocess.SubprocessHook","filename":"subprocess.py","lineno":99}
{"timestamp":"2026-06-02T01:27:45.443027Z","level":"info","event":"|Export|            Hạt điều|       5229.389219|Triệu USD|  766.585|    1|      1|2026|2026-06-02 01:27:...|","logger":"airflow.task.hooks.airflow.providers.standard.hooks.subprocess.SubprocessHook","filename":"subprocess.py","lineno":99}
{"timestamp":"2026-06-02T01:27:45.443058Z","level":"info","event":"|Export|              Cà phê|        8923.70649|Triệu USD| 1592.288|    1|      1|2026|2026-06-02 01:27:...|","logger":"airflow.task.hooks.airflow.providers.standard.hooks.subprocess.SubprocessHook","filename":"subprocess.py","lineno":99}
{"timestamp":"2026-06-02T01:27:45.443088Z","level":"info","event":"|Export|                 Chè|        237.899376|Triệu USD|  136.952|    1|      1|2026|2026-06-02 01:27:...|","logger":"airflow.task.hooks.airflow.providers.standard.hooks.subprocess.SubprocessHook","filename":"subprocess.py","lineno":99}
{"timestamp":"2026-06-02T01:27:45.443120Z","level":"info","event":"|Export|            Hạt tiêu|1660.8550030000001|Triệu USD|  246.132|    1|      1|2026|2026-06-02 01:27:...|","logger":"airflow.task.hooks.airflow.providers.standard.hooks.subprocess.SubprocessHook","filename":"subprocess.py","lineno":99}
{"timestamp":"2026-06-02T01:27:45.443151Z","level":"info","event":"|Export|                 Gạo|        4103.64459|Triệu USD| 8062.838|    1|      1|2026|2026-06-02 01:27:...|","logger":"airflow.task.hooks.airflow.providers.standard.hooks.subprocess.SubprocessHook","filename":"subprocess.py","lineno":99}
{"timestamp":"2026-06-02T01:27:45.443223Z","level":"info","event":"|Export|Sắn và sản phẩm c...|       1269.001528|Triệu USD| 3995.101|    1|      1|2026|2026-06-02 01:27:...|","logger":"airflow.task.hooks.airflow.providers.standard.hooks.subprocess.SubprocessHook","filename":"subprocess.py","lineno":99}
{"timestamp":"2026-06-02T01:27:45.443279Z","level":"info","event":"|Export|Bánh kẹo và các s...|       1290.228135|Triệu USD|     -1.0|    1|      1|2026|2026-06-02 01:27:...|","logger":"airflow.task.hooks.airflow.providers.standard.hooks.subprocess.SubprocessHook","filename":"subprocess.py","lineno":99}
{"timestamp":"2026-06-02T01:27:45.443324Z","level":"info","event":"|Export|Thức ăn gia súc v...|1437.8922109999999|Triệu USD|     -1.0|    1|      1|2026|2026-06-02 01:27:...|","logger":"airflow.task.hooks.airflow.providers.standard.hooks.subprocess.SubprocessHook","filename":"subprocess.py","lineno":99}
{"timestamp":"2026-06-02T01:27:45.443361Z","level":"info","event":"|Export|  Clanhke và xi măng|1374.5739199999998|Triệu USD|37315.133|    1|      1|2026|2026-06-02 01:27:...|","logger":"airflow.task.hooks.airflow.providers.standard.hooks.subprocess.SubprocessHook","filename":"subprocess.py","lineno":99}
{"timestamp":"2026-06-02T01:27:45.443407Z","level":"info","event":"|Export|             Dầu thô|       1393.990446|Triệu USD| 2482.382|    1|      1|2026|2026-06-02 01:27:...|","logger":"airflow.task.hooks.airflow.providers.standard.hooks.subprocess.SubprocessHook","filename":"subprocess.py","lineno":99}
{"timestamp":"2026-06-02T01:27:45.443475Z","level":"info","event":"|Export|            Xăng dầu| 942.2523590000001|Triệu USD|  1381.41|    1|      1|2026|2026-06-02 01:27:...|","logger":"airflow.task.hooks.airflow.providers.standard.hooks.subprocess.SubprocessHook","filename":"subprocess.py","lineno":99}
{"timestamp":"2026-06-02T01:27:45.443518Z","level":"info","event":"|Export|            Hóa chất|       2778.169297|Triệu USD|     -1.0|    1|      1|2026|2026-06-02 01:27:...|","logger":"airflow.task.hooks.airflow.providers.standard.hooks.subprocess.SubprocessHook","filename":"subprocess.py","lineno":99}
{"timestamp":"2026-06-02T01:27:45.443557Z","level":"info","event":"|Export|         SP hóa chất|       2912.852177|Triệu USD|     -1.0|    1|      1|2026|2026-06-02 01:27:...|","logger":"airflow.task.hooks.airflow.providers.standard.hooks.subprocess.SubprocessHook","filename":"subprocess.py","lineno":99}
{"timestamp":"2026-06-02T01:27:45.443595Z","level":"info","event":"|Export|Chất dẻo nguyên liệu|       2346.921521|Triệu USD| 2255.166|    1|      1|2026|2026-06-02 01:27:...|","logger":"airflow.task.hooks.airflow.providers.standard.hooks.subprocess.SubprocessHook","filename":"subprocess.py","lineno":99}
{"timestamp":"2026-06-02T01:27:45.443630Z","level":"info","event":"|Export|   Sản phẩm chất dẻo|       7473.189798|Triệu USD|     -1.0|    1|      1|2026|2026-06-02 01:27:...|","logger":"airflow.task.hooks.airflow.providers.standard.hooks.subprocess.SubprocessHook","filename":"subprocess.py","lineno":99}
{"timestamp":"2026-06-02T01:27:45.443665Z","level":"info","event":"|Export|              Cao su|       3328.785029|Triệu USD| 1907.435|    1|      1|2026|2026-06-02 01:27:...|","logger":"airflow.task.hooks.airflow.providers.standard.hooks.subprocess.SubprocessHook","filename":"subprocess.py","lineno":99}
{"timestamp":"2026-06-02T01:27:45.443699Z","level":"info","event":"|Export|  Sản phẩm từ cao su|       1417.349361|Triệu USD|     -1.0|    1|      1|2026|2026-06-02 01:27:...|","logger":"airflow.task.hooks.airflow.providers.standard.hooks.subprocess.SubprocessHook","filename":"subprocess.py","lineno":99}
{"timestamp":"2026-06-02T01:27:45.443728Z","level":"info","event":"|Export|Túi xách, ví, va ...|       4614.670138|Triệu USD|     -1.0|    1|      1|2026|2026-06-02 01:27:...|","logger":"airflow.task.hooks.airflow.providers.standard.hooks.subprocess.SubprocessHook","filename":"subprocess.py","lineno":99}
{"timestamp":"2026-06-02T01:27:45.443755Z","level":"info","event":"+------+--------------------+------------------+---------+---------+-----+-------+----+--------------------+","logger":"airflow.task.hooks.airflow.providers.standard.hooks.subprocess.SubprocessHook","filename":"subprocess.py","lineno":99}
{"timestamp":"2026-06-02T01:27:45.443785Z","level":"info","event":"only showing top 20 rows","logger":"airflow.task.hooks.airflow.providers.standard.hooks.subprocess.SubprocessHook","filename":"subprocess.py","lineno":99}
{"timestamp":"2026-06-02T01:27:45.443818Z","level":"info","event":"","logger":"airflow.task.hooks.airflow.providers.standard.hooks.subprocess.SubprocessHook","filename":"subprocess.py","lineno":99}
{"timestamp":"2026-06-02T01:27:45.590622Z","level":"info","event":"AN ERROR OCCURED WHEN LOAD DF TO international_ecommerce - 2026 1 !!!!!!!!!!!!!!","logger":"airflow.task.hooks.airflow.providers.standard.hooks.subprocess.SubprocessHook","filename":"subprocess.py","lineno":99}
{"timestamp":"2026-06-02T01:27:45.590982Z","level":"info","event":" [DELTA_FAILED_TO_MERGE_FIELDS] Failed to merge fields 'month' and 'month'","logger":"airflow.task.hooks.airflow.providers.standard.hooks.subprocess.SubprocessHook","filename":"subprocess.py","lineno":99}
{"timestamp":"2026-06-02T01:27:45.719817Z","level":"info","event":"KHONG TIM THAY SHEET BAO CAO VDTTXH TRONG EXCEL FILE: year_2026, month_1 !!!!!!!!!","logger":"airflow.task.hooks.airflow.providers.standard.hooks.subprocess.SubprocessHook","filename":"subprocess.py","lineno":99}
{"timestamp":"2026-06-02T01:27:45.735813Z","level":"info","event":"Bắt đầu insert dữ liệu vào SILVER layer","logger":"airflow.task.hooks.airflow.providers.standard.hooks.subprocess.SubprocessHook","filename":"subprocess.py","lineno":99}
{"timestamp":"2026-06-02T01:27:45.790096Z","level":"info","event":"root","logger":"airflow.task.hooks.airflow.providers.standard.hooks.subprocess.SubprocessHook","filename":"subprocess.py","lineno":99}
{"timestamp":"2026-06-02T01:27:45.790294Z","level":"info","event":" |-- product_name: string (nullable = true)","logger":"airflow.task.hooks.airflow.providers.standard.hooks.subprocess.SubprocessHook","filename":"subprocess.py","lineno":99}
{"timestamp":"2026-06-02T01:27:45.790349Z","level":"info","event":" |-- unit: string (nullable = true)","logger":"airflow.task.hooks.airflow.providers.standard.hooks.subprocess.SubprocessHook","filename":"subprocess.py","lineno":99}
{"timestamp":"2026-06-02T01:27:45.790378Z","level":"info","event":" |-- value: double (nullable = true)","logger":"airflow.task.hooks.airflow.providers.standard.hooks.subprocess.SubprocessHook","filename":"subprocess.py","lineno":99}
{"timestamp":"2026-06-02T01:27:45.790400Z","level":"info","event":" |-- month: long (nullable = true)","logger":"airflow.task.hooks.airflow.providers.standard.hooks.subprocess.SubprocessHook","filename":"subprocess.py","lineno":99}
{"timestamp":"2026-06-02T01:27:45.790419Z","level":"info","event":" |-- quarter: integer (nullable = true)","logger":"airflow.task.hooks.airflow.providers.standard.hooks.subprocess.SubprocessHook","filename":"subprocess.py","lineno":99}
{"timestamp":"2026-06-02T01:27:45.790438Z","level":"info","event":" |-- year: integer (nullable = true)","logger":"airflow.task.hooks.airflow.providers.standard.hooks.subprocess.SubprocessHook","filename":"subprocess.py","lineno":99}
{"timestamp":"2026-06-02T01:27:45.790456Z","level":"info","event":" |-- ingest_at: timestamp (nullable = true)","logger":"airflow.task.hooks.airflow.providers.standard.hooks.subprocess.SubprocessHook","filename":"subprocess.py","lineno":99}
{"timestamp":"2026-06-02T01:27:45.790476Z","level":"info","event":"","logger":"airflow.task.hooks.airflow.providers.standard.hooks.subprocess.SubprocessHook","filename":"subprocess.py","lineno":99}
{"timestamp":"2026-06-02T01:27:45.790496Z","level":"info","event":"Đang tải dữ liệu vào SILVER.Industry_product !!!!!","logger":"airflow.task.hooks.airflow.providers.standard.hooks.subprocess.SubprocessHook","filename":"subprocess.py","lineno":99}
{"timestamp":"2026-06-02T01:27:45.869232Z","level":"info","event":"26/06/02 01:27:45 INFO CodeGenerator: Code generated in 8.941963 ms","logger":"airflow.task.hooks.airflow.providers.standard.hooks.subprocess.SubprocessHook","filename":"subprocess.py","lineno":99}
{"timestamp":"2026-06-02T01:27:45.875758Z","level":"info","event":"26/06/02 01:27:45 INFO SparkContext: Starting job: showString at NativeMethodAccessorImpl.java:0","logger":"airflow.task.hooks.airflow.providers.standard.hooks.subprocess.SubprocessHook","filename":"subprocess.py","lineno":99}
{"timestamp":"2026-06-02T01:27:45.876637Z","level":"info","event":"26/06/02 01:27:45 INFO DAGScheduler: Got job 7 (showString at NativeMethodAccessorImpl.java:0) with 1 output partitions","logger":"airflow.task.hooks.airflow.providers.standard.hooks.subprocess.SubprocessHook","filename":"subprocess.py","lineno":99}
{"timestamp":"2026-06-02T01:27:45.876939Z","level":"info","event":"26/06/02 01:27:45 INFO DAGScheduler: Final stage: ResultStage 7 (showString at NativeMethodAccessorImpl.java:0)","logger":"airflow.task.hooks.airflow.providers.standard.hooks.subprocess.SubprocessHook","filename":"subprocess.py","lineno":99}
{"timestamp":"2026-06-02T01:27:45.877067Z","level":"info","event":"26/06/02 01:27:45 INFO DAGScheduler: Parents of final stage: List()","logger":"airflow.task.hooks.airflow.providers.standard.hooks.subprocess.SubprocessHook","filename":"subprocess.py","lineno":99}
{"timestamp":"2026-06-02T01:27:45.880074Z","level":"info","event":"26/06/02 01:27:45 INFO DAGScheduler: Missing parents: List()","logger":"airflow.task.hooks.airflow.providers.standard.hooks.subprocess.SubprocessHook","filename":"subprocess.py","lineno":99}
{"timestamp":"2026-06-02T01:27:45.881224Z","level":"info","event":"26/06/02 01:27:45 INFO DAGScheduler: Submitting ResultStage 7 (MapPartitionsRDD[24] at showString at NativeMethodAccessorImpl.java:0), which has no missing parents","logger":"airflow.task.hooks.airflow.providers.standard.hooks.subprocess.SubprocessHook","filename":"subprocess.py","lineno":99}
{"timestamp":"2026-06-02T01:27:45.883506Z","level":"info","event":"26/06/02 01:27:45 INFO MemoryStore: Block broadcast_8 stored as values in memory (estimated size 15.7 KiB, free 434.4 MiB)","logger":"airflow.task.hooks.airflow.providers.standard.hooks.subprocess.SubprocessHook","filename":"subprocess.py","lineno":99}
{"timestamp":"2026-06-02T01:27:45.890748Z","level":"info","event":"26/06/02 01:27:45 INFO MemoryStore: Block broadcast_8_piece0 stored as bytes in memory (estimated size 7.7 KiB, free 434.4 MiB)","logger":"airflow.task.hooks.airflow.providers.standard.hooks.subprocess.SubprocessHook","filename":"subprocess.py","lineno":99}
{"timestamp":"2026-06-02T01:27:45.892636Z","level":"info","event":"26/06/02 01:27:45 INFO BlockManagerInfo: Added broadcast_8_piece0 in memory on 32a25072c928:37123 (size: 7.7 KiB, free: 434.4 MiB)","logger":"airflow.task.hooks.airflow.providers.standard.hooks.subprocess.SubprocessHook","filename":"subprocess.py","lineno":99}
{"timestamp":"2026-06-02T01:27:45.893296Z","level":"info","event":"26/06/02 01:27:45 INFO SparkContext: Created broadcast 8 from broadcast at DAGScheduler.scala:1611","logger":"airflow.task.hooks.airflow.providers.standard.hooks.subprocess.SubprocessHook","filename":"subprocess.py","lineno":99}
{"timestamp":"2026-06-02T01:27:45.893777Z","level":"info","event":"26/06/02 01:27:45 INFO DAGScheduler: Submitting 1 missing tasks from ResultStage 7 (MapPartitionsRDD[24] at showString at NativeMethodAccessorImpl.java:0) (first 15 tasks are for partitions Vector(0))","logger":"airflow.task.hooks.airflow.providers.standard.hooks.subprocess.SubprocessHook","filename":"subprocess.py","lineno":99}
{"timestamp":"2026-06-02T01:27:45.894127Z","level":"info","event":"26/06/02 01:27:45 INFO TaskSchedulerImpl: Adding task set 7.0 with 1 tasks resource profile 0","logger":"airflow.task.hooks.airflow.providers.standard.hooks.subprocess.SubprocessHook","filename":"subprocess.py","lineno":99}
{"timestamp":"2026-06-02T01:27:45.898705Z","level":"info","event":"26/06/02 01:27:45 INFO TaskSetManager: Starting task 0.0 in stage 7.0 (TID 24) (32a25072c928, executor driver, partition 0, PROCESS_LOCAL, 9133 bytes)","logger":"airflow.task.hooks.airflow.providers.standard.hooks.subprocess.SubprocessHook","filename":"subprocess.py","lineno":99}
{"timestamp":"2026-06-02T01:27:45.899956Z","level":"info","event":"26/06/02 01:27:45 INFO Executor: Running task 0.0 in stage 7.0 (TID 24)","logger":"airflow.task.hooks.airflow.providers.standard.hooks.subprocess.SubprocessHook","filename":"subprocess.py","lineno":99}
{"timestamp":"2026-06-02T01:27:45.954205Z","level":"info","event":"26/06/02 01:27:45 INFO CodeGenerator: Code generated in 44.472338 ms","logger":"airflow.task.hooks.airflow.providers.standard.hooks.subprocess.SubprocessHook","filename":"subprocess.py","lineno":99}
{"timestamp":"2026-06-02T01:27:45.958032Z","level":"info","event":"26/06/02 01:27:45 INFO BlockManagerInfo: Removed broadcast_7_piece0 on 32a25072c928:37123 in memory (size: 7.9 KiB, free: 434.4 MiB)","logger":"airflow.task.hooks.airflow.providers.standard.hooks.subprocess.SubprocessHook","filename":"subprocess.py","lineno":99}
{"timestamp":"2026-06-02T01:27:46.017020Z","level":"info","event":"26/06/02 01:27:46 INFO PythonRunner: Times: total = 109, boot = -684, init = 793, finish = 0","logger":"airflow.task.hooks.airflow.providers.standard.hooks.subprocess.SubprocessHook","filename":"subprocess.py","lineno":99}
{"timestamp":"2026-06-02T01:27:46.025800Z","level":"info","event":"26/06/02 01:27:46 INFO Executor: Finished task 0.0 in stage 7.0 (TID 24). 2122 bytes result sent to driver","logger":"airflow.task.hooks.airflow.providers.standard.hooks.subprocess.SubprocessHook","filename":"subprocess.py","lineno":99}
{"timestamp":"2026-06-02T01:27:46.027297Z","level":"info","event":"26/06/02 01:27:46 INFO TaskSetManager: Finished task 0.0 in stage 7.0 (TID 24) in 129 ms on 32a25072c928 (executor driver) (1/1)","logger":"airflow.task.hooks.airflow.providers.standard.hooks.subprocess.SubprocessHook","filename":"subprocess.py","lineno":99}
{"timestamp":"2026-06-02T01:27:46.027624Z","level":"info","event":"26/06/02 01:27:46 INFO TaskSchedulerImpl: Removed TaskSet 7.0, whose tasks have all completed, from pool","logger":"airflow.task.hooks.airflow.providers.standard.hooks.subprocess.SubprocessHook","filename":"subprocess.py","lineno":99}
{"timestamp":"2026-06-02T01:27:46.030207Z","level":"info","event":"26/06/02 01:27:46 INFO DAGScheduler: ResultStage 7 (showString at NativeMethodAccessorImpl.java:0) finished in 0.147 s","logger":"airflow.task.hooks.airflow.providers.standard.hooks.subprocess.SubprocessHook","filename":"subprocess.py","lineno":99}
{"timestamp":"2026-06-02T01:27:46.031428Z","level":"info","event":"26/06/02 01:27:46 INFO DAGScheduler: Job 7 is finished. Cancelling potential speculative or zombie tasks for this job","logger":"airflow.task.hooks.airflow.providers.standard.hooks.subprocess.SubprocessHook","filename":"subprocess.py","lineno":99}
{"timestamp":"2026-06-02T01:27:46.031679Z","level":"info","event":"26/06/02 01:27:46 INFO TaskSchedulerImpl: Killing all running tasks in stage 7: Stage finished","logger":"airflow.task.hooks.airflow.providers.standard.hooks.subprocess.SubprocessHook","filename":"subprocess.py","lineno":99}
{"timestamp":"2026-06-02T01:27:46.031848Z","level":"info","event":"26/06/02 01:27:46 INFO DAGScheduler: Job 7 finished: showString at NativeMethodAccessorImpl.java:0, took 0.156080 s","logger":"airflow.task.hooks.airflow.providers.standard.hooks.subprocess.SubprocessHook","filename":"subprocess.py","lineno":99}
{"timestamp":"2026-06-02T01:27:46.040506Z","level":"info","event":"26/06/02 01:27:46 INFO SparkContext: Starting job: showString at NativeMethodAccessorImpl.java:0","logger":"airflow.task.hooks.airflow.providers.standard.hooks.subprocess.SubprocessHook","filename":"subprocess.py","lineno":99}
{"timestamp":"2026-06-02T01:27:46.043061Z","level":"info","event":"26/06/02 01:27:46 INFO DAGScheduler: Got job 8 (showString at NativeMethodAccessorImpl.java:0) with 4 output partitions","logger":"airflow.task.hooks.airflow.providers.standard.hooks.subprocess.SubprocessHook","filename":"subprocess.py","lineno":99}
{"timestamp":"2026-06-02T01:27:46.043365Z","level":"info","event":"26/06/02 01:27:46 INFO DAGScheduler: Final stage: ResultStage 8 (showString at NativeMethodAccessorImpl.java:0)","logger":"airflow.task.hooks.airflow.providers.standard.hooks.subprocess.SubprocessHook","filename":"subprocess.py","lineno":99}
{"timestamp":"2026-06-02T01:27:46.043492Z","level":"info","event":"26/06/02 01:27:46 INFO DAGScheduler: Parents of final stage: List()","logger":"airflow.task.hooks.airflow.providers.standard.hooks.subprocess.SubprocessHook","filename":"subprocess.py","lineno":99}
{"timestamp":"2026-06-02T01:27:46.043869Z","level":"info","event":"26/06/02 01:27:46 INFO DAGScheduler: Missing parents: List()","logger":"airflow.task.hooks.airflow.providers.standard.hooks.subprocess.SubprocessHook","filename":"subprocess.py","lineno":99}
{"timestamp":"2026-06-02T01:27:46.045637Z","level":"info","event":"26/06/02 01:27:46 INFO DAGScheduler: Submitting ResultStage 8 (MapPartitionsRDD[24] at showString at NativeMethodAccessorImpl.java:0), which has no missing parents","logger":"airflow.task.hooks.airflow.providers.standard.hooks.subprocess.SubprocessHook","filename":"subprocess.py","lineno":99}
{"timestamp":"2026-06-02T01:27:46.049182Z","level":"info","event":"26/06/02 01:27:46 INFO MemoryStore: Block broadcast_9 stored as values in memory (estimated size 15.7 KiB, free 434.4 MiB)","logger":"airflow.task.hooks.airflow.providers.standard.hooks.subprocess.SubprocessHook","filename":"subprocess.py","lineno":99}
{"timestamp":"2026-06-02T01:27:46.051188Z","level":"info","event":"26/06/02 01:27:46 INFO MemoryStore: Block broadcast_9_piece0 stored as bytes in memory (estimated size 7.7 KiB, free 434.4 MiB)","logger":"airflow.task.hooks.airflow.providers.standard.hooks.subprocess.SubprocessHook","filename":"subprocess.py","lineno":99}
{"timestamp":"2026-06-02T01:27:46.052649Z","level":"info","event":"26/06/02 01:27:46 INFO BlockManagerInfo: Added broadcast_9_piece0 in memory on 32a25072c928:37123 (size: 7.7 KiB, free: 434.4 MiB)","logger":"airflow.task.hooks.airflow.providers.standard.hooks.subprocess.SubprocessHook","filename":"subprocess.py","lineno":99}
{"timestamp":"2026-06-02T01:27:46.053709Z","level":"info","event":"26/06/02 01:27:46 INFO SparkContext: Created broadcast 9 from broadcast at DAGScheduler.scala:1611","logger":"airflow.task.hooks.airflow.providers.standard.hooks.subprocess.SubprocessHook","filename":"subprocess.py","lineno":99}
{"timestamp":"2026-06-02T01:27:46.054436Z","level":"info","event":"26/06/02 01:27:46 INFO DAGScheduler: Submitting 4 missing tasks from ResultStage 8 (MapPartitionsRDD[24] at showString at NativeMethodAccessorImpl.java:0) (first 15 tasks are for partitions Vector(1, 2, 3, 4))","logger":"airflow.task.hooks.airflow.providers.standard.hooks.subprocess.SubprocessHook","filename":"subprocess.py","lineno":99}
{"timestamp":"2026-06-02T01:27:46.054587Z","level":"info","event":"26/06/02 01:27:46 INFO TaskSchedulerImpl: Adding task set 8.0 with 4 tasks resource profile 0","logger":"airflow.task.hooks.airflow.providers.standard.hooks.subprocess.SubprocessHook","filename":"subprocess.py","lineno":99}
{"timestamp":"2026-06-02T01:27:46.056948Z","level":"info","event":"26/06/02 01:27:46 INFO TaskSetManager: Starting task 0.0 in stage 8.0 (TID 25) (32a25072c928, executor driver, partition 1, PROCESS_LOCAL, 9154 bytes)","logger":"airflow.task.hooks.airflow.providers.standard.hooks.subprocess.SubprocessHook","filename":"subprocess.py","lineno":99}
{"timestamp":"2026-06-02T01:27:46.057219Z","level":"info","event":"26/06/02 01:27:46 INFO TaskSetManager: Starting task 1.0 in stage 8.0 (TID 26) (32a25072c928, executor driver, partition 2, PROCESS_LOCAL, 9102 bytes)","logger":"airflow.task.hooks.airflow.providers.standard.hooks.subprocess.SubprocessHook","filename":"subprocess.py","lineno":99}
{"timestamp":"2026-06-02T01:27:46.057609Z","level":"info","event":"26/06/02 01:27:46 INFO TaskSetManager: Starting task 2.0 in stage 8.0 (TID 27) (32a25072c928, executor driver, partition 3, PROCESS_LOCAL, 9140 bytes)","logger":"airflow.task.hooks.airflow.providers.standard.hooks.subprocess.SubprocessHook","filename":"subprocess.py","lineno":99}
{"timestamp":"2026-06-02T01:27:46.057793Z","level":"info","event":"26/06/02 01:27:46 INFO TaskSetManager: Starting task 3.0 in stage 8.0 (TID 28) (32a25072c928, executor driver, partition 4, PROCESS_LOCAL, 9110 bytes)","logger":"airflow.task.hooks.airflow.providers.standard.hooks.subprocess.SubprocessHook","filename":"subprocess.py","lineno":99}
{"timestamp":"2026-06-02T01:27:46.059511Z","level":"info","event":"26/06/02 01:27:46 INFO Executor: Running task 2.0 in stage 8.0 (TID 27)","logger":"airflow.task.hooks.airflow.providers.standard.hooks.subprocess.SubprocessHook","filename":"subprocess.py","lineno":99}
{"timestamp":"2026-06-02T01:27:46.059759Z","level":"info","event":"26/06/02 01:27:46 INFO Executor: Running task 1.0 in stage 8.0 (TID 26)","logger":"airflow.task.hooks.airflow.providers.standard.hooks.subprocess.SubprocessHook","filename":"subprocess.py","lineno":99}
{"timestamp":"2026-06-02T01:27:46.060802Z","level":"info","event":"26/06/02 01:27:46 INFO Executor: Running task 3.0 in stage 8.0 (TID 28)","logger":"airflow.task.hooks.airflow.providers.standard.hooks.subprocess.SubprocessHook","filename":"subprocess.py","lineno":99}
{"timestamp":"2026-06-02T01:27:46.061060Z","level":"info","event":"26/06/02 01:27:46 INFO Executor: Running task 0.0 in stage 8.0 (TID 25)","logger":"airflow.task.hooks.airflow.providers.standard.hooks.subprocess.SubprocessHook","filename":"subprocess.py","lineno":99}
{"timestamp":"2026-06-02T01:27:46.179800Z","level":"info","event":"26/06/02 01:27:46 INFO PythonRunner: Times: total = 99, boot = -837, init = 936, finish = 0","logger":"airflow.task.hooks.airflow.providers.standard.hooks.subprocess.SubprocessHook","filename":"subprocess.py","lineno":99}
{"timestamp":"2026-06-02T01:27:46.189481Z","level":"info","event":"26/06/02 01:27:46 INFO PythonRunner: Times: total = 105, boot = -842, init = 947, finish = 0","logger":"airflow.task.hooks.airflow.providers.standard.hooks.subprocess.SubprocessHook","filename":"subprocess.py","lineno":99}
{"timestamp":"2026-06-02T01:27:46.190454Z","level":"info","event":"26/06/02 01:27:46 INFO Executor: Finished task 0.0 in stage 8.0 (TID 25). 2182 bytes result sent to driver","logger":"airflow.task.hooks.airflow.providers.standard.hooks.subprocess.SubprocessHook","filename":"subprocess.py","lineno":99}
{"timestamp":"2026-06-02T01:27:46.191010Z","level":"info","event":"26/06/02 01:27:46 INFO BlockManagerInfo: Removed broadcast_8_piece0 on 32a25072c928:37123 in memory (size: 7.7 KiB, free: 434.4 MiB)","logger":"airflow.task.hooks.airflow.providers.standard.hooks.subprocess.SubprocessHook","filename":"subprocess.py","lineno":99}
{"timestamp":"2026-06-02T01:27:46.191505Z","level":"info","event":"26/06/02 01:27:46 INFO Executor: Finished task 3.0 in stage 8.0 (TID 28). 2168 bytes result sent to driver","logger":"airflow.task.hooks.airflow.providers.standard.hooks.subprocess.SubprocessHook","filename":"subprocess.py","lineno":99}
{"timestamp":"2026-06-02T01:27:46.194899Z","level":"info","event":"26/06/02 01:27:46 INFO TaskSetManager: Finished task 3.0 in stage 8.0 (TID 28) in 135 ms on 32a25072c928 (executor driver) (1/4)","logger":"airflow.task.hooks.airflow.providers.standard.hooks.subprocess.SubprocessHook","filename":"subprocess.py","lineno":99}
{"timestamp":"2026-06-02T01:27:46.196338Z","level":"info","event":"26/06/02 01:27:46 INFO TaskSetManager: Finished task 0.0 in stage 8.0 (TID 25) in 139 ms on 32a25072c928 (executor driver) (2/4)","logger":"airflow.task.hooks.airflow.providers.standard.hooks.subprocess.SubprocessHook","filename":"subprocess.py","lineno":99}
{"timestamp":"2026-06-02T01:27:46.204018Z","level":"info","event":"26/06/02 01:27:46 INFO PythonRunner: Times: total = 124, boot = -734, init = 857, finish = 1","logger":"airflow.task.hooks.airflow.providers.standard.hooks.subprocess.SubprocessHook","filename":"subprocess.py","lineno":99}
{"timestamp":"2026-06-02T01:27:46.206933Z","level":"info","event":"26/06/02 01:27:46 INFO Executor: Finished task 2.0 in stage 8.0 (TID 27). 2157 bytes result sent to driver","logger":"airflow.task.hooks.airflow.providers.standard.hooks.subprocess.SubprocessHook","filename":"subprocess.py","lineno":99}
{"timestamp":"2026-06-02T01:27:46.208861Z","level":"info","event":"26/06/02 01:27:46 INFO TaskSetManager: Finished task 2.0 in stage 8.0 (TID 27) in 151 ms on 32a25072c928 (executor driver) (3/4)","logger":"airflow.task.hooks.airflow.providers.standard.hooks.subprocess.SubprocessHook","filename":"subprocess.py","lineno":99}
{"timestamp":"2026-06-02T01:27:46.217448Z","level":"info","event":"26/06/02 01:27:46 INFO PythonRunner: Times: total = 138, boot = -829, init = 967, finish = 0","logger":"airflow.task.hooks.airflow.providers.standard.hooks.subprocess.SubprocessHook","filename":"subprocess.py","lineno":99}
{"timestamp":"2026-06-02T01:27:46.220611Z","level":"info","event":"26/06/02 01:27:46 INFO Executor: Finished task 1.0 in stage 8.0 (TID 26). 2107 bytes result sent to driver","logger":"airflow.task.hooks.airflow.providers.standard.hooks.subprocess.SubprocessHook","filename":"subprocess.py","lineno":99}
{"timestamp":"2026-06-02T01:27:46.222807Z","level":"info","event":"26/06/02 01:27:46 INFO TaskSetManager: Finished task 1.0 in stage 8.0 (TID 26) in 165 ms on 32a25072c928 (executor driver) (4/4)","logger":"airflow.task.hooks.airflow.providers.standard.hooks.subprocess.SubprocessHook","filename":"subprocess.py","lineno":99}
{"timestamp":"2026-06-02T01:27:46.223087Z","level":"info","event":"26/06/02 01:27:46 INFO TaskSchedulerImpl: Removed TaskSet 8.0, whose tasks have all completed, from pool","logger":"airflow.task.hooks.airflow.providers.standard.hooks.subprocess.SubprocessHook","filename":"subprocess.py","lineno":99}
{"timestamp":"2026-06-02T01:27:46.224547Z","level":"info","event":"26/06/02 01:27:46 INFO DAGScheduler: ResultStage 8 (showString at NativeMethodAccessorImpl.java:0) finished in 0.177 s","logger":"airflow.task.hooks.airflow.providers.standard.hooks.subprocess.SubprocessHook","filename":"subprocess.py","lineno":99}
{"timestamp":"2026-06-02T01:27:46.224765Z","level":"info","event":"26/06/02 01:27:46 INFO DAGScheduler: Job 8 is finished. Cancelling potential speculative or zombie tasks for this job","logger":"airflow.task.hooks.airflow.providers.standard.hooks.subprocess.SubprocessHook","filename":"subprocess.py","lineno":99}
{"timestamp":"2026-06-02T01:27:46.224814Z","level":"info","event":"26/06/02 01:27:46 INFO TaskSchedulerImpl: Killing all running tasks in stage 8: Stage finished","logger":"airflow.task.hooks.airflow.providers.standard.hooks.subprocess.SubprocessHook","filename":"subprocess.py","lineno":99}
{"timestamp":"2026-06-02T01:27:46.227636Z","level":"info","event":"26/06/02 01:27:46 INFO DAGScheduler: Job 8 finished: showString at NativeMethodAccessorImpl.java:0, took 0.185244 s","logger":"airflow.task.hooks.airflow.providers.standard.hooks.subprocess.SubprocessHook","filename":"subprocess.py","lineno":99}
{"timestamp":"2026-06-02T01:27:46.244388Z","level":"info","event":"26/06/02 01:27:46 INFO SparkContext: Starting job: showString at NativeMethodAccessorImpl.java:0","logger":"airflow.task.hooks.airflow.providers.standard.hooks.subprocess.SubprocessHook","filename":"subprocess.py","lineno":99}
{"timestamp":"2026-06-02T01:27:46.246205Z","level":"info","event":"26/06/02 01:27:46 INFO DAGScheduler: Got job 9 (showString at NativeMethodAccessorImpl.java:0) with 9 output partitions","logger":"airflow.task.hooks.airflow.providers.standard.hooks.subprocess.SubprocessHook","filename":"subprocess.py","lineno":99}
{"timestamp":"2026-06-02T01:27:46.246735Z","level":"info","event":"26/06/02 01:27:46 INFO DAGScheduler: Final stage: ResultStage 9 (showString at NativeMethodAccessorImpl.java:0)","logger":"airflow.task.hooks.airflow.providers.standard.hooks.subprocess.SubprocessHook","filename":"subprocess.py","lineno":99}
{"timestamp":"2026-06-02T01:27:46.247086Z","level":"info","event":"26/06/02 01:27:46 INFO DAGScheduler: Parents of final stage: List()","logger":"airflow.task.hooks.airflow.providers.standard.hooks.subprocess.SubprocessHook","filename":"subprocess.py","lineno":99}
{"timestamp":"2026-06-02T01:27:46.247440Z","level":"info","event":"26/06/02 01:27:46 INFO DAGScheduler: Missing parents: List()","logger":"airflow.task.hooks.airflow.providers.standard.hooks.subprocess.SubprocessHook","filename":"subprocess.py","lineno":99}
{"timestamp":"2026-06-02T01:27:46.251107Z","level":"info","event":"26/06/02 01:27:46 INFO DAGScheduler: Submitting ResultStage 9 (MapPartitionsRDD[24] at showString at NativeMethodAccessorImpl.java:0), which has no missing parents","logger":"airflow.task.hooks.airflow.providers.standard.hooks.subprocess.SubprocessHook","filename":"subprocess.py","lineno":99}
{"timestamp":"2026-06-02T01:27:46.255738Z","level":"info","event":"26/06/02 01:27:46 INFO MemoryStore: Block broadcast_10 stored as values in memory (estimated size 15.7 KiB, free 434.4 MiB)","logger":"airflow.task.hooks.airflow.providers.standard.hooks.subprocess.SubprocessHook","filename":"subprocess.py","lineno":99}
{"timestamp":"2026-06-02T01:27:46.258784Z","level":"info","event":"26/06/02 01:27:46 INFO MemoryStore: Block broadcast_10_piece0 stored as bytes in memory (estimated size 7.7 KiB, free 434.4 MiB)","logger":"airflow.task.hooks.airflow.providers.standard.hooks.subprocess.SubprocessHook","filename":"subprocess.py","lineno":99}
{"timestamp":"2026-06-02T01:27:46.260459Z","level":"info","event":"26/06/02 01:27:46 INFO BlockManagerInfo: Added broadcast_10_piece0 in memory on 32a25072c928:37123 (size: 7.7 KiB, free: 434.4 MiB)","logger":"airflow.task.hooks.airflow.providers.standard.hooks.subprocess.SubprocessHook","filename":"subprocess.py","lineno":99}
{"timestamp":"2026-06-02T01:27:46.261656Z","level":"info","event":"26/06/02 01:27:46 INFO SparkContext: Created broadcast 10 from broadcast at DAGScheduler.scala:1611","logger":"airflow.task.hooks.airflow.providers.standard.hooks.subprocess.SubprocessHook","filename":"subprocess.py","lineno":99}
{"timestamp":"2026-06-02T01:27:46.262644Z","level":"info","event":"26/06/02 01:27:46 INFO DAGScheduler: Submitting 9 missing tasks from ResultStage 9 (MapPartitionsRDD[24] at showString at NativeMethodAccessorImpl.java:0) (first 15 tasks are for partitions Vector(5, 6, 7, 8, 9, 10, 11, 12, 13))","logger":"airflow.task.hooks.airflow.providers.standard.hooks.subprocess.SubprocessHook","filename":"subprocess.py","lineno":99}
{"timestamp":"2026-06-02T01:27:46.262784Z","level":"info","event":"26/06/02 01:27:46 INFO TaskSchedulerImpl: Adding task set 9.0 with 9 tasks resource profile 0","logger":"airflow.task.hooks.airflow.providers.standard.hooks.subprocess.SubprocessHook","filename":"subprocess.py","lineno":99}
{"timestamp":"2026-06-02T01:27:46.266125Z","level":"info","event":"26/06/02 01:27:46 INFO TaskSetManager: Starting task 0.0 in stage 9.0 (TID 29) (32a25072c928, executor driver, partition 5, PROCESS_LOCAL, 9119 bytes)","logger":"airflow.task.hooks.airflow.providers.standard.hooks.subprocess.SubprocessHook","filename":"subprocess.py","lineno":99}
{"timestamp":"2026-06-02T01:27:46.266466Z","level":"info","event":"26/06/02 01:27:46 INFO TaskSetManager: Starting task 1.0 in stage 9.0 (TID 30) (32a25072c928, executor driver, partition 6, PROCESS_LOCAL, 9127 bytes)","logger":"airflow.task.hooks.airflow.providers.standard.hooks.subprocess.SubprocessHook","filename":"subprocess.py","lineno":99}
{"timestamp":"2026-06-02T01:27:46.266582Z","level":"info","event":"26/06/02 01:27:46 INFO TaskSetManager: Starting task 2.0 in stage 9.0 (TID 31) (32a25072c928, executor driver, partition 7, PROCESS_LOCAL, 9147 bytes)","logger":"airflow.task.hooks.airflow.providers.standard.hooks.subprocess.SubprocessHook","filename":"subprocess.py","lineno":99}
{"timestamp":"2026-06-02T01:27:46.266909Z","level":"info","event":"26/06/02 01:27:46 INFO TaskSetManager: Starting task 3.0 in stage 9.0 (TID 32) (32a25072c928, executor driver, partition 8, PROCESS_LOCAL, 9182 bytes)","logger":"airflow.task.hooks.airflow.providers.standard.hooks.subprocess.SubprocessHook","filename":"subprocess.py","lineno":99}
{"timestamp":"2026-06-02T01:27:46.267281Z","level":"info","event":"26/06/02 01:27:46 INFO TaskSetManager: Starting task 4.0 in stage 9.0 (TID 33) (32a25072c928, executor driver, partition 9, PROCESS_LOCAL, 9123 bytes)","logger":"airflow.task.hooks.airflow.providers.standard.hooks.subprocess.SubprocessHook","filename":"subprocess.py","lineno":99}
{"timestamp":"2026-06-02T01:27:46.268145Z","level":"info","event":"26/06/02 01:27:46 INFO TaskSetManager: Starting task 5.0 in stage 9.0 (TID 34) (32a25072c928, executor driver, partition 10, PROCESS_LOCAL, 9122 bytes)","logger":"airflow.task.hooks.airflow.providers.standard.hooks.subprocess.SubprocessHook","filename":"subprocess.py","lineno":99}
{"timestamp":"2026-06-02T01:27:46.269082Z","level":"info","event":"26/06/02 01:27:46 INFO TaskSetManager: Starting task 6.0 in stage 9.0 (TID 35) (32a25072c928, executor driver, partition 11, PROCESS_LOCAL, 9123 bytes)","logger":"airflow.task.hooks.airflow.providers.standard.hooks.subprocess.SubprocessHook","filename":"subprocess.py","lineno":99}
{"timestamp":"2026-06-02T01:27:46.270481Z","level":"info","event":"26/06/02 01:27:46 INFO TaskSetManager: Starting task 7.0 in stage 9.0 (TID 36) (32a25072c928, executor driver, partition 12, PROCESS_LOCAL, 9117 bytes)","logger":"airflow.task.hooks.airflow.providers.standard.hooks.subprocess.SubprocessHook","filename":"subprocess.py","lineno":99}
{"timestamp":"2026-06-02T01:27:46.271375Z","level":"info","event":"26/06/02 01:27:46 INFO TaskSetManager: Starting task 8.0 in stage 9.0 (TID 37) (32a25072c928, executor driver, partition 13, PROCESS_LOCAL, 9157 bytes)","logger":"airflow.task.hooks.airflow.providers.standard.hooks.subprocess.SubprocessHook","filename":"subprocess.py","lineno":99}
{"timestamp":"2026-06-02T01:27:46.273527Z","level":"info","event":"26/06/02 01:27:46 INFO Executor: Running task 1.0 in stage 9.0 (TID 30)","logger":"airflow.task.hooks.airflow.providers.standard.hooks.subprocess.SubprocessHook","filename":"subprocess.py","lineno":99}
{"timestamp":"2026-06-02T01:27:46.273803Z","level":"info","event":"26/06/02 01:27:46 INFO Executor: Running task 3.0 in stage 9.0 (TID 32)","logger":"airflow.task.hooks.airflow.providers.standard.hooks.subprocess.SubprocessHook","filename":"subprocess.py","lineno":99}
{"timestamp":"2026-06-02T01:27:46.274120Z","level":"info","event":"26/06/02 01:27:46 INFO Executor: Running task 2.0 in stage 9.0 (TID 31)","logger":"airflow.task.hooks.airflow.providers.standard.hooks.subprocess.SubprocessHook","filename":"subprocess.py","lineno":99}
{"timestamp":"2026-06-02T01:27:46.274300Z","level":"info","event":"26/06/02 01:27:46 INFO Executor: Running task 5.0 in stage 9.0 (TID 34)","logger":"airflow.task.hooks.airflow.providers.standard.hooks.subprocess.SubprocessHook","filename":"subprocess.py","lineno":99}
{"timestamp":"2026-06-02T01:27:46.274460Z","level":"info","event":"26/06/02 01:27:46 INFO Executor: Running task 0.0 in stage 9.0 (TID 29)","logger":"airflow.task.hooks.airflow.providers.standard.hooks.subprocess.SubprocessHook","filename":"subprocess.py","lineno":99}
{"timestamp":"2026-06-02T01:27:46.274603Z","level":"info","event":"26/06/02 01:27:46 INFO Executor: Running task 4.0 in stage 9.0 (TID 33)","logger":"airflow.task.hooks.airflow.providers.standard.hooks.subprocess.SubprocessHook","filename":"subprocess.py","lineno":99}
{"timestamp":"2026-06-02T01:27:46.274710Z","level":"info","event":"26/06/02 01:27:46 INFO Executor: Running task 6.0 in stage 9.0 (TID 35)","logger":"airflow.task.hooks.airflow.providers.standard.hooks.subprocess.SubprocessHook","filename":"subprocess.py","lineno":99}
{"timestamp":"2026-06-02T01:27:46.274854Z","level":"info","event":"26/06/02 01:27:46 INFO Executor: Running task 8.0 in stage 9.0 (TID 37)","logger":"airflow.task.hooks.airflow.providers.standard.hooks.subprocess.SubprocessHook","filename":"subprocess.py","lineno":99}
{"timestamp":"2026-06-02T01:27:46.275693Z","level":"info","event":"26/06/02 01:27:46 INFO Executor: Running task 7.0 in stage 9.0 (TID 36)","logger":"airflow.task.hooks.airflow.providers.standard.hooks.subprocess.SubprocessHook","filename":"subprocess.py","lineno":99}
{"timestamp":"2026-06-02T01:27:46.422519Z","level":"info","event":"26/06/02 01:27:46 INFO PythonRunner: Times: total = 133, boot = -249, init = 382, finish = 0","logger":"airflow.task.hooks.airflow.providers.standard.hooks.subprocess.SubprocessHook","filename":"subprocess.py","lineno":99}
{"timestamp":"2026-06-02T01:27:46.422951Z","level":"info","event":"26/06/02 01:27:46 INFO PythonRunner: Times: total = 135, boot = -84, init = 219, finish = 0","logger":"airflow.task.hooks.airflow.providers.standard.hooks.subprocess.SubprocessHook","filename":"subprocess.py","lineno":99}
{"timestamp":"2026-06-02T01:27:46.423091Z","level":"info","event":"26/06/02 01:27:46 INFO PythonRunner: Times: total = 132, boot = -50, init = 182, finish = 0","logger":"airflow.task.hooks.airflow.providers.standard.hooks.subprocess.SubprocessHook","filename":"subprocess.py","lineno":99}
{"timestamp":"2026-06-02T01:27:46.452291Z","level":"info","event":"26/06/02 01:27:46 INFO PythonRunner: Times: total = 143, boot = -933, init = 1076, finish = 0","logger":"airflow.task.hooks.airflow.providers.standard.hooks.subprocess.SubprocessHook","filename":"subprocess.py","lineno":99}
{"timestamp":"2026-06-02T01:27:46.452554Z","level":"info","event":"26/06/02 01:27:46 INFO PythonRunner: Times: total = 139, boot = -905, init = 1043, finish = 1","logger":"airflow.task.hooks.airflow.providers.standard.hooks.subprocess.SubprocessHook","filename":"subprocess.py","lineno":99}
{"timestamp":"2026-06-02T01:27:46.452647Z","level":"info","event":"26/06/02 01:27:46 INFO PythonRunner: Times: total = 138, boot = -79, init = 217, finish = 0","logger":"airflow.task.hooks.airflow.providers.standard.hooks.subprocess.SubprocessHook","filename":"subprocess.py","lineno":99}
{"timestamp":"2026-06-02T01:27:46.452751Z","level":"info","event":"26/06/02 01:27:46 INFO Executor: Finished task 5.0 in stage 9.0 (TID 34). 2110 bytes result sent to driver","logger":"airflow.task.hooks.airflow.providers.standard.hooks.subprocess.SubprocessHook","filename":"subprocess.py","lineno":99}
{"timestamp":"2026-06-02T01:27:46.453582Z","level":"info","event":"26/06/02 01:27:46 INFO Executor: Finished task 8.0 in stage 9.0 (TID 37). 2150 bytes result sent to driver","logger":"airflow.task.hooks.airflow.providers.standard.hooks.subprocess.SubprocessHook","filename":"subprocess.py","lineno":99}
{"timestamp":"2026-06-02T01:27:46.453870Z","level":"info","event":"26/06/02 01:27:46 INFO PythonRunner: Times: total = 154, boot = -868, init = 1022, finish = 0","logger":"airflow.task.hooks.airflow.providers.standard.hooks.subprocess.SubprocessHook","filename":"subprocess.py","lineno":99}
{"timestamp":"2026-06-02T01:27:46.454981Z","level":"info","event":"26/06/02 01:27:46 INFO PythonRunner: Times: total = 150, boot = -879, init = 1028, finish = 1","logger":"airflow.task.hooks.airflow.providers.standard.hooks.subprocess.SubprocessHook","filename":"subprocess.py","lineno":99}
{"timestamp":"2026-06-02T01:27:46.455426Z","level":"info","event":"26/06/02 01:27:46 INFO PythonRunner: Times: total = 144, boot = -56, init = 200, finish = 0","logger":"airflow.task.hooks.airflow.providers.standard.hooks.subprocess.SubprocessHook","filename":"subprocess.py","lineno":99}
{"timestamp":"2026-06-02T01:27:46.455575Z","level":"info","event":"26/06/02 01:27:46 INFO Executor: Finished task 2.0 in stage 9.0 (TID 31). 2164 bytes result sent to driver","logger":"airflow.task.hooks.airflow.providers.standard.hooks.subprocess.SubprocessHook","filename":"subprocess.py","lineno":99}
{"timestamp":"2026-06-02T01:27:46.455706Z","level":"info","event":"26/06/02 01:27:46 INFO Executor: Finished task 0.0 in stage 9.0 (TID 29). 2135 bytes result sent to driver","logger":"airflow.task.hooks.airflow.providers.standard.hooks.subprocess.SubprocessHook","filename":"subprocess.py","lineno":99}
{"timestamp":"2026-06-02T01:27:46.455798Z","level":"info","event":"26/06/02 01:27:46 INFO Executor: Finished task 7.0 in stage 9.0 (TID 36). 2124 bytes result sent to driver","logger":"airflow.task.hooks.airflow.providers.standard.hooks.subprocess.SubprocessHook","filename":"subprocess.py","lineno":99}
{"timestamp":"2026-06-02T01:27:46.455874Z","level":"info","event":"26/06/02 01:27:46 INFO Executor: Finished task 6.0 in stage 9.0 (TID 35). 2143 bytes result sent to driver","logger":"airflow.task.hooks.airflow.providers.standard.hooks.subprocess.SubprocessHook","filename":"subprocess.py","lineno":99}
{"timestamp":"2026-06-02T01:27:46.455944Z","level":"info","event":"26/06/02 01:27:46 INFO Executor: Finished task 3.0 in stage 9.0 (TID 32). 2219 bytes result sent to driver","logger":"airflow.task.hooks.airflow.providers.standard.hooks.subprocess.SubprocessHook","filename":"subprocess.py","lineno":99}
{"timestamp":"2026-06-02T01:27:46.456020Z","level":"info","event":"26/06/02 01:27:46 INFO TaskSetManager: Finished task 8.0 in stage 9.0 (TID 37) in 184 ms on 32a25072c928 (executor driver) (1/9)","logger":"airflow.task.hooks.airflow.providers.standard.hooks.subprocess.SubprocessHook","filename":"subprocess.py","lineno":99}
{"timestamp":"2026-06-02T01:27:46.456087Z","level":"info","event":"26/06/02 01:27:46 INFO Executor: Finished task 1.0 in stage 9.0 (TID 30). 2148 bytes result sent to driver","logger":"airflow.task.hooks.airflow.providers.standard.hooks.subprocess.SubprocessHook","filename":"subprocess.py","lineno":99}
{"timestamp":"2026-06-02T01:27:46.456148Z","level":"info","event":"26/06/02 01:27:46 INFO Executor: Finished task 4.0 in stage 9.0 (TID 33). 2159 bytes result sent to driver","logger":"airflow.task.hooks.airflow.providers.standard.hooks.subprocess.SubprocessHook","filename":"subprocess.py","lineno":99}
{"timestamp":"2026-06-02T01:27:46.456375Z","level":"info","event":"26/06/02 01:27:46 INFO TaskSetManager: Finished task 5.0 in stage 9.0 (TID 34) in 189 ms on 32a25072c928 (executor driver) (2/9)","logger":"airflow.task.hooks.airflow.providers.standard.hooks.subprocess.SubprocessHook","filename":"subprocess.py","lineno":99}
{"timestamp":"2026-06-02T01:27:46.459544Z","level":"info","event":"26/06/02 01:27:46 INFO TaskSetManager: Finished task 2.0 in stage 9.0 (TID 31) in 193 ms on 32a25072c928 (executor driver) (3/9)","logger":"airflow.task.hooks.airflow.providers.standard.hooks.subprocess.SubprocessHook","filename":"subprocess.py","lineno":99}
{"timestamp":"2026-06-02T01:27:46.460226Z","level":"info","event":"26/06/02 01:27:46 INFO TaskSetManager: Finished task 7.0 in stage 9.0 (TID 36) in 190 ms on 32a25072c928 (executor driver) (4/9)","logger":"airflow.task.hooks.airflow.providers.standard.hooks.subprocess.SubprocessHook","filename":"subprocess.py","lineno":99}
{"timestamp":"2026-06-02T01:27:46.460443Z","level":"info","event":"26/06/02 01:27:46 INFO TaskSetManager: Finished task 6.0 in stage 9.0 (TID 35) in 191 ms on 32a25072c928 (executor driver) (5/9)","logger":"airflow.task.hooks.airflow.providers.standard.hooks.subprocess.SubprocessHook","filename":"subprocess.py","lineno":99}
{"timestamp":"2026-06-02T01:27:46.460892Z","level":"info","event":"26/06/02 01:27:46 INFO TaskSetManager: Finished task 4.0 in stage 9.0 (TID 33) in 193 ms on 32a25072c928 (executor driver) (6/9)","logger":"airflow.task.hooks.airflow.providers.standard.hooks.subprocess.SubprocessHook","filename":"subprocess.py","lineno":99}
{"timestamp":"2026-06-02T01:27:46.460991Z","level":"info","event":"26/06/02 01:27:46 INFO BlockManagerInfo: Removed broadcast_9_piece0 on 32a25072c928:37123 in memory (size: 7.7 KiB, free: 434.4 MiB)","logger":"airflow.task.hooks.airflow.providers.standard.hooks.subprocess.SubprocessHook","filename":"subprocess.py","lineno":99}
{"timestamp":"2026-06-02T01:27:46.461212Z","level":"info","event":"26/06/02 01:27:46 INFO TaskSetManager: Finished task 3.0 in stage 9.0 (TID 32) in 193 ms on 32a25072c928 (executor driver) (7/9)","logger":"airflow.task.hooks.airflow.providers.standard.hooks.subprocess.SubprocessHook","filename":"subprocess.py","lineno":99}
{"timestamp":"2026-06-02T01:27:46.461329Z","level":"info","event":"26/06/02 01:27:46 INFO TaskSetManager: Finished task 1.0 in stage 9.0 (TID 30) in 195 ms on 32a25072c928 (executor driver) (8/9)","logger":"airflow.task.hooks.airflow.providers.standard.hooks.subprocess.SubprocessHook","filename":"subprocess.py","lineno":99}
{"timestamp":"2026-06-02T01:27:46.463689Z","level":"info","event":"26/06/02 01:27:46 INFO TaskSetManager: Finished task 0.0 in stage 9.0 (TID 29) in 198 ms on 32a25072c928 (executor driver) (9/9)","logger":"airflow.task.hooks.airflow.providers.standard.hooks.subprocess.SubprocessHook","filename":"subprocess.py","lineno":99}
{"timestamp":"2026-06-02T01:27:46.463826Z","level":"info","event":"26/06/02 01:27:46 INFO TaskSchedulerImpl: Removed TaskSet 9.0, whose tasks have all completed, from pool","logger":"airflow.task.hooks.airflow.providers.standard.hooks.subprocess.SubprocessHook","filename":"subprocess.py","lineno":99}
{"timestamp":"2026-06-02T01:27:46.471415Z","level":"info","event":"26/06/02 01:27:46 INFO DAGScheduler: ResultStage 9 (showString at NativeMethodAccessorImpl.java:0) finished in 0.219 s","logger":"airflow.task.hooks.airflow.providers.standard.hooks.subprocess.SubprocessHook","filename":"subprocess.py","lineno":99}
{"timestamp":"2026-06-02T01:27:46.471672Z","level":"info","event":"26/06/02 01:27:46 INFO DAGScheduler: Job 9 is finished. Cancelling potential speculative or zombie tasks for this job","logger":"airflow.task.hooks.airflow.providers.standard.hooks.subprocess.SubprocessHook","filename":"subprocess.py","lineno":99}
{"timestamp":"2026-06-02T01:27:46.471774Z","level":"info","event":"26/06/02 01:27:46 INFO TaskSchedulerImpl: Killing all running tasks in stage 9: Stage finished","logger":"airflow.task.hooks.airflow.providers.standard.hooks.subprocess.SubprocessHook","filename":"subprocess.py","lineno":99}
{"timestamp":"2026-06-02T01:27:46.471855Z","level":"info","event":"26/06/02 01:27:46 INFO DAGScheduler: Job 9 finished: showString at NativeMethodAccessorImpl.java:0, took 0.227684 s","logger":"airflow.task.hooks.airflow.providers.standard.hooks.subprocess.SubprocessHook","filename":"subprocess.py","lineno":99}
{"timestamp":"2026-06-02T01:27:46.509761Z","level":"info","event":"26/06/02 01:27:46 INFO CodeGenerator: Code generated in 28.752125 ms","logger":"airflow.task.hooks.airflow.providers.standard.hooks.subprocess.SubprocessHook","filename":"subprocess.py","lineno":99}
{"timestamp":"2026-06-02T01:27:46.516553Z","level":"info","event":"+--------------------+------------------+---------+-----+-------+----+--------------------+","logger":"airflow.task.hooks.airflow.providers.standard.hooks.subprocess.SubprocessHook","filename":"subprocess.py","lineno":99}
{"timestamp":"2026-06-02T01:27:46.516893Z","level":"info","event":"|        product_name|             value|     unit|month|quarter|year|           ingest_at|","logger":"airflow.task.hooks.airflow.providers.standard.hooks.subprocess.SubprocessHook","filename":"subprocess.py","lineno":99}
{"timestamp":"2026-06-02T01:27:46.517024Z","level":"info","event":"+--------------------+------------------+---------+-----+-------+----+--------------------+","logger":"airflow.task.hooks.airflow.providers.standard.hooks.subprocess.SubprocessHook","filename":"subprocess.py","lineno":99}
{"timestamp":"2026-06-02T01:27:46.517108Z","level":"info","event":"| Than đá (than sạch)|3916.2461530013097|Nghìn tấn|    1|      1|2026|2026-06-02 01:27:...|","logger":"airflow.task.hooks.airflow.providers.standard.hooks.subprocess.SubprocessHook","filename":"subprocess.py","lineno":99}
{"timestamp":"2026-06-02T01:27:46.517185Z","level":"info","event":"|Dầu mỏ thô khai thác|  726.915555555556|Nghìn tấn|    1|      1|2026|2026-06-02 01:27:...|","logger":"airflow.task.hooks.airflow.providers.standard.hooks.subprocess.SubprocessHook","filename":"subprocess.py","lineno":99}
{"timestamp":"2026-06-02T01:27:46.517259Z","level":"info","event":"|Khí đốt thiên nhi...|459.85055555555596| Triệu m3|    1|      1|2026|2026-06-02 01:27:...|","logger":"airflow.task.hooks.airflow.providers.standard.hooks.subprocess.SubprocessHook","filename":"subprocess.py","lineno":99}
{"timestamp":"2026-06-02T01:27:46.517331Z","level":"info","event":"|  Khí hoá lỏng (LPG)| 74.68993768000001|Nghìn tấn|    1|      1|2026|2026-06-02 01:27:...|","logger":"airflow.task.hooks.airflow.providers.standard.hooks.subprocess.SubprocessHook","filename":"subprocess.py","lineno":99}
{"timestamp":"2026-06-02T01:27:46.517399Z","level":"info","event":"|           Xăng, dầu|1522.4956161876294|Nghìn tấn|    1|      1|2026|2026-06-02 01:27:...|","logger":"airflow.task.hooks.airflow.providers.standard.hooks.subprocess.SubprocessHook","filename":"subprocess.py","lineno":99}
{"timestamp":"2026-06-02T01:27:46.517466Z","level":"info","event":"|              Alumin|             129.3|Nghìn tấn|    1|      1|2026|2026-06-02 01:27:...|","logger":"airflow.task.hooks.airflow.providers.standard.hooks.subprocess.SubprocessHook","filename":"subprocess.py","lineno":99}
{"timestamp":"2026-06-02T01:27:46.517530Z","level":"info","event":"|Thuỷ hải sản chế ...| 686.8290238043196|Nghìn tấn|    1|      1|2026|2026-06-02 01:27:...|","logger":"airflow.task.hooks.airflow.providers.standard.hooks.subprocess.SubprocessHook","filename":"subprocess.py","lineno":99}
{"timestamp":"2026-06-02T01:27:46.517596Z","level":"info","event":"|            Sữa tươi| 145.7871901320249|Triệu lít|    1|      1|2026|2026-06-02 01:27:...|","logger":"airflow.task.hooks.airflow.providers.standard.hooks.subprocess.SubprocessHook","filename":"subprocess.py","lineno":99}
{"timestamp":"2026-06-02T01:27:46.517662Z","level":"info","event":"|             Sữa bột| 13.58983792885761|Nghìn tấn|    1|      1|2026|2026-06-02 01:27:...|","logger":"airflow.task.hooks.airflow.providers.standard.hooks.subprocess.SubprocessHook","filename":"subprocess.py","lineno":99}
{"timestamp":"2026-06-02T01:27:46.517731Z","level":"info","event":"|          Đường kính|  290.132831500331|Nghìn tấn|    1|      1|2026|2026-06-02 01:27:...|","logger":"airflow.task.hooks.airflow.providers.standard.hooks.subprocess.SubprocessHook","filename":"subprocess.py","lineno":99}
{"timestamp":"2026-06-02T01:27:46.517798Z","level":"info","event":"|            Bột ngọt|28.506957971113398|Nghìn tấn|    1|      1|2026|2026-06-02 01:27:...|","logger":"airflow.task.hooks.airflow.providers.standard.hooks.subprocess.SubprocessHook","filename":"subprocess.py","lineno":99}
{"timestamp":"2026-06-02T01:27:46.517872Z","level":"info","event":"| Thức ăn cho gia súc|1436.6480027078399|Nghìn tấn|    1|      1|2026|2026-06-02 01:27:...|","logger":"airflow.task.hooks.airflow.providers.standard.hooks.subprocess.SubprocessHook","filename":"subprocess.py","lineno":99}
{"timestamp":"2026-06-02T01:27:46.517948Z","level":"info","event":"|Thức ăn cho thủy sản| 806.6373150391348|Nghìn tấn|    1|      1|2026|2026-06-02 01:27:...|","logger":"airflow.task.hooks.airflow.providers.standard.hooks.subprocess.SubprocessHook","filename":"subprocess.py","lineno":99}
{"timestamp":"2026-06-02T01:27:46.518023Z","level":"info","event":"|                 Bia|  431.499771832711|Triệu lít|    1|      1|2026|2026-06-02 01:27:...|","logger":"airflow.task.hooks.airflow.providers.standard.hooks.subprocess.SubprocessHook","filename":"subprocess.py","lineno":99}
{"timestamp":"2026-06-02T01:27:46.518093Z","level":"info","event":"|       Thuốc lá điếu|  685.812727788377|Triệu bao|    1|      1|2026|2026-06-02 01:27:...|","logger":"airflow.task.hooks.airflow.providers.standard.hooks.subprocess.SubprocessHook","filename":"subprocess.py","lineno":99}
{"timestamp":"2026-06-02T01:27:46.518241Z","level":"info","event":"|Vải dệt từ sợi tự...| 88.09221505454063| Triệu m2|    1|      1|2026|2026-06-02 01:27:...|","logger":"airflow.task.hooks.airflow.providers.standard.hooks.subprocess.SubprocessHook","filename":"subprocess.py","lineno":99}
{"timestamp":"2026-06-02T01:27:46.518339Z","level":"info","event":"|Vải dệt từ sợi tổ...|138.07347101250724| Triệu m2|    1|      1|2026|2026-06-02 01:27:...|","logger":"airflow.task.hooks.airflow.providers.standard.hooks.subprocess.SubprocessHook","filename":"subprocess.py","lineno":99}
{"timestamp":"2026-06-02T01:27:46.518419Z","level":"info","event":"|  Quần áo mặc thường| 548.5321610543707|Triệu cái|    1|      1|2026|2026-06-02 01:27:...|","logger":"airflow.task.hooks.airflow.providers.standard.hooks.subprocess.SubprocessHook","filename":"subprocess.py","lineno":99}
{"timestamp":"2026-06-02T01:27:46.518720Z","level":"info","event":"|        Giày, dép da|  32.3916209999445|Triệu đôi|    1|      1|2026|2026-06-02 01:27:...|","logger":"airflow.task.hooks.airflow.providers.standard.hooks.subprocess.SubprocessHook","filename":"subprocess.py","lineno":99}
{"timestamp":"2026-06-02T01:27:46.518836Z","level":"info","event":"|           Phân U rê|153.01826760563378|Nghìn tấn|    1|      1|2026|2026-06-02 01:27:...|","logger":"airflow.task.hooks.airflow.providers.standard.hooks.subprocess.SubprocessHook","filename":"subprocess.py","lineno":99}
{"timestamp":"2026-06-02T01:27:46.518930Z","level":"info","event":"+--------------------+------------------+---------+-----+-------+----+--------------------+","logger":"airflow.task.hooks.airflow.providers.standard.hooks.subprocess.SubprocessHook","filename":"subprocess.py","lineno":99}
{"timestamp":"2026-06-02T01:27:46.519017Z","level":"info","event":"only showing top 20 rows","logger":"airflow.task.hooks.airflow.providers.standard.hooks.subprocess.SubprocessHook","filename":"subprocess.py","lineno":99}
{"timestamp":"2026-06-02T01:27:46.519102Z","level":"info","event":"","logger":"airflow.task.hooks.airflow.providers.standard.hooks.subprocess.SubprocessHook","filename":"subprocess.py","lineno":99}
{"timestamp":"2026-06-02T01:27:46.549996Z","level":"info","event":"26/06/02 01:27:46 INFO DelegatingLogStore: LogStore `LogStoreAdapter(io.delta.storage.S3SingleDriverLogStore)` is used for scheme `s3a`","logger":"airflow.task.hooks.airflow.providers.standard.hooks.subprocess.SubprocessHook","filename":"subprocess.py","lineno":99}
{"timestamp":"2026-06-02T01:27:46.574372Z","level":"info","event":"26/06/02 01:27:46 INFO DeltaLog: Loading version 0.","logger":"airflow.task.hooks.airflow.providers.standard.hooks.subprocess.SubprocessHook","filename":"subprocess.py","lineno":99}
{"timestamp":"2026-06-02T01:27:46.580020Z","level":"info","event":"26/06/02 01:27:46 INFO DeltaLogFileIndex: Created DeltaLogFileIndex(JSON, numFilesInSegment: 1, totalFileSize: 1184)","logger":"airflow.task.hooks.airflow.providers.standard.hooks.subprocess.SubprocessHook","filename":"subprocess.py","lineno":99}
{"timestamp":"2026-06-02T01:27:46.682069Z","level":"info","event":"26/06/02 01:27:46 INFO DataSourceStrategy: Pruning directories with:","logger":"airflow.task.hooks.airflow.providers.standard.hooks.subprocess.SubprocessHook","filename":"subprocess.py","lineno":99}
{"timestamp":"2026-06-02T01:27:46.682369Z","level":"info","event":"26/06/02 01:27:46 INFO FileSourceStrategy: Pushed Filters:","logger":"airflow.task.hooks.airflow.providers.standard.hooks.subprocess.SubprocessHook","filename":"subprocess.py","lineno":99}
{"timestamp":"2026-06-02T01:27:46.682463Z","level":"info","event":"26/06/02 01:27:46 INFO FileSourceStrategy: Post-Scan Filters: ((isnotnull(protocol#354.minReaderVersion) OR isnotnull(metaData#353.id)) OR (isnotnull(commitInfo#355.inCommitTimestamp) AND (version#356L = 0)))","logger":"airflow.task.hooks.airflow.providers.standard.hooks.subprocess.SubprocessHook","filename":"subprocess.py","lineno":99}
{"timestamp":"2026-06-02T01:27:46.715307Z","level":"info","event":"26/06/02 01:27:46 INFO MemoryStore: Block broadcast_11 stored as values in memory (estimated size 202.2 KiB, free 434.2 MiB)","logger":"airflow.task.hooks.airflow.providers.standard.hooks.subprocess.SubprocessHook","filename":"subprocess.py","lineno":99}
{"timestamp":"2026-06-02T01:27:46.727666Z","level":"info","event":"26/06/02 01:27:46 INFO BlockManagerInfo: Removed broadcast_10_piece0 on 32a25072c928:37123 in memory (size: 7.7 KiB, free: 434.4 MiB)","logger":"airflow.task.hooks.airflow.providers.standard.hooks.subprocess.SubprocessHook","filename":"subprocess.py","lineno":99}
{"timestamp":"2026-06-02T01:27:46.735964Z","level":"info","event":"26/06/02 01:27:46 INFO MemoryStore: Block broadcast_11_piece0 stored as bytes in memory (estimated size 35.0 KiB, free 434.2 MiB)","logger":"airflow.task.hooks.airflow.providers.standard.hooks.subprocess.SubprocessHook","filename":"subprocess.py","lineno":99}
{"timestamp":"2026-06-02T01:27:46.737040Z","level":"info","event":"26/06/02 01:27:46 INFO BlockManagerInfo: Added broadcast_11_piece0 in memory on 32a25072c928:37123 (size: 35.0 KiB, free: 434.4 MiB)","logger":"airflow.task.hooks.airflow.providers.standard.hooks.subprocess.SubprocessHook","filename":"subprocess.py","lineno":99}
{"timestamp":"2026-06-02T01:27:46.738798Z","level":"info","event":"26/06/02 01:27:46 INFO SparkContext: Created broadcast 11 from $anonfun$recordDeltaOperationInternal$1 at DatabricksLogging.scala:128","logger":"airflow.task.hooks.airflow.providers.standard.hooks.subprocess.SubprocessHook","filename":"subprocess.py","lineno":99}
{"timestamp":"2026-06-02T01:27:46.740505Z","level":"info","event":"26/06/02 01:27:46 INFO FileSourceScanExec: Planning scan with bin packing, max size: 4194304 bytes, open cost is considered as scanning 4194304 bytes.","logger":"airflow.task.hooks.airflow.providers.standard.hooks.subprocess.SubprocessHook","filename":"subprocess.py","lineno":99}
{"timestamp":"2026-06-02T01:27:46.770116Z","level":"info","event":"26/06/02 01:27:46 INFO SparkContext: Starting job: $anonfun$recordDeltaOperationInternal$1 at DatabricksLogging.scala:128","logger":"airflow.task.hooks.airflow.providers.standard.hooks.subprocess.SubprocessHook","filename":"subprocess.py","lineno":99}
{"timestamp":"2026-06-02T01:27:46.771685Z","level":"info","event":"26/06/02 01:27:46 INFO DAGScheduler: Got job 10 ($anonfun$recordDeltaOperationInternal$1 at DatabricksLogging.scala:128) with 1 output partitions","logger":"airflow.task.hooks.airflow.providers.standard.hooks.subprocess.SubprocessHook","filename":"subprocess.py","lineno":99}
{"timestamp":"2026-06-02T01:27:46.771943Z","level":"info","event":"26/06/02 01:27:46 INFO DAGScheduler: Final stage: ResultStage 10 ($anonfun$recordDeltaOperationInternal$1 at DatabricksLogging.scala:128)","logger":"airflow.task.hooks.airflow.providers.standard.hooks.subprocess.SubprocessHook","filename":"subprocess.py","lineno":99}
{"timestamp":"2026-06-02T01:27:46.772054Z","level":"info","event":"26/06/02 01:27:46 INFO DAGScheduler: Parents of final stage: List()","logger":"airflow.task.hooks.airflow.providers.standard.hooks.subprocess.SubprocessHook","filename":"subprocess.py","lineno":99}
{"timestamp":"2026-06-02T01:27:46.772129Z","level":"info","event":"26/06/02 01:27:46 INFO DAGScheduler: Missing parents: List()","logger":"airflow.task.hooks.airflow.providers.standard.hooks.subprocess.SubprocessHook","filename":"subprocess.py","lineno":99}
{"timestamp":"2026-06-02T01:27:46.774218Z","level":"info","event":"26/06/02 01:27:46 INFO DAGScheduler: Submitting ResultStage 10 (MapPartitionsRDD[28] at $anonfun$recordDeltaOperationInternal$1 at DatabricksLogging.scala:128), which has no missing parents","logger":"airflow.task.hooks.airflow.providers.standard.hooks.subprocess.SubprocessHook","filename":"subprocess.py","lineno":99}
{"timestamp":"2026-06-02T01:27:46.777249Z","level":"info","event":"26/06/02 01:27:46 INFO MemoryStore: Block broadcast_12 stored as values in memory (estimated size 55.2 KiB, free 434.1 MiB)","logger":"airflow.task.hooks.airflow.providers.standard.hooks.subprocess.SubprocessHook","filename":"subprocess.py","lineno":99}
{"timestamp":"2026-06-02T01:27:46.780287Z","level":"info","event":"26/06/02 01:27:46 INFO MemoryStore: Block broadcast_12_piece0 stored as bytes in memory (estimated size 17.1 KiB, free 434.1 MiB)","logger":"airflow.task.hooks.airflow.providers.standard.hooks.subprocess.SubprocessHook","filename":"subprocess.py","lineno":99}
{"timestamp":"2026-06-02T01:27:46.781282Z","level":"info","event":"26/06/02 01:27:46 INFO BlockManagerInfo: Added broadcast_12_piece0 in memory on 32a25072c928:37123 (size: 17.1 KiB, free: 434.3 MiB)","logger":"airflow.task.hooks.airflow.providers.standard.hooks.subprocess.SubprocessHook","filename":"subprocess.py","lineno":99}
{"timestamp":"2026-06-02T01:27:46.782066Z","level":"info","event":"26/06/02 01:27:46 INFO SparkContext: Created broadcast 12 from broadcast at DAGScheduler.scala:1611","logger":"airflow.task.hooks.airflow.providers.standard.hooks.subprocess.SubprocessHook","filename":"subprocess.py","lineno":99}
{"timestamp":"2026-06-02T01:27:46.784406Z","level":"info","event":"26/06/02 01:27:46 INFO DAGScheduler: Submitting 1 missing tasks from ResultStage 10 (MapPartitionsRDD[28] at $anonfun$recordDeltaOperationInternal$1 at DatabricksLogging.scala:128) (first 15 tasks are for partitions Vector(0))","logger":"airflow.task.hooks.airflow.providers.standard.hooks.subprocess.SubprocessHook","filename":"subprocess.py","lineno":99}
{"timestamp":"2026-06-02T01:27:46.784640Z","level":"info","event":"26/06/02 01:27:46 INFO TaskSchedulerImpl: Adding task set 10.0 with 1 tasks resource profile 0","logger":"airflow.task.hooks.airflow.providers.standard.hooks.subprocess.SubprocessHook","filename":"subprocess.py","lineno":99}
{"timestamp":"2026-06-02T01:27:46.786391Z","level":"info","event":"26/06/02 01:27:46 INFO TaskSetManager: Starting task 0.0 in stage 10.0 (TID 38) (32a25072c928, executor driver, partition 0, PROCESS_LOCAL, 9679 bytes)","logger":"airflow.task.hooks.airflow.providers.standard.hooks.subprocess.SubprocessHook","filename":"subprocess.py","lineno":99}
{"timestamp":"2026-06-02T01:27:46.787199Z","level":"info","event":"26/06/02 01:27:46 INFO Executor: Running task 0.0 in stage 10.0 (TID 38)","logger":"airflow.task.hooks.airflow.providers.standard.hooks.subprocess.SubprocessHook","filename":"subprocess.py","lineno":99}
{"timestamp":"2026-06-02T01:27:46.793147Z","level":"info","event":"26/06/02 01:27:46 INFO FileScanRDD: Reading File path: s3a://silver/industry_product/_delta_log/00000000000000000000.json, range: 0-1184, partition values: [0]","logger":"airflow.task.hooks.airflow.providers.standard.hooks.subprocess.SubprocessHook","filename":"subprocess.py","lineno":99}
{"timestamp":"2026-06-02T01:27:46.830781Z","level":"info","event":"26/06/02 01:27:46 INFO Executor: Finished task 0.0 in stage 10.0 (TID 38). 2007 bytes result sent to driver","logger":"airflow.task.hooks.airflow.providers.standard.hooks.subprocess.SubprocessHook","filename":"subprocess.py","lineno":99}
{"timestamp":"2026-06-02T01:27:46.831550Z","level":"info","event":"26/06/02 01:27:46 INFO TaskSetManager: Finished task 0.0 in stage 10.0 (TID 38) in 46 ms on 32a25072c928 (executor driver) (1/1)","logger":"airflow.task.hooks.airflow.providers.standard.hooks.subprocess.SubprocessHook","filename":"subprocess.py","lineno":99}
{"timestamp":"2026-06-02T01:27:46.831695Z","level":"info","event":"26/06/02 01:27:46 INFO TaskSchedulerImpl: Removed TaskSet 10.0, whose tasks have all completed, from pool","logger":"airflow.task.hooks.airflow.providers.standard.hooks.subprocess.SubprocessHook","filename":"subprocess.py","lineno":99}
{"timestamp":"2026-06-02T01:27:46.832341Z","level":"info","event":"26/06/02 01:27:46 INFO DAGScheduler: ResultStage 10 ($anonfun$recordDeltaOperationInternal$1 at DatabricksLogging.scala:128) finished in 0.057 s","logger":"airflow.task.hooks.airflow.providers.standard.hooks.subprocess.SubprocessHook","filename":"subprocess.py","lineno":99}
{"timestamp":"2026-06-02T01:27:46.832692Z","level":"info","event":"26/06/02 01:27:46 INFO DAGScheduler: Job 10 is finished. Cancelling potential speculative or zombie tasks for this job","logger":"airflow.task.hooks.airflow.providers.standard.hooks.subprocess.SubprocessHook","filename":"subprocess.py","lineno":99}
{"timestamp":"2026-06-02T01:27:46.832966Z","level":"info","event":"26/06/02 01:27:46 INFO TaskSchedulerImpl: Killing all running tasks in stage 10: Stage finished","logger":"airflow.task.hooks.airflow.providers.standard.hooks.subprocess.SubprocessHook","filename":"subprocess.py","lineno":99}
{"timestamp":"2026-06-02T01:27:46.833338Z","level":"info","event":"26/06/02 01:27:46 INFO DAGScheduler: Job 10 finished: $anonfun$recordDeltaOperationInternal$1 at DatabricksLogging.scala:128, took 0.063803 s","logger":"airflow.task.hooks.airflow.providers.standard.hooks.subprocess.SubprocessHook","filename":"subprocess.py","lineno":99}
{"timestamp":"2026-06-02T01:27:46.850542Z","level":"info","event":"26/06/02 01:27:46 INFO Snapshot: [tableId=a9bc6188-9c7d-4f31-8b7a-3882d9a58e71] Created snapshot Snapshot(path=s3a://silver/industry_product/_delta_log, version=0, metadata=Metadata(be1a3d97-e08c-4bdc-91e2-b6cf2f477c3d,null,null,Format(parquet,Map()),{\"type\":\"struct\",\"fields\":[{\"name\":\"product_name\",\"type\":\"string\",\"nullable\":true,\"metadata\":{}},{\"name\":\"value\",\"type\":\"double\",\"nullable\":true,\"metadata\":{}},{\"name\":\"unit\",\"type\":\"string\",\"nullable\":true,\"metadata\":{}},{\"name\":\"month\",\"type\":\"integer\",\"nullable\":true,\"metadata\":{}},{\"name\":\"quarter\",\"type\":\"integer\",\"nullable\":true,\"metadata\":{}},{\"name\":\"year\",\"type\":\"integer\",\"nullable\":true,\"metadata\":{}},{\"name\":\"ingest_at\",\"type\":\"timestamp\",\"nullable\":true,\"metadata\":{}}]},List(),Map(),Some(1780363650179)), logSegment=LogSegment(s3a://silver/industry_product/_delta_log,0,WrappedArray(S3AFileStatus{path=s3a://silver/industry_product/_delta_log/00000000000000000000.json; isDirectory=false; length=1184; replication=1; blocksize=33554432; modification_time=1780363650229; access_time=0; owner=spark; group=spark; permission=rw-rw-rw-; isSymlink=false; hasAcl=false; isEncrypted=true; isErasureCoded=false} isEmptyDirectory=FALSE eTag=15bfbf3f38429f8b2452302880626c0e versionId=null),org.apache.spark.sql.delta.EmptyCheckpointProvider$@35dc548e,1780363650229), checksumOpt=None)","logger":"airflow.task.hooks.airflow.providers.standard.hooks.subprocess.SubprocessHook","filename":"subprocess.py","lineno":99}
{"timestamp":"2026-06-02T01:27:46.853030Z","level":"info","event":"26/06/02 01:27:46 INFO DeltaLog: Updated snapshot to Snapshot(path=s3a://silver/industry_product/_delta_log, version=0, metadata=Metadata(be1a3d97-e08c-4bdc-91e2-b6cf2f477c3d,null,null,Format(parquet,Map()),{\"type\":\"struct\",\"fields\":[{\"name\":\"product_name\",\"type\":\"string\",\"nullable\":true,\"metadata\":{}},{\"name\":\"value\",\"type\":\"double\",\"nullable\":true,\"metadata\":{}},{\"name\":\"unit\",\"type\":\"string\",\"nullable\":true,\"metadata\":{}},{\"name\":\"month\",\"type\":\"integer\",\"nullable\":true,\"metadata\":{}},{\"name\":\"quarter\",\"type\":\"integer\",\"nullable\":true,\"metadata\":{}},{\"name\":\"year\",\"type\":\"integer\",\"nullable\":true,\"metadata\":{}},{\"name\":\"ingest_at\",\"type\":\"timestamp\",\"nullable\":true,\"metadata\":{}}]},List(),Map(),Some(1780363650179)), logSegment=LogSegment(s3a://silver/industry_product/_delta_log,0,WrappedArray(S3AFileStatus{path=s3a://silver/industry_product/_delta_log/00000000000000000000.json; isDirectory=false; length=1184; replication=1; blocksize=33554432; modification_time=1780363650229; access_time=0; owner=spark; group=spark; permission=rw-rw-rw-; isSymlink=false; hasAcl=false; isEncrypted=true; isErasureCoded=false} isEmptyDirectory=FALSE eTag=15bfbf3f38429f8b2452302880626c0e versionId=null),org.apache.spark.sql.delta.EmptyCheckpointProvider$@35dc548e,1780363650229), checksumOpt=None)","logger":"airflow.task.hooks.airflow.providers.standard.hooks.subprocess.SubprocessHook","filename":"subprocess.py","lineno":99}
{"timestamp":"2026-06-02T01:27:46.927261Z","level":"info","event":"AN ERROR OCCURED WHEN LOAD DF TO industry_product - 2026 1 !!!!!!!!!!!!!!","logger":"airflow.task.hooks.airflow.providers.standard.hooks.subprocess.SubprocessHook","filename":"subprocess.py","lineno":99}
{"timestamp":"2026-06-02T01:27:46.927523Z","level":"info","event":" [DELTA_FAILED_TO_MERGE_FIELDS] Failed to merge fields 'month' and 'month'","logger":"airflow.task.hooks.airflow.providers.standard.hooks.subprocess.SubprocessHook","filename":"subprocess.py","lineno":99}
{"timestamp":"2026-06-02T01:27:46.996166Z","level":"info","event":"duyệt qua từng đường dẫn đọc file và trích xuất dữ liệu","logger":"airflow.task.hooks.airflow.providers.standard.hooks.subprocess.SubprocessHook","filename":"subprocess.py","lineno":99}
{"timestamp":"2026-06-02T01:27:46.996341Z","level":"info","event":"FILE EXCEL: YEAR : 2026, MONTH = 2","logger":"airflow.task.hooks.airflow.providers.standard.hooks.subprocess.SubprocessHook","filename":"subprocess.py","lineno":99}
{"timestamp":"2026-06-02T01:27:47.012869Z","level":"info","event":"/opt/spark/apps/silver/Extract_Data_From_Excel_Reports.py:304: FutureWarning: Downcasting object dtype arrays on .fillna, .ffill, .bfill is deprecated and will change in a future version. Call result.infer_objects(copy=False) instead. To opt-in to the future behavior, set `pd.set_option('future.no_silent_downcasting', True)`","logger":"airflow.task.hooks.airflow.providers.standard.hooks.subprocess.SubprocessHook","filename":"subprocess.py","lineno":99}
{"timestamp":"2026-06-02T01:27:47.013018Z","level":"info","event":"  sheet = sheet.fillna(-1)","logger":"airflow.task.hooks.airflow.providers.standard.hooks.subprocess.SubprocessHook","filename":"subprocess.py","lineno":99}
{"timestamp":"2026-06-02T01:27:47.015298Z","level":"info","event":"/opt/spark/apps/silver/Extract_Data_From_Excel_Reports.py:304: FutureWarning: Downcasting object dtype arrays on .fillna, .ffill, .bfill is deprecated and will change in a future version. Call result.infer_objects(copy=False) instead. To opt-in to the future behavior, set `pd.set_option('future.no_silent_downcasting', True)`","logger":"airflow.task.hooks.airflow.providers.standard.hooks.subprocess.SubprocessHook","filename":"subprocess.py","lineno":99}
{"timestamp":"2026-06-02T01:27:47.015433Z","level":"info","event":"  sheet = sheet.fillna(-1)","logger":"airflow.task.hooks.airflow.providers.standard.hooks.subprocess.SubprocessHook","filename":"subprocess.py","lineno":99}
{"timestamp":"2026-06-02T01:27:47.015481Z","level":"info","event":"Bắt đầu insert dữ liệu vào SILVER layer","logger":"airflow.task.hooks.airflow.providers.standard.hooks.subprocess.SubprocessHook","filename":"subprocess.py","lineno":99}
{"timestamp":"2026-06-02T01:27:47.063375Z","level":"info","event":"root","logger":"airflow.task.hooks.airflow.providers.standard.hooks.subprocess.SubprocessHook","filename":"subprocess.py","lineno":99}
{"timestamp":"2026-06-02T01:27:47.063635Z","level":"info","event":" |-- product_name: string (nullable = true)","logger":"airflow.task.hooks.airflow.providers.standard.hooks.subprocess.SubprocessHook","filename":"subprocess.py","lineno":99}
{"timestamp":"2026-06-02T01:27:47.063784Z","level":"info","event":" |-- quantity: double (nullable = true)","logger":"airflow.task.hooks.airflow.providers.standard.hooks.subprocess.SubprocessHook","filename":"subprocess.py","lineno":99}
{"timestamp":"2026-06-02T01:27:47.063836Z","level":"info","event":" |-- value: double (nullable = true)","logger":"airflow.task.hooks.airflow.providers.standard.hooks.subprocess.SubprocessHook","filename":"subprocess.py","lineno":99}
{"timestamp":"2026-06-02T01:27:47.063867Z","level":"info","event":" |-- type: string (nullable = true)","logger":"airflow.task.hooks.airflow.providers.standard.hooks.subprocess.SubprocessHook","filename":"subprocess.py","lineno":99}
{"timestamp":"2026-06-02T01:27:47.063892Z","level":"info","event":" |-- quantity_unit: string (nullable = true)","logger":"airflow.task.hooks.airflow.providers.standard.hooks.subprocess.SubprocessHook","filename":"subprocess.py","lineno":99}
{"timestamp":"2026-06-02T01:27:47.063914Z","level":"info","event":" |-- unit: string (nullable = true)","logger":"airflow.task.hooks.airflow.providers.standard.hooks.subprocess.SubprocessHook","filename":"subprocess.py","lineno":99}
{"timestamp":"2026-06-02T01:27:47.063935Z","level":"info","event":" |-- month: long (nullable = true)","logger":"airflow.task.hooks.airflow.providers.standard.hooks.subprocess.SubprocessHook","filename":"subprocess.py","lineno":99}
{"timestamp":"2026-06-02T01:27:47.063956Z","level":"info","event":" |-- quarter: integer (nullable = true)","logger":"airflow.task.hooks.airflow.providers.standard.hooks.subprocess.SubprocessHook","filename":"subprocess.py","lineno":99}
{"timestamp":"2026-06-02T01:27:47.063979Z","level":"info","event":" |-- year: integer (nullable = true)","logger":"airflow.task.hooks.airflow.providers.standard.hooks.subprocess.SubprocessHook","filename":"subprocess.py","lineno":99}
{"timestamp":"2026-06-02T01:27:47.064000Z","level":"info","event":" |-- ingest_at: timestamp (nullable = true)","logger":"airflow.task.hooks.airflow.providers.standard.hooks.subprocess.SubprocessHook","filename":"subprocess.py","lineno":99}
{"timestamp":"2026-06-02T01:27:47.064023Z","level":"info","event":"","logger":"airflow.task.hooks.airflow.providers.standard.hooks.subprocess.SubprocessHook","filename":"subprocess.py","lineno":99}
{"timestamp":"2026-06-02T01:27:47.064048Z","level":"info","event":"Đang tải dữ liệu vào Silver.International_ecomerce !!!","logger":"airflow.task.hooks.airflow.providers.standard.hooks.subprocess.SubprocessHook","filename":"subprocess.py","lineno":99}
{"timestamp":"2026-06-02T01:27:47.150441Z","level":"info","event":"26/06/02 01:27:47 INFO SparkContext: Starting job: showString at NativeMethodAccessorImpl.java:0","logger":"airflow.task.hooks.airflow.providers.standard.hooks.subprocess.SubprocessHook","filename":"subprocess.py","lineno":99}
{"timestamp":"2026-06-02T01:27:47.151441Z","level":"info","event":"26/06/02 01:27:47 INFO DAGScheduler: Got job 11 (showString at NativeMethodAccessorImpl.java:0) with 1 output partitions","logger":"airflow.task.hooks.airflow.providers.standard.hooks.subprocess.SubprocessHook","filename":"subprocess.py","lineno":99}
{"timestamp":"2026-06-02T01:27:47.151687Z","level":"info","event":"26/06/02 01:27:47 INFO DAGScheduler: Final stage: ResultStage 11 (showString at NativeMethodAccessorImpl.java:0)","logger":"airflow.task.hooks.airflow.providers.standard.hooks.subprocess.SubprocessHook","filename":"subprocess.py","lineno":99}
{"timestamp":"2026-06-02T01:27:47.151748Z","level":"info","event":"26/06/02 01:27:47 INFO DAGScheduler: Parents of final stage: List()","logger":"airflow.task.hooks.airflow.providers.standard.hooks.subprocess.SubprocessHook","filename":"subprocess.py","lineno":99}
{"timestamp":"2026-06-02T01:27:47.156740Z","level":"info","event":"26/06/02 01:27:47 INFO DAGScheduler: Missing parents: List()","logger":"airflow.task.hooks.airflow.providers.standard.hooks.subprocess.SubprocessHook","filename":"subprocess.py","lineno":99}
{"timestamp":"2026-06-02T01:27:47.157949Z","level":"info","event":"26/06/02 01:27:47 INFO DAGScheduler: Submitting ResultStage 11 (MapPartitionsRDD[35] at showString at NativeMethodAccessorImpl.java:0), which has no missing parents","logger":"airflow.task.hooks.airflow.providers.standard.hooks.subprocess.SubprocessHook","filename":"subprocess.py","lineno":99}
{"timestamp":"2026-06-02T01:27:47.159913Z","level":"info","event":"26/06/02 01:27:47 INFO MemoryStore: Block broadcast_13 stored as values in memory (estimated size 16.4 KiB, free 434.1 MiB)","logger":"airflow.task.hooks.airflow.providers.standard.hooks.subprocess.SubprocessHook","filename":"subprocess.py","lineno":99}
{"timestamp":"2026-06-02T01:27:47.167322Z","level":"info","event":"26/06/02 01:27:47 INFO MemoryStore: Block broadcast_13_piece0 stored as bytes in memory (estimated size 7.9 KiB, free 434.1 MiB)","logger":"airflow.task.hooks.airflow.providers.standard.hooks.subprocess.SubprocessHook","filename":"subprocess.py","lineno":99}
{"timestamp":"2026-06-02T01:27:47.169317Z","level":"info","event":"26/06/02 01:27:47 INFO BlockManagerInfo: Added broadcast_13_piece0 in memory on 32a25072c928:37123 (size: 7.9 KiB, free: 434.3 MiB)","logger":"airflow.task.hooks.airflow.providers.standard.hooks.subprocess.SubprocessHook","filename":"subprocess.py","lineno":99}
{"timestamp":"2026-06-02T01:27:47.169861Z","level":"info","event":"26/06/02 01:27:47 INFO BlockManagerInfo: Removed broadcast_12_piece0 on 32a25072c928:37123 in memory (size: 17.1 KiB, free: 434.4 MiB)","logger":"airflow.task.hooks.airflow.providers.standard.hooks.subprocess.SubprocessHook","filename":"subprocess.py","lineno":99}
{"timestamp":"2026-06-02T01:27:47.170022Z","level":"info","event":"26/06/02 01:27:47 INFO SparkContext: Created broadcast 13 from broadcast at DAGScheduler.scala:1611","logger":"airflow.task.hooks.airflow.providers.standard.hooks.subprocess.SubprocessHook","filename":"subprocess.py","lineno":99}
{"timestamp":"2026-06-02T01:27:47.170303Z","level":"info","event":"26/06/02 01:27:47 INFO DAGScheduler: Submitting 1 missing tasks from ResultStage 11 (MapPartitionsRDD[35] at showString at NativeMethodAccessorImpl.java:0) (first 15 tasks are for partitions Vector(0))","logger":"airflow.task.hooks.airflow.providers.standard.hooks.subprocess.SubprocessHook","filename":"subprocess.py","lineno":99}
{"timestamp":"2026-06-02T01:27:47.170449Z","level":"info","event":"26/06/02 01:27:47 INFO TaskSchedulerImpl: Adding task set 11.0 with 1 tasks resource profile 0","logger":"airflow.task.hooks.airflow.providers.standard.hooks.subprocess.SubprocessHook","filename":"subprocess.py","lineno":99}
{"timestamp":"2026-06-02T01:27:47.171771Z","level":"info","event":"26/06/02 01:27:47 INFO TaskSetManager: Starting task 0.0 in stage 11.0 (TID 39) (32a25072c928, executor driver, partition 0, PROCESS_LOCAL, 9170 bytes)","logger":"airflow.task.hooks.airflow.providers.standard.hooks.subprocess.SubprocessHook","filename":"subprocess.py","lineno":99}
{"timestamp":"2026-06-02T01:27:47.172771Z","level":"info","event":"26/06/02 01:27:47 INFO Executor: Running task 0.0 in stage 11.0 (TID 39)","logger":"airflow.task.hooks.airflow.providers.standard.hooks.subprocess.SubprocessHook","filename":"subprocess.py","lineno":99}
{"timestamp":"2026-06-02T01:27:47.175557Z","level":"info","event":"26/06/02 01:27:47 INFO BlockManagerInfo: Removed broadcast_11_piece0 on 32a25072c928:37123 in memory (size: 35.0 KiB, free: 434.4 MiB)","logger":"airflow.task.hooks.airflow.providers.standard.hooks.subprocess.SubprocessHook","filename":"subprocess.py","lineno":99}
{"timestamp":"2026-06-02T01:27:47.238801Z","level":"info","event":"26/06/02 01:27:47 INFO PythonRunner: Times: total = 59, boot = -737, init = 796, finish = 0","logger":"airflow.task.hooks.airflow.providers.standard.hooks.subprocess.SubprocessHook","filename":"subprocess.py","lineno":99}
{"timestamp":"2026-06-02T01:27:47.246468Z","level":"info","event":"26/06/02 01:27:47 INFO Executor: Finished task 0.0 in stage 11.0 (TID 39). 2210 bytes result sent to driver","logger":"airflow.task.hooks.airflow.providers.standard.hooks.subprocess.SubprocessHook","filename":"subprocess.py","lineno":99}
{"timestamp":"2026-06-02T01:27:47.248827Z","level":"info","event":"26/06/02 01:27:47 INFO TaskSetManager: Finished task 0.0 in stage 11.0 (TID 39) in 77 ms on 32a25072c928 (executor driver) (1/1)","logger":"airflow.task.hooks.airflow.providers.standard.hooks.subprocess.SubprocessHook","filename":"subprocess.py","lineno":99}
{"timestamp":"2026-06-02T01:27:47.249060Z","level":"info","event":"26/06/02 01:27:47 INFO TaskSchedulerImpl: Removed TaskSet 11.0, whose tasks have all completed, from pool","logger":"airflow.task.hooks.airflow.providers.standard.hooks.subprocess.SubprocessHook","filename":"subprocess.py","lineno":99}
{"timestamp":"2026-06-02T01:27:47.250150Z","level":"info","event":"26/06/02 01:27:47 INFO DAGScheduler: ResultStage 11 (showString at NativeMethodAccessorImpl.java:0) finished in 0.091 s","logger":"airflow.task.hooks.airflow.providers.standard.hooks.subprocess.SubprocessHook","filename":"subprocess.py","lineno":99}
{"timestamp":"2026-06-02T01:27:47.250331Z","level":"info","event":"26/06/02 01:27:47 INFO DAGScheduler: Job 11 is finished. Cancelling potential speculative or zombie tasks for this job","logger":"airflow.task.hooks.airflow.providers.standard.hooks.subprocess.SubprocessHook","filename":"subprocess.py","lineno":99}
{"timestamp":"2026-06-02T01:27:47.250414Z","level":"info","event":"26/06/02 01:27:47 INFO TaskSchedulerImpl: Killing all running tasks in stage 11: Stage finished","logger":"airflow.task.hooks.airflow.providers.standard.hooks.subprocess.SubprocessHook","filename":"subprocess.py","lineno":99}
{"timestamp":"2026-06-02T01:27:47.250484Z","level":"info","event":"26/06/02 01:27:47 INFO DAGScheduler: Job 11 finished: showString at NativeMethodAccessorImpl.java:0, took 0.100629 s","logger":"airflow.task.hooks.airflow.providers.standard.hooks.subprocess.SubprocessHook","filename":"subprocess.py","lineno":99}
{"timestamp":"2026-06-02T01:27:47.255835Z","level":"info","event":"26/06/02 01:27:47 INFO SparkContext: Starting job: showString at NativeMethodAccessorImpl.java:0","logger":"airflow.task.hooks.airflow.providers.standard.hooks.subprocess.SubprocessHook","filename":"subprocess.py","lineno":99}
{"timestamp":"2026-06-02T01:27:47.256528Z","level":"info","event":"26/06/02 01:27:47 INFO DAGScheduler: Got job 12 (showString at NativeMethodAccessorImpl.java:0) with 4 output partitions","logger":"airflow.task.hooks.airflow.providers.standard.hooks.subprocess.SubprocessHook","filename":"subprocess.py","lineno":99}
{"timestamp":"2026-06-02T01:27:47.256679Z","level":"info","event":"26/06/02 01:27:47 INFO DAGScheduler: Final stage: ResultStage 12 (showString at NativeMethodAccessorImpl.java:0)","logger":"airflow.task.hooks.airflow.providers.standard.hooks.subprocess.SubprocessHook","filename":"subprocess.py","lineno":99}
{"timestamp":"2026-06-02T01:27:47.256775Z","level":"info","event":"26/06/02 01:27:47 INFO DAGScheduler: Parents of final stage: List()","logger":"airflow.task.hooks.airflow.providers.standard.hooks.subprocess.SubprocessHook","filename":"subprocess.py","lineno":99}
{"timestamp":"2026-06-02T01:27:47.256830Z","level":"info","event":"26/06/02 01:27:47 INFO DAGScheduler: Missing parents: List()","logger":"airflow.task.hooks.airflow.providers.standard.hooks.subprocess.SubprocessHook","filename":"subprocess.py","lineno":99}
{"timestamp":"2026-06-02T01:27:47.257769Z","level":"info","event":"26/06/02 01:27:47 INFO DAGScheduler: Submitting ResultStage 12 (MapPartitionsRDD[35] at showString at NativeMethodAccessorImpl.java:0), which has no missing parents","logger":"airflow.task.hooks.airflow.providers.standard.hooks.subprocess.SubprocessHook","filename":"subprocess.py","lineno":99}
{"timestamp":"2026-06-02T01:27:47.260518Z","level":"info","event":"26/06/02 01:27:47 INFO MemoryStore: Block broadcast_14 stored as values in memory (estimated size 16.4 KiB, free 434.4 MiB)","logger":"airflow.task.hooks.airflow.providers.standard.hooks.subprocess.SubprocessHook","filename":"subprocess.py","lineno":99}
{"timestamp":"2026-06-02T01:27:47.263067Z","level":"info","event":"26/06/02 01:27:47 INFO MemoryStore: Block broadcast_14_piece0 stored as bytes in memory (estimated size 7.9 KiB, free 434.4 MiB)","logger":"airflow.task.hooks.airflow.providers.standard.hooks.subprocess.SubprocessHook","filename":"subprocess.py","lineno":99}
{"timestamp":"2026-06-02T01:27:47.263514Z","level":"info","event":"26/06/02 01:27:47 INFO BlockManagerInfo: Added broadcast_14_piece0 in memory on 32a25072c928:37123 (size: 7.9 KiB, free: 434.4 MiB)","logger":"airflow.task.hooks.airflow.providers.standard.hooks.subprocess.SubprocessHook","filename":"subprocess.py","lineno":99}
{"timestamp":"2026-06-02T01:27:47.264886Z","level":"info","event":"26/06/02 01:27:47 INFO SparkContext: Created broadcast 14 from broadcast at DAGScheduler.scala:1611","logger":"airflow.task.hooks.airflow.providers.standard.hooks.subprocess.SubprocessHook","filename":"subprocess.py","lineno":99}
{"timestamp":"2026-06-02T01:27:47.265082Z","level":"info","event":"26/06/02 01:27:47 INFO DAGScheduler: Submitting 4 missing tasks from ResultStage 12 (MapPartitionsRDD[35] at showString at NativeMethodAccessorImpl.java:0) (first 15 tasks are for partitions Vector(1, 2, 3, 4))","logger":"airflow.task.hooks.airflow.providers.standard.hooks.subprocess.SubprocessHook","filename":"subprocess.py","lineno":99}
{"timestamp":"2026-06-02T01:27:47.265175Z","level":"info","event":"26/06/02 01:27:47 INFO TaskSchedulerImpl: Adding task set 12.0 with 4 tasks resource profile 0","logger":"airflow.task.hooks.airflow.providers.standard.hooks.subprocess.SubprocessHook","filename":"subprocess.py","lineno":99}
{"timestamp":"2026-06-02T01:27:47.266709Z","level":"info","event":"26/06/02 01:27:47 INFO TaskSetManager: Starting task 0.0 in stage 12.0 (TID 40) (32a25072c928, executor driver, partition 1, PROCESS_LOCAL, 9328 bytes)","logger":"airflow.task.hooks.airflow.providers.standard.hooks.subprocess.SubprocessHook","filename":"subprocess.py","lineno":99}
{"timestamp":"2026-06-02T01:27:47.266926Z","level":"info","event":"26/06/02 01:27:47 INFO TaskSetManager: Starting task 1.0 in stage 12.0 (TID 41) (32a25072c928, executor driver, partition 2, PROCESS_LOCAL, 9188 bytes)","logger":"airflow.task.hooks.airflow.providers.standard.hooks.subprocess.SubprocessHook","filename":"subprocess.py","lineno":99}
{"timestamp":"2026-06-02T01:27:47.267631Z","level":"info","event":"26/06/02 01:27:47 INFO TaskSetManager: Starting task 2.0 in stage 12.0 (TID 42) (32a25072c928, executor driver, partition 3, PROCESS_LOCAL, 9379 bytes)","logger":"airflow.task.hooks.airflow.providers.standard.hooks.subprocess.SubprocessHook","filename":"subprocess.py","lineno":99}
{"timestamp":"2026-06-02T01:27:47.267791Z","level":"info","event":"26/06/02 01:27:47 INFO TaskSetManager: Starting task 3.0 in stage 12.0 (TID 43) (32a25072c928, executor driver, partition 4, PROCESS_LOCAL, 9150 bytes)","logger":"airflow.task.hooks.airflow.providers.standard.hooks.subprocess.SubprocessHook","filename":"subprocess.py","lineno":99}
{"timestamp":"2026-06-02T01:27:47.268979Z","level":"info","event":"26/06/02 01:27:47 INFO Executor: Running task 0.0 in stage 12.0 (TID 40)","logger":"airflow.task.hooks.airflow.providers.standard.hooks.subprocess.SubprocessHook","filename":"subprocess.py","lineno":99}
{"timestamp":"2026-06-02T01:27:47.269195Z","level":"info","event":"26/06/02 01:27:47 INFO Executor: Running task 3.0 in stage 12.0 (TID 43)","logger":"airflow.task.hooks.airflow.providers.standard.hooks.subprocess.SubprocessHook","filename":"subprocess.py","lineno":99}
{"timestamp":"2026-06-02T01:27:47.269295Z","level":"info","event":"26/06/02 01:27:47 INFO Executor: Running task 2.0 in stage 12.0 (TID 42)","logger":"airflow.task.hooks.airflow.providers.standard.hooks.subprocess.SubprocessHook","filename":"subprocess.py","lineno":99}
{"timestamp":"2026-06-02T01:27:47.269635Z","level":"info","event":"26/06/02 01:27:47 INFO Executor: Running task 1.0 in stage 12.0 (TID 41)","logger":"airflow.task.hooks.airflow.providers.standard.hooks.subprocess.SubprocessHook","filename":"subprocess.py","lineno":99}
{"timestamp":"2026-06-02T01:27:47.351791Z","level":"info","event":"26/06/02 01:27:47 INFO PythonRunner: Times: total = 76, boot = -835, init = 911, finish = 0","logger":"airflow.task.hooks.airflow.providers.standard.hooks.subprocess.SubprocessHook","filename":"subprocess.py","lineno":99}
{"timestamp":"2026-06-02T01:27:47.360235Z","level":"info","event":"26/06/02 01:27:47 INFO Executor: Finished task 2.0 in stage 12.0 (TID 42). 2321 bytes result sent to driver","logger":"airflow.task.hooks.airflow.providers.standard.hooks.subprocess.SubprocessHook","filename":"subprocess.py","lineno":99}
{"timestamp":"2026-06-02T01:27:47.361908Z","level":"info","event":"26/06/02 01:27:47 INFO PythonRunner: Times: total = 86, boot = -832, init = 918, finish = 0","logger":"airflow.task.hooks.airflow.providers.standard.hooks.subprocess.SubprocessHook","filename":"subprocess.py","lineno":99}
{"timestamp":"2026-06-02T01:27:47.362363Z","level":"info","event":"26/06/02 01:27:47 INFO BlockManagerInfo: Removed broadcast_13_piece0 on 32a25072c928:37123 in memory (size: 7.9 KiB, free: 434.4 MiB)","logger":"airflow.task.hooks.airflow.providers.standard.hooks.subprocess.SubprocessHook","filename":"subprocess.py","lineno":99}
{"timestamp":"2026-06-02T01:27:47.363018Z","level":"info","event":"26/06/02 01:27:47 INFO TaskSetManager: Finished task 2.0 in stage 12.0 (TID 42) in 96 ms on 32a25072c928 (executor driver) (1/4)","logger":"airflow.task.hooks.airflow.providers.standard.hooks.subprocess.SubprocessHook","filename":"subprocess.py","lineno":99}
{"timestamp":"2026-06-02T01:27:47.364101Z","level":"info","event":"26/06/02 01:27:47 INFO Executor: Finished task 1.0 in stage 12.0 (TID 41). 2181 bytes result sent to driver","logger":"airflow.task.hooks.airflow.providers.standard.hooks.subprocess.SubprocessHook","filename":"subprocess.py","lineno":99}
{"timestamp":"2026-06-02T01:27:47.365790Z","level":"info","event":"26/06/02 01:27:47 INFO TaskSetManager: Finished task 1.0 in stage 12.0 (TID 41) in 98 ms on 32a25072c928 (executor driver) (2/4)","logger":"airflow.task.hooks.airflow.providers.standard.hooks.subprocess.SubprocessHook","filename":"subprocess.py","lineno":99}
{"timestamp":"2026-06-02T01:27:47.378276Z","level":"info","event":"26/06/02 01:27:47 INFO PythonRunner: Times: total = 103, boot = -815, init = 918, finish = 0","logger":"airflow.task.hooks.airflow.providers.standard.hooks.subprocess.SubprocessHook","filename":"subprocess.py","lineno":99}
{"timestamp":"2026-06-02T01:27:47.379754Z","level":"info","event":"26/06/02 01:27:47 INFO PythonRunner: Times: total = 104, boot = -812, init = 916, finish = 0","logger":"airflow.task.hooks.airflow.providers.standard.hooks.subprocess.SubprocessHook","filename":"subprocess.py","lineno":99}
{"timestamp":"2026-06-02T01:27:47.380212Z","level":"info","event":"26/06/02 01:27:47 INFO Executor: Finished task 0.0 in stage 12.0 (TID 40). 2318 bytes result sent to driver","logger":"airflow.task.hooks.airflow.providers.standard.hooks.subprocess.SubprocessHook","filename":"subprocess.py","lineno":99}
{"timestamp":"2026-06-02T01:27:47.382308Z","level":"info","event":"26/06/02 01:27:47 INFO Executor: Finished task 3.0 in stage 12.0 (TID 43). 2153 bytes result sent to driver","logger":"airflow.task.hooks.airflow.providers.standard.hooks.subprocess.SubprocessHook","filename":"subprocess.py","lineno":99}
{"timestamp":"2026-06-02T01:27:47.382575Z","level":"info","event":"26/06/02 01:27:47 INFO TaskSetManager: Finished task 0.0 in stage 12.0 (TID 40) in 116 ms on 32a25072c928 (executor driver) (3/4)","logger":"airflow.task.hooks.airflow.providers.standard.hooks.subprocess.SubprocessHook","filename":"subprocess.py","lineno":99}
{"timestamp":"2026-06-02T01:27:47.383679Z","level":"info","event":"26/06/02 01:27:47 INFO TaskSetManager: Finished task 3.0 in stage 12.0 (TID 43) in 115 ms on 32a25072c928 (executor driver) (4/4)","logger":"airflow.task.hooks.airflow.providers.standard.hooks.subprocess.SubprocessHook","filename":"subprocess.py","lineno":99}
{"timestamp":"2026-06-02T01:27:47.386513Z","level":"info","event":"26/06/02 01:27:47 INFO TaskSchedulerImpl: Removed TaskSet 12.0, whose tasks have all completed, from pool","logger":"airflow.task.hooks.airflow.providers.standard.hooks.subprocess.SubprocessHook","filename":"subprocess.py","lineno":99}
{"timestamp":"2026-06-02T01:27:47.386779Z","level":"info","event":"26/06/02 01:27:47 INFO DAGScheduler: ResultStage 12 (showString at NativeMethodAccessorImpl.java:0) finished in 0.126 s","logger":"airflow.task.hooks.airflow.providers.standard.hooks.subprocess.SubprocessHook","filename":"subprocess.py","lineno":99}
{"timestamp":"2026-06-02T01:27:47.386852Z","level":"info","event":"26/06/02 01:27:47 INFO DAGScheduler: Job 12 is finished. Cancelling potential speculative or zombie tasks for this job","logger":"airflow.task.hooks.airflow.providers.standard.hooks.subprocess.SubprocessHook","filename":"subprocess.py","lineno":99}
{"timestamp":"2026-06-02T01:27:47.386887Z","level":"info","event":"26/06/02 01:27:47 INFO TaskSchedulerImpl: Killing all running tasks in stage 12: Stage finished","logger":"airflow.task.hooks.airflow.providers.standard.hooks.subprocess.SubprocessHook","filename":"subprocess.py","lineno":99}
{"timestamp":"2026-06-02T01:27:47.386924Z","level":"info","event":"26/06/02 01:27:47 INFO DAGScheduler: Job 12 finished: showString at NativeMethodAccessorImpl.java:0, took 0.129106 s","logger":"airflow.task.hooks.airflow.providers.standard.hooks.subprocess.SubprocessHook","filename":"subprocess.py","lineno":99}
{"timestamp":"2026-06-02T01:27:47.391932Z","level":"info","event":"26/06/02 01:27:47 INFO SparkContext: Starting job: showString at NativeMethodAccessorImpl.java:0","logger":"airflow.task.hooks.airflow.providers.standard.hooks.subprocess.SubprocessHook","filename":"subprocess.py","lineno":99}
{"timestamp":"2026-06-02T01:27:47.403048Z","level":"info","event":"26/06/02 01:27:47 INFO DAGScheduler: Got job 13 (showString at NativeMethodAccessorImpl.java:0) with 4 output partitions","logger":"airflow.task.hooks.airflow.providers.standard.hooks.subprocess.SubprocessHook","filename":"subprocess.py","lineno":99}
{"timestamp":"2026-06-02T01:27:47.403298Z","level":"info","event":"26/06/02 01:27:47 INFO DAGScheduler: Final stage: ResultStage 13 (showString at NativeMethodAccessorImpl.java:0)","logger":"airflow.task.hooks.airflow.providers.standard.hooks.subprocess.SubprocessHook","filename":"subprocess.py","lineno":99}
{"timestamp":"2026-06-02T01:27:47.403410Z","level":"info","event":"26/06/02 01:27:47 INFO DAGScheduler: Parents of final stage: List()","logger":"airflow.task.hooks.airflow.providers.standard.hooks.subprocess.SubprocessHook","filename":"subprocess.py","lineno":99}
{"timestamp":"2026-06-02T01:27:47.403485Z","level":"info","event":"26/06/02 01:27:47 INFO DAGScheduler: Missing parents: List()","logger":"airflow.task.hooks.airflow.providers.standard.hooks.subprocess.SubprocessHook","filename":"subprocess.py","lineno":99}
{"timestamp":"2026-06-02T01:27:47.405678Z","level":"info","event":"26/06/02 01:27:47 INFO DAGScheduler: Submitting ResultStage 13 (MapPartitionsRDD[35] at showString at NativeMethodAccessorImpl.java:0), which has no missing parents","logger":"airflow.task.hooks.airflow.providers.standard.hooks.subprocess.SubprocessHook","filename":"subprocess.py","lineno":99}
{"timestamp":"2026-06-02T01:27:47.407973Z","level":"info","event":"26/06/02 01:27:47 INFO MemoryStore: Block broadcast_15 stored as values in memory (estimated size 16.4 KiB, free 434.4 MiB)","logger":"airflow.task.hooks.airflow.providers.standard.hooks.subprocess.SubprocessHook","filename":"subprocess.py","lineno":99}
{"timestamp":"2026-06-02T01:27:47.409316Z","level":"info","event":"26/06/02 01:27:47 INFO MemoryStore: Block broadcast_15_piece0 stored as bytes in memory (estimated size 7.9 KiB, free 434.4 MiB)","logger":"airflow.task.hooks.airflow.providers.standard.hooks.subprocess.SubprocessHook","filename":"subprocess.py","lineno":99}
{"timestamp":"2026-06-02T01:27:47.409519Z","level":"info","event":"26/06/02 01:27:47 INFO BlockManagerInfo: Added broadcast_15_piece0 in memory on 32a25072c928:37123 (size: 7.9 KiB, free: 434.4 MiB)","logger":"airflow.task.hooks.airflow.providers.standard.hooks.subprocess.SubprocessHook","filename":"subprocess.py","lineno":99}
{"timestamp":"2026-06-02T01:27:47.410400Z","level":"info","event":"26/06/02 01:27:47 INFO SparkContext: Created broadcast 15 from broadcast at DAGScheduler.scala:1611","logger":"airflow.task.hooks.airflow.providers.standard.hooks.subprocess.SubprocessHook","filename":"subprocess.py","lineno":99}
{"timestamp":"2026-06-02T01:27:47.410821Z","level":"info","event":"26/06/02 01:27:47 INFO DAGScheduler: Submitting 4 missing tasks from ResultStage 13 (MapPartitionsRDD[35] at showString at NativeMethodAccessorImpl.java:0) (first 15 tasks are for partitions Vector(5, 6, 7, 8))","logger":"airflow.task.hooks.airflow.providers.standard.hooks.subprocess.SubprocessHook","filename":"subprocess.py","lineno":99}
{"timestamp":"2026-06-02T01:27:47.410971Z","level":"info","event":"26/06/02 01:27:47 INFO TaskSchedulerImpl: Adding task set 13.0 with 4 tasks resource profile 0","logger":"airflow.task.hooks.airflow.providers.standard.hooks.subprocess.SubprocessHook","filename":"subprocess.py","lineno":99}
{"timestamp":"2026-06-02T01:27:47.413447Z","level":"info","event":"26/06/02 01:27:47 INFO TaskSetManager: Starting task 0.0 in stage 13.0 (TID 44) (32a25072c928, executor driver, partition 5, PROCESS_LOCAL, 9386 bytes)","logger":"airflow.task.hooks.airflow.providers.standard.hooks.subprocess.SubprocessHook","filename":"subprocess.py","lineno":99}
{"timestamp":"2026-06-02T01:27:47.413652Z","level":"info","event":"26/06/02 01:27:47 INFO TaskSetManager: Starting task 1.0 in stage 13.0 (TID 45) (32a25072c928, executor driver, partition 6, PROCESS_LOCAL, 9165 bytes)","logger":"airflow.task.hooks.airflow.providers.standard.hooks.subprocess.SubprocessHook","filename":"subprocess.py","lineno":99}
{"timestamp":"2026-06-02T01:27:47.414475Z","level":"info","event":"26/06/02 01:27:47 INFO TaskSetManager: Starting task 2.0 in stage 13.0 (TID 46) (32a25072c928, executor driver, partition 7, PROCESS_LOCAL, 9402 bytes)","logger":"airflow.task.hooks.airflow.providers.standard.hooks.subprocess.SubprocessHook","filename":"subprocess.py","lineno":99}
{"timestamp":"2026-06-02T01:27:47.414678Z","level":"info","event":"26/06/02 01:27:47 INFO TaskSetManager: Starting task 3.0 in stage 13.0 (TID 47) (32a25072c928, executor driver, partition 8, PROCESS_LOCAL, 9180 bytes)","logger":"airflow.task.hooks.airflow.providers.standard.hooks.subprocess.SubprocessHook","filename":"subprocess.py","lineno":99}
{"timestamp":"2026-06-02T01:27:47.415522Z","level":"info","event":"26/06/02 01:27:47 INFO Executor: Running task 0.0 in stage 13.0 (TID 44)","logger":"airflow.task.hooks.airflow.providers.standard.hooks.subprocess.SubprocessHook","filename":"subprocess.py","lineno":99}
{"timestamp":"2026-06-02T01:27:47.415663Z","level":"info","event":"26/06/02 01:27:47 INFO Executor: Running task 2.0 in stage 13.0 (TID 46)","logger":"airflow.task.hooks.airflow.providers.standard.hooks.subprocess.SubprocessHook","filename":"subprocess.py","lineno":99}
{"timestamp":"2026-06-02T01:27:47.416665Z","level":"info","event":"26/06/02 01:27:47 INFO Executor: Running task 1.0 in stage 13.0 (TID 45)","logger":"airflow.task.hooks.airflow.providers.standard.hooks.subprocess.SubprocessHook","filename":"subprocess.py","lineno":99}
{"timestamp":"2026-06-02T01:27:47.416887Z","level":"info","event":"26/06/02 01:27:47 INFO Executor: Running task 3.0 in stage 13.0 (TID 47)","logger":"airflow.task.hooks.airflow.providers.standard.hooks.subprocess.SubprocessHook","filename":"subprocess.py","lineno":99}
{"timestamp":"2026-06-02T01:27:47.495254Z","level":"info","event":"26/06/02 01:27:47 INFO PythonRunner: Times: total = 71, boot = -980, init = 1051, finish = 0","logger":"airflow.task.hooks.airflow.providers.standard.hooks.subprocess.SubprocessHook","filename":"subprocess.py","lineno":99}
{"timestamp":"2026-06-02T01:27:47.505601Z","level":"info","event":"26/06/02 01:27:47 INFO PythonRunner: Times: total = 82, boot = -973, init = 1055, finish = 0","logger":"airflow.task.hooks.airflow.providers.standard.hooks.subprocess.SubprocessHook","filename":"subprocess.py","lineno":99}
{"timestamp":"2026-06-02T01:27:47.506067Z","level":"info","event":"26/06/02 01:27:47 INFO Executor: Finished task 2.0 in stage 13.0 (TID 46). 2365 bytes result sent to driver","logger":"airflow.task.hooks.airflow.providers.standard.hooks.subprocess.SubprocessHook","filename":"subprocess.py","lineno":99}
{"timestamp":"2026-06-02T01:27:47.506192Z","level":"info","event":"26/06/02 01:27:47 INFO BlockManagerInfo: Removed broadcast_14_piece0 on 32a25072c928:37123 in memory (size: 7.9 KiB, free: 434.4 MiB)","logger":"airflow.task.hooks.airflow.providers.standard.hooks.subprocess.SubprocessHook","filename":"subprocess.py","lineno":99}
{"timestamp":"2026-06-02T01:27:47.507580Z","level":"info","event":"26/06/02 01:27:47 INFO TaskSetManager: Finished task 2.0 in stage 13.0 (TID 46) in 93 ms on 32a25072c928 (executor driver) (1/4)","logger":"airflow.task.hooks.airflow.providers.standard.hooks.subprocess.SubprocessHook","filename":"subprocess.py","lineno":99}
{"timestamp":"2026-06-02T01:27:47.507725Z","level":"info","event":"26/06/02 01:27:47 INFO Executor: Finished task 3.0 in stage 13.0 (TID 47). 2161 bytes result sent to driver","logger":"airflow.task.hooks.airflow.providers.standard.hooks.subprocess.SubprocessHook","filename":"subprocess.py","lineno":99}
{"timestamp":"2026-06-02T01:27:47.509438Z","level":"info","event":"26/06/02 01:27:47 INFO TaskSetManager: Finished task 3.0 in stage 13.0 (TID 47) in 94 ms on 32a25072c928 (executor driver) (2/4)","logger":"airflow.task.hooks.airflow.providers.standard.hooks.subprocess.SubprocessHook","filename":"subprocess.py","lineno":99}
{"timestamp":"2026-06-02T01:27:47.521094Z","level":"info","event":"26/06/02 01:27:47 INFO PythonRunner: Times: total = 98, boot = -974, init = 1072, finish = 0","logger":"airflow.task.hooks.airflow.providers.standard.hooks.subprocess.SubprocessHook","filename":"subprocess.py","lineno":99}
{"timestamp":"2026-06-02T01:27:47.523401Z","level":"info","event":"26/06/02 01:27:47 INFO Executor: Finished task 1.0 in stage 13.0 (TID 45). 2169 bytes result sent to driver","logger":"airflow.task.hooks.airflow.providers.standard.hooks.subprocess.SubprocessHook","filename":"subprocess.py","lineno":99}
{"timestamp":"2026-06-02T01:27:47.524831Z","level":"info","event":"26/06/02 01:27:47 INFO TaskSetManager: Finished task 1.0 in stage 13.0 (TID 45) in 110 ms on 32a25072c928 (executor driver) (3/4)","logger":"airflow.task.hooks.airflow.providers.standard.hooks.subprocess.SubprocessHook","filename":"subprocess.py","lineno":99}
{"timestamp":"2026-06-02T01:27:47.529705Z","level":"info","event":"26/06/02 01:27:47 INFO PythonRunner: Times: total = 106, boot = -962, init = 1068, finish = 0","logger":"airflow.task.hooks.airflow.providers.standard.hooks.subprocess.SubprocessHook","filename":"subprocess.py","lineno":99}
{"timestamp":"2026-06-02T01:27:47.532168Z","level":"info","event":"26/06/02 01:27:47 INFO Executor: Finished task 0.0 in stage 13.0 (TID 44). 2335 bytes result sent to driver","logger":"airflow.task.hooks.airflow.providers.standard.hooks.subprocess.SubprocessHook","filename":"subprocess.py","lineno":99}
{"timestamp":"2026-06-02T01:27:47.533272Z","level":"info","event":"26/06/02 01:27:47 INFO TaskSetManager: Finished task 0.0 in stage 13.0 (TID 44) in 121 ms on 32a25072c928 (executor driver) (4/4)","logger":"airflow.task.hooks.airflow.providers.standard.hooks.subprocess.SubprocessHook","filename":"subprocess.py","lineno":99}
{"timestamp":"2026-06-02T01:27:47.533636Z","level":"info","event":"26/06/02 01:27:47 INFO TaskSchedulerImpl: Removed TaskSet 13.0, whose tasks have all completed, from pool","logger":"airflow.task.hooks.airflow.providers.standard.hooks.subprocess.SubprocessHook","filename":"subprocess.py","lineno":99}
{"timestamp":"2026-06-02T01:27:47.533787Z","level":"info","event":"26/06/02 01:27:47 INFO DAGScheduler: ResultStage 13 (showString at NativeMethodAccessorImpl.java:0) finished in 0.128 s","logger":"airflow.task.hooks.airflow.providers.standard.hooks.subprocess.SubprocessHook","filename":"subprocess.py","lineno":99}
{"timestamp":"2026-06-02T01:27:47.533885Z","level":"info","event":"26/06/02 01:27:47 INFO DAGScheduler: Job 13 is finished. Cancelling potential speculative or zombie tasks for this job","logger":"airflow.task.hooks.airflow.providers.standard.hooks.subprocess.SubprocessHook","filename":"subprocess.py","lineno":99}
{"timestamp":"2026-06-02T01:27:47.533964Z","level":"info","event":"26/06/02 01:27:47 INFO TaskSchedulerImpl: Killing all running tasks in stage 13: Stage finished","logger":"airflow.task.hooks.airflow.providers.standard.hooks.subprocess.SubprocessHook","filename":"subprocess.py","lineno":99}
{"timestamp":"2026-06-02T01:27:47.534036Z","level":"info","event":"26/06/02 01:27:47 INFO DAGScheduler: Job 13 finished: showString at NativeMethodAccessorImpl.java:0, took 0.142596 s","logger":"airflow.task.hooks.airflow.providers.standard.hooks.subprocess.SubprocessHook","filename":"subprocess.py","lineno":99}
{"timestamp":"2026-06-02T01:27:47.550822Z","level":"info","event":"+------+--------------------+----------+---------+------------------+-----+-------+----+--------------------+","logger":"airflow.task.hooks.airflow.providers.standard.hooks.subprocess.SubprocessHook","filename":"subprocess.py","lineno":99}
{"timestamp":"2026-06-02T01:27:47.551039Z","level":"info","event":"|  type|        product_name|     value|     unit|          quantity|month|quarter|year|           ingest_at|","logger":"airflow.task.hooks.airflow.providers.standard.hooks.subprocess.SubprocessHook","filename":"subprocess.py","lineno":99}
{"timestamp":"2026-06-02T01:27:47.551113Z","level":"info","event":"+------+--------------------+----------+---------+------------------+-----+-------+----+--------------------+","logger":"airflow.task.hooks.airflow.providers.standard.hooks.subprocess.SubprocessHook","filename":"subprocess.py","lineno":99}
{"timestamp":"2026-06-02T01:27:47.551155Z","level":"info","event":"|Import|            Thủy sản|168.659981|Triệu USD|              -1.0|    2|      1|2026|2026-06-02 01:27:...|","logger":"airflow.task.hooks.airflow.providers.standard.hooks.subprocess.SubprocessHook","filename":"subprocess.py","lineno":99}
{"timestamp":"2026-06-02T01:27:47.551192Z","level":"info","event":"|Import| Sữa và sản phẩm sữa|132.704118|Triệu USD|              -1.0|    2|      1|2026|2026-06-02 01:27:...|","logger":"airflow.task.hooks.airflow.providers.standard.hooks.subprocess.SubprocessHook","filename":"subprocess.py","lineno":99}
{"timestamp":"2026-06-02T01:27:47.551269Z","level":"info","event":"|Import|             Rau quả| 193.37473|Triệu USD|              -1.0|    2|      1|2026|2026-06-02 01:27:...|","logger":"airflow.task.hooks.airflow.providers.standard.hooks.subprocess.SubprocessHook","filename":"subprocess.py","lineno":99}
{"timestamp":"2026-06-02T01:27:47.551314Z","level":"info","event":"|Import|            Hạt điều|254.235274|Triệu USD|155.41436226960624|    2|      1|2026|2026-06-02 01:27:...|","logger":"airflow.task.hooks.airflow.providers.standard.hooks.subprocess.SubprocessHook","filename":"subprocess.py","lineno":99}
{"timestamp":"2026-06-02T01:27:47.551349Z","level":"info","event":"|Import|              Lúa mỳ|269.974242|Triệu USD| 1036.666259780612|    2|      1|2026|2026-06-02 01:27:...|","logger":"airflow.task.hooks.airflow.providers.standard.hooks.subprocess.SubprocessHook","filename":"subprocess.py","lineno":99}
{"timestamp":"2026-06-02T01:27:47.551402Z","level":"info","event":"|Import|                 Ngô|303.841966|Triệu USD|1225.6964834676544|    2|      1|2026|2026-06-02 01:27:...|","logger":"airflow.task.hooks.airflow.providers.standard.hooks.subprocess.SubprocessHook","filename":"subprocess.py","lineno":99}
{"timestamp":"2026-06-02T01:27:47.551452Z","level":"info","event":"|Import|           Đậu tương|133.111811|Triệu USD| 273.7804006496782|    2|      1|2026|2026-06-02 01:27:...|","logger":"airflow.task.hooks.airflow.providers.standard.hooks.subprocess.SubprocessHook","filename":"subprocess.py","lineno":99}
{"timestamp":"2026-06-02T01:27:47.551489Z","level":"info","event":"|Import|Dầu mỡ động thực vật|119.188652|Triệu USD|              -1.0|    2|      1|2026|2026-06-02 01:27:...|","logger":"airflow.task.hooks.airflow.providers.standard.hooks.subprocess.SubprocessHook","filename":"subprocess.py","lineno":99}
{"timestamp":"2026-06-02T01:27:47.551524Z","level":"info","event":"|Import|Chế phẩm thực phẩ...| 91.258212|Triệu USD|              -1.0|    2|      1|2026|2026-06-02 01:27:...|","logger":"airflow.task.hooks.airflow.providers.standard.hooks.subprocess.SubprocessHook","filename":"subprocess.py","lineno":99}
{"timestamp":"2026-06-02T01:27:47.551556Z","level":"info","event":"|Import|Thức ăn gia súc v...|258.166411|Triệu USD|              -1.0|    2|      1|2026|2026-06-02 01:27:...|","logger":"airflow.task.hooks.airflow.providers.standard.hooks.subprocess.SubprocessHook","filename":"subprocess.py","lineno":99}
{"timestamp":"2026-06-02T01:27:47.551591Z","level":"info","event":"|Import|Quặng và khoáng s...|273.149217|Triệu USD| 2151.645264505299|    2|      1|2026|2026-06-02 01:27:...|","logger":"airflow.task.hooks.airflow.providers.standard.hooks.subprocess.SubprocessHook","filename":"subprocess.py","lineno":99}
{"timestamp":"2026-06-02T01:27:47.551621Z","level":"info","event":"|Import|             Than đá|538.636071|Triệu USD| 5302.819565909726|    2|      1|2026|2026-06-02 01:27:...|","logger":"airflow.task.hooks.airflow.providers.standard.hooks.subprocess.SubprocessHook","filename":"subprocess.py","lineno":99}
{"timestamp":"2026-06-02T01:27:47.551652Z","level":"info","event":"|Import|             Dầu thô|480.789714|Triệu USD| 946.9652327613252|    2|      1|2026|2026-06-02 01:27:...|","logger":"airflow.task.hooks.airflow.providers.standard.hooks.subprocess.SubprocessHook","filename":"subprocess.py","lineno":99}
{"timestamp":"2026-06-02T01:27:47.551683Z","level":"info","event":"|Import|            Xăng dầu|720.783423|Triệu USD|1065.4142136196645|    2|      1|2026|2026-06-02 01:27:...|","logger":"airflow.task.hooks.airflow.providers.standard.hooks.subprocess.SubprocessHook","filename":"subprocess.py","lineno":99}
{"timestamp":"2026-06-02T01:27:47.551716Z","level":"info","event":"|Import|    Khí đốt hóa lỏng|175.091574|Triệu USD|312.84710805543466|    2|      1|2026|2026-06-02 01:27:...|","logger":"airflow.task.hooks.airflow.providers.standard.hooks.subprocess.SubprocessHook","filename":"subprocess.py","lineno":99}
{"timestamp":"2026-06-02T01:27:47.551922Z","level":"info","event":"|Import|Sản phẩm khác từ ...|246.289838|Triệu USD|              -1.0|    2|      1|2026|2026-06-02 01:27:...|","logger":"airflow.task.hooks.airflow.providers.standard.hooks.subprocess.SubprocessHook","filename":"subprocess.py","lineno":99}
{"timestamp":"2026-06-02T01:27:47.552050Z","level":"info","event":"|Import|            Hóa chất|569.210518|Triệu USD|              -1.0|    2|      1|2026|2026-06-02 01:27:...|","logger":"airflow.task.hooks.airflow.providers.standard.hooks.subprocess.SubprocessHook","filename":"subprocess.py","lineno":99}
{"timestamp":"2026-06-02T01:27:47.552139Z","level":"info","event":"|Import|   Sản phẩm hoá chất| 527.57723|Triệu USD|              -1.0|    2|      1|2026|2026-06-02 01:27:...|","logger":"airflow.task.hooks.airflow.providers.standard.hooks.subprocess.SubprocessHook","filename":"subprocess.py","lineno":99}
{"timestamp":"2026-06-02T01:27:47.552213Z","level":"info","event":"|Import|            Tân dược|212.746195|Triệu USD|              -1.0|    2|      1|2026|2026-06-02 01:27:...|","logger":"airflow.task.hooks.airflow.providers.standard.hooks.subprocess.SubprocessHook","filename":"subprocess.py","lineno":99}
{"timestamp":"2026-06-02T01:27:47.552289Z","level":"info","event":"|Import|            Phân bón| 80.935255|Triệu USD|183.33954543222467|    2|      1|2026|2026-06-02 01:27:...|","logger":"airflow.task.hooks.airflow.providers.standard.hooks.subprocess.SubprocessHook","filename":"subprocess.py","lineno":99}
{"timestamp":"2026-06-02T01:27:47.552361Z","level":"info","event":"+------+--------------------+----------+---------+------------------+-----+-------+----+--------------------+","logger":"airflow.task.hooks.airflow.providers.standard.hooks.subprocess.SubprocessHook","filename":"subprocess.py","lineno":99}
{"timestamp":"2026-06-02T01:27:47.552431Z","level":"info","event":"only showing top 20 rows","logger":"airflow.task.hooks.airflow.providers.standard.hooks.subprocess.SubprocessHook","filename":"subprocess.py","lineno":99}
{"timestamp":"2026-06-02T01:27:47.552505Z","level":"info","event":"","logger":"airflow.task.hooks.airflow.providers.standard.hooks.subprocess.SubprocessHook","filename":"subprocess.py","lineno":99}
{"timestamp":"2026-06-02T01:27:47.629984Z","level":"info","event":"AN ERROR OCCURED WHEN LOAD DF TO international_ecommerce - 2026 2 !!!!!!!!!!!!!!","logger":"airflow.task.hooks.airflow.providers.standard.hooks.subprocess.SubprocessHook","filename":"subprocess.py","lineno":99}
{"timestamp":"2026-06-02T01:27:47.630128Z","level":"info","event":" [DELTA_FAILED_TO_MERGE_FIELDS] Failed to merge fields 'month' and 'month'","logger":"airflow.task.hooks.airflow.providers.standard.hooks.subprocess.SubprocessHook","filename":"subprocess.py","lineno":99}
{"timestamp":"2026-06-02T01:27:47.630172Z","level":"info","event":"Bắt đầu insert dữ liệu vào SILVER layer","logger":"airflow.task.hooks.airflow.providers.standard.hooks.subprocess.SubprocessHook","filename":"subprocess.py","lineno":99}
{"timestamp":"2026-06-02T01:27:47.673266Z","level":"info","event":"root","logger":"airflow.task.hooks.airflow.providers.standard.hooks.subprocess.SubprocessHook","filename":"subprocess.py","lineno":99}
{"timestamp":"2026-06-02T01:27:47.673534Z","level":"info","event":" |-- product_name: string (nullable = true)","logger":"airflow.task.hooks.airflow.providers.standard.hooks.subprocess.SubprocessHook","filename":"subprocess.py","lineno":99}
{"timestamp":"2026-06-02T01:27:47.673689Z","level":"info","event":" |-- quantity: double (nullable = true)","logger":"airflow.task.hooks.airflow.providers.standard.hooks.subprocess.SubprocessHook","filename":"subprocess.py","lineno":99}
{"timestamp":"2026-06-02T01:27:47.673825Z","level":"info","event":" |-- value: double (nullable = true)","logger":"airflow.task.hooks.airflow.providers.standard.hooks.subprocess.SubprocessHook","filename":"subprocess.py","lineno":99}
{"timestamp":"2026-06-02T01:27:47.673905Z","level":"info","event":" |-- type: string (nullable = true)","logger":"airflow.task.hooks.airflow.providers.standard.hooks.subprocess.SubprocessHook","filename":"subprocess.py","lineno":99}
{"timestamp":"2026-06-02T01:27:47.673937Z","level":"info","event":" |-- quantity_unit: string (nullable = true)","logger":"airflow.task.hooks.airflow.providers.standard.hooks.subprocess.SubprocessHook","filename":"subprocess.py","lineno":99}
{"timestamp":"2026-06-02T01:27:47.673959Z","level":"info","event":" |-- unit: string (nullable = true)","logger":"airflow.task.hooks.airflow.providers.standard.hooks.subprocess.SubprocessHook","filename":"subprocess.py","lineno":99}
{"timestamp":"2026-06-02T01:27:47.673980Z","level":"info","event":" |-- month: long (nullable = true)","logger":"airflow.task.hooks.airflow.providers.standard.hooks.subprocess.SubprocessHook","filename":"subprocess.py","lineno":99}
{"timestamp":"2026-06-02T01:27:47.674001Z","level":"info","event":" |-- quarter: integer (nullable = true)","logger":"airflow.task.hooks.airflow.providers.standard.hooks.subprocess.SubprocessHook","filename":"subprocess.py","lineno":99}
{"timestamp":"2026-06-02T01:27:47.674072Z","level":"info","event":" |-- year: integer (nullable = true)","logger":"airflow.task.hooks.airflow.providers.standard.hooks.subprocess.SubprocessHook","filename":"subprocess.py","lineno":99}
{"timestamp":"2026-06-02T01:27:47.674105Z","level":"info","event":" |-- ingest_at: timestamp (nullable = true)","logger":"airflow.task.hooks.airflow.providers.standard.hooks.subprocess.SubprocessHook","filename":"subprocess.py","lineno":99}
{"timestamp":"2026-06-02T01:27:47.674131Z","level":"info","event":"","logger":"airflow.task.hooks.airflow.providers.standard.hooks.subprocess.SubprocessHook","filename":"subprocess.py","lineno":99}
{"timestamp":"2026-06-02T01:27:47.674157Z","level":"info","event":"Đang tải dữ liệu vào Silver.International_ecomerce !!!","logger":"airflow.task.hooks.airflow.providers.standard.hooks.subprocess.SubprocessHook","filename":"subprocess.py","lineno":99}
{"timestamp":"2026-06-02T01:27:47.741193Z","level":"info","event":"26/06/02 01:27:47 INFO SparkContext: Starting job: showString at NativeMethodAccessorImpl.java:0","logger":"airflow.task.hooks.airflow.providers.standard.hooks.subprocess.SubprocessHook","filename":"subprocess.py","lineno":99}
{"timestamp":"2026-06-02T01:27:47.741862Z","level":"info","event":"26/06/02 01:27:47 INFO DAGScheduler: Got job 14 (showString at NativeMethodAccessorImpl.java:0) with 1 output partitions","logger":"airflow.task.hooks.airflow.providers.standard.hooks.subprocess.SubprocessHook","filename":"subprocess.py","lineno":99}
{"timestamp":"2026-06-02T01:27:47.742025Z","level":"info","event":"26/06/02 01:27:47 INFO DAGScheduler: Final stage: ResultStage 14 (showString at NativeMethodAccessorImpl.java:0)","logger":"airflow.task.hooks.airflow.providers.standard.hooks.subprocess.SubprocessHook","filename":"subprocess.py","lineno":99}
{"timestamp":"2026-06-02T01:27:47.742088Z","level":"info","event":"26/06/02 01:27:47 INFO DAGScheduler: Parents of final stage: List()","logger":"airflow.task.hooks.airflow.providers.standard.hooks.subprocess.SubprocessHook","filename":"subprocess.py","lineno":99}
{"timestamp":"2026-06-02T01:27:47.747608Z","level":"info","event":"26/06/02 01:27:47 INFO DAGScheduler: Missing parents: List()","logger":"airflow.task.hooks.airflow.providers.standard.hooks.subprocess.SubprocessHook","filename":"subprocess.py","lineno":99}
{"timestamp":"2026-06-02T01:27:47.748625Z","level":"info","event":"26/06/02 01:27:47 INFO DAGScheduler: Submitting ResultStage 14 (MapPartitionsRDD[42] at showString at NativeMethodAccessorImpl.java:0), which has no missing parents","logger":"airflow.task.hooks.airflow.providers.standard.hooks.subprocess.SubprocessHook","filename":"subprocess.py","lineno":99}
{"timestamp":"2026-06-02T01:27:47.750902Z","level":"info","event":"26/06/02 01:27:47 INFO MemoryStore: Block broadcast_16 stored as values in memory (estimated size 16.4 KiB, free 434.4 MiB)","logger":"airflow.task.hooks.airflow.providers.standard.hooks.subprocess.SubprocessHook","filename":"subprocess.py","lineno":99}
{"timestamp":"2026-06-02T01:27:47.761644Z","level":"info","event":"26/06/02 01:27:47 INFO MemoryStore: Block broadcast_16_piece0 stored as bytes in memory (estimated size 7.9 KiB, free 434.4 MiB)","logger":"airflow.task.hooks.airflow.providers.standard.hooks.subprocess.SubprocessHook","filename":"subprocess.py","lineno":99}
{"timestamp":"2026-06-02T01:27:47.761919Z","level":"info","event":"26/06/02 01:27:47 INFO BlockManagerInfo: Removed broadcast_15_piece0 on 32a25072c928:37123 in memory (size: 7.9 KiB, free: 434.4 MiB)","logger":"airflow.task.hooks.airflow.providers.standard.hooks.subprocess.SubprocessHook","filename":"subprocess.py","lineno":99}
{"timestamp":"2026-06-02T01:27:47.762645Z","level":"info","event":"26/06/02 01:27:47 INFO BlockManagerInfo: Added broadcast_16_piece0 in memory on 32a25072c928:37123 (size: 7.9 KiB, free: 434.4 MiB)","logger":"airflow.task.hooks.airflow.providers.standard.hooks.subprocess.SubprocessHook","filename":"subprocess.py","lineno":99}
{"timestamp":"2026-06-02T01:27:47.762805Z","level":"info","event":"26/06/02 01:27:47 INFO SparkContext: Created broadcast 16 from broadcast at DAGScheduler.scala:1611","logger":"airflow.task.hooks.airflow.providers.standard.hooks.subprocess.SubprocessHook","filename":"subprocess.py","lineno":99}
{"timestamp":"2026-06-02T01:27:47.764673Z","level":"info","event":"26/06/02 01:27:47 INFO DAGScheduler: Submitting 1 missing tasks from ResultStage 14 (MapPartitionsRDD[42] at showString at NativeMethodAccessorImpl.java:0) (first 15 tasks are for partitions Vector(0))","logger":"airflow.task.hooks.airflow.providers.standard.hooks.subprocess.SubprocessHook","filename":"subprocess.py","lineno":99}
{"timestamp":"2026-06-02T01:27:47.764883Z","level":"info","event":"26/06/02 01:27:47 INFO TaskSchedulerImpl: Adding task set 14.0 with 1 tasks resource profile 0","logger":"airflow.task.hooks.airflow.providers.standard.hooks.subprocess.SubprocessHook","filename":"subprocess.py","lineno":99}
{"timestamp":"2026-06-02T01:27:47.766643Z","level":"info","event":"26/06/02 01:27:47 INFO TaskSetManager: Starting task 0.0 in stage 14.0 (TID 48) (32a25072c928, executor driver, partition 0, PROCESS_LOCAL, 9151 bytes)","logger":"airflow.task.hooks.airflow.providers.standard.hooks.subprocess.SubprocessHook","filename":"subprocess.py","lineno":99}
{"timestamp":"2026-06-02T01:27:47.767570Z","level":"info","event":"26/06/02 01:27:47 INFO Executor: Running task 0.0 in stage 14.0 (TID 48)","logger":"airflow.task.hooks.airflow.providers.standard.hooks.subprocess.SubprocessHook","filename":"subprocess.py","lineno":99}
{"timestamp":"2026-06-02T01:27:47.850751Z","level":"info","event":"26/06/02 01:27:47 INFO PythonRunner: Times: total = 78, boot = -521, init = 599, finish = 0","logger":"airflow.task.hooks.airflow.providers.standard.hooks.subprocess.SubprocessHook","filename":"subprocess.py","lineno":99}
{"timestamp":"2026-06-02T01:27:47.859000Z","level":"info","event":"26/06/02 01:27:47 INFO Executor: Finished task 0.0 in stage 14.0 (TID 48). 2157 bytes result sent to driver","logger":"airflow.task.hooks.airflow.providers.standard.hooks.subprocess.SubprocessHook","filename":"subprocess.py","lineno":99}
{"timestamp":"2026-06-02T01:27:47.860090Z","level":"info","event":"26/06/02 01:27:47 INFO TaskSetManager: Finished task 0.0 in stage 14.0 (TID 48) in 94 ms on 32a25072c928 (executor driver) (1/1)","logger":"airflow.task.hooks.airflow.providers.standard.hooks.subprocess.SubprocessHook","filename":"subprocess.py","lineno":99}
{"timestamp":"2026-06-02T01:27:47.861648Z","level":"info","event":"26/06/02 01:27:47 INFO TaskSchedulerImpl: Removed TaskSet 14.0, whose tasks have all completed, from pool","logger":"airflow.task.hooks.airflow.providers.standard.hooks.subprocess.SubprocessHook","filename":"subprocess.py","lineno":99}
{"timestamp":"2026-06-02T01:27:47.862268Z","level":"info","event":"26/06/02 01:27:47 INFO DAGScheduler: ResultStage 14 (showString at NativeMethodAccessorImpl.java:0) finished in 0.112 s","logger":"airflow.task.hooks.airflow.providers.standard.hooks.subprocess.SubprocessHook","filename":"subprocess.py","lineno":99}
{"timestamp":"2026-06-02T01:27:47.862412Z","level":"info","event":"26/06/02 01:27:47 INFO DAGScheduler: Job 14 is finished. Cancelling potential speculative or zombie tasks for this job","logger":"airflow.task.hooks.airflow.providers.standard.hooks.subprocess.SubprocessHook","filename":"subprocess.py","lineno":99}
{"timestamp":"2026-06-02T01:27:47.862480Z","level":"info","event":"26/06/02 01:27:47 INFO TaskSchedulerImpl: Killing all running tasks in stage 14: Stage finished","logger":"airflow.task.hooks.airflow.providers.standard.hooks.subprocess.SubprocessHook","filename":"subprocess.py","lineno":99}
{"timestamp":"2026-06-02T01:27:47.862806Z","level":"info","event":"26/06/02 01:27:47 INFO DAGScheduler: Job 14 finished: showString at NativeMethodAccessorImpl.java:0, took 0.121863 s","logger":"airflow.task.hooks.airflow.providers.standard.hooks.subprocess.SubprocessHook","filename":"subprocess.py","lineno":99}
{"timestamp":"2026-06-02T01:27:47.867483Z","level":"info","event":"26/06/02 01:27:47 INFO SparkContext: Starting job: showString at NativeMethodAccessorImpl.java:0","logger":"airflow.task.hooks.airflow.providers.standard.hooks.subprocess.SubprocessHook","filename":"subprocess.py","lineno":99}
{"timestamp":"2026-06-02T01:27:47.868339Z","level":"info","event":"26/06/02 01:27:47 INFO DAGScheduler: Got job 15 (showString at NativeMethodAccessorImpl.java:0) with 4 output partitions","logger":"airflow.task.hooks.airflow.providers.standard.hooks.subprocess.SubprocessHook","filename":"subprocess.py","lineno":99}
{"timestamp":"2026-06-02T01:27:47.868456Z","level":"info","event":"26/06/02 01:27:47 INFO DAGScheduler: Final stage: ResultStage 15 (showString at NativeMethodAccessorImpl.java:0)","logger":"airflow.task.hooks.airflow.providers.standard.hooks.subprocess.SubprocessHook","filename":"subprocess.py","lineno":99}
{"timestamp":"2026-06-02T01:27:47.868494Z","level":"info","event":"26/06/02 01:27:47 INFO DAGScheduler: Parents of final stage: List()","logger":"airflow.task.hooks.airflow.providers.standard.hooks.subprocess.SubprocessHook","filename":"subprocess.py","lineno":99}
{"timestamp":"2026-06-02T01:27:47.868519Z","level":"info","event":"26/06/02 01:27:47 INFO DAGScheduler: Missing parents: List()","logger":"airflow.task.hooks.airflow.providers.standard.hooks.subprocess.SubprocessHook","filename":"subprocess.py","lineno":99}
{"timestamp":"2026-06-02T01:27:47.872812Z","level":"info","event":"26/06/02 01:27:47 INFO DAGScheduler: Submitting ResultStage 15 (MapPartitionsRDD[42] at showString at NativeMethodAccessorImpl.java:0), which has no missing parents","logger":"airflow.task.hooks.airflow.providers.standard.hooks.subprocess.SubprocessHook","filename":"subprocess.py","lineno":99}
{"timestamp":"2026-06-02T01:27:47.875392Z","level":"info","event":"26/06/02 01:27:47 INFO MemoryStore: Block broadcast_17 stored as values in memory (estimated size 16.4 KiB, free 434.4 MiB)","logger":"airflow.task.hooks.airflow.providers.standard.hooks.subprocess.SubprocessHook","filename":"subprocess.py","lineno":99}
{"timestamp":"2026-06-02T01:27:47.876428Z","level":"info","event":"26/06/02 01:27:47 INFO MemoryStore: Block broadcast_17_piece0 stored as bytes in memory (estimated size 7.9 KiB, free 434.4 MiB)","logger":"airflow.task.hooks.airflow.providers.standard.hooks.subprocess.SubprocessHook","filename":"subprocess.py","lineno":99}
{"timestamp":"2026-06-02T01:27:47.876671Z","level":"info","event":"26/06/02 01:27:47 INFO BlockManagerInfo: Added broadcast_17_piece0 in memory on 32a25072c928:37123 (size: 7.9 KiB, free: 434.4 MiB)","logger":"airflow.task.hooks.airflow.providers.standard.hooks.subprocess.SubprocessHook","filename":"subprocess.py","lineno":99}
{"timestamp":"2026-06-02T01:27:47.877887Z","level":"info","event":"26/06/02 01:27:47 INFO SparkContext: Created broadcast 17 from broadcast at DAGScheduler.scala:1611","logger":"airflow.task.hooks.airflow.providers.standard.hooks.subprocess.SubprocessHook","filename":"subprocess.py","lineno":99}
{"timestamp":"2026-06-02T01:27:47.878392Z","level":"info","event":"26/06/02 01:27:47 INFO DAGScheduler: Submitting 4 missing tasks from ResultStage 15 (MapPartitionsRDD[42] at showString at NativeMethodAccessorImpl.java:0) (first 15 tasks are for partitions Vector(1, 2, 3, 4))","logger":"airflow.task.hooks.airflow.providers.standard.hooks.subprocess.SubprocessHook","filename":"subprocess.py","lineno":99}
{"timestamp":"2026-06-02T01:27:47.878508Z","level":"info","event":"26/06/02 01:27:47 INFO TaskSchedulerImpl: Adding task set 15.0 with 4 tasks resource profile 0","logger":"airflow.task.hooks.airflow.providers.standard.hooks.subprocess.SubprocessHook","filename":"subprocess.py","lineno":99}
{"timestamp":"2026-06-02T01:27:47.880461Z","level":"info","event":"26/06/02 01:27:47 INFO TaskSetManager: Starting task 0.0 in stage 15.0 (TID 49) (32a25072c928, executor driver, partition 1, PROCESS_LOCAL, 9150 bytes)","logger":"airflow.task.hooks.airflow.providers.standard.hooks.subprocess.SubprocessHook","filename":"subprocess.py","lineno":99}
{"timestamp":"2026-06-02T01:27:47.881039Z","level":"info","event":"26/06/02 01:27:47 INFO TaskSetManager: Starting task 1.0 in stage 15.0 (TID 50) (32a25072c928, executor driver, partition 2, PROCESS_LOCAL, 9144 bytes)","logger":"airflow.task.hooks.airflow.providers.standard.hooks.subprocess.SubprocessHook","filename":"subprocess.py","lineno":99}
{"timestamp":"2026-06-02T01:27:47.881275Z","level":"info","event":"26/06/02 01:27:47 INFO TaskSetManager: Starting task 2.0 in stage 15.0 (TID 51) (32a25072c928, executor driver, partition 3, PROCESS_LOCAL, 9168 bytes)","logger":"airflow.task.hooks.airflow.providers.standard.hooks.subprocess.SubprocessHook","filename":"subprocess.py","lineno":99}
{"timestamp":"2026-06-02T01:27:47.881310Z","level":"info","event":"26/06/02 01:27:47 INFO TaskSetManager: Starting task 3.0 in stage 15.0 (TID 52) (32a25072c928, executor driver, partition 4, PROCESS_LOCAL, 9217 bytes)","logger":"airflow.task.hooks.airflow.providers.standard.hooks.subprocess.SubprocessHook","filename":"subprocess.py","lineno":99}
{"timestamp":"2026-06-02T01:27:47.882427Z","level":"info","event":"26/06/02 01:27:47 INFO Executor: Running task 1.0 in stage 15.0 (TID 50)","logger":"airflow.task.hooks.airflow.providers.standard.hooks.subprocess.SubprocessHook","filename":"subprocess.py","lineno":99}
{"timestamp":"2026-06-02T01:27:47.882562Z","level":"info","event":"26/06/02 01:27:47 INFO Executor: Running task 3.0 in stage 15.0 (TID 52)","logger":"airflow.task.hooks.airflow.providers.standard.hooks.subprocess.SubprocessHook","filename":"subprocess.py","lineno":99}
{"timestamp":"2026-06-02T01:27:47.882621Z","level":"info","event":"26/06/02 01:27:47 INFO Executor: Running task 0.0 in stage 15.0 (TID 49)","logger":"airflow.task.hooks.airflow.providers.standard.hooks.subprocess.SubprocessHook","filename":"subprocess.py","lineno":99}
{"timestamp":"2026-06-02T01:27:47.882661Z","level":"info","event":"26/06/02 01:27:47 INFO Executor: Running task 2.0 in stage 15.0 (TID 51)","logger":"airflow.task.hooks.airflow.providers.standard.hooks.subprocess.SubprocessHook","filename":"subprocess.py","lineno":99}
{"timestamp":"2026-06-02T01:27:47.982951Z","level":"info","event":"26/06/02 01:27:47 INFO PythonRunner: Times: total = 95, boot = -519, init = 614, finish = 0","logger":"airflow.task.hooks.airflow.providers.standard.hooks.subprocess.SubprocessHook","filename":"subprocess.py","lineno":99}
{"timestamp":"2026-06-02T01:27:48.001163Z","level":"info","event":"26/06/02 01:27:47 INFO PythonRunner: Times: total = 111, boot = -489, init = 600, finish = 0","logger":"airflow.task.hooks.airflow.providers.standard.hooks.subprocess.SubprocessHook","filename":"subprocess.py","lineno":99}
{"timestamp":"2026-06-02T01:27:48.001615Z","level":"info","event":"26/06/02 01:27:47 INFO PythonRunner: Times: total = 108, boot = -511, init = 618, finish = 1","logger":"airflow.task.hooks.airflow.providers.standard.hooks.subprocess.SubprocessHook","filename":"subprocess.py","lineno":99}
{"timestamp":"2026-06-02T01:27:48.002583Z","level":"info","event":"26/06/02 01:27:47 INFO PythonRunner: Times: total = 105, boot = -492, init = 596, finish = 1","logger":"airflow.task.hooks.airflow.providers.standard.hooks.subprocess.SubprocessHook","filename":"subprocess.py","lineno":99}
{"timestamp":"2026-06-02T01:27:48.002812Z","level":"info","event":"26/06/02 01:27:47 INFO Executor: Finished task 2.0 in stage 15.0 (TID 51). 2207 bytes result sent to driver","logger":"airflow.task.hooks.airflow.providers.standard.hooks.subprocess.SubprocessHook","filename":"subprocess.py","lineno":99}
{"timestamp":"2026-06-02T01:27:48.003460Z","level":"info","event":"26/06/02 01:27:48 INFO Executor: Finished task 3.0 in stage 15.0 (TID 52). 2203 bytes result sent to driver","logger":"airflow.task.hooks.airflow.providers.standard.hooks.subprocess.SubprocessHook","filename":"subprocess.py","lineno":99}
{"timestamp":"2026-06-02T01:27:48.007077Z","level":"info","event":"26/06/02 01:27:48 INFO TaskSetManager: Finished task 2.0 in stage 15.0 (TID 51) in 123 ms on 32a25072c928 (executor driver) (1/4)","logger":"airflow.task.hooks.airflow.providers.standard.hooks.subprocess.SubprocessHook","filename":"subprocess.py","lineno":99}
{"timestamp":"2026-06-02T01:27:48.007370Z","level":"info","event":"26/06/02 01:27:48 INFO Executor: Finished task 0.0 in stage 15.0 (TID 49). 2184 bytes result sent to driver","logger":"airflow.task.hooks.airflow.providers.standard.hooks.subprocess.SubprocessHook","filename":"subprocess.py","lineno":99}
{"timestamp":"2026-06-02T01:27:48.007503Z","level":"info","event":"26/06/02 01:27:48 INFO BlockManagerInfo: Removed broadcast_16_piece0 on 32a25072c928:37123 in memory (size: 7.9 KiB, free: 434.4 MiB)","logger":"airflow.task.hooks.airflow.providers.standard.hooks.subprocess.SubprocessHook","filename":"subprocess.py","lineno":99}
{"timestamp":"2026-06-02T01:27:48.007600Z","level":"info","event":"26/06/02 01:27:48 INFO Executor: Finished task 1.0 in stage 15.0 (TID 50). 2178 bytes result sent to driver","logger":"airflow.task.hooks.airflow.providers.standard.hooks.subprocess.SubprocessHook","filename":"subprocess.py","lineno":99}
{"timestamp":"2026-06-02T01:27:48.007630Z","level":"info","event":"26/06/02 01:27:48 INFO TaskSetManager: Finished task 0.0 in stage 15.0 (TID 49) in 128 ms on 32a25072c928 (executor driver) (2/4)","logger":"airflow.task.hooks.airflow.providers.standard.hooks.subprocess.SubprocessHook","filename":"subprocess.py","lineno":99}
{"timestamp":"2026-06-02T01:27:48.009046Z","level":"info","event":"26/06/02 01:27:48 INFO TaskSetManager: Finished task 3.0 in stage 15.0 (TID 52) in 127 ms on 32a25072c928 (executor driver) (3/4)","logger":"airflow.task.hooks.airflow.providers.standard.hooks.subprocess.SubprocessHook","filename":"subprocess.py","lineno":99}
{"timestamp":"2026-06-02T01:27:48.009306Z","level":"info","event":"26/06/02 01:27:48 INFO TaskSetManager: Finished task 1.0 in stage 15.0 (TID 50) in 127 ms on 32a25072c928 (executor driver) (4/4)","logger":"airflow.task.hooks.airflow.providers.standard.hooks.subprocess.SubprocessHook","filename":"subprocess.py","lineno":99}
{"timestamp":"2026-06-02T01:27:48.009333Z","level":"info","event":"26/06/02 01:27:48 INFO TaskSchedulerImpl: Removed TaskSet 15.0, whose tasks have all completed, from pool","logger":"airflow.task.hooks.airflow.providers.standard.hooks.subprocess.SubprocessHook","filename":"subprocess.py","lineno":99}
{"timestamp":"2026-06-02T01:27:48.012411Z","level":"info","event":"26/06/02 01:27:48 INFO DAGScheduler: ResultStage 15 (showString at NativeMethodAccessorImpl.java:0) finished in 0.137 s","logger":"airflow.task.hooks.airflow.providers.standard.hooks.subprocess.SubprocessHook","filename":"subprocess.py","lineno":99}
{"timestamp":"2026-06-02T01:27:48.012632Z","level":"info","event":"26/06/02 01:27:48 INFO DAGScheduler: Job 15 is finished. Cancelling potential speculative or zombie tasks for this job","logger":"airflow.task.hooks.airflow.providers.standard.hooks.subprocess.SubprocessHook","filename":"subprocess.py","lineno":99}
{"timestamp":"2026-06-02T01:27:48.012788Z","level":"info","event":"26/06/02 01:27:48 INFO TaskSchedulerImpl: Killing all running tasks in stage 15: Stage finished","logger":"airflow.task.hooks.airflow.providers.standard.hooks.subprocess.SubprocessHook","filename":"subprocess.py","lineno":99}
{"timestamp":"2026-06-02T01:27:48.013281Z","level":"info","event":"26/06/02 01:27:48 INFO DAGScheduler: Job 15 finished: showString at NativeMethodAccessorImpl.java:0, took 0.145648 s","logger":"airflow.task.hooks.airflow.providers.standard.hooks.subprocess.SubprocessHook","filename":"subprocess.py","lineno":99}
{"timestamp":"2026-06-02T01:27:48.018877Z","level":"info","event":"26/06/02 01:27:48 INFO SparkContext: Starting job: showString at NativeMethodAccessorImpl.java:0","logger":"airflow.task.hooks.airflow.providers.standard.hooks.subprocess.SubprocessHook","filename":"subprocess.py","lineno":99}
{"timestamp":"2026-06-02T01:27:48.019782Z","level":"info","event":"26/06/02 01:27:48 INFO DAGScheduler: Got job 16 (showString at NativeMethodAccessorImpl.java:0) with 9 output partitions","logger":"airflow.task.hooks.airflow.providers.standard.hooks.subprocess.SubprocessHook","filename":"subprocess.py","lineno":99}
{"timestamp":"2026-06-02T01:27:48.020075Z","level":"info","event":"26/06/02 01:27:48 INFO DAGScheduler: Final stage: ResultStage 16 (showString at NativeMethodAccessorImpl.java:0)","logger":"airflow.task.hooks.airflow.providers.standard.hooks.subprocess.SubprocessHook","filename":"subprocess.py","lineno":99}
{"timestamp":"2026-06-02T01:27:48.020184Z","level":"info","event":"26/06/02 01:27:48 INFO DAGScheduler: Parents of final stage: List()","logger":"airflow.task.hooks.airflow.providers.standard.hooks.subprocess.SubprocessHook","filename":"subprocess.py","lineno":99}
{"timestamp":"2026-06-02T01:27:48.020242Z","level":"info","event":"26/06/02 01:27:48 INFO DAGScheduler: Missing parents: List()","logger":"airflow.task.hooks.airflow.providers.standard.hooks.subprocess.SubprocessHook","filename":"subprocess.py","lineno":99}
{"timestamp":"2026-06-02T01:27:48.021930Z","level":"info","event":"26/06/02 01:27:48 INFO DAGScheduler: Submitting ResultStage 16 (MapPartitionsRDD[42] at showString at NativeMethodAccessorImpl.java:0), which has no missing parents","logger":"airflow.task.hooks.airflow.providers.standard.hooks.subprocess.SubprocessHook","filename":"subprocess.py","lineno":99}
{"timestamp":"2026-06-02T01:27:48.025109Z","level":"info","event":"26/06/02 01:27:48 INFO MemoryStore: Block broadcast_18 stored as values in memory (estimated size 16.4 KiB, free 434.4 MiB)","logger":"airflow.task.hooks.airflow.providers.standard.hooks.subprocess.SubprocessHook","filename":"subprocess.py","lineno":99}
{"timestamp":"2026-06-02T01:27:48.027357Z","level":"info","event":"26/06/02 01:27:48 INFO MemoryStore: Block broadcast_18_piece0 stored as bytes in memory (estimated size 7.9 KiB, free 434.4 MiB)","logger":"airflow.task.hooks.airflow.providers.standard.hooks.subprocess.SubprocessHook","filename":"subprocess.py","lineno":99}
{"timestamp":"2026-06-02T01:27:48.027683Z","level":"info","event":"26/06/02 01:27:48 INFO BlockManagerInfo: Added broadcast_18_piece0 in memory on 32a25072c928:37123 (size: 7.9 KiB, free: 434.4 MiB)","logger":"airflow.task.hooks.airflow.providers.standard.hooks.subprocess.SubprocessHook","filename":"subprocess.py","lineno":99}
{"timestamp":"2026-06-02T01:27:48.029265Z","level":"info","event":"26/06/02 01:27:48 INFO SparkContext: Created broadcast 18 from broadcast at DAGScheduler.scala:1611","logger":"airflow.task.hooks.airflow.providers.standard.hooks.subprocess.SubprocessHook","filename":"subprocess.py","lineno":99}
{"timestamp":"2026-06-02T01:27:48.029767Z","level":"info","event":"26/06/02 01:27:48 INFO DAGScheduler: Submitting 9 missing tasks from ResultStage 16 (MapPartitionsRDD[42] at showString at NativeMethodAccessorImpl.java:0) (first 15 tasks are for partitions Vector(5, 6, 7, 8, 9, 10, 11, 12, 13))","logger":"airflow.task.hooks.airflow.providers.standard.hooks.subprocess.SubprocessHook","filename":"subprocess.py","lineno":99}
{"timestamp":"2026-06-02T01:27:48.029923Z","level":"info","event":"26/06/02 01:27:48 INFO TaskSchedulerImpl: Adding task set 16.0 with 9 tasks resource profile 0","logger":"airflow.task.hooks.airflow.providers.standard.hooks.subprocess.SubprocessHook","filename":"subprocess.py","lineno":99}
{"timestamp":"2026-06-02T01:27:48.031890Z","level":"info","event":"26/06/02 01:27:48 INFO TaskSetManager: Starting task 0.0 in stage 16.0 (TID 53) (32a25072c928, executor driver, partition 5, PROCESS_LOCAL, 9345 bytes)","logger":"airflow.task.hooks.airflow.providers.standard.hooks.subprocess.SubprocessHook","filename":"subprocess.py","lineno":99}
{"timestamp":"2026-06-02T01:27:48.032255Z","level":"info","event":"26/06/02 01:27:48 INFO TaskSetManager: Starting task 1.0 in stage 16.0 (TID 54) (32a25072c928, executor driver, partition 6, PROCESS_LOCAL, 9184 bytes)","logger":"airflow.task.hooks.airflow.providers.standard.hooks.subprocess.SubprocessHook","filename":"subprocess.py","lineno":99}
{"timestamp":"2026-06-02T01:27:48.032888Z","level":"info","event":"26/06/02 01:27:48 INFO TaskSetManager: Starting task 2.0 in stage 16.0 (TID 55) (32a25072c928, executor driver, partition 7, PROCESS_LOCAL, 9174 bytes)","logger":"airflow.task.hooks.airflow.providers.standard.hooks.subprocess.SubprocessHook","filename":"subprocess.py","lineno":99}
{"timestamp":"2026-06-02T01:27:48.033570Z","level":"info","event":"26/06/02 01:27:48 INFO TaskSetManager: Starting task 3.0 in stage 16.0 (TID 56) (32a25072c928, executor driver, partition 8, PROCESS_LOCAL, 9189 bytes)","logger":"airflow.task.hooks.airflow.providers.standard.hooks.subprocess.SubprocessHook","filename":"subprocess.py","lineno":99}
{"timestamp":"2026-06-02T01:27:48.033729Z","level":"info","event":"26/06/02 01:27:48 INFO TaskSetManager: Starting task 4.0 in stage 16.0 (TID 57) (32a25072c928, executor driver, partition 9, PROCESS_LOCAL, 9196 bytes)","logger":"airflow.task.hooks.airflow.providers.standard.hooks.subprocess.SubprocessHook","filename":"subprocess.py","lineno":99}
{"timestamp":"2026-06-02T01:27:48.034357Z","level":"info","event":"26/06/02 01:27:48 INFO TaskSetManager: Starting task 5.0 in stage 16.0 (TID 58) (32a25072c928, executor driver, partition 10, PROCESS_LOCAL, 9390 bytes)","logger":"airflow.task.hooks.airflow.providers.standard.hooks.subprocess.SubprocessHook","filename":"subprocess.py","lineno":99}
{"timestamp":"2026-06-02T01:27:48.034861Z","level":"info","event":"26/06/02 01:27:48 INFO TaskSetManager: Starting task 6.0 in stage 16.0 (TID 59) (32a25072c928, executor driver, partition 11, PROCESS_LOCAL, 9204 bytes)","logger":"airflow.task.hooks.airflow.providers.standard.hooks.subprocess.SubprocessHook","filename":"subprocess.py","lineno":99}
{"timestamp":"2026-06-02T01:27:48.035025Z","level":"info","event":"26/06/02 01:27:48 INFO TaskSetManager: Starting task 7.0 in stage 16.0 (TID 60) (32a25072c928, executor driver, partition 12, PROCESS_LOCAL, 9202 bytes)","logger":"airflow.task.hooks.airflow.providers.standard.hooks.subprocess.SubprocessHook","filename":"subprocess.py","lineno":99}
{"timestamp":"2026-06-02T01:27:48.035557Z","level":"info","event":"26/06/02 01:27:48 INFO TaskSetManager: Starting task 8.0 in stage 16.0 (TID 61) (32a25072c928, executor driver, partition 13, PROCESS_LOCAL, 9213 bytes)","logger":"airflow.task.hooks.airflow.providers.standard.hooks.subprocess.SubprocessHook","filename":"subprocess.py","lineno":99}
{"timestamp":"2026-06-02T01:27:48.037897Z","level":"info","event":"26/06/02 01:27:48 INFO Executor: Running task 0.0 in stage 16.0 (TID 53)","logger":"airflow.task.hooks.airflow.providers.standard.hooks.subprocess.SubprocessHook","filename":"subprocess.py","lineno":99}
{"timestamp":"2026-06-02T01:27:48.038078Z","level":"info","event":"26/06/02 01:27:48 INFO Executor: Running task 3.0 in stage 16.0 (TID 56)","logger":"airflow.task.hooks.airflow.providers.standard.hooks.subprocess.SubprocessHook","filename":"subprocess.py","lineno":99}
{"timestamp":"2026-06-02T01:27:48.038118Z","level":"info","event":"26/06/02 01:27:48 INFO Executor: Running task 5.0 in stage 16.0 (TID 58)","logger":"airflow.task.hooks.airflow.providers.standard.hooks.subprocess.SubprocessHook","filename":"subprocess.py","lineno":99}
{"timestamp":"2026-06-02T01:27:48.038179Z","level":"info","event":"26/06/02 01:27:48 INFO Executor: Running task 6.0 in stage 16.0 (TID 59)","logger":"airflow.task.hooks.airflow.providers.standard.hooks.subprocess.SubprocessHook","filename":"subprocess.py","lineno":99}
{"timestamp":"2026-06-02T01:27:48.038202Z","level":"info","event":"26/06/02 01:27:48 INFO Executor: Running task 2.0 in stage 16.0 (TID 55)","logger":"airflow.task.hooks.airflow.providers.standard.hooks.subprocess.SubprocessHook","filename":"subprocess.py","lineno":99}
{"timestamp":"2026-06-02T01:27:48.039281Z","level":"info","event":"26/06/02 01:27:48 INFO Executor: Running task 1.0 in stage 16.0 (TID 54)","logger":"airflow.task.hooks.airflow.providers.standard.hooks.subprocess.SubprocessHook","filename":"subprocess.py","lineno":99}
{"timestamp":"2026-06-02T01:27:48.039394Z","level":"info","event":"26/06/02 01:27:48 INFO Executor: Running task 8.0 in stage 16.0 (TID 61)","logger":"airflow.task.hooks.airflow.providers.standard.hooks.subprocess.SubprocessHook","filename":"subprocess.py","lineno":99}
{"timestamp":"2026-06-02T01:27:48.039432Z","level":"info","event":"26/06/02 01:27:48 INFO Executor: Running task 4.0 in stage 16.0 (TID 57)","logger":"airflow.task.hooks.airflow.providers.standard.hooks.subprocess.SubprocessHook","filename":"subprocess.py","lineno":99}
{"timestamp":"2026-06-02T01:27:48.039459Z","level":"info","event":"26/06/02 01:27:48 INFO Executor: Running task 7.0 in stage 16.0 (TID 60)","logger":"airflow.task.hooks.airflow.providers.standard.hooks.subprocess.SubprocessHook","filename":"subprocess.py","lineno":99}
{"timestamp":"2026-06-02T01:27:48.183771Z","level":"info","event":"26/06/02 01:27:48 INFO PythonRunner: Times: total = 124, boot = -39, init = 163, finish = 0","logger":"airflow.task.hooks.airflow.providers.standard.hooks.subprocess.SubprocessHook","filename":"subprocess.py","lineno":99}
{"timestamp":"2026-06-02T01:27:48.203912Z","level":"info","event":"26/06/02 01:27:48 INFO PythonRunner: Times: total = 143, boot = -522, init = 665, finish = 0","logger":"airflow.task.hooks.airflow.providers.standard.hooks.subprocess.SubprocessHook","filename":"subprocess.py","lineno":99}
{"timestamp":"2026-06-02T01:27:48.205957Z","level":"info","event":"26/06/02 01:27:48 INFO Executor: Finished task 8.0 in stage 16.0 (TID 61). 2173 bytes result sent to driver","logger":"airflow.task.hooks.airflow.providers.standard.hooks.subprocess.SubprocessHook","filename":"subprocess.py","lineno":99}
{"timestamp":"2026-06-02T01:27:48.206261Z","level":"info","event":"26/06/02 01:27:48 INFO PythonRunner: Times: total = 137, boot = -194, init = 330, finish = 1","logger":"airflow.task.hooks.airflow.providers.standard.hooks.subprocess.SubprocessHook","filename":"subprocess.py","lineno":99}
{"timestamp":"2026-06-02T01:27:48.207589Z","level":"info","event":"26/06/02 01:27:48 INFO PythonRunner: Times: total = 143, boot = -537, init = 680, finish = 0","logger":"airflow.task.hooks.airflow.providers.standard.hooks.subprocess.SubprocessHook","filename":"subprocess.py","lineno":99}
{"timestamp":"2026-06-02T01:27:48.208055Z","level":"info","event":"26/06/02 01:27:48 INFO PythonRunner: Times: total = 146, boot = -543, init = 689, finish = 0","logger":"airflow.task.hooks.airflow.providers.standard.hooks.subprocess.SubprocessHook","filename":"subprocess.py","lineno":99}
{"timestamp":"2026-06-02T01:27:48.212741Z","level":"info","event":"26/06/02 01:27:48 INFO TaskSetManager: Finished task 8.0 in stage 16.0 (TID 61) in 174 ms on 32a25072c928 (executor driver) (1/9)","logger":"airflow.task.hooks.airflow.providers.standard.hooks.subprocess.SubprocessHook","filename":"subprocess.py","lineno":99}
{"timestamp":"2026-06-02T01:27:48.213086Z","level":"info","event":"26/06/02 01:27:48 INFO PythonRunner: Times: total = 140, boot = -41, init = 181, finish = 0","logger":"airflow.task.hooks.airflow.providers.standard.hooks.subprocess.SubprocessHook","filename":"subprocess.py","lineno":99}
{"timestamp":"2026-06-02T01:27:48.213202Z","level":"info","event":"26/06/02 01:27:48 INFO PythonRunner: Times: total = 131, boot = -516, init = 647, finish = 0","logger":"airflow.task.hooks.airflow.providers.standard.hooks.subprocess.SubprocessHook","filename":"subprocess.py","lineno":99}
{"timestamp":"2026-06-02T01:27:48.213285Z","level":"info","event":"26/06/02 01:27:48 INFO Executor: Finished task 4.0 in stage 16.0 (TID 57). 2164 bytes result sent to driver","logger":"airflow.task.hooks.airflow.providers.standard.hooks.subprocess.SubprocessHook","filename":"subprocess.py","lineno":99}
{"timestamp":"2026-06-02T01:27:48.213986Z","level":"info","event":"26/06/02 01:27:48 INFO Executor: Finished task 0.0 in stage 16.0 (TID 53). 2368 bytes result sent to driver","logger":"airflow.task.hooks.airflow.providers.standard.hooks.subprocess.SubprocessHook","filename":"subprocess.py","lineno":99}
{"timestamp":"2026-06-02T01:27:48.215332Z","level":"info","event":"26/06/02 01:27:48 INFO Executor: Finished task 7.0 in stage 16.0 (TID 60). 2191 bytes result sent to driver","logger":"airflow.task.hooks.airflow.providers.standard.hooks.subprocess.SubprocessHook","filename":"subprocess.py","lineno":99}
{"timestamp":"2026-06-02T01:27:48.215660Z","level":"info","event":"26/06/02 01:27:48 INFO Executor: Finished task 5.0 in stage 16.0 (TID 58). 2323 bytes result sent to driver","logger":"airflow.task.hooks.airflow.providers.standard.hooks.subprocess.SubprocessHook","filename":"subprocess.py","lineno":99}
{"timestamp":"2026-06-02T01:27:48.228579Z","level":"info","event":"26/06/02 01:27:48 INFO Executor: Finished task 6.0 in stage 16.0 (TID 59). 2203 bytes result sent to driver","logger":"airflow.task.hooks.airflow.providers.standard.hooks.subprocess.SubprocessHook","filename":"subprocess.py","lineno":99}
{"timestamp":"2026-06-02T01:27:48.229164Z","level":"info","event":"26/06/02 01:27:48 INFO PythonRunner: Times: total = 156, boot = -45, init = 201, finish = 0","logger":"airflow.task.hooks.airflow.providers.standard.hooks.subprocess.SubprocessHook","filename":"subprocess.py","lineno":99}
{"timestamp":"2026-06-02T01:27:48.229695Z","level":"info","event":"26/06/02 01:27:48 INFO Executor: Finished task 1.0 in stage 16.0 (TID 54). 2188 bytes result sent to driver","logger":"airflow.task.hooks.airflow.providers.standard.hooks.subprocess.SubprocessHook","filename":"subprocess.py","lineno":99}
{"timestamp":"2026-06-02T01:27:48.230042Z","level":"info","event":"26/06/02 01:27:48 INFO PythonRunner: Times: total = 155, boot = -57, init = 212, finish = 0","logger":"airflow.task.hooks.airflow.providers.standard.hooks.subprocess.SubprocessHook","filename":"subprocess.py","lineno":99}
{"timestamp":"2026-06-02T01:27:48.230301Z","level":"info","event":"26/06/02 01:27:48 INFO BlockManagerInfo: Removed broadcast_17_piece0 on 32a25072c928:37123 in memory (size: 7.9 KiB, free: 434.4 MiB)","logger":"airflow.task.hooks.airflow.providers.standard.hooks.subprocess.SubprocessHook","filename":"subprocess.py","lineno":99}
{"timestamp":"2026-06-02T01:27:48.231081Z","level":"info","event":"26/06/02 01:27:48 INFO TaskSetManager: Finished task 4.0 in stage 16.0 (TID 57) in 185 ms on 32a25072c928 (executor driver) (2/9)","logger":"airflow.task.hooks.airflow.providers.standard.hooks.subprocess.SubprocessHook","filename":"subprocess.py","lineno":99}
{"timestamp":"2026-06-02T01:27:48.232014Z","level":"info","event":"26/06/02 01:27:48 INFO Executor: Finished task 2.0 in stage 16.0 (TID 55). 2182 bytes result sent to driver","logger":"airflow.task.hooks.airflow.providers.standard.hooks.subprocess.SubprocessHook","filename":"subprocess.py","lineno":99}
{"timestamp":"2026-06-02T01:27:48.234054Z","level":"info","event":"26/06/02 01:27:48 INFO TaskSetManager: Finished task 0.0 in stage 16.0 (TID 53) in 202 ms on 32a25072c928 (executor driver) (3/9)","logger":"airflow.task.hooks.airflow.providers.standard.hooks.subprocess.SubprocessHook","filename":"subprocess.py","lineno":99}
{"timestamp":"2026-06-02T01:27:48.234336Z","level":"info","event":"26/06/02 01:27:48 INFO TaskSetManager: Finished task 6.0 in stage 16.0 (TID 59) in 200 ms on 32a25072c928 (executor driver) (4/9)","logger":"airflow.task.hooks.airflow.providers.standard.hooks.subprocess.SubprocessHook","filename":"subprocess.py","lineno":99}
{"timestamp":"2026-06-02T01:27:48.235051Z","level":"info","event":"26/06/02 01:27:48 INFO TaskSetManager: Finished task 5.0 in stage 16.0 (TID 58) in 200 ms on 32a25072c928 (executor driver) (5/9)","logger":"airflow.task.hooks.airflow.providers.standard.hooks.subprocess.SubprocessHook","filename":"subprocess.py","lineno":99}
{"timestamp":"2026-06-02T01:27:48.235287Z","level":"info","event":"26/06/02 01:27:48 INFO TaskSetManager: Finished task 1.0 in stage 16.0 (TID 54) in 203 ms on 32a25072c928 (executor driver) (6/9)","logger":"airflow.task.hooks.airflow.providers.standard.hooks.subprocess.SubprocessHook","filename":"subprocess.py","lineno":99}
{"timestamp":"2026-06-02T01:27:48.235403Z","level":"info","event":"26/06/02 01:27:48 INFO TaskSetManager: Finished task 7.0 in stage 16.0 (TID 60) in 201 ms on 32a25072c928 (executor driver) (7/9)","logger":"airflow.task.hooks.airflow.providers.standard.hooks.subprocess.SubprocessHook","filename":"subprocess.py","lineno":99}
{"timestamp":"2026-06-02T01:27:48.236264Z","level":"info","event":"26/06/02 01:27:48 INFO TaskSetManager: Finished task 2.0 in stage 16.0 (TID 55) in 203 ms on 32a25072c928 (executor driver) (8/9)","logger":"airflow.task.hooks.airflow.providers.standard.hooks.subprocess.SubprocessHook","filename":"subprocess.py","lineno":99}
{"timestamp":"2026-06-02T01:27:48.238656Z","level":"info","event":"26/06/02 01:27:48 INFO Executor: Finished task 3.0 in stage 16.0 (TID 56). 2184 bytes result sent to driver","logger":"airflow.task.hooks.airflow.providers.standard.hooks.subprocess.SubprocessHook","filename":"subprocess.py","lineno":99}
{"timestamp":"2026-06-02T01:27:48.240236Z","level":"info","event":"26/06/02 01:27:48 INFO TaskSetManager: Finished task 3.0 in stage 16.0 (TID 56) in 207 ms on 32a25072c928 (executor driver) (9/9)","logger":"airflow.task.hooks.airflow.providers.standard.hooks.subprocess.SubprocessHook","filename":"subprocess.py","lineno":99}
{"timestamp":"2026-06-02T01:27:48.240478Z","level":"info","event":"26/06/02 01:27:48 INFO TaskSchedulerImpl: Removed TaskSet 16.0, whose tasks have all completed, from pool","logger":"airflow.task.hooks.airflow.providers.standard.hooks.subprocess.SubprocessHook","filename":"subprocess.py","lineno":99}
{"timestamp":"2026-06-02T01:27:48.241631Z","level":"info","event":"26/06/02 01:27:48 INFO DAGScheduler: ResultStage 16 (showString at NativeMethodAccessorImpl.java:0) finished in 0.219 s","logger":"airflow.task.hooks.airflow.providers.standard.hooks.subprocess.SubprocessHook","filename":"subprocess.py","lineno":99}
{"timestamp":"2026-06-02T01:27:48.242020Z","level":"info","event":"26/06/02 01:27:48 INFO DAGScheduler: Job 16 is finished. Cancelling potential speculative or zombie tasks for this job","logger":"airflow.task.hooks.airflow.providers.standard.hooks.subprocess.SubprocessHook","filename":"subprocess.py","lineno":99}
{"timestamp":"2026-06-02T01:27:48.242143Z","level":"info","event":"26/06/02 01:27:48 INFO TaskSchedulerImpl: Killing all running tasks in stage 16: Stage finished","logger":"airflow.task.hooks.airflow.providers.standard.hooks.subprocess.SubprocessHook","filename":"subprocess.py","lineno":99}
{"timestamp":"2026-06-02T01:27:48.242715Z","level":"info","event":"26/06/02 01:27:48 INFO DAGScheduler: Job 16 finished: showString at NativeMethodAccessorImpl.java:0, took 0.223911 s","logger":"airflow.task.hooks.airflow.providers.standard.hooks.subprocess.SubprocessHook","filename":"subprocess.py","lineno":99}
{"timestamp":"2026-06-02T01:27:48.250204Z","level":"info","event":"+------+--------------------+----------+---------+------------------+-----+-------+----+--------------------+","logger":"airflow.task.hooks.airflow.providers.standard.hooks.subprocess.SubprocessHook","filename":"subprocess.py","lineno":99}
{"timestamp":"2026-06-02T01:27:48.250486Z","level":"info","event":"|  type|        product_name|     value|     unit|          quantity|month|quarter|year|           ingest_at|","logger":"airflow.task.hooks.airflow.providers.standard.hooks.subprocess.SubprocessHook","filename":"subprocess.py","lineno":99}
{"timestamp":"2026-06-02T01:27:48.250601Z","level":"info","event":"+------+--------------------+----------+---------+------------------+-----+-------+----+--------------------+","logger":"airflow.task.hooks.airflow.providers.standard.hooks.subprocess.SubprocessHook","filename":"subprocess.py","lineno":99}
{"timestamp":"2026-06-02T01:27:48.250680Z","level":"info","event":"|Export|            Thủy sản|706.695436|Triệu USD|              -1.0|    2|      1|2026|2026-06-02 01:27:...|","logger":"airflow.task.hooks.airflow.providers.standard.hooks.subprocess.SubprocessHook","filename":"subprocess.py","lineno":99}
{"timestamp":"2026-06-02T01:27:48.250748Z","level":"info","event":"|Export|             Rau quả|351.158906|Triệu USD|              -1.0|    2|      1|2026|2026-06-02 01:27:...|","logger":"airflow.task.hooks.airflow.providers.standard.hooks.subprocess.SubprocessHook","filename":"subprocess.py","lineno":99}
{"timestamp":"2026-06-02T01:27:48.250811Z","level":"info","event":"|Export|            Hạt điều|165.862236|Triệu USD|24.363986981169425|    2|      1|2026|2026-06-02 01:27:...|","logger":"airflow.task.hooks.airflow.providers.standard.hooks.subprocess.SubprocessHook","filename":"subprocess.py","lineno":99}
{"timestamp":"2026-06-02T01:27:48.250871Z","level":"info","event":"|Export|              Cà phê|671.511842|Triệu USD|141.26812489472408|    2|      1|2026|2026-06-02 01:27:...|","logger":"airflow.task.hooks.airflow.providers.standard.hooks.subprocess.SubprocessHook","filename":"subprocess.py","lineno":99}
{"timestamp":"2026-06-02T01:27:48.250927Z","level":"info","event":"|Export|                 Chè| 10.273537|Triệu USD| 5.809798319853339|    2|      1|2026|2026-06-02 01:27:...|","logger":"airflow.task.hooks.airflow.providers.standard.hooks.subprocess.SubprocessHook","filename":"subprocess.py","lineno":99}
{"timestamp":"2026-06-02T01:27:48.250985Z","level":"info","event":"|Export|            Hạt tiêu| 91.942215|Triệu USD|13.813207088423189|    2|      1|2026|2026-06-02 01:27:...|","logger":"airflow.task.hooks.airflow.providers.standard.hooks.subprocess.SubprocessHook","filename":"subprocess.py","lineno":99}
{"timestamp":"2026-06-02T01:27:48.251049Z","level":"info","event":"|Export|                 Gạo|284.535713|Triệu USD| 629.2247767285854|    2|      1|2026|2026-06-02 01:27:...|","logger":"airflow.task.hooks.airflow.providers.standard.hooks.subprocess.SubprocessHook","filename":"subprocess.py","lineno":99}
{"timestamp":"2026-06-02T01:27:48.251107Z","level":"info","event":"|Export|Sắn và sản phẩm c...| 99.079593|Triệu USD|297.72613392903213|    2|      1|2026|2026-06-02 01:27:...|","logger":"airflow.task.hooks.airflow.providers.standard.hooks.subprocess.SubprocessHook","filename":"subprocess.py","lineno":99}
{"timestamp":"2026-06-02T01:27:48.251173Z","level":"info","event":"|Export|Bánh kẹo và các s...| 76.007838|Triệu USD|              -1.0|    2|      1|2026|2026-06-02 01:27:...|","logger":"airflow.task.hooks.airflow.providers.standard.hooks.subprocess.SubprocessHook","filename":"subprocess.py","lineno":99}
{"timestamp":"2026-06-02T01:27:48.251236Z","level":"info","event":"|Export|Thức ăn gia súc v...| 99.420278|Triệu USD|              -1.0|    2|      1|2026|2026-06-02 01:27:...|","logger":"airflow.task.hooks.airflow.providers.standard.hooks.subprocess.SubprocessHook","filename":"subprocess.py","lineno":99}
{"timestamp":"2026-06-02T01:27:48.251305Z","level":"info","event":"|Export|  Clanhke và xi măng|100.286398|Triệu USD| 2813.632568958844|    2|      1|2026|2026-06-02 01:27:...|","logger":"airflow.task.hooks.airflow.providers.standard.hooks.subprocess.SubprocessHook","filename":"subprocess.py","lineno":99}
{"timestamp":"2026-06-02T01:27:48.251365Z","level":"info","event":"|Export|             Dầu thô|127.774182|Triệu USD|219.78705332724311|    2|      1|2026|2026-06-02 01:27:...|","logger":"airflow.task.hooks.airflow.providers.standard.hooks.subprocess.SubprocessHook","filename":"subprocess.py","lineno":99}
{"timestamp":"2026-06-02T01:27:48.251424Z","level":"info","event":"|Export|            Xăng dầu| 31.668469|Triệu USD| 81.97286249575302|    2|      1|2026|2026-06-02 01:27:...|","logger":"airflow.task.hooks.airflow.providers.standard.hooks.subprocess.SubprocessHook","filename":"subprocess.py","lineno":99}
{"timestamp":"2026-06-02T01:27:48.251484Z","level":"info","event":"|Export|            Hóa chất|235.154966|Triệu USD|              -1.0|    2|      1|2026|2026-06-02 01:27:...|","logger":"airflow.task.hooks.airflow.providers.standard.hooks.subprocess.SubprocessHook","filename":"subprocess.py","lineno":99}
{"timestamp":"2026-06-02T01:27:48.251548Z","level":"info","event":"|Export|         SP hóa chất|214.171356|Triệu USD|              -1.0|    2|      1|2026|2026-06-02 01:27:...|","logger":"airflow.task.hooks.airflow.providers.standard.hooks.subprocess.SubprocessHook","filename":"subprocess.py","lineno":99}
{"timestamp":"2026-06-02T01:27:48.251611Z","level":"info","event":"|Export|Chất dẻo nguyên liệu| 175.32068|Triệu USD|176.27511212236237|    2|      1|2026|2026-06-02 01:27:...|","logger":"airflow.task.hooks.airflow.providers.standard.hooks.subprocess.SubprocessHook","filename":"subprocess.py","lineno":99}
{"timestamp":"2026-06-02T01:27:48.251673Z","level":"info","event":"|Export|   Sản phẩm chất dẻo| 459.39151|Triệu USD|              -1.0|    2|      1|2026|2026-06-02 01:27:...|","logger":"airflow.task.hooks.airflow.providers.standard.hooks.subprocess.SubprocessHook","filename":"subprocess.py","lineno":99}
{"timestamp":"2026-06-02T01:27:48.251745Z","level":"info","event":"|Export|              Cao su|141.337582|Triệu USD| 76.78370736613846|    2|      1|2026|2026-06-02 01:27:...|","logger":"airflow.task.hooks.airflow.providers.standard.hooks.subprocess.SubprocessHook","filename":"subprocess.py","lineno":99}
{"timestamp":"2026-06-02T01:27:48.251894Z","level":"info","event":"|Export|  Sản phẩm từ cao su| 98.642159|Triệu USD|              -1.0|    2|      1|2026|2026-06-02 01:27:...|","logger":"airflow.task.hooks.airflow.providers.standard.hooks.subprocess.SubprocessHook","filename":"subprocess.py","lineno":99}
{"timestamp":"2026-06-02T01:27:48.251986Z","level":"info","event":"|Export|Túi xách, ví, va ...|287.538485|Triệu USD|              -1.0|    2|      1|2026|2026-06-02 01:27:...|","logger":"airflow.task.hooks.airflow.providers.standard.hooks.subprocess.SubprocessHook","filename":"subprocess.py","lineno":99}
{"timestamp":"2026-06-02T01:27:48.252052Z","level":"info","event":"+------+--------------------+----------+---------+------------------+-----+-------+----+--------------------+","logger":"airflow.task.hooks.airflow.providers.standard.hooks.subprocess.SubprocessHook","filename":"subprocess.py","lineno":99}
{"timestamp":"2026-06-02T01:27:48.252116Z","level":"info","event":"only showing top 20 rows","logger":"airflow.task.hooks.airflow.providers.standard.hooks.subprocess.SubprocessHook","filename":"subprocess.py","lineno":99}
{"timestamp":"2026-06-02T01:27:48.252178Z","level":"info","event":"","logger":"airflow.task.hooks.airflow.providers.standard.hooks.subprocess.SubprocessHook","filename":"subprocess.py","lineno":99}
{"timestamp":"2026-06-02T01:27:48.359217Z","level":"info","event":"AN ERROR OCCURED WHEN LOAD DF TO international_ecommerce - 2026 2 !!!!!!!!!!!!!!","logger":"airflow.task.hooks.airflow.providers.standard.hooks.subprocess.SubprocessHook","filename":"subprocess.py","lineno":99}
{"timestamp":"2026-06-02T01:27:48.359450Z","level":"info","event":" [DELTA_FAILED_TO_MERGE_FIELDS] Failed to merge fields 'month' and 'month'","logger":"airflow.task.hooks.airflow.providers.standard.hooks.subprocess.SubprocessHook","filename":"subprocess.py","lineno":99}
{"timestamp":"2026-06-02T01:27:48.455459Z","level":"info","event":"KHONG TIM THAY SHEET BAO CAO VDTTXH TRONG EXCEL FILE: year_2026, month_2 !!!!!!!!!","logger":"airflow.task.hooks.airflow.providers.standard.hooks.subprocess.SubprocessHook","filename":"subprocess.py","lineno":99}
{"timestamp":"2026-06-02T01:27:48.474453Z","level":"info","event":"Bắt đầu insert dữ liệu vào SILVER layer","logger":"airflow.task.hooks.airflow.providers.standard.hooks.subprocess.SubprocessHook","filename":"subprocess.py","lineno":99}
{"timestamp":"2026-06-02T01:27:48.482036Z","level":"info","event":"AN ERROR OCCURED WHEN LOAD DF TO industry_product - 2026 1 !!!!!!!!!!!!!!","logger":"airflow.task.hooks.airflow.providers.standard.hooks.subprocess.SubprocessHook","filename":"subprocess.py","lineno":99}
{"timestamp":"2026-06-02T01:27:48.482188Z","level":"info","event":" [CANNOT_MERGE_TYPE] Can not merge type `DoubleType` and `LongType`.","logger":"airflow.task.hooks.airflow.providers.standard.hooks.subprocess.SubprocessHook","filename":"subprocess.py","lineno":99}
{"timestamp":"2026-06-02T01:27:48.592181Z","level":"info","event":"duyệt qua từng đường dẫn đọc file và trích xuất dữ liệu","logger":"airflow.task.hooks.airflow.providers.standard.hooks.subprocess.SubprocessHook","filename":"subprocess.py","lineno":99}
{"timestamp":"2026-06-02T01:27:48.592351Z","level":"info","event":"FILE EXCEL: YEAR : 2026, MONTH = 3","logger":"airflow.task.hooks.airflow.providers.standard.hooks.subprocess.SubprocessHook","filename":"subprocess.py","lineno":99}
{"timestamp":"2026-06-02T01:27:48.596181Z","level":"info","event":"Traceback (most recent call last):","logger":"airflow.task.hooks.airflow.providers.standard.hooks.subprocess.SubprocessHook","filename":"subprocess.py","lineno":99}
{"timestamp":"2026-06-02T01:27:48.596335Z","level":"info","event":"  File \"/opt/spark/apps/silver/Extract_Data_From_Excel_Reports.py\", line 910, in <module>","logger":"airflow.task.hooks.airflow.providers.standard.hooks.subprocess.SubprocessHook","filename":"subprocess.py","lineno":99}
{"timestamp":"2026-06-02T01:27:48.601115Z","level":"info","event":"    main_func()","logger":"airflow.task.hooks.airflow.providers.standard.hooks.subprocess.SubprocessHook","filename":"subprocess.py","lineno":99}
{"timestamp":"2026-06-02T01:27:48.601250Z","level":"info","event":"  File \"/opt/spark/apps/silver/Extract_Data_From_Excel_Reports.py\", line 896, in main_func","logger":"airflow.task.hooks.airflow.providers.standard.hooks.subprocess.SubprocessHook","filename":"subprocess.py","lineno":99}
{"timestamp":"2026-06-02T01:27:48.605381Z","level":"info","event":"    extract_data_from_GDP(excel_file, year, month)","logger":"airflow.task.hooks.airflow.providers.standard.hooks.subprocess.SubprocessHook","filename":"subprocess.py","lineno":99}
{"timestamp":"2026-06-02T01:27:48.605527Z","level":"info","event":"  File \"/opt/spark/apps/silver/Extract_Data_From_Excel_Reports.py\", line 25, in extract_data_from_GDP","logger":"airflow.task.hooks.airflow.providers.standard.hooks.subprocess.SubprocessHook","filename":"subprocess.py","lineno":99}
{"timestamp":"2026-06-02T01:27:48.608032Z","level":"info","event":"    unit = gdp_sheet.iloc[5,2].replace('(', '').replace(')', '')","logger":"airflow.task.hooks.airflow.providers.standard.hooks.subprocess.SubprocessHook","filename":"subprocess.py","lineno":99}
{"timestamp":"2026-06-02T01:27:48.608172Z","level":"info","event":"AttributeError: 'float' object has no attribute 'replace'","logger":"airflow.task.hooks.airflow.providers.standard.hooks.subprocess.SubprocessHook","filename":"subprocess.py","lineno":99}
{"timestamp":"2026-06-02T01:27:48.732606Z","level":"info","event":"26/06/02 01:27:48 INFO SparkContext: Invoking stop() from shutdown hook","logger":"airflow.task.hooks.airflow.providers.standard.hooks.subprocess.SubprocessHook","filename":"subprocess.py","lineno":99}
{"timestamp":"2026-06-02T01:27:48.732810Z","level":"info","event":"26/06/02 01:27:48 INFO SparkContext: SparkContext is stopping with exitCode 0.","logger":"airflow.task.hooks.airflow.providers.standard.hooks.subprocess.SubprocessHook","filename":"subprocess.py","lineno":99}
{"timestamp":"2026-06-02T01:27:48.743270Z","level":"info","event":"26/06/02 01:27:48 INFO SparkUI: Stopped Spark web UI at http://32a25072c928:4040","logger":"airflow.task.hooks.airflow.providers.standard.hooks.subprocess.SubprocessHook","filename":"subprocess.py","lineno":99}
{"timestamp":"2026-06-02T01:27:48.764741Z","level":"info","event":"26/06/02 01:27:48 INFO MapOutputTrackerMasterEndpoint: MapOutputTrackerMasterEndpoint stopped!","logger":"airflow.task.hooks.airflow.providers.standard.hooks.subprocess.SubprocessHook","filename":"subprocess.py","lineno":99}
{"timestamp":"2026-06-02T01:27:48.778262Z","level":"info","event":"26/06/02 01:27:48 INFO MemoryStore: MemoryStore cleared","logger":"airflow.task.hooks.airflow.providers.standard.hooks.subprocess.SubprocessHook","filename":"subprocess.py","lineno":99}
{"timestamp":"2026-06-02T01:27:48.778536Z","level":"info","event":"26/06/02 01:27:48 INFO BlockManager: BlockManager stopped","logger":"airflow.task.hooks.airflow.providers.standard.hooks.subprocess.SubprocessHook","filename":"subprocess.py","lineno":99}
{"timestamp":"2026-06-02T01:27:48.782811Z","level":"info","event":"26/06/02 01:27:48 INFO BlockManagerMaster: BlockManagerMaster stopped","logger":"airflow.task.hooks.airflow.providers.standard.hooks.subprocess.SubprocessHook","filename":"subprocess.py","lineno":99}
{"timestamp":"2026-06-02T01:27:48.785712Z","level":"info","event":"26/06/02 01:27:48 INFO OutputCommitCoordinator$OutputCommitCoordinatorEndpoint: OutputCommitCoordinator stopped!","logger":"airflow.task.hooks.airflow.providers.standard.hooks.subprocess.SubprocessHook","filename":"subprocess.py","lineno":99}
{"timestamp":"2026-06-02T01:27:48.798756Z","level":"info","event":"26/06/02 01:27:48 INFO SparkContext: Successfully stopped SparkContext","logger":"airflow.task.hooks.airflow.providers.standard.hooks.subprocess.SubprocessHook","filename":"subprocess.py","lineno":99}
{"timestamp":"2026-06-02T01:27:48.798924Z","level":"info","event":"26/06/02 01:27:48 INFO ShutdownHookManager: Shutdown hook called","logger":"airflow.task.hooks.airflow.providers.standard.hooks.subprocess.SubprocessHook","filename":"subprocess.py","lineno":99}
{"timestamp":"2026-06-02T01:27:48.798976Z","level":"info","event":"26/06/02 01:27:48 INFO ShutdownHookManager: Deleting directory /tmp/spark-948c7e4d-3598-42c5-819a-c32defc0ac13","logger":"airflow.task.hooks.airflow.providers.standard.hooks.subprocess.SubprocessHook","filename":"subprocess.py","lineno":99}
{"timestamp":"2026-06-02T01:27:48.803094Z","level":"info","event":"26/06/02 01:27:48 INFO ShutdownHookManager: Deleting directory /tmp/spark-7f5181f6-1bea-4dcd-a06b-1eacd2b5ae99","logger":"airflow.task.hooks.airflow.providers.standard.hooks.subprocess.SubprocessHook","filename":"subprocess.py","lineno":99}
{"timestamp":"2026-06-02T01:27:48.806323Z","level":"info","event":"26/06/02 01:27:48 INFO ShutdownHookManager: Deleting directory /tmp/spark-948c7e4d-3598-42c5-819a-c32defc0ac13/pyspark-1bbc8ac4-f5d3-4147-af19-4a4372796937","logger":"airflow.task.hooks.airflow.providers.standard.hooks.subprocess.SubprocessHook","filename":"subprocess.py","lineno":99}
{"timestamp":"2026-06-02T01:27:48.816575Z","level":"info","event":"26/06/02 01:27:48 INFO MetricsSystemImpl: Stopping s3a-file-system metrics system...","logger":"airflow.task.hooks.airflow.providers.standard.hooks.subprocess.SubprocessHook","filename":"subprocess.py","lineno":99}
{"timestamp":"2026-06-02T01:27:48.816968Z","level":"info","event":"26/06/02 01:27:48 INFO MetricsSystemImpl: s3a-file-system metrics system stopped.","logger":"airflow.task.hooks.airflow.providers.standard.hooks.subprocess.SubprocessHook","filename":"subprocess.py","lineno":99}
{"timestamp":"2026-06-02T01:27:48.817123Z","level":"info","event":"26/06/02 01:27:48 INFO MetricsSystemImpl: s3a-file-system metrics system shutdown complete.","logger":"airflow.task.hooks.airflow.providers.standard.hooks.subprocess.SubprocessHook","filename":"subprocess.py","lineno":99}
{"timestamp":"2026-06-02T01:27:48.871714Z","level":"info","event":"Command exited with return code 1","logger":"airflow.task.hooks.airflow.providers.standard.hooks.subprocess.SubprocessHook","filename":"subprocess.py","lineno":103}
{"timestamp":"2026-06-02T01:27:48.872299Z","level":"error","event":"Task failed with exception","logger":"task","filename":"task_runner.py","lineno":1325,"error_detail":[{"exc_type":"AirflowException","exc_value":"Bash command failed. The command returned a non-zero exit code 1.","exc_notes":[],"syntax_error":null,"is_cause":false,"frames":[{"filename":"/home/airflow/.local/lib/python3.13/site-packages/airflow/sdk/execution_time/task_runner.py","lineno":1263,"name":"run"},{"filename":"/home/airflow/.local/lib/python3.13/site-packages/airflow/sdk/execution_time/task_runner.py","lineno":1678,"name":"_execute_task"},{"filename":"/home/airflow/.local/lib/python3.13/site-packages/airflow/sdk/bases/operator.py","lineno":443,"name":"wrapper"},{"filename":"/home/airflow/.local/lib/python3.13/site-packages/airflow/providers/standard/operators/bash.py","lineno":226,"name":"execute"}],"is_group":false,"exceptions":[]}]}
